image_id,file_path,relative_path,dataset_source,patient_id,fractured,label,anatomy,hardware,multiscan,width,height,channels,md5_hash,split
IMG0000000.jpg,D:\projects\MediMind\ai-prediction-service\test-dataset\Bone Facture\FracAtlas\FracAtlas\images\Non_fractured\IMG0000000.jpg,images\Non_fractured\IMG0000000.jpg,FracAtlas,PAT_FA_00000,0,0,leg,0,1,1760,2140,3,10f96fc03607baf62fd065f5f97a4e40,train
IMG0000001.jpg,D:\projects\MediMind\ai-prediction-service\test-dataset\Bone Facture\FracAtlas\FracAtlas\images\Non_fractured\IMG0000001.jpg,images\Non_fractured\IMG0000001.jpg,FracAtlas,PAT_FA_00000,0,0,leg,0,1,1760,2140,3,b4520c56eae2420c900308135fc2b866,train
IMG0000004.jpg,D:\projects\MediMind\ai-prediction-service\test-dataset\Bone Facture\FracAtlas\FracAtlas\images\Non_fractured\IMG0000004.jpg,images\Non_fractured\IMG0000004.jpg,FracAtlas,PAT_FA_00002,0,0,leg,0,1,1760,2140,3,eb6e246c77bd48f5fadd0bf7c2a40212,train
IMG0000006.jpg,D:\projects\MediMind\ai-prediction-service\test-dataset\Bone Facture\FracAtlas\FracAtlas\images\Non_fractured\IMG0000006.jpg,images\Non_fractured\IMG0000006.jpg,FracAtlas,PAT_FA_00003,0,0,hand,0,1,1760,2140,3,2bace1051f91afae780b71b2928467c4,train
IMG0000007.jpg,D:\projects\MediMind\ai-prediction-service\test-dataset\Bone Facture\FracAtlas\FracAtlas\images\Non_fractured\IMG0000007.jpg,images\Non_fractured\IMG0000007.jpg,FracAtlas,PAT_FA_00003,0,0,hand,0,0,1760,2140,3,2a35eaf69b26a8ec5545b99de2ab1fad,train
IMG0000010.jpg,D:\projects\MediMind\ai-prediction-service\test-dataset\Bone Facture\FracAtlas\FracAtlas\images\Non_fractured\IMG0000010.jpg,images\Non_fractured\IMG0000010.jpg,FracAtlas,PAT_FA_00005,0,0,leg,0,0,2304,2880,1,ad3bb0313e32cf614116ccd1d12b37e9,train
IMG0000011.jpg,D:\projects\MediMind\ai-prediction-service\test-dataset\Bone Facture\FracAtlas\FracAtlas\images\Non_fractured\IMG0000011.jpg,images\Non_fractured\IMG0000011.jpg,FracAtlas,PAT_FA_00005,0,0,hand,0,0,2880,2304,1,f2e7cba6fdc85a304476570103f848df,train
IMG0000012.jpg,D:\projects\MediMind\ai-prediction-service\test-dataset\Bone Facture\FracAtlas\FracAtlas\images\Non_fractured\IMG0000012.jpg,images\Non_fractured\IMG0000012.jpg,FracAtlas,PAT_FA_00006,0,0,hand,0,0,2304,2880,1,add256a53257d68e663d979bcb9e9ef0,train
IMG0000013.jpg,D:\projects\MediMind\ai-prediction-service\test-dataset\Bone Facture\FracAtlas\FracAtlas\images\Non_fractured\IMG0000013.jpg,images\Non_fractured\IMG0000013.jpg,FracAtlas,PAT_FA_00006,0,0,leg,0,0,2304,2880,1,1cc3337aa86cf4c8f099ad0f7472ec5b,train
IMG0000014.jpg,D:\projects\MediMind\ai-prediction-service\test-dataset\Bone Facture\FracAtlas\FracAtlas\images\Non_fractured\IMG0000014.jpg,images\Non_fractured\IMG0000014.jpg,FracAtlas,PAT_FA_00007,0,0,leg,0,0,2304,2880,1,9238175534b60898c4b5478410210f72,train
IMG0000015.jpg,D:\projects\MediMind\ai-prediction-service\test-dataset\Bone Facture\FracAtlas\FracAtlas\images\Non_fractured\IMG0000015.jpg,images\Non_fractured\IMG0000015.jpg,FracAtlas,PAT_FA_00007,0,0,hand,0,0,2880,2304,1,ff59fe33187fd2132c1286c287f4fbeb,train
IMG0000018.jpg,D:\projects\MediMind\ai-prediction-service\test-dataset\Bone Facture\FracAtlas\FracAtlas\images\Non_fractured\IMG0000018.jpg,images\Non_fractured\IMG0000018.jpg,FracAtlas,PAT_FA_00009,0,0,leg,0,0,2304,2880,1,1e880dfcadc199926a9497818689d3f2,train
IMG0000019.jpg,D:\projects\MediMind\ai-prediction-service\test-dataset\Bone Facture\FracAtlas\FracAtlas\images\Fractured\IMG0000019.jpg,images\Fractured\IMG0000019.jpg,FracAtlas,PAT_FA_00009,1,1,hand,0,0,2304,2880,1,0ac4eca68f7e0da53c5bf9e09a89fd9d,train
IMG0000020.jpg,D:\projects\MediMind\ai-prediction-service\test-dataset\Bone Facture\FracAtlas\FracAtlas\images\Non_fractured\IMG0000020.jpg,images\Non_fractured\IMG0000020.jpg,FracAtlas,PAT_FA_00010,0,0,hand,0,0,2304,2880,1,abe4b1269cc2e4fe8773e8d0b2716e15,train
IMG0000021.jpg,D:\projects\MediMind\ai-prediction-service\test-dataset\Bone Facture\FracAtlas\FracAtlas\images\Non_fractured\IMG0000021.jpg,images\Non_fractured\IMG0000021.jpg,FracAtlas,PAT_FA_00010,0,0,leg,0,0,2304,2880,1,1609c4df65330ee1bafe49776eefff52,train
IMG0000022.jpg,D:\projects\MediMind\ai-prediction-service\test-dataset\Bone Facture\FracAtlas\FracAtlas\images\Non_fractured\IMG0000022.jpg,images\Non_fractured\IMG0000022.jpg,FracAtlas,PAT_FA_00011,0,0,leg,0,0,2304,2880,1,49bdfe13332c984335160b8821306a8f,train
IMG0000023.jpg,D:\projects\MediMind\ai-prediction-service\test-dataset\Bone Facture\FracAtlas\FracAtlas\images\Non_fractured\IMG0000023.jpg,images\Non_fractured\IMG0000023.jpg,FracAtlas,PAT_FA_00011,0,0,hand,0,0,2304,2880,1,40027b1a05bfd106915642104b98d71c,train
IMG0000026.jpg,D:\projects\MediMind\ai-prediction-service\test-dataset\Bone Facture\FracAtlas\FracAtlas\images\Non_fractured\IMG0000026.jpg,images\Non_fractured\IMG0000026.jpg,FracAtlas,PAT_FA_00013,0,0,leg,0,0,2304,2880,1,c4854a47f0ef922be5a44d9d5a997f04,train
IMG0000027.jpg,D:\projects\MediMind\ai-prediction-service\test-dataset\Bone Facture\FracAtlas\FracAtlas\images\Non_fractured\IMG0000027.jpg,images\Non_fractured\IMG0000027.jpg,FracAtlas,PAT_FA_00013,0,0,leg,0,0,2304,2880,1,d6e9ec6a675900fc66ec46e54e075b6d,train
IMG0000028.jpg,D:\projects\MediMind\ai-prediction-service\test-dataset\Bone Facture\FracAtlas\FracAtlas\images\Non_fractured\IMG0000028.jpg,images\Non_fractured\IMG0000028.jpg,FracAtlas,PAT_FA_00014,0,0,leg,0,0,2304,2880,1,cafa7b50014748c8e7f2d272115831d5,train
IMG0000029.jpg,D:\projects\MediMind\ai-prediction-service\test-dataset\Bone Facture\FracAtlas\FracAtlas\images\Non_fractured\IMG0000029.jpg,images\Non_fractured\IMG0000029.jpg,FracAtlas,PAT_FA_00014,0,0,leg,0,0,2304,2880,1,533130fa1bd0ff2cf2b3a8cd8e7a7e24,train
IMG0000034.jpg,D:\projects\MediMind\ai-prediction-service\test-dataset\Bone Facture\FracAtlas\FracAtlas\images\Non_fractured\IMG0000034.jpg,images\Non_fractured\IMG0000034.jpg,FracAtlas,PAT_FA_00017,0,0,leg,0,0,2304,2880,1,a0254c8e2d228529eaa69cc3738994df,train
IMG0000035.jpg,D:\projects\MediMind\ai-prediction-service\test-dataset\Bone Facture\FracAtlas\FracAtlas\images\Non_fractured\IMG0000035.jpg,images\Non_fractured\IMG0000035.jpg,FracAtlas,PAT_FA_00017,0,0,hand,0,0,2304,2880,1,e850378f695ee265adb3c47348fce5d1,train
IMG0000040.jpg,D:\projects\MediMind\ai-prediction-service\test-dataset\Bone Facture\FracAtlas\FracAtlas\images\Non_fractured\IMG0000040.jpg,images\Non_fractured\IMG0000040.jpg,FracAtlas,PAT_FA_00020,0,0,shoulder,0,0,2304,2880,1,c25dab809caee158cd5d46428694d3eb,train
IMG0000041.jpg,D:\projects\MediMind\ai-prediction-service\test-dataset\Bone Facture\FracAtlas\FracAtlas\images\Non_fractured\IMG0000041.jpg,images\Non_fractured\IMG0000041.jpg,FracAtlas,PAT_FA_00020,0,0,leg,0,0,2304,2880,1,b5abba54e0359911b3057795868ab741,train
IMG0000044.jpg,D:\projects\MediMind\ai-prediction-service\test-dataset\Bone Facture\FracAtlas\FracAtlas\images\Fractured\IMG0000044.jpg,images\Fractured\IMG0000044.jpg,FracAtlas,PAT_FA_00022,1,1,hand,0,0,2304,2880,1,169e60865215528a941c66459ab50447,train
IMG0000045.jpg,D:\projects\MediMind\ai-prediction-service\test-dataset\Bone Facture\FracAtlas\FracAtlas\images\Non_fractured\IMG0000045.jpg,images\Non_fractured\IMG0000045.jpg,FracAtlas,PAT_FA_00022,0,0,hand,0,0,2880,2304,1,c1fca05e9d73288a220822ffa6c1a6e4,train
IMG0000052.jpg,D:\projects\MediMind\ai-prediction-service\test-dataset\Bone Facture\FracAtlas\FracAtlas\images\Non_fractured\IMG0000052.jpg,images\Non_fractured\IMG0000052.jpg,FracAtlas,PAT_FA_00026,0,0,leg,0,0,2304,2880,1,e4c0f65c8634f648502c97f5f0818afe,train
IMG0000053.jpg,D:\projects\MediMind\ai-prediction-service\test-dataset\Bone Facture\FracAtlas\FracAtlas\images\Non_fractured\IMG0000053.jpg,images\Non_fractured\IMG0000053.jpg,FracAtlas,PAT_FA_00026,0,0,leg,0,0,2304,2880,1,0861327efda02b064f7c49b69df95fdc,train
IMG0000054.jpg,D:\projects\MediMind\ai-prediction-service\test-dataset\Bone Facture\FracAtlas\FracAtlas\images\Non_fractured\IMG0000054.jpg,images\Non_fractured\IMG0000054.jpg,FracAtlas,PAT_FA_00027,0,0,leg,0,0,2304,2880,1,4b43218cc1cb0fe09fc2de49c92a705f,train
IMG0000055.jpg,D:\projects\MediMind\ai-prediction-service\test-dataset\Bone Facture\FracAtlas\FracAtlas\images\Non_fractured\IMG0000055.jpg,images\Non_fractured\IMG0000055.jpg,FracAtlas,PAT_FA_00027,0,0,leg,0,0,2304,2880,1,b429ec165c5825fdf904756a37ee148f,train
IMG0000058.jpg,D:\projects\MediMind\ai-prediction-service\test-dataset\Bone Facture\FracAtlas\FracAtlas\images\Fractured\IMG0000058.jpg,images\Fractured\IMG0000058.jpg,FracAtlas,PAT_FA_00029,1,1,hand,0,0,2304,2880,1,0abf561b8759fd1f477c23e33bcd6292,train
IMG0000059.jpg,D:\projects\MediMind\ai-prediction-service\test-dataset\Bone Facture\FracAtlas\FracAtlas\images\Fractured\IMG0000059.jpg,images\Fractured\IMG0000059.jpg,FracAtlas,PAT_FA_00029,1,1,hand,0,0,2304,2880,1,737a74475808cc25a978d31d564152d7,train
IMG0000060.jpg,D:\projects\MediMind\ai-prediction-service\test-dataset\Bone Facture\FracAtlas\FracAtlas\images\Non_fractured\IMG0000060.jpg,images\Non_fractured\IMG0000060.jpg,FracAtlas,PAT_FA_00030,0,0,leg,0,0,2304,2880,1,546a347099dba5f6dac3157ede3279e8,train
IMG0000061.jpg,D:\projects\MediMind\ai-prediction-service\test-dataset\Bone Facture\FracAtlas\FracAtlas\images\Non_fractured\IMG0000061.jpg,images\Non_fractured\IMG0000061.jpg,FracAtlas,PAT_FA_00030,0,0,leg,0,0,2304,2880,1,b5899eaea2272062b0e087a81412e204,train
IMG0000064.jpg,D:\projects\MediMind\ai-prediction-service\test-dataset\Bone Facture\FracAtlas\FracAtlas\images\Non_fractured\IMG0000064.jpg,images\Non_fractured\IMG0000064.jpg,FracAtlas,PAT_FA_00032,0,0,leg,0,0,2304,2880,1,b160be192e98babcc0a073f2478e1cc1,train
IMG0000065.jpg,D:\projects\MediMind\ai-prediction-service\test-dataset\Bone Facture\FracAtlas\FracAtlas\images\Non_fractured\IMG0000065.jpg,images\Non_fractured\IMG0000065.jpg,FracAtlas,PAT_FA_00032,0,0,shoulder,0,0,2304,2880,1,5ffab5bcb1ed1434c6f24897f8ac90f9,train
IMG0000066.jpg,D:\projects\MediMind\ai-prediction-service\test-dataset\Bone Facture\FracAtlas\FracAtlas\images\Non_fractured\IMG0000066.jpg,images\Non_fractured\IMG0000066.jpg,FracAtlas,PAT_FA_00033,0,0,leg,0,0,2304,2880,1,5fb7ffe6306b45f029eda6d9ac2e315e,train
IMG0000067.jpg,D:\projects\MediMind\ai-prediction-service\test-dataset\Bone Facture\FracAtlas\FracAtlas\images\Non_fractured\IMG0000067.jpg,images\Non_fractured\IMG0000067.jpg,FracAtlas,PAT_FA_00033,0,0,leg,0,0,2304,2880,1,f9c35c5e4e675e5100220dbb526c68cb,train
IMG0000068.jpg,D:\projects\MediMind\ai-prediction-service\test-dataset\Bone Facture\FracAtlas\FracAtlas\images\Non_fractured\IMG0000068.jpg,images\Non_fractured\IMG0000068.jpg,FracAtlas,PAT_FA_00034,0,0,leg,0,0,2304,2880,1,ff8ec7a14d44571624c1688230521f26,train
IMG0000069.jpg,D:\projects\MediMind\ai-prediction-service\test-dataset\Bone Facture\FracAtlas\FracAtlas\images\Non_fractured\IMG0000069.jpg,images\Non_fractured\IMG0000069.jpg,FracAtlas,PAT_FA_00034,0,0,leg,0,0,2304,2880,1,3a3e3d0469c6cb70a0d708cc2b9d8c35,train
IMG0000070.jpg,D:\projects\MediMind\ai-prediction-service\test-dataset\Bone Facture\FracAtlas\FracAtlas\images\Non_fractured\IMG0000070.jpg,images\Non_fractured\IMG0000070.jpg,FracAtlas,PAT_FA_00035,0,0,leg,0,0,2304,2880,1,dee92177a6aeeb94f96932628fcd6209,train
IMG0000071.jpg,D:\projects\MediMind\ai-prediction-service\test-dataset\Bone Facture\FracAtlas\FracAtlas\images\Non_fractured\IMG0000071.jpg,images\Non_fractured\IMG0000071.jpg,FracAtlas,PAT_FA_00035,0,0,leg,0,0,2304,2880,1,7ec1eb4560798af232b3bf22d50f6e65,train
IMG0000072.jpg,D:\projects\MediMind\ai-prediction-service\test-dataset\Bone Facture\FracAtlas\FracAtlas\images\Non_fractured\IMG0000072.jpg,images\Non_fractured\IMG0000072.jpg,FracAtlas,PAT_FA_00036,0,0,leg,0,0,2304,2880,1,afe6e9b157d45523c2f0f099ba138337,train
IMG0000073.jpg,D:\projects\MediMind\ai-prediction-service\test-dataset\Bone Facture\FracAtlas\FracAtlas\images\Non_fractured\IMG0000073.jpg,images\Non_fractured\IMG0000073.jpg,FracAtlas,PAT_FA_00036,0,0,leg,0,0,2304,2880,1,73fbc690e587fa69b942af55a7ef7b2a,train
IMG0000074.jpg,D:\projects\MediMind\ai-prediction-service\test-dataset\Bone Facture\FracAtlas\FracAtlas\images\Non_fractured\IMG0000074.jpg,images\Non_fractured\IMG0000074.jpg,FracAtlas,PAT_FA_00037,0,0,leg,0,0,2304,2880,1,d17843074a0b311392cafeb1234815ac,train
IMG0000075.jpg,D:\projects\MediMind\ai-prediction-service\test-dataset\Bone Facture\FracAtlas\FracAtlas\images\Non_fractured\IMG0000075.jpg,images\Non_fractured\IMG0000075.jpg,FracAtlas,PAT_FA_00037,0,0,leg,0,0,2304,2880,1,b15fe0de4ae9a2d9d1f2245db78d8007,train
IMG0000076.jpg,D:\projects\MediMind\ai-prediction-service\test-dataset\Bone Facture\FracAtlas\FracAtlas\images\Non_fractured\IMG0000076.jpg,images\Non_fractured\IMG0000076.jpg,FracAtlas,PAT_FA_00038,0,0,leg,0,0,2304,2880,1,f2d4b5b0e06f838ed98739fb06fde50f,train
IMG0000077.jpg,D:\projects\MediMind\ai-prediction-service\test-dataset\Bone Facture\FracAtlas\FracAtlas\images\Non_fractured\IMG0000077.jpg,images\Non_fractured\IMG0000077.jpg,FracAtlas,PAT_FA_00038,0,0,leg,0,0,2304,2880,1,41cb388377ee3298824f0cf22498c362,train
IMG0000082.jpg,D:\projects\MediMind\ai-prediction-service\test-dataset\Bone Facture\FracAtlas\FracAtlas\images\Non_fractured\IMG0000082.jpg,images\Non_fractured\IMG0000082.jpg,FracAtlas,PAT_FA_00041,0,0,leg,0,0,2304,2880,1,2c69555a9d6b781163cec621601c1c43,train
IMG0000083.jpg,D:\projects\MediMind\ai-prediction-service\test-dataset\Bone Facture\FracAtlas\FracAtlas\images\Non_fractured\IMG0000083.jpg,images\Non_fractured\IMG0000083.jpg,FracAtlas,PAT_FA_00041,0,0,leg,0,0,2304,2880,1,e7269d2a6262035743dc5830f8d12a5c,train
IMG0000086.jpg,D:\projects\MediMind\ai-prediction-service\test-dataset\Bone Facture\FracAtlas\FracAtlas\images\Non_fractured\IMG0000086.jpg,images\Non_fractured\IMG0000086.jpg,FracAtlas,PAT_FA_00043,0,0,hand,0,0,2304,2880,1,a41361bdb1306b65b842a785be05d5d3,train
IMG0000087.jpg,D:\projects\MediMind\ai-prediction-service\test-dataset\Bone Facture\FracAtlas\FracAtlas\images\Non_fractured\IMG0000087.jpg,images\Non_fractured\IMG0000087.jpg,FracAtlas,PAT_FA_00043,0,0,hand,0,0,2304,2880,1,1dc584d5c84b9ab3339ca52c64f33b65,train
IMG0000088.jpg,D:\projects\MediMind\ai-prediction-service\test-dataset\Bone Facture\FracAtlas\FracAtlas\images\Non_fractured\IMG0000088.jpg,images\Non_fractured\IMG0000088.jpg,FracAtlas,PAT_FA_00044,0,0,hand,0,0,2880,2304,1,46885c9d77b17baf1ebb9d088b269032,train
IMG0000089.jpg,D:\projects\MediMind\ai-prediction-service\test-dataset\Bone Facture\FracAtlas\FracAtlas\images\Non_fractured\IMG0000089.jpg,images\Non_fractured\IMG0000089.jpg,FracAtlas,PAT_FA_00044,0,0,shoulder,0,0,2304,2880,1,72282d0a9fc9bcd1e04f3e42a3cc050e,train
IMG0000092.jpg,D:\projects\MediMind\ai-prediction-service\test-dataset\Bone Facture\FracAtlas\FracAtlas\images\Fractured\IMG0000092.jpg,images\Fractured\IMG0000092.jpg,FracAtlas,PAT_FA_00046,1,1,leg,1,0,2304,2880,1,6136596f27f438a910671aa2998956af,train
IMG0000093.jpg,D:\projects\MediMind\ai-prediction-service\test-dataset\Bone Facture\FracAtlas\FracAtlas\images\Non_fractured\IMG0000093.jpg,images\Non_fractured\IMG0000093.jpg,FracAtlas,PAT_FA_00046,0,0,leg,0,0,2304,2880,1,00cf6be1b951b9940ab2c47900bb1a6d,train
IMG0000094.jpg,D:\projects\MediMind\ai-prediction-service\test-dataset\Bone Facture\FracAtlas\FracAtlas\images\Non_fractured\IMG0000094.jpg,images\Non_fractured\IMG0000094.jpg,FracAtlas,PAT_FA_00047,0,0,leg,0,0,2304,2880,1,702cf1922d997c9ae4220c47ed00e077,train
IMG0000095.jpg,D:\projects\MediMind\ai-prediction-service\test-dataset\Bone Facture\FracAtlas\FracAtlas\images\Non_fractured\IMG0000095.jpg,images\Non_fractured\IMG0000095.jpg,FracAtlas,PAT_FA_00047,0,0,leg,0,0,2304,2880,1,80e0cb5e6186342f0de62e708b6a1876,train
IMG0000096.jpg,D:\projects\MediMind\ai-prediction-service\test-dataset\Bone Facture\FracAtlas\FracAtlas\images\Non_fractured\IMG0000096.jpg,images\Non_fractured\IMG0000096.jpg,FracAtlas,PAT_FA_00048,0,0,leg,0,0,2304,2880,1,9753a19c8aaec85a5f82a76359b92143,train
IMG0000097.jpg,D:\projects\MediMind\ai-prediction-service\test-dataset\Bone Facture\FracAtlas\FracAtlas\images\Non_fractured\IMG0000097.jpg,images\Non_fractured\IMG0000097.jpg,FracAtlas,PAT_FA_00048,0,0,hip,0,0,2304,2880,1,8808eac3b275a886571fb7fc6338b09b,train
IMG0000098.jpg,D:\projects\MediMind\ai-prediction-service\test-dataset\Bone Facture\FracAtlas\FracAtlas\images\Non_fractured\IMG0000098.jpg,images\Non_fractured\IMG0000098.jpg,FracAtlas,PAT_FA_00049,0,0,hip,0,0,2304,2880,1,e8a3046d534dd2b6ac92da717f3d691e,train
IMG0000099.jpg,D:\projects\MediMind\ai-prediction-service\test-dataset\Bone Facture\FracAtlas\FracAtlas\images\Non_fractured\IMG0000099.jpg,images\Non_fractured\IMG0000099.jpg,FracAtlas,PAT_FA_00049,0,0,hip,0,0,2304,2880,1,2efa832d96d45f9d8a5b0829c53e622a,train
IMG0000102.jpg,D:\projects\MediMind\ai-prediction-service\test-dataset\Bone Facture\FracAtlas\FracAtlas\images\Non_fractured\IMG0000102.jpg,images\Non_fractured\IMG0000102.jpg,FracAtlas,PAT_FA_00051,0,0,hand,0,0,2304,2880,1,e3a0315e82dc6479e0c4f43cb493b698,train
IMG0000103.jpg,D:\projects\MediMind\ai-prediction-service\test-dataset\Bone Facture\FracAtlas\FracAtlas\images\Non_fractured\IMG0000103.jpg,images\Non_fractured\IMG0000103.jpg,FracAtlas,PAT_FA_00051,0,0,hand,0,0,2304,2880,1,6cb7191ddeb5e60e15e801a71f371086,train
IMG0000104.jpg,D:\projects\MediMind\ai-prediction-service\test-dataset\Bone Facture\FracAtlas\FracAtlas\images\Non_fractured\IMG0000104.jpg,images\Non_fractured\IMG0000104.jpg,FracAtlas,PAT_FA_00052,0,0,leg,0,0,2304,2880,1,be3b4f83a87e7bcdfd303722abc91e98,train
IMG0000105.jpg,D:\projects\MediMind\ai-prediction-service\test-dataset\Bone Facture\FracAtlas\FracAtlas\images\Non_fractured\IMG0000105.jpg,images\Non_fractured\IMG0000105.jpg,FracAtlas,PAT_FA_00052,0,0,leg,0,0,2304,2880,1,32c1ee690d649c5f03690237557570bc,train
IMG0000108.jpg,D:\projects\MediMind\ai-prediction-service\test-dataset\Bone Facture\FracAtlas\FracAtlas\images\Non_fractured\IMG0000108.jpg,images\Non_fractured\IMG0000108.jpg,FracAtlas,PAT_FA_00054,0,0,leg,0,0,2304,2880,1,c5d50071108f1ec00265e4997e217a24,train
IMG0000109.jpg,D:\projects\MediMind\ai-prediction-service\test-dataset\Bone Facture\FracAtlas\FracAtlas\images\Non_fractured\IMG0000109.jpg,images\Non_fractured\IMG0000109.jpg,FracAtlas,PAT_FA_00054,0,0,leg,0,0,2304,2880,1,ae3cc0a647d363bbecea87b69c8d9836,train
IMG0000110.jpg,D:\projects\MediMind\ai-prediction-service\test-dataset\Bone Facture\FracAtlas\FracAtlas\images\Non_fractured\IMG0000110.jpg,images\Non_fractured\IMG0000110.jpg,FracAtlas,PAT_FA_00055,0,0,hip,0,0,2304,2880,1,5e2d2163e9b6bb4e8523adc54797161f,train
IMG0000111.jpg,D:\projects\MediMind\ai-prediction-service\test-dataset\Bone Facture\FracAtlas\FracAtlas\images\Non_fractured\IMG0000111.jpg,images\Non_fractured\IMG0000111.jpg,FracAtlas,PAT_FA_00055,0,0,hand,0,0,2304,2880,1,e1d83fc702d26bca3acc07029dd1c1e5,train
IMG0000112.jpg,D:\projects\MediMind\ai-prediction-service\test-dataset\Bone Facture\FracAtlas\FracAtlas\images\Non_fractured\IMG0000112.jpg,images\Non_fractured\IMG0000112.jpg,FracAtlas,PAT_FA_00056,0,0,hand,0,0,2304,2880,1,6dc8f918a8fd45b2a6ca622907608cc9,train
IMG0000113.jpg,D:\projects\MediMind\ai-prediction-service\test-dataset\Bone Facture\FracAtlas\FracAtlas\images\Non_fractured\IMG0000113.jpg,images\Non_fractured\IMG0000113.jpg,FracAtlas,PAT_FA_00056,0,0,leg,0,0,2304,2880,1,1aeca6987cb50caee76a8da24973489e,train
IMG0000116.jpg,D:\projects\MediMind\ai-prediction-service\test-dataset\Bone Facture\FracAtlas\FracAtlas\images\Non_fractured\IMG0000116.jpg,images\Non_fractured\IMG0000116.jpg,FracAtlas,PAT_FA_00058,0,0,leg,0,0,2304,2880,1,c9af2e9ff8553afb749711c1e4620e78,train
IMG0000117.jpg,D:\projects\MediMind\ai-prediction-service\test-dataset\Bone Facture\FracAtlas\FracAtlas\images\Non_fractured\IMG0000117.jpg,images\Non_fractured\IMG0000117.jpg,FracAtlas,PAT_FA_00058,0,0,leg,0,0,2304,2880,1,84797a04e38eefa000799ec408ea3a10,train
IMG0000118.jpg,D:\projects\MediMind\ai-prediction-service\test-dataset\Bone Facture\FracAtlas\FracAtlas\images\Non_fractured\IMG0000118.jpg,images\Non_fractured\IMG0000118.jpg,FracAtlas,PAT_FA_00059,0,0,leg,0,0,2304,2880,1,9bee09c79d1dab53a3aae4f3ac819f62,train
IMG0000119.jpg,D:\projects\MediMind\ai-prediction-service\test-dataset\Bone Facture\FracAtlas\FracAtlas\images\Non_fractured\IMG0000119.jpg,images\Non_fractured\IMG0000119.jpg,FracAtlas,PAT_FA_00059,0,0,leg,0,0,2304,2880,1,ba853f7fee430483c14857c08730d5d3,train
IMG0000122.jpg,D:\projects\MediMind\ai-prediction-service\test-dataset\Bone Facture\FracAtlas\FracAtlas\images\Non_fractured\IMG0000122.jpg,images\Non_fractured\IMG0000122.jpg,FracAtlas,PAT_FA_00061,0,0,hand,0,0,2304,2880,1,40deb5eefa676f2e550f0fbe65af590f,train
IMG0000123.jpg,D:\projects\MediMind\ai-prediction-service\test-dataset\Bone Facture\FracAtlas\FracAtlas\images\Non_fractured\IMG0000123.jpg,images\Non_fractured\IMG0000123.jpg,FracAtlas,PAT_FA_00061,0,0,hand,0,0,2304,2880,1,9f3031a48c35946bff225a1f02a8e9a6,train
IMG0000124.jpg,D:\projects\MediMind\ai-prediction-service\test-dataset\Bone Facture\FracAtlas\FracAtlas\images\Non_fractured\IMG0000124.jpg,images\Non_fractured\IMG0000124.jpg,FracAtlas,PAT_FA_00062,0,0,hip,0,0,2304,2880,1,64cd1d014185b342e814a10a6ffae977,train
IMG0000125.jpg,D:\projects\MediMind\ai-prediction-service\test-dataset\Bone Facture\FracAtlas\FracAtlas\images\Non_fractured\IMG0000125.jpg,images\Non_fractured\IMG0000125.jpg,FracAtlas,PAT_FA_00062,0,0,leg,0,0,2304,2880,1,61944760ba9983325fe5e64c2d487261,train
IMG0000126.jpg,D:\projects\MediMind\ai-prediction-service\test-dataset\Bone Facture\FracAtlas\FracAtlas\images\Non_fractured\IMG0000126.jpg,images\Non_fractured\IMG0000126.jpg,FracAtlas,PAT_FA_00063,0,0,leg,0,0,2304,2880,1,5cb5433d96fae39658bfcb3a5e9b7378,train
IMG0000127.jpg,D:\projects\MediMind\ai-prediction-service\test-dataset\Bone Facture\FracAtlas\FracAtlas\images\Non_fractured\IMG0000127.jpg,images\Non_fractured\IMG0000127.jpg,FracAtlas,PAT_FA_00063,0,0,leg,0,0,2304,2880,1,c58cf01a8ad5d71e3db216ef64947cc9,train
IMG0000128.jpg,D:\projects\MediMind\ai-prediction-service\test-dataset\Bone Facture\FracAtlas\FracAtlas\images\Non_fractured\IMG0000128.jpg,images\Non_fractured\IMG0000128.jpg,FracAtlas,PAT_FA_00064,0,0,leg,0,0,2304,2880,1,c6feed584d315093e180f81409c523e0,train
IMG0000129.jpg,D:\projects\MediMind\ai-prediction-service\test-dataset\Bone Facture\FracAtlas\FracAtlas\images\Non_fractured\IMG0000129.jpg,images\Non_fractured\IMG0000129.jpg,FracAtlas,PAT_FA_00064,0,0,leg,0,0,2304,2880,1,c76095d096c5f18d678c2f2ec9f3b90b,train
IMG0000130.jpg,D:\projects\MediMind\ai-prediction-service\test-dataset\Bone Facture\FracAtlas\FracAtlas\images\Non_fractured\IMG0000130.jpg,images\Non_fractured\IMG0000130.jpg,FracAtlas,PAT_FA_00065,0,0,leg,0,0,2304,2880,1,36a0bd45d7147f7772006209734d67db,train
IMG0000131.jpg,D:\projects\MediMind\ai-prediction-service\test-dataset\Bone Facture\FracAtlas\FracAtlas\images\Non_fractured\IMG0000131.jpg,images\Non_fractured\IMG0000131.jpg,FracAtlas,PAT_FA_00065,0,0,leg,0,1,2304,2880,1,cc801bf88f2a7284f7679e5249036929,train
IMG0000132.jpg,D:\projects\MediMind\ai-prediction-service\test-dataset\Bone Facture\FracAtlas\FracAtlas\images\Non_fractured\IMG0000132.jpg,images\Non_fractured\IMG0000132.jpg,FracAtlas,PAT_FA_00066,0,0,leg,0,0,2304,2880,1,c3af416d47a0eb2ab22e0295ab2ed11a,train
IMG0000133.jpg,D:\projects\MediMind\ai-prediction-service\test-dataset\Bone Facture\FracAtlas\FracAtlas\images\Non_fractured\IMG0000133.jpg,images\Non_fractured\IMG0000133.jpg,FracAtlas,PAT_FA_00066,0,0,leg,0,0,2304,2880,1,8be930134ca2be9592daa2664ce37e59,train
IMG0000134.jpg,D:\projects\MediMind\ai-prediction-service\test-dataset\Bone Facture\FracAtlas\FracAtlas\images\Non_fractured\IMG0000134.jpg,images\Non_fractured\IMG0000134.jpg,FracAtlas,PAT_FA_00067,0,0,leg,0,0,2304,2880,1,4428927e82d4d0d67b2dfb2901d6b4c2,train
IMG0000135.jpg,D:\projects\MediMind\ai-prediction-service\test-dataset\Bone Facture\FracAtlas\FracAtlas\images\Non_fractured\IMG0000135.jpg,images\Non_fractured\IMG0000135.jpg,FracAtlas,PAT_FA_00067,0,0,leg,0,0,2304,2880,1,58e65ee85b501a9c7fcff4f2a1637772,train
IMG0000136.jpg,D:\projects\MediMind\ai-prediction-service\test-dataset\Bone Facture\FracAtlas\FracAtlas\images\Non_fractured\IMG0000136.jpg,images\Non_fractured\IMG0000136.jpg,FracAtlas,PAT_FA_00068,0,0,leg,0,0,2304,2880,1,ebccd87853375553364dfa453cebe02b,train
IMG0000137.jpg,D:\projects\MediMind\ai-prediction-service\test-dataset\Bone Facture\FracAtlas\FracAtlas\images\Non_fractured\IMG0000137.jpg,images\Non_fractured\IMG0000137.jpg,FracAtlas,PAT_FA_00068,0,0,leg,0,0,2304,2880,1,529819a93f28704e1b3868b26567ff8b,train
IMG0000138.jpg,D:\projects\MediMind\ai-prediction-service\test-dataset\Bone Facture\FracAtlas\FracAtlas\images\Non_fractured\IMG0000138.jpg,images\Non_fractured\IMG0000138.jpg,FracAtlas,PAT_FA_00069,0,0,leg,0,0,2304,2880,1,b6ca4f23e3ab74a9f56ead18262f0fa6,train
IMG0000139.jpg,D:\projects\MediMind\ai-prediction-service\test-dataset\Bone Facture\FracAtlas\FracAtlas\images\Non_fractured\IMG0000139.jpg,images\Non_fractured\IMG0000139.jpg,FracAtlas,PAT_FA_00069,0,0,leg,0,0,2304,2880,1,0d26f73a653528e599accbf53c9392af,train
IMG0000140.jpg,D:\projects\MediMind\ai-prediction-service\test-dataset\Bone Facture\FracAtlas\FracAtlas\images\Non_fractured\IMG0000140.jpg,images\Non_fractured\IMG0000140.jpg,FracAtlas,PAT_FA_00070,0,0,leg,0,0,2304,2880,1,c1a91650ca475c1330df3110da017088,train
IMG0000141.jpg,D:\projects\MediMind\ai-prediction-service\test-dataset\Bone Facture\FracAtlas\FracAtlas\images\Non_fractured\IMG0000141.jpg,images\Non_fractured\IMG0000141.jpg,FracAtlas,PAT_FA_00070,0,0,leg,0,0,2304,2880,1,387c4a8e74375d6c9a8d895a25015f9d,train
IMG0000148.jpg,D:\projects\MediMind\ai-prediction-service\test-dataset\Bone Facture\FracAtlas\FracAtlas\images\Non_fractured\IMG0000148.jpg,images\Non_fractured\IMG0000148.jpg,FracAtlas,PAT_FA_00074,0,0,hand,0,0,2304,2880,1,00330ff9603a134689760031b97cb8d6,train
IMG0000149.jpg,D:\projects\MediMind\ai-prediction-service\test-dataset\Bone Facture\FracAtlas\FracAtlas\images\Non_fractured\IMG0000149.jpg,images\Non_fractured\IMG0000149.jpg,FracAtlas,PAT_FA_00074,0,0,leg,0,0,2304,2880,1,c1225744e2d6d4a8f6833c8191fc48ca,train
IMG0000150.jpg,D:\projects\MediMind\ai-prediction-service\test-dataset\Bone Facture\FracAtlas\FracAtlas\images\Non_fractured\IMG0000150.jpg,images\Non_fractured\IMG0000150.jpg,FracAtlas,PAT_FA_00075,0,0,leg,0,0,2304,2880,1,ffa35ecb8841f6e3d25ce7000c48a109,train
IMG0000151.jpg,D:\projects\MediMind\ai-prediction-service\test-dataset\Bone Facture\FracAtlas\FracAtlas\images\Fractured\IMG0000151.jpg,images\Fractured\IMG0000151.jpg,FracAtlas,PAT_FA_00075,1,1,leg,0,0,2304,2880,1,9b4156d8c7c1e4228e615633f1694b12,train
IMG0000152.jpg,D:\projects\MediMind\ai-prediction-service\test-dataset\Bone Facture\FracAtlas\FracAtlas\images\Non_fractured\IMG0000152.jpg,images\Non_fractured\IMG0000152.jpg,FracAtlas,PAT_FA_00076,0,0,leg,0,0,2304,2880,1,8b772b0403f03d9137fb17fde7d8ef7d,train
IMG0000153.jpg,D:\projects\MediMind\ai-prediction-service\test-dataset\Bone Facture\FracAtlas\FracAtlas\images\Non_fractured\IMG0000153.jpg,images\Non_fractured\IMG0000153.jpg,FracAtlas,PAT_FA_00076,0,0,leg,0,0,2304,2880,1,c7e5f7b516d006202f8e896f69a7c96b,train
IMG0000158.jpg,D:\projects\MediMind\ai-prediction-service\test-dataset\Bone Facture\FracAtlas\FracAtlas\images\Non_fractured\IMG0000158.jpg,images\Non_fractured\IMG0000158.jpg,FracAtlas,PAT_FA_00079,0,0,hand,0,0,2880,2304,1,ca8f9c61fb9ab0963e540358f0d0c600,train
IMG0000159.jpg,D:\projects\MediMind\ai-prediction-service\test-dataset\Bone Facture\FracAtlas\FracAtlas\images\Non_fractured\IMG0000159.jpg,images\Non_fractured\IMG0000159.jpg,FracAtlas,PAT_FA_00079,0,0,leg,0,0,2304,2880,1,1e77a2280bda7c17b358bb971ca3d217,train
IMG0000160.jpg,D:\projects\MediMind\ai-prediction-service\test-dataset\Bone Facture\FracAtlas\FracAtlas\images\Non_fractured\IMG0000160.jpg,images\Non_fractured\IMG0000160.jpg,FracAtlas,PAT_FA_00080,0,0,leg,0,0,2304,2880,1,e4250702345c40c8f64e3bea62912407,train
IMG0000161.jpg,D:\projects\MediMind\ai-prediction-service\test-dataset\Bone Facture\FracAtlas\FracAtlas\images\Non_fractured\IMG0000161.jpg,images\Non_fractured\IMG0000161.jpg,FracAtlas,PAT_FA_00080,0,0,hand,0,0,2304,2880,1,b30c0da8392b56be18aa05b3ee07666c,train
IMG0000162.jpg,D:\projects\MediMind\ai-prediction-service\test-dataset\Bone Facture\FracAtlas\FracAtlas\images\Non_fractured\IMG0000162.jpg,images\Non_fractured\IMG0000162.jpg,FracAtlas,PAT_FA_00081,0,0,hand,0,0,2304,2880,1,ec6b175b552b42c25e6bfad56463d8d3,train
IMG0000163.jpg,D:\projects\MediMind\ai-prediction-service\test-dataset\Bone Facture\FracAtlas\FracAtlas\images\Non_fractured\IMG0000163.jpg,images\Non_fractured\IMG0000163.jpg,FracAtlas,PAT_FA_00081,0,0,hand,0,0,2880,2304,1,5a360c52acf905113421c6637b562e07,train
IMG0000164.jpg,D:\projects\MediMind\ai-prediction-service\test-dataset\Bone Facture\FracAtlas\FracAtlas\images\Non_fractured\IMG0000164.jpg,images\Non_fractured\IMG0000164.jpg,FracAtlas,PAT_FA_00082,0,0,hand,0,0,2880,2304,1,0005663c9d0491a14929755692c66c2d,train
IMG0000165.jpg,D:\projects\MediMind\ai-prediction-service\test-dataset\Bone Facture\FracAtlas\FracAtlas\images\Non_fractured\IMG0000165.jpg,images\Non_fractured\IMG0000165.jpg,FracAtlas,PAT_FA_00082,0,0,hand,0,0,2880,2304,1,a15635a8b0bbc1c373d0129db1e3b452,train
IMG0000166.jpg,D:\projects\MediMind\ai-prediction-service\test-dataset\Bone Facture\FracAtlas\FracAtlas\images\Non_fractured\IMG0000166.jpg,images\Non_fractured\IMG0000166.jpg,FracAtlas,PAT_FA_00083,0,0,hand,0,0,2880,2304,1,c82a20e5086f1b00c09d651c0d42431c,train
IMG0000167.jpg,D:\projects\MediMind\ai-prediction-service\test-dataset\Bone Facture\FracAtlas\FracAtlas\images\Non_fractured\IMG0000167.jpg,images\Non_fractured\IMG0000167.jpg,FracAtlas,PAT_FA_00083,0,0,leg,0,0,2304,2880,1,f5781b74f63f2c30d56bbf7b55df64e7,train
IMG0000168.jpg,D:\projects\MediMind\ai-prediction-service\test-dataset\Bone Facture\FracAtlas\FracAtlas\images\Non_fractured\IMG0000168.jpg,images\Non_fractured\IMG0000168.jpg,FracAtlas,PAT_FA_00084,0,0,leg,0,0,2304,2880,1,18ec3e78ebee4bb0793023ffca7f4430,train
IMG0000169.jpg,D:\projects\MediMind\ai-prediction-service\test-dataset\Bone Facture\FracAtlas\FracAtlas\images\Non_fractured\IMG0000169.jpg,images\Non_fractured\IMG0000169.jpg,FracAtlas,PAT_FA_00084,0,0,leg,0,0,2304,2880,1,aedb85803aab50a7feef0743e69b14bd,train
IMG0000170.jpg,D:\projects\MediMind\ai-prediction-service\test-dataset\Bone Facture\FracAtlas\FracAtlas\images\Non_fractured\IMG0000170.jpg,images\Non_fractured\IMG0000170.jpg,FracAtlas,PAT_FA_00085,0,0,leg,0,0,2304,2880,1,7e80b18be76e1d470dd8641b30a970f9,train
IMG0000171.jpg,D:\projects\MediMind\ai-prediction-service\test-dataset\Bone Facture\FracAtlas\FracAtlas\images\Non_fractured\IMG0000171.jpg,images\Non_fractured\IMG0000171.jpg,FracAtlas,PAT_FA_00085,0,0,leg,0,0,2304,2880,1,b13c24c8c2fb6ffbd73e6729ec1f1d6a,train
IMG0000172.jpg,D:\projects\MediMind\ai-prediction-service\test-dataset\Bone Facture\FracAtlas\FracAtlas\images\Non_fractured\IMG0000172.jpg,images\Non_fractured\IMG0000172.jpg,FracAtlas,PAT_FA_00086,0,0,leg,0,0,2304,2880,1,8a43a2102662912ef919fef71c3757e8,train
IMG0000173.jpg,D:\projects\MediMind\ai-prediction-service\test-dataset\Bone Facture\FracAtlas\FracAtlas\images\Non_fractured\IMG0000173.jpg,images\Non_fractured\IMG0000173.jpg,FracAtlas,PAT_FA_00086,0,0,leg,0,0,2304,2880,1,f82e02104e22e42eb9956f4afd6a2156,train
IMG0000174.jpg,D:\projects\MediMind\ai-prediction-service\test-dataset\Bone Facture\FracAtlas\FracAtlas\images\Non_fractured\IMG0000174.jpg,images\Non_fractured\IMG0000174.jpg,FracAtlas,PAT_FA_00087,0,0,leg,0,0,2304,2880,1,4e96d515056040605070bf0b2ec4a95c,train
IMG0000175.jpg,D:\projects\MediMind\ai-prediction-service\test-dataset\Bone Facture\FracAtlas\FracAtlas\images\Non_fractured\IMG0000175.jpg,images\Non_fractured\IMG0000175.jpg,FracAtlas,PAT_FA_00087,0,0,leg,0,0,2304,2880,1,d19d0203eab20e80afb1b4809266a9a2,train
IMG0000176.jpg,D:\projects\MediMind\ai-prediction-service\test-dataset\Bone Facture\FracAtlas\FracAtlas\images\Non_fractured\IMG0000176.jpg,images\Non_fractured\IMG0000176.jpg,FracAtlas,PAT_FA_00088,0,0,leg,0,0,2304,2880,1,f958bf2246a9be917c42edddc3ab9bc1,train
IMG0000177.jpg,D:\projects\MediMind\ai-prediction-service\test-dataset\Bone Facture\FracAtlas\FracAtlas\images\Non_fractured\IMG0000177.jpg,images\Non_fractured\IMG0000177.jpg,FracAtlas,PAT_FA_00088,0,0,leg,0,0,2304,2880,1,2d1ac018d89c148b754d85fa7b7fe263,train
IMG0000178.jpg,D:\projects\MediMind\ai-prediction-service\test-dataset\Bone Facture\FracAtlas\FracAtlas\images\Non_fractured\IMG0000178.jpg,images\Non_fractured\IMG0000178.jpg,FracAtlas,PAT_FA_00089,0,0,leg,0,0,2304,2880,1,e328dbb893874e9deb5f55a8c5d90060,train
IMG0000179.jpg,D:\projects\MediMind\ai-prediction-service\test-dataset\Bone Facture\FracAtlas\FracAtlas\images\Non_fractured\IMG0000179.jpg,images\Non_fractured\IMG0000179.jpg,FracAtlas,PAT_FA_00089,0,0,leg,0,0,2304,2880,1,6e32e69516dfc8cc96cc9e9044e083fb,train
IMG0000180.jpg,D:\projects\MediMind\ai-prediction-service\test-dataset\Bone Facture\FracAtlas\FracAtlas\images\Non_fractured\IMG0000180.jpg,images\Non_fractured\IMG0000180.jpg,FracAtlas,PAT_FA_00090,0,0,leg,0,0,2304,2880,1,7cd3a2f546c2797fe7aa15432549e404,train
IMG0000181.jpg,D:\projects\MediMind\ai-prediction-service\test-dataset\Bone Facture\FracAtlas\FracAtlas\images\Non_fractured\IMG0000181.jpg,images\Non_fractured\IMG0000181.jpg,FracAtlas,PAT_FA_00090,0,0,leg,0,0,2304,2880,1,5bb246bbed2b7798f3b0e5a84f93190c,train
IMG0000182.jpg,D:\projects\MediMind\ai-prediction-service\test-dataset\Bone Facture\FracAtlas\FracAtlas\images\Non_fractured\IMG0000182.jpg,images\Non_fractured\IMG0000182.jpg,FracAtlas,PAT_FA_00091,0,0,leg,0,0,2304,2880,1,074b0042b16d8006f0eddb5c9b4a2a72,train
IMG0000183.jpg,D:\projects\MediMind\ai-prediction-service\test-dataset\Bone Facture\FracAtlas\FracAtlas\images\Non_fractured\IMG0000183.jpg,images\Non_fractured\IMG0000183.jpg,FracAtlas,PAT_FA_00091,0,0,leg,0,0,2304,2880,1,0f285f4840558e84322f278acb30bdf1,train
IMG0000184.jpg,D:\projects\MediMind\ai-prediction-service\test-dataset\Bone Facture\FracAtlas\FracAtlas\images\Non_fractured\IMG0000184.jpg,images\Non_fractured\IMG0000184.jpg,FracAtlas,PAT_FA_00092,0,0,leg,0,0,2304,2880,1,b8f660df57caf09f9926e0262d0fcee1,train
IMG0000185.jpg,D:\projects\MediMind\ai-prediction-service\test-dataset\Bone Facture\FracAtlas\FracAtlas\images\Non_fractured\IMG0000185.jpg,images\Non_fractured\IMG0000185.jpg,FracAtlas,PAT_FA_00092,0,0,leg,0,0,2304,2880,1,c3fd5cea3fa901741a1a3f7d8dfcdcf9,train
IMG0000186.jpg,D:\projects\MediMind\ai-prediction-service\test-dataset\Bone Facture\FracAtlas\FracAtlas\images\Non_fractured\IMG0000186.jpg,images\Non_fractured\IMG0000186.jpg,FracAtlas,PAT_FA_00093,0,0,leg,0,0,2304,2880,1,9d1d567006077913ade671d92dfa66f6,train
IMG0000187.jpg,D:\projects\MediMind\ai-prediction-service\test-dataset\Bone Facture\FracAtlas\FracAtlas\images\Non_fractured\IMG0000187.jpg,images\Non_fractured\IMG0000187.jpg,FracAtlas,PAT_FA_00093,0,0,leg,0,0,2304,2880,1,b3f33b2285eb68f6ee10efc591193bdc,train
IMG0000188.jpg,D:\projects\MediMind\ai-prediction-service\test-dataset\Bone Facture\FracAtlas\FracAtlas\images\Fractured\IMG0000188.jpg,images\Fractured\IMG0000188.jpg,FracAtlas,PAT_FA_00094,1,1,hand,0,0,2304,2880,1,f400d8befe553d0ed400765b48270c32,train
IMG0000189.jpg,D:\projects\MediMind\ai-prediction-service\test-dataset\Bone Facture\FracAtlas\FracAtlas\images\Fractured\IMG0000189.jpg,images\Fractured\IMG0000189.jpg,FracAtlas,PAT_FA_00094,1,1,hand,0,0,2304,2880,1,b31a5922bed2f97b607bdc0a7c934a8b,train
IMG0000190.jpg,D:\projects\MediMind\ai-prediction-service\test-dataset\Bone Facture\FracAtlas\FracAtlas\images\Fractured\IMG0000190.jpg,images\Fractured\IMG0000190.jpg,FracAtlas,PAT_FA_00095,1,1,hand,0,0,2304,2880,1,9e1512d47fcc0a3bb1a15f66b334c5a9,train
IMG0000191.jpg,D:\projects\MediMind\ai-prediction-service\test-dataset\Bone Facture\FracAtlas\FracAtlas\images\Non_fractured\IMG0000191.jpg,images\Non_fractured\IMG0000191.jpg,FracAtlas,PAT_FA_00095,0,0,leg,0,0,2304,2880,1,8d975c2cf0b73f3c3b16583bc03dca31,train
IMG0000192.jpg,D:\projects\MediMind\ai-prediction-service\test-dataset\Bone Facture\FracAtlas\FracAtlas\images\Non_fractured\IMG0000192.jpg,images\Non_fractured\IMG0000192.jpg,FracAtlas,PAT_FA_00096,0,0,leg,0,0,2304,2880,1,b7d2adb784503f4747c036ba587a2451,train
IMG0000193.jpg,D:\projects\MediMind\ai-prediction-service\test-dataset\Bone Facture\FracAtlas\FracAtlas\images\Non_fractured\IMG0000193.jpg,images\Non_fractured\IMG0000193.jpg,FracAtlas,PAT_FA_00096,0,0,leg,0,0,2304,2880,1,5e3203af8f58ae6eec7eaa31a2adaf79,train
IMG0000194.jpg,D:\projects\MediMind\ai-prediction-service\test-dataset\Bone Facture\FracAtlas\FracAtlas\images\Non_fractured\IMG0000194.jpg,images\Non_fractured\IMG0000194.jpg,FracAtlas,PAT_FA_00097,0,0,leg,0,0,2304,2880,1,54b1ccb69f92932f0a80d192d0c3c7f8,train
IMG0000195.jpg,D:\projects\MediMind\ai-prediction-service\test-dataset\Bone Facture\FracAtlas\FracAtlas\images\Non_fractured\IMG0000195.jpg,images\Non_fractured\IMG0000195.jpg,FracAtlas,PAT_FA_00097,0,0,leg,0,0,2304,2880,1,e9ebb267584b57c3dab9f496adf45908,train
IMG0000196.jpg,D:\projects\MediMind\ai-prediction-service\test-dataset\Bone Facture\FracAtlas\FracAtlas\images\Non_fractured\IMG0000196.jpg,images\Non_fractured\IMG0000196.jpg,FracAtlas,PAT_FA_00098,0,0,leg,0,0,2304,2880,1,1592bdef5a865ec67ef04dcce1a79670,train
IMG0000197.jpg,D:\projects\MediMind\ai-prediction-service\test-dataset\Bone Facture\FracAtlas\FracAtlas\images\Non_fractured\IMG0000197.jpg,images\Non_fractured\IMG0000197.jpg,FracAtlas,PAT_FA_00098,0,0,hand,0,0,2880,2304,1,e32df6c99bf258c16236255194326e53,train
IMG0000198.jpg,D:\projects\MediMind\ai-prediction-service\test-dataset\Bone Facture\FracAtlas\FracAtlas\images\Non_fractured\IMG0000198.jpg,images\Non_fractured\IMG0000198.jpg,FracAtlas,PAT_FA_00099,0,0,hand,0,0,2304,2880,1,44dd226801a2ab2ad41b5ee091398335,train
IMG0000199.jpg,D:\projects\MediMind\ai-prediction-service\test-dataset\Bone Facture\FracAtlas\FracAtlas\images\Non_fractured\IMG0000199.jpg,images\Non_fractured\IMG0000199.jpg,FracAtlas,PAT_FA_00099,0,0,hand,0,0,2880,2304,1,434d3cbceeb753b5920848b6c8931fa3,train
IMG0000200.jpg,D:\projects\MediMind\ai-prediction-service\test-dataset\Bone Facture\FracAtlas\FracAtlas\images\Non_fractured\IMG0000200.jpg,images\Non_fractured\IMG0000200.jpg,FracAtlas,PAT_FA_00100,0,0,hand,0,0,2304,2880,1,80c0778e56f6949e28897a15e044e701,train
IMG0000201.jpg,D:\projects\MediMind\ai-prediction-service\test-dataset\Bone Facture\FracAtlas\FracAtlas\images\Non_fractured\IMG0000201.jpg,images\Non_fractured\IMG0000201.jpg,FracAtlas,PAT_FA_00100,0,0,leg,1,0,2304,2880,1,4eb397633c3685a6602b79c69d9dd4d6,train
IMG0000204.jpg,D:\projects\MediMind\ai-prediction-service\test-dataset\Bone Facture\FracAtlas\FracAtlas\images\Non_fractured\IMG0000204.jpg,images\Non_fractured\IMG0000204.jpg,FracAtlas,PAT_FA_00102,0,0,hand,0,0,2304,2880,1,91d39172f4401244f661b1504c44e06f,train
IMG0000205.jpg,D:\projects\MediMind\ai-prediction-service\test-dataset\Bone Facture\FracAtlas\FracAtlas\images\Non_fractured\IMG0000205.jpg,images\Non_fractured\IMG0000205.jpg,FracAtlas,PAT_FA_00102,0,0,hand,0,0,2304,2880,1,4828c4fc79a85e0607c6decde4d2ba9d,train
IMG0000208.jpg,D:\projects\MediMind\ai-prediction-service\test-dataset\Bone Facture\FracAtlas\FracAtlas\images\Non_fractured\IMG0000208.jpg,images\Non_fractured\IMG0000208.jpg,FracAtlas,PAT_FA_00104,0,0,leg,0,0,2304,2880,1,bc58133704ca4f6be4a7c093319d710f,train
IMG0000209.jpg,D:\projects\MediMind\ai-prediction-service\test-dataset\Bone Facture\FracAtlas\FracAtlas\images\Non_fractured\IMG0000209.jpg,images\Non_fractured\IMG0000209.jpg,FracAtlas,PAT_FA_00104,0,0,leg,0,0,2304,2880,1,8bf76822ae3b654a8fa7187bb19ade35,train
IMG0000210.jpg,D:\projects\MediMind\ai-prediction-service\test-dataset\Bone Facture\FracAtlas\FracAtlas\images\Non_fractured\IMG0000210.jpg,images\Non_fractured\IMG0000210.jpg,FracAtlas,PAT_FA_00105,0,0,leg,0,0,2304,2880,1,396fc91ee4b5059a5ec34aec242a26ed,train
IMG0000211.jpg,D:\projects\MediMind\ai-prediction-service\test-dataset\Bone Facture\FracAtlas\FracAtlas\images\Non_fractured\IMG0000211.jpg,images\Non_fractured\IMG0000211.jpg,FracAtlas,PAT_FA_00105,0,0,leg,0,0,2304,2880,1,9b4a03a92224e95bc7d6010fd231aa58,train
IMG0000214.jpg,D:\projects\MediMind\ai-prediction-service\test-dataset\Bone Facture\FracAtlas\FracAtlas\images\Non_fractured\IMG0000214.jpg,images\Non_fractured\IMG0000214.jpg,FracAtlas,PAT_FA_00107,0,0,hand,0,0,2880,2304,1,1a0c79f8f46df5834ece18308e087be1,train
IMG0000215.jpg,D:\projects\MediMind\ai-prediction-service\test-dataset\Bone Facture\FracAtlas\FracAtlas\images\Non_fractured\IMG0000215.jpg,images\Non_fractured\IMG0000215.jpg,FracAtlas,PAT_FA_00107,0,0,hand,0,0,2880,2304,1,c976b8595831fb1fb5ad4a9f1924cdae,train
IMG0000218.jpg,D:\projects\MediMind\ai-prediction-service\test-dataset\Bone Facture\FracAtlas\FracAtlas\images\Non_fractured\IMG0000218.jpg,images\Non_fractured\IMG0000218.jpg,FracAtlas,PAT_FA_00109,0,0,shoulder,0,0,2304,2880,1,5d9b02a8a4f2f720301d66073ca37160,train
IMG0000219.jpg,D:\projects\MediMind\ai-prediction-service\test-dataset\Bone Facture\FracAtlas\FracAtlas\images\Non_fractured\IMG0000219.jpg,images\Non_fractured\IMG0000219.jpg,FracAtlas,PAT_FA_00109,0,0,leg,0,0,2304,2880,1,3f65a7aafb5b6884310437aa54e50a85,train
IMG0000222.jpg,D:\projects\MediMind\ai-prediction-service\test-dataset\Bone Facture\FracAtlas\FracAtlas\images\Non_fractured\IMG0000222.jpg,images\Non_fractured\IMG0000222.jpg,FracAtlas,PAT_FA_00111,0,0,leg,0,0,2304,2880,1,db2ec41f45a4022a2b64566a12fd0a83,train
IMG0000223.jpg,D:\projects\MediMind\ai-prediction-service\test-dataset\Bone Facture\FracAtlas\FracAtlas\images\Non_fractured\IMG0000223.jpg,images\Non_fractured\IMG0000223.jpg,FracAtlas,PAT_FA_00111,0,0,leg,0,0,2304,2880,1,e035d7675fe5253fb529e4396fd5d32d,train
IMG0000224.jpg,D:\projects\MediMind\ai-prediction-service\test-dataset\Bone Facture\FracAtlas\FracAtlas\images\Non_fractured\IMG0000224.jpg,images\Non_fractured\IMG0000224.jpg,FracAtlas,PAT_FA_00112,0,0,leg,0,0,2304,2880,1,fff85a29b70a4e7c1465c10067a252c6,train
IMG0000225.jpg,D:\projects\MediMind\ai-prediction-service\test-dataset\Bone Facture\FracAtlas\FracAtlas\images\Non_fractured\IMG0000225.jpg,images\Non_fractured\IMG0000225.jpg,FracAtlas,PAT_FA_00112,0,0,leg,0,0,2304,2880,1,f1f2f0775f3ff5cdb2e0c76a463154a9,train
IMG0000228.jpg,D:\projects\MediMind\ai-prediction-service\test-dataset\Bone Facture\FracAtlas\FracAtlas\images\Non_fractured\IMG0000228.jpg,images\Non_fractured\IMG0000228.jpg,FracAtlas,PAT_FA_00114,0,0,leg,0,0,2304,2880,1,6682c4bce224dbd5a377c0de5ce6b699,train
IMG0000229.jpg,D:\projects\MediMind\ai-prediction-service\test-dataset\Bone Facture\FracAtlas\FracAtlas\images\Non_fractured\IMG0000229.jpg,images\Non_fractured\IMG0000229.jpg,FracAtlas,PAT_FA_00114,0,0,leg,0,0,2304,2880,1,433a7704ebb2bdbef9cd6f0966b4d107,train
IMG0000230.jpg,D:\projects\MediMind\ai-prediction-service\test-dataset\Bone Facture\FracAtlas\FracAtlas\images\Non_fractured\IMG0000230.jpg,images\Non_fractured\IMG0000230.jpg,FracAtlas,PAT_FA_00115,0,0,leg,0,0,2304,2880,1,47d6ed5bdbd7384533e2bddd992148e3,train
IMG0000231.jpg,D:\projects\MediMind\ai-prediction-service\test-dataset\Bone Facture\FracAtlas\FracAtlas\images\Non_fractured\IMG0000231.jpg,images\Non_fractured\IMG0000231.jpg,FracAtlas,PAT_FA_00115,0,0,leg,0,0,2304,2880,1,b0e7fc858b5b1196aee54cc1dd2a514c,train
IMG0000232.jpg,D:\projects\MediMind\ai-prediction-service\test-dataset\Bone Facture\FracAtlas\FracAtlas\images\Non_fractured\IMG0000232.jpg,images\Non_fractured\IMG0000232.jpg,FracAtlas,PAT_FA_00116,0,0,leg,0,0,2304,2880,1,3e9b459b286a091398e831bdb9c8dbc5,train
IMG0000233.jpg,D:\projects\MediMind\ai-prediction-service\test-dataset\Bone Facture\FracAtlas\FracAtlas\images\Non_fractured\IMG0000233.jpg,images\Non_fractured\IMG0000233.jpg,FracAtlas,PAT_FA_00116,0,0,leg,0,0,2304,2880,1,178ff2a5fad1f054563c0f167993f62f,train
IMG0000234.jpg,D:\projects\MediMind\ai-prediction-service\test-dataset\Bone Facture\FracAtlas\FracAtlas\images\Non_fractured\IMG0000234.jpg,images\Non_fractured\IMG0000234.jpg,FracAtlas,PAT_FA_00117,0,0,leg,0,0,2304,2880,1,e3fe411e4d17bc4e87750089f65448c8,train
IMG0000235.jpg,D:\projects\MediMind\ai-prediction-service\test-dataset\Bone Facture\FracAtlas\FracAtlas\images\Non_fractured\IMG0000235.jpg,images\Non_fractured\IMG0000235.jpg,FracAtlas,PAT_FA_00117,0,0,hand,0,0,2880,2304,1,07d5dcd21d5b64497c8cf740a6f04461,train
IMG0000238.jpg,D:\projects\MediMind\ai-prediction-service\test-dataset\Bone Facture\FracAtlas\FracAtlas\images\Non_fractured\IMG0000238.jpg,images\Non_fractured\IMG0000238.jpg,FracAtlas,PAT_FA_00119,0,0,leg,0,0,2304,2880,1,cb19a27daabb6427502b027888dd44dd,train
IMG0000239.jpg,D:\projects\MediMind\ai-prediction-service\test-dataset\Bone Facture\FracAtlas\FracAtlas\images\Non_fractured\IMG0000239.jpg,images\Non_fractured\IMG0000239.jpg,FracAtlas,PAT_FA_00119,0,0,leg,0,0,2304,2880,1,a0527129561b48d2ed593ddfdcea5e94,train
IMG0000240.jpg,D:\projects\MediMind\ai-prediction-service\test-dataset\Bone Facture\FracAtlas\FracAtlas\images\Non_fractured\IMG0000240.jpg,images\Non_fractured\IMG0000240.jpg,FracAtlas,PAT_FA_00120,0,0,leg,0,0,2304,2880,1,8e91d3cc2f4dcc0d9198c26399bb0210,train
IMG0000241.jpg,D:\projects\MediMind\ai-prediction-service\test-dataset\Bone Facture\FracAtlas\FracAtlas\images\Non_fractured\IMG0000241.jpg,images\Non_fractured\IMG0000241.jpg,FracAtlas,PAT_FA_00120,0,0,leg,0,0,2304,2880,1,b79cc156f619efcee68cd772d992a782,train
IMG0000242.jpg,D:\projects\MediMind\ai-prediction-service\test-dataset\Bone Facture\FracAtlas\FracAtlas\images\Non_fractured\IMG0000242.jpg,images\Non_fractured\IMG0000242.jpg,FracAtlas,PAT_FA_00121,0,0,leg,0,1,2304,2880,1,919e6243551ca77e7e7952ee2d8dec88,train
IMG0000243.jpg,D:\projects\MediMind\ai-prediction-service\test-dataset\Bone Facture\FracAtlas\FracAtlas\images\Non_fractured\IMG0000243.jpg,images\Non_fractured\IMG0000243.jpg,FracAtlas,PAT_FA_00121,0,0,leg,0,0,2304,2880,1,e4d37c6b92a31f3573a7df39599bc0fb,train
IMG0000244.jpg,D:\projects\MediMind\ai-prediction-service\test-dataset\Bone Facture\FracAtlas\FracAtlas\images\Non_fractured\IMG0000244.jpg,images\Non_fractured\IMG0000244.jpg,FracAtlas,PAT_FA_00122,0,0,leg,0,0,2304,2880,1,af17ce4ec3c2581215e31ea3776bced5,train
IMG0000245.jpg,D:\projects\MediMind\ai-prediction-service\test-dataset\Bone Facture\FracAtlas\FracAtlas\images\Non_fractured\IMG0000245.jpg,images\Non_fractured\IMG0000245.jpg,FracAtlas,PAT_FA_00122,0,0,leg,0,0,2304,2880,1,ef1bca38888100551566f469c5a729d4,train
IMG0000246.jpg,D:\projects\MediMind\ai-prediction-service\test-dataset\Bone Facture\FracAtlas\FracAtlas\images\Non_fractured\IMG0000246.jpg,images\Non_fractured\IMG0000246.jpg,FracAtlas,PAT_FA_00123,0,0,leg,0,0,2304,2880,1,461b76553e996b64dcf4348fa36b163d,train
IMG0000247.jpg,D:\projects\MediMind\ai-prediction-service\test-dataset\Bone Facture\FracAtlas\FracAtlas\images\Non_fractured\IMG0000247.jpg,images\Non_fractured\IMG0000247.jpg,FracAtlas,PAT_FA_00123,0,0,leg,0,0,2304,2880,1,52ba1e3958ea16775cf74420e2f1fa74,train
IMG0000248.jpg,D:\projects\MediMind\ai-prediction-service\test-dataset\Bone Facture\FracAtlas\FracAtlas\images\Non_fractured\IMG0000248.jpg,images\Non_fractured\IMG0000248.jpg,FracAtlas,PAT_FA_00124,0,0,leg,0,0,2304,2880,1,7c4e64d47e265220497299d270b1efe3,train
IMG0000249.jpg,D:\projects\MediMind\ai-prediction-service\test-dataset\Bone Facture\FracAtlas\FracAtlas\images\Non_fractured\IMG0000249.jpg,images\Non_fractured\IMG0000249.jpg,FracAtlas,PAT_FA_00124,0,0,leg,0,0,2304,2880,1,73a435b74632d53ea77b248e7ee0e321,train
IMG0000250.jpg,D:\projects\MediMind\ai-prediction-service\test-dataset\Bone Facture\FracAtlas\FracAtlas\images\Non_fractured\IMG0000250.jpg,images\Non_fractured\IMG0000250.jpg,FracAtlas,PAT_FA_00125,0,0,leg,0,0,2304,2880,1,cb9dd8b4ce3a4adf174122ceb0ccdd52,train
IMG0000251.jpg,D:\projects\MediMind\ai-prediction-service\test-dataset\Bone Facture\FracAtlas\FracAtlas\images\Non_fractured\IMG0000251.jpg,images\Non_fractured\IMG0000251.jpg,FracAtlas,PAT_FA_00125,0,0,leg,0,0,2304,2880,1,81dba07908efe49b47f2c312c05c04d3,train
IMG0000252.jpg,D:\projects\MediMind\ai-prediction-service\test-dataset\Bone Facture\FracAtlas\FracAtlas\images\Non_fractured\IMG0000252.jpg,images\Non_fractured\IMG0000252.jpg,FracAtlas,PAT_FA_00126,0,0,hand,0,0,2304,2880,1,d1cf6fd5f8bfe53672bbdbfd1dbbc188,train
IMG0000253.jpg,D:\projects\MediMind\ai-prediction-service\test-dataset\Bone Facture\FracAtlas\FracAtlas\images\Non_fractured\IMG0000253.jpg,images\Non_fractured\IMG0000253.jpg,FracAtlas,PAT_FA_00126,0,0,hand,0,0,2304,2880,1,552610910d0490f11b54b63ce210f8b9,train
IMG0000256.jpg,D:\projects\MediMind\ai-prediction-service\test-dataset\Bone Facture\FracAtlas\FracAtlas\images\Non_fractured\IMG0000256.jpg,images\Non_fractured\IMG0000256.jpg,FracAtlas,PAT_FA_00128,0,0,leg,0,0,2304,2880,1,14f8478cfe7eec8a15719e6ada319a0c,train
IMG0000257.jpg,D:\projects\MediMind\ai-prediction-service\test-dataset\Bone Facture\FracAtlas\FracAtlas\images\Non_fractured\IMG0000257.jpg,images\Non_fractured\IMG0000257.jpg,FracAtlas,PAT_FA_00128,0,0,leg,0,0,2304,2880,1,6749d0cf404c976d9a68430b08fb4926,train
IMG0000258.jpg,D:\projects\MediMind\ai-prediction-service\test-dataset\Bone Facture\FracAtlas\FracAtlas\images\Non_fractured\IMG0000258.jpg,images\Non_fractured\IMG0000258.jpg,FracAtlas,PAT_FA_00129,0,0,leg,0,0,2304,2880,1,6c39560643ec83a98b6f96992e30500a,train
IMG0000259.jpg,D:\projects\MediMind\ai-prediction-service\test-dataset\Bone Facture\FracAtlas\FracAtlas\images\Non_fractured\IMG0000259.jpg,images\Non_fractured\IMG0000259.jpg,FracAtlas,PAT_FA_00129,0,0,leg,0,1,1760,2140,3,0137f980ecdb020ea053f72f91efb93e,train
IMG0000260.jpg,D:\projects\MediMind\ai-prediction-service\test-dataset\Bone Facture\FracAtlas\FracAtlas\images\Non_fractured\IMG0000260.jpg,images\Non_fractured\IMG0000260.jpg,FracAtlas,PAT_FA_00130,0,0,hand,0,1,1760,2140,3,7bcde71c2384261e390303c0d944d177,train
IMG0000261.jpg,D:\projects\MediMind\ai-prediction-service\test-dataset\Bone Facture\FracAtlas\FracAtlas\images\Fractured\IMG0000261.jpg,images\Fractured\IMG0000261.jpg,FracAtlas,PAT_FA_00130,1,1,hand,0,1,1760,2140,3,400b445c9bcc8330fbba4c3c706d0509,train
IMG0000263.jpg,D:\projects\MediMind\ai-prediction-service\test-dataset\Bone Facture\FracAtlas\FracAtlas\images\Non_fractured\IMG0000263.jpg,images\Non_fractured\IMG0000263.jpg,FracAtlas,PAT_FA_00131,0,0,hand,0,0,373,454,3,5d61096050ec92fe7f53e5e0830b76a5,train
IMG0000266.jpg,D:\projects\MediMind\ai-prediction-service\test-dataset\Bone Facture\FracAtlas\FracAtlas\images\Non_fractured\IMG0000266.jpg,images\Non_fractured\IMG0000266.jpg,FracAtlas,PAT_FA_00133,0,0,leg,0,1,454,373,3,3ba0c05a1c8ecac9387d1dcb80e5d983,train
IMG0000267.jpg,D:\projects\MediMind\ai-prediction-service\test-dataset\Bone Facture\FracAtlas\FracAtlas\images\Non_fractured\IMG0000267.jpg,images\Non_fractured\IMG0000267.jpg,FracAtlas,PAT_FA_00133,0,0,leg,0,1,454,373,3,beebd8950ab9df14f375e53eba8ee180,train
IMG0000268.jpg,D:\projects\MediMind\ai-prediction-service\test-dataset\Bone Facture\FracAtlas\FracAtlas\images\Non_fractured\IMG0000268.jpg,images\Non_fractured\IMG0000268.jpg,FracAtlas,PAT_FA_00134,0,0,leg,0,1,454,373,3,dcc84b3541a83c1293bf64416eb6d259,train
IMG0000269.jpg,D:\projects\MediMind\ai-prediction-service\test-dataset\Bone Facture\FracAtlas\FracAtlas\images\Non_fractured\IMG0000269.jpg,images\Non_fractured\IMG0000269.jpg,FracAtlas,PAT_FA_00134,0,0,leg,0,1,373,454,3,1e9d1e28d8c1e21de5fd3791d7c0d471,train
IMG0000272.jpg,D:\projects\MediMind\ai-prediction-service\test-dataset\Bone Facture\FracAtlas\FracAtlas\images\Non_fractured\IMG0000272.jpg,images\Non_fractured\IMG0000272.jpg,FracAtlas,PAT_FA_00136,0,0,hand,0,1,373,454,3,2d95e6cfe4e65251f7596698ac16342b,train
IMG0000273.jpg,D:\projects\MediMind\ai-prediction-service\test-dataset\Bone Facture\FracAtlas\FracAtlas\images\Non_fractured\IMG0000273.jpg,images\Non_fractured\IMG0000273.jpg,FracAtlas,PAT_FA_00136,0,0,hand,0,1,373,454,3,f3dd3f1aebcacb62edef22a9e305b3a5,train
IMG0000278.jpg,D:\projects\MediMind\ai-prediction-service\test-dataset\Bone Facture\FracAtlas\FracAtlas\images\Non_fractured\IMG0000278.jpg,images\Non_fractured\IMG0000278.jpg,FracAtlas,PAT_FA_00139,0,0,leg,0,1,454,373,3,8b090d59890d30354b83493766a70acb,train
IMG0000279.jpg,D:\projects\MediMind\ai-prediction-service\test-dataset\Bone Facture\FracAtlas\FracAtlas\images\Non_fractured\IMG0000279.jpg,images\Non_fractured\IMG0000279.jpg,FracAtlas,PAT_FA_00139,0,0,leg,0,1,373,454,3,40ea5375187df96b434e252e05d256b0,train
IMG0000280.jpg,D:\projects\MediMind\ai-prediction-service\test-dataset\Bone Facture\FracAtlas\FracAtlas\images\Non_fractured\IMG0000280.jpg,images\Non_fractured\IMG0000280.jpg,FracAtlas,PAT_FA_00140,0,0,leg,0,1,373,454,3,ae6b5ded214c9937277b9d8ab21a7f5c,train
IMG0000281.jpg,D:\projects\MediMind\ai-prediction-service\test-dataset\Bone Facture\FracAtlas\FracAtlas\images\Non_fractured\IMG0000281.jpg,images\Non_fractured\IMG0000281.jpg,FracAtlas,PAT_FA_00140,0,0,leg,0,1,454,373,3,9bbb316aa0507e42e7a0bf290c77c9a3,train
IMG0000282.jpg,D:\projects\MediMind\ai-prediction-service\test-dataset\Bone Facture\FracAtlas\FracAtlas\images\Non_fractured\IMG0000282.jpg,images\Non_fractured\IMG0000282.jpg,FracAtlas,PAT_FA_00141,0,0,hand,0,1,454,373,3,1c43feabebcc7d3492e09f7312336afc,train
IMG0000283.jpg,D:\projects\MediMind\ai-prediction-service\test-dataset\Bone Facture\FracAtlas\FracAtlas\images\Non_fractured\IMG0000283.jpg,images\Non_fractured\IMG0000283.jpg,FracAtlas,PAT_FA_00141,0,0,leg,0,1,373,454,3,98aa83c049d62e62f5c2cdd1b8e996ed,train
IMG0000284.jpg,D:\projects\MediMind\ai-prediction-service\test-dataset\Bone Facture\FracAtlas\FracAtlas\images\Fractured\IMG0000284.jpg,images\Fractured\IMG0000284.jpg,FracAtlas,PAT_FA_00142,1,1,hand,0,1,454,373,3,fd7451928f1a67d5719e4da7bf71a480,train
IMG0000285.jpg,D:\projects\MediMind\ai-prediction-service\test-dataset\Bone Facture\FracAtlas\FracAtlas\images\Non_fractured\IMG0000285.jpg,images\Non_fractured\IMG0000285.jpg,FracAtlas,PAT_FA_00142,0,0,leg,0,1,454,373,3,310cacff030bf6e5ba2d23c79ef24914,train
IMG0000286.jpg,D:\projects\MediMind\ai-prediction-service\test-dataset\Bone Facture\FracAtlas\FracAtlas\images\Non_fractured\IMG0000286.jpg,images\Non_fractured\IMG0000286.jpg,FracAtlas,PAT_FA_00143,0,0,leg,0,1,454,373,3,1cbc8cc156bd6746c8c5869629b4e093,train
IMG0000287.jpg,D:\projects\MediMind\ai-prediction-service\test-dataset\Bone Facture\FracAtlas\FracAtlas\images\Non_fractured\IMG0000287.jpg,images\Non_fractured\IMG0000287.jpg,FracAtlas,PAT_FA_00143,0,0,leg,0,1,454,373,3,a89fb45e3643bb24d1c1dc86891b8ac4,train
IMG0000290.jpg,D:\projects\MediMind\ai-prediction-service\test-dataset\Bone Facture\FracAtlas\FracAtlas\images\Non_fractured\IMG0000290.jpg,images\Non_fractured\IMG0000290.jpg,FracAtlas,PAT_FA_00145,0,0,leg,0,0,373,454,1,bb3a886e90941ebb03007a4c2d623ab2,train
IMG0000291.jpg,D:\projects\MediMind\ai-prediction-service\test-dataset\Bone Facture\FracAtlas\FracAtlas\images\Non_fractured\IMG0000291.jpg,images\Non_fractured\IMG0000291.jpg,FracAtlas,PAT_FA_00145,0,0,leg,0,1,454,373,3,739362f5a11e16c77a86e459412b0481,train
IMG0000292.jpg,D:\projects\MediMind\ai-prediction-service\test-dataset\Bone Facture\FracAtlas\FracAtlas\images\Non_fractured\IMG0000292.jpg,images\Non_fractured\IMG0000292.jpg,FracAtlas,PAT_FA_00146,0,0,leg,0,1,454,373,3,fc73770e722862ff692fc5f0429d7b2b,train
IMG0000293.jpg,D:\projects\MediMind\ai-prediction-service\test-dataset\Bone Facture\FracAtlas\FracAtlas\images\Non_fractured\IMG0000293.jpg,images\Non_fractured\IMG0000293.jpg,FracAtlas,PAT_FA_00146,0,0,leg,0,1,454,373,3,b8c2b84f4ba09ae68c08ef3d3d631c14,train
IMG0000296.jpg,D:\projects\MediMind\ai-prediction-service\test-dataset\Bone Facture\FracAtlas\FracAtlas\images\Non_fractured\IMG0000296.jpg,images\Non_fractured\IMG0000296.jpg,FracAtlas,PAT_FA_00148,0,0,leg,0,1,454,373,3,aa9d9e0c95228fcf4a351c4b60b6711d,train
IMG0000297.jpg,D:\projects\MediMind\ai-prediction-service\test-dataset\Bone Facture\FracAtlas\FracAtlas\images\Non_fractured\IMG0000297.jpg,images\Non_fractured\IMG0000297.jpg,FracAtlas,PAT_FA_00148,0,0,leg,0,1,454,373,3,f45e00a96eb1566650e671c26bb950da,train
IMG0000298.jpg,D:\projects\MediMind\ai-prediction-service\test-dataset\Bone Facture\FracAtlas\FracAtlas\images\Non_fractured\IMG0000298.jpg,images\Non_fractured\IMG0000298.jpg,FracAtlas,PAT_FA_00149,0,0,hip,0,0,373,454,3,88304d2d2f7e4d6ad37c86b3e4115c27,train
IMG0000299.jpg,D:\projects\MediMind\ai-prediction-service\test-dataset\Bone Facture\FracAtlas\FracAtlas\images\Non_fractured\IMG0000299.jpg,images\Non_fractured\IMG0000299.jpg,FracAtlas,PAT_FA_00149,0,0,leg,0,1,373,454,3,c5f74332b5728ae594b3acdb47982c7a,train
IMG0000300.jpg,D:\projects\MediMind\ai-prediction-service\test-dataset\Bone Facture\FracAtlas\FracAtlas\images\Non_fractured\IMG0000300.jpg,images\Non_fractured\IMG0000300.jpg,FracAtlas,PAT_FA_00150,0,0,leg,0,1,373,454,3,b3d29a2551ae6f5a5bf91a1acca35381,train
IMG0000301.jpg,D:\projects\MediMind\ai-prediction-service\test-dataset\Bone Facture\FracAtlas\FracAtlas\images\Non_fractured\IMG0000301.jpg,images\Non_fractured\IMG0000301.jpg,FracAtlas,PAT_FA_00150,0,0,hand,0,1,373,454,3,03037e6c7c3938d957873bb0e4cafd27,train
IMG0000304.jpg,D:\projects\MediMind\ai-prediction-service\test-dataset\Bone Facture\FracAtlas\FracAtlas\images\Non_fractured\IMG0000304.jpg,images\Non_fractured\IMG0000304.jpg,FracAtlas,PAT_FA_00152,0,0,leg,0,1,373,454,3,2aa4c69fb52041c0a89a0c36258c6dd8,train
IMG0000305.jpg,D:\projects\MediMind\ai-prediction-service\test-dataset\Bone Facture\FracAtlas\FracAtlas\images\Non_fractured\IMG0000305.jpg,images\Non_fractured\IMG0000305.jpg,FracAtlas,PAT_FA_00152,0,0,leg,0,1,373,454,3,2cfaa48e0e255373d5a79246056a921a,train
IMG0000306.jpg,D:\projects\MediMind\ai-prediction-service\test-dataset\Bone Facture\FracAtlas\FracAtlas\images\Non_fractured\IMG0000306.jpg,images\Non_fractured\IMG0000306.jpg,FracAtlas,PAT_FA_00153,0,0,leg,0,1,373,454,3,6d44658ac29eaa06cc675e408a505d2a,train
IMG0000307.jpg,D:\projects\MediMind\ai-prediction-service\test-dataset\Bone Facture\FracAtlas\FracAtlas\images\Fractured\IMG0000307.jpg,images\Fractured\IMG0000307.jpg,FracAtlas,PAT_FA_00153,1,1,hand,0,1,373,454,3,6dfe8ce9641542adbbb00b65b822ce76,train
IMG0000308.jpg,D:\projects\MediMind\ai-prediction-service\test-dataset\Bone Facture\FracAtlas\FracAtlas\images\Non_fractured\IMG0000308.jpg,images\Non_fractured\IMG0000308.jpg,FracAtlas,PAT_FA_00154,0,0,leg,0,1,373,454,1,a9132a7bf4b130e6070d5fa878a5a754,train
IMG0000309.jpg,D:\projects\MediMind\ai-prediction-service\test-dataset\Bone Facture\FracAtlas\FracAtlas\images\Non_fractured\IMG0000309.jpg,images\Non_fractured\IMG0000309.jpg,FracAtlas,PAT_FA_00154,0,0,leg,0,1,373,454,3,7cb85765fc031d62565e052710310b95,train
IMG0000310.jpg,D:\projects\MediMind\ai-prediction-service\test-dataset\Bone Facture\FracAtlas\FracAtlas\images\Non_fractured\IMG0000310.jpg,images\Non_fractured\IMG0000310.jpg,FracAtlas,PAT_FA_00155,0,0,leg,0,1,373,454,3,f00051e7ce947d23bae5ebaba21a6d00,train
IMG0000311.jpg,D:\projects\MediMind\ai-prediction-service\test-dataset\Bone Facture\FracAtlas\FracAtlas\images\Non_fractured\IMG0000311.jpg,images\Non_fractured\IMG0000311.jpg,FracAtlas,PAT_FA_00155,0,0,leg,0,1,373,454,3,b78e6db721efc75c1ea41d34c1c23458,train
IMG0000312.jpg,D:\projects\MediMind\ai-prediction-service\test-dataset\Bone Facture\FracAtlas\FracAtlas\images\Non_fractured\IMG0000312.jpg,images\Non_fractured\IMG0000312.jpg,FracAtlas,PAT_FA_00156,0,0,leg,0,1,373,454,3,7dd367ae49bc90863631e049f2965aef,train
IMG0000313.jpg,D:\projects\MediMind\ai-prediction-service\test-dataset\Bone Facture\FracAtlas\FracAtlas\images\Non_fractured\IMG0000313.jpg,images\Non_fractured\IMG0000313.jpg,FracAtlas,PAT_FA_00156,0,0,leg,0,0,373,454,3,1d28385f0685a7e6e0930921de3149f9,train
IMG0000314.jpg,D:\projects\MediMind\ai-prediction-service\test-dataset\Bone Facture\FracAtlas\FracAtlas\images\Non_fractured\IMG0000314.jpg,images\Non_fractured\IMG0000314.jpg,FracAtlas,PAT_FA_00157,0,0,leg,0,0,373,454,3,340473a48ea47d45f4cfd1525d4f5d0e,train
IMG0000315.jpg,D:\projects\MediMind\ai-prediction-service\test-dataset\Bone Facture\FracAtlas\FracAtlas\images\Non_fractured\IMG0000315.jpg,images\Non_fractured\IMG0000315.jpg,FracAtlas,PAT_FA_00157,0,0,hip,0,0,373,454,1,4e9c2984f26e216ac7e040584f626195,train
IMG0000316.jpg,D:\projects\MediMind\ai-prediction-service\test-dataset\Bone Facture\FracAtlas\FracAtlas\images\Non_fractured\IMG0000316.jpg,images\Non_fractured\IMG0000316.jpg,FracAtlas,PAT_FA_00158,0,0,hip,0,0,454,373,3,67ade997866d472e647ae4834bc2cbb0,train
IMG0000317.jpg,D:\projects\MediMind\ai-prediction-service\test-dataset\Bone Facture\FracAtlas\FracAtlas\images\Non_fractured\IMG0000317.jpg,images\Non_fractured\IMG0000317.jpg,FracAtlas,PAT_FA_00158,0,0,leg,0,0,373,454,3,adb2e0604a93e2e273d65bd579282501,train
IMG0000318.jpg,D:\projects\MediMind\ai-prediction-service\test-dataset\Bone Facture\FracAtlas\FracAtlas\images\Non_fractured\IMG0000318.jpg,images\Non_fractured\IMG0000318.jpg,FracAtlas,PAT_FA_00159,0,0,leg,0,0,373,454,3,3d074bef80c432095480d9487b981253,train
IMG0000319.jpg,D:\projects\MediMind\ai-prediction-service\test-dataset\Bone Facture\FracAtlas\FracAtlas\images\Fractured\IMG0000319.jpg,images\Fractured\IMG0000319.jpg,FracAtlas,PAT_FA_00159,1,1,hand,0,0,454,373,3,5ec1ca8097a3f621355b9b73a6d1f75a,train
IMG0000320.jpg,D:\projects\MediMind\ai-prediction-service\test-dataset\Bone Facture\FracAtlas\FracAtlas\images\Non_fractured\IMG0000320.jpg,images\Non_fractured\IMG0000320.jpg,FracAtlas,PAT_FA_00160,0,0,hand,0,0,454,373,3,081944015fdd6f383daab106b1db2655,train
IMG0000321.jpg,D:\projects\MediMind\ai-prediction-service\test-dataset\Bone Facture\FracAtlas\FracAtlas\images\Non_fractured\IMG0000321.jpg,images\Non_fractured\IMG0000321.jpg,FracAtlas,PAT_FA_00160,0,0,leg,0,0,454,373,3,ce256a187ec83cc77263932f676f43d9,train
IMG0000322.jpg,D:\projects\MediMind\ai-prediction-service\test-dataset\Bone Facture\FracAtlas\FracAtlas\images\Non_fractured\IMG0000322.jpg,images\Non_fractured\IMG0000322.jpg,FracAtlas,PAT_FA_00161,0,0,leg,0,0,454,373,3,6c148a75b9fc8a65afa45569716255bb,train
IMG0000323.jpg,D:\projects\MediMind\ai-prediction-service\test-dataset\Bone Facture\FracAtlas\FracAtlas\images\Non_fractured\IMG0000323.jpg,images\Non_fractured\IMG0000323.jpg,FracAtlas,PAT_FA_00161,0,0,hip,0,0,454,373,3,faddd30cf9d3d2b0d77444a30a3fc485,train
IMG0000326.jpg,D:\projects\MediMind\ai-prediction-service\test-dataset\Bone Facture\FracAtlas\FracAtlas\images\Non_fractured\IMG0000326.jpg,images\Non_fractured\IMG0000326.jpg,FracAtlas,PAT_FA_00163,0,0,leg,0,0,373,454,3,e5a0f43a28bea73f56bef31ac804dab3,train
IMG0000327.jpg,D:\projects\MediMind\ai-prediction-service\test-dataset\Bone Facture\FracAtlas\FracAtlas\images\Non_fractured\IMG0000327.jpg,images\Non_fractured\IMG0000327.jpg,FracAtlas,PAT_FA_00163,0,0,leg,0,1,454,373,3,99338fbd019065a57c99539f75e0e949,train
IMG0000328.jpg,D:\projects\MediMind\ai-prediction-service\test-dataset\Bone Facture\FracAtlas\FracAtlas\images\Non_fractured\IMG0000328.jpg,images\Non_fractured\IMG0000328.jpg,FracAtlas,PAT_FA_00164,0,0,hip,0,0,454,373,1,2f06805f48795d1b7476a2c2c45b5f16,train
IMG0000329.jpg,D:\projects\MediMind\ai-prediction-service\test-dataset\Bone Facture\FracAtlas\FracAtlas\images\Non_fractured\IMG0000329.jpg,images\Non_fractured\IMG0000329.jpg,FracAtlas,PAT_FA_00164,0,0,hip,0,0,373,454,1,089422c61223d313c75884eeb3d30cbe,train
IMG0000332.jpg,D:\projects\MediMind\ai-prediction-service\test-dataset\Bone Facture\FracAtlas\FracAtlas\images\Non_fractured\IMG0000332.jpg,images\Non_fractured\IMG0000332.jpg,FracAtlas,PAT_FA_00166,0,0,leg,0,0,373,454,3,46b1db96c362e34a72f511fe05a5ecad,train
IMG0000333.jpg,D:\projects\MediMind\ai-prediction-service\test-dataset\Bone Facture\FracAtlas\FracAtlas\images\Non_fractured\IMG0000333.jpg,images\Non_fractured\IMG0000333.jpg,FracAtlas,PAT_FA_00166,0,0,leg,0,1,454,373,3,2081e3334635ad0437750c80591f161a,train
IMG0000334.jpg,D:\projects\MediMind\ai-prediction-service\test-dataset\Bone Facture\FracAtlas\FracAtlas\images\Non_fractured\IMG0000334.jpg,images\Non_fractured\IMG0000334.jpg,FracAtlas,PAT_FA_00167,0,0,leg,0,0,454,373,3,ebf4f9958e9559c58b520753b8d3d854,train
IMG0000335.jpg,D:\projects\MediMind\ai-prediction-service\test-dataset\Bone Facture\FracAtlas\FracAtlas\images\Non_fractured\IMG0000335.jpg,images\Non_fractured\IMG0000335.jpg,FracAtlas,PAT_FA_00167,0,0,leg,0,0,454,373,3,5f10cdd9a86119fc7b290b1916ec4d3c,train
IMG0000348.jpg,D:\projects\MediMind\ai-prediction-service\test-dataset\Bone Facture\FracAtlas\FracAtlas\images\Non_fractured\IMG0000348.jpg,images\Non_fractured\IMG0000348.jpg,FracAtlas,PAT_FA_00174,0,0,hip,0,0,454,373,3,f0212c15d5a5a9856326976d79fb6217,train
IMG0000349.jpg,D:\projects\MediMind\ai-prediction-service\test-dataset\Bone Facture\FracAtlas\FracAtlas\images\Non_fractured\IMG0000349.jpg,images\Non_fractured\IMG0000349.jpg,FracAtlas,PAT_FA_00174,0,0,leg,0,0,373,454,3,f34570954296436d164953e2805947b7,train
IMG0000350.jpg,D:\projects\MediMind\ai-prediction-service\test-dataset\Bone Facture\FracAtlas\FracAtlas\images\Non_fractured\IMG0000350.jpg,images\Non_fractured\IMG0000350.jpg,FracAtlas,PAT_FA_00175,0,0,leg,0,0,454,373,3,8ab1c8bb29ac4dbc82bf153706300274,train
IMG0000351.jpg,D:\projects\MediMind\ai-prediction-service\test-dataset\Bone Facture\FracAtlas\FracAtlas\images\Fractured\IMG0000351.jpg,images\Fractured\IMG0000351.jpg,FracAtlas,PAT_FA_00175,1,1,hand,0,0,454,373,3,20788629b99dd991c83ca0124accd411,train
IMG0000354.jpg,D:\projects\MediMind\ai-prediction-service\test-dataset\Bone Facture\FracAtlas\FracAtlas\images\Non_fractured\IMG0000354.jpg,images\Non_fractured\IMG0000354.jpg,FracAtlas,PAT_FA_00177,0,0,leg,0,0,373,454,3,648d94992f9fe52667738b2926fbeaf5,train
IMG0000355.jpg,D:\projects\MediMind\ai-prediction-service\test-dataset\Bone Facture\FracAtlas\FracAtlas\images\Non_fractured\IMG0000355.jpg,images\Non_fractured\IMG0000355.jpg,FracAtlas,PAT_FA_00177,0,0,leg,0,0,373,454,3,8326fa7d9dba487bf176352e23594bc1,train
IMG0000358.jpg,D:\projects\MediMind\ai-prediction-service\test-dataset\Bone Facture\FracAtlas\FracAtlas\images\Non_fractured\IMG0000358.jpg,images\Non_fractured\IMG0000358.jpg,FracAtlas,PAT_FA_00179,0,0,leg,0,0,373,454,3,c8166ca4df87a8a55ac849af4cc746bc,train
IMG0000359.jpg,D:\projects\MediMind\ai-prediction-service\test-dataset\Bone Facture\FracAtlas\FracAtlas\images\Non_fractured\IMG0000359.jpg,images\Non_fractured\IMG0000359.jpg,FracAtlas,PAT_FA_00179,0,0,hand,0,0,454,373,3,342128312645b257004056a240dc8358,train
IMG0000366.jpg,D:\projects\MediMind\ai-prediction-service\test-dataset\Bone Facture\FracAtlas\FracAtlas\images\Non_fractured\IMG0000366.jpg,images\Non_fractured\IMG0000366.jpg,FracAtlas,PAT_FA_00183,0,0,hip,0,0,454,373,3,5dc18703904e28a1aab9bbd29314ce08,train
IMG0000367.jpg,D:\projects\MediMind\ai-prediction-service\test-dataset\Bone Facture\FracAtlas\FracAtlas\images\Non_fractured\IMG0000367.jpg,images\Non_fractured\IMG0000367.jpg,FracAtlas,PAT_FA_00183,0,0,hand,0,0,373,454,1,5a8cfb07a2de54e8e53773850e9cb0ba,train
IMG0000368.jpg,D:\projects\MediMind\ai-prediction-service\test-dataset\Bone Facture\FracAtlas\FracAtlas\images\Non_fractured\IMG0000368.jpg,images\Non_fractured\IMG0000368.jpg,FracAtlas,PAT_FA_00184,0,0,hand,0,0,373,454,3,5e6beba3a2c078cd7f4aa73cf1d67e9f,train
IMG0000369.jpg,D:\projects\MediMind\ai-prediction-service\test-dataset\Bone Facture\FracAtlas\FracAtlas\images\Non_fractured\IMG0000369.jpg,images\Non_fractured\IMG0000369.jpg,FracAtlas,PAT_FA_00184,0,0,hand,0,0,373,454,3,c00a204809b893f7fb9b87fcc691034e,train
IMG0000370.jpg,D:\projects\MediMind\ai-prediction-service\test-dataset\Bone Facture\FracAtlas\FracAtlas\images\Non_fractured\IMG0000370.jpg,images\Non_fractured\IMG0000370.jpg,FracAtlas,PAT_FA_00185,0,0,hand,0,0,373,454,3,365805e9378b33b4ab6465a4d4a72aa2,train
IMG0000371.jpg,D:\projects\MediMind\ai-prediction-service\test-dataset\Bone Facture\FracAtlas\FracAtlas\images\Non_fractured\IMG0000371.jpg,images\Non_fractured\IMG0000371.jpg,FracAtlas,PAT_FA_00185,0,0,hand,0,0,373,454,3,747f033db3577c2da73bd1bf55b999fb,train
IMG0000372.jpg,D:\projects\MediMind\ai-prediction-service\test-dataset\Bone Facture\FracAtlas\FracAtlas\images\Non_fractured\IMG0000372.jpg,images\Non_fractured\IMG0000372.jpg,FracAtlas,PAT_FA_00186,0,0,hip,0,0,454,373,3,c634618b35e88b07dc23cfed9f1a2c45,train
IMG0000373.jpg,D:\projects\MediMind\ai-prediction-service\test-dataset\Bone Facture\FracAtlas\FracAtlas\images\Non_fractured\IMG0000373.jpg,images\Non_fractured\IMG0000373.jpg,FracAtlas,PAT_FA_00186,0,0,hand,0,0,454,373,3,8cdaa04d6b1f7eeff1fc8e7f955a47b0,train
IMG0000376.jpg,D:\projects\MediMind\ai-prediction-service\test-dataset\Bone Facture\FracAtlas\FracAtlas\images\Non_fractured\IMG0000376.jpg,images\Non_fractured\IMG0000376.jpg,FracAtlas,PAT_FA_00188,0,0,leg,0,0,373,454,3,13c9692c8c0a1aaa8ef3d33b45bb78d1,train
IMG0000377.jpg,D:\projects\MediMind\ai-prediction-service\test-dataset\Bone Facture\FracAtlas\FracAtlas\images\Non_fractured\IMG0000377.jpg,images\Non_fractured\IMG0000377.jpg,FracAtlas,PAT_FA_00188,0,0,leg,0,0,373,454,3,bdc4866f44f9bbfebe0305b552dce77a,train
IMG0000378.jpg,D:\projects\MediMind\ai-prediction-service\test-dataset\Bone Facture\FracAtlas\FracAtlas\images\Non_fractured\IMG0000378.jpg,images\Non_fractured\IMG0000378.jpg,FracAtlas,PAT_FA_00189,0,0,leg,0,0,373,454,3,5b23e2afc7bbf048835e9234a764af57,train
IMG0000379.jpg,D:\projects\MediMind\ai-prediction-service\test-dataset\Bone Facture\FracAtlas\FracAtlas\images\Non_fractured\IMG0000379.jpg,images\Non_fractured\IMG0000379.jpg,FracAtlas,PAT_FA_00189,0,0,hand,0,0,454,373,3,5b433b73689731fbd7dc171f8ca61d73,train
IMG0000380.jpg,D:\projects\MediMind\ai-prediction-service\test-dataset\Bone Facture\FracAtlas\FracAtlas\images\Non_fractured\IMG0000380.jpg,images\Non_fractured\IMG0000380.jpg,FracAtlas,PAT_FA_00190,0,0,hand,0,0,454,373,3,2ad5e681998e977dc4837810531aa6dc,train
IMG0000381.jpg,D:\projects\MediMind\ai-prediction-service\test-dataset\Bone Facture\FracAtlas\FracAtlas\images\Non_fractured\IMG0000381.jpg,images\Non_fractured\IMG0000381.jpg,FracAtlas,PAT_FA_00190,0,0,hand,0,0,454,373,3,1a441547a3f8b59df84018a212fcd1b0,train
IMG0000382.jpg,D:\projects\MediMind\ai-prediction-service\test-dataset\Bone Facture\FracAtlas\FracAtlas\images\Non_fractured\IMG0000382.jpg,images\Non_fractured\IMG0000382.jpg,FracAtlas,PAT_FA_00191,0,0,hand,0,0,454,373,3,dee4a963634ac4901898adc903697287,train
IMG0000383.jpg,D:\projects\MediMind\ai-prediction-service\test-dataset\Bone Facture\FracAtlas\FracAtlas\images\Non_fractured\IMG0000383.jpg,images\Non_fractured\IMG0000383.jpg,FracAtlas,PAT_FA_00191,0,0,hand,0,0,373,454,1,190561301866391dcdf67a358258784f,train
IMG0000384.jpg,D:\projects\MediMind\ai-prediction-service\test-dataset\Bone Facture\FracAtlas\FracAtlas\images\Non_fractured\IMG0000384.jpg,images\Non_fractured\IMG0000384.jpg,FracAtlas,PAT_FA_00192,0,0,hand,0,0,454,373,3,b1e71b9b4cdebf0b30fd723782b122d6,train
IMG0000385.jpg,D:\projects\MediMind\ai-prediction-service\test-dataset\Bone Facture\FracAtlas\FracAtlas\images\Non_fractured\IMG0000385.jpg,images\Non_fractured\IMG0000385.jpg,FracAtlas,PAT_FA_00192,0,0,hand,0,0,454,373,3,2bdc6b046947125b666148003ab1ad77,train
IMG0000386.jpg,D:\projects\MediMind\ai-prediction-service\test-dataset\Bone Facture\FracAtlas\FracAtlas\images\Non_fractured\IMG0000386.jpg,images\Non_fractured\IMG0000386.jpg,FracAtlas,PAT_FA_00193,0,0,leg,0,0,373,454,3,00649ed12c6084cd7aabdcc4ea7b8be5,train
IMG0000387.jpg,D:\projects\MediMind\ai-prediction-service\test-dataset\Bone Facture\FracAtlas\FracAtlas\images\Non_fractured\IMG0000387.jpg,images\Non_fractured\IMG0000387.jpg,FracAtlas,PAT_FA_00193,0,0,leg,0,0,454,373,3,a3d03b938122502382fc3e63b6fba68b,train
IMG0000388.jpg,D:\projects\MediMind\ai-prediction-service\test-dataset\Bone Facture\FracAtlas\FracAtlas\images\Non_fractured\IMG0000388.jpg,images\Non_fractured\IMG0000388.jpg,FracAtlas,PAT_FA_00194,0,0,hand,0,0,373,454,1,ba0a7153dc535f9a0a98bd9db28396a3,train
IMG0000389.jpg,D:\projects\MediMind\ai-prediction-service\test-dataset\Bone Facture\FracAtlas\FracAtlas\images\Non_fractured\IMG0000389.jpg,images\Non_fractured\IMG0000389.jpg,FracAtlas,PAT_FA_00194,0,0,leg,0,0,373,454,3,d4fad9b220b1d3f12b3c1f683657377e,train
IMG0000390.jpg,D:\projects\MediMind\ai-prediction-service\test-dataset\Bone Facture\FracAtlas\FracAtlas\images\Non_fractured\IMG0000390.jpg,images\Non_fractured\IMG0000390.jpg,FracAtlas,PAT_FA_00195,0,0,leg,0,0,373,454,3,99b6a2dcec85efdc86dd2b42d2dcb9fd,train
IMG0000391.jpg,D:\projects\MediMind\ai-prediction-service\test-dataset\Bone Facture\FracAtlas\FracAtlas\images\Non_fractured\IMG0000391.jpg,images\Non_fractured\IMG0000391.jpg,FracAtlas,PAT_FA_00195,0,0,leg,0,0,373,454,3,8820f7a41a59a9bd4ee364a2f0a2b7b8,train
IMG0000392.jpg,D:\projects\MediMind\ai-prediction-service\test-dataset\Bone Facture\FracAtlas\FracAtlas\images\Non_fractured\IMG0000392.jpg,images\Non_fractured\IMG0000392.jpg,FracAtlas,PAT_FA_00196,0,0,leg,0,0,454,373,3,15c153cf7c119d3f18ccc61199e8c98e,train
IMG0000393.jpg,D:\projects\MediMind\ai-prediction-service\test-dataset\Bone Facture\FracAtlas\FracAtlas\images\Non_fractured\IMG0000393.jpg,images\Non_fractured\IMG0000393.jpg,FracAtlas,PAT_FA_00196,0,0,leg,0,1,373,454,3,63e2de6c8d1430267e04f2c067440452,train
IMG0000394.jpg,D:\projects\MediMind\ai-prediction-service\test-dataset\Bone Facture\FracAtlas\FracAtlas\images\Non_fractured\IMG0000394.jpg,images\Non_fractured\IMG0000394.jpg,FracAtlas,PAT_FA_00197,0,0,leg,0,1,454,373,3,df3a442058c11c985399fd35b3dd28de,train
IMG0000395.jpg,D:\projects\MediMind\ai-prediction-service\test-dataset\Bone Facture\FracAtlas\FracAtlas\images\Non_fractured\IMG0000395.jpg,images\Non_fractured\IMG0000395.jpg,FracAtlas,PAT_FA_00197,0,0,leg,0,0,454,373,3,b447e2ac4d49b3eeb3b318397fecf31f,train
IMG0000396.jpg,D:\projects\MediMind\ai-prediction-service\test-dataset\Bone Facture\FracAtlas\FracAtlas\images\Non_fractured\IMG0000396.jpg,images\Non_fractured\IMG0000396.jpg,FracAtlas,PAT_FA_00198,0,0,leg,0,1,454,373,3,0addcb4e41e3034c710e8f6345beb2f9,train
IMG0000397.jpg,D:\projects\MediMind\ai-prediction-service\test-dataset\Bone Facture\FracAtlas\FracAtlas\images\Non_fractured\IMG0000397.jpg,images\Non_fractured\IMG0000397.jpg,FracAtlas,PAT_FA_00198,0,0,leg,0,1,373,454,3,8eb25b501c8b0f5f7146e152b849cdaf,train
IMG0000398.jpg,D:\projects\MediMind\ai-prediction-service\test-dataset\Bone Facture\FracAtlas\FracAtlas\images\Non_fractured\IMG0000398.jpg,images\Non_fractured\IMG0000398.jpg,FracAtlas,PAT_FA_00199,0,0,leg,0,1,454,373,3,dff41413b069ce7b0f7d03232073bd70,train
IMG0000399.jpg,D:\projects\MediMind\ai-prediction-service\test-dataset\Bone Facture\FracAtlas\FracAtlas\images\Non_fractured\IMG0000399.jpg,images\Non_fractured\IMG0000399.jpg,FracAtlas,PAT_FA_00199,0,0,hip,0,0,454,373,3,29a77b773398203a737f67abd8724e57,train
IMG0000400.jpg,D:\projects\MediMind\ai-prediction-service\test-dataset\Bone Facture\FracAtlas\FracAtlas\images\Non_fractured\IMG0000400.jpg,images\Non_fractured\IMG0000400.jpg,FracAtlas,PAT_FA_00200,0,0,leg,0,0,373,454,1,ba7617aef4294c38418f38de374cc01c,train
IMG0000401.jpg,D:\projects\MediMind\ai-prediction-service\test-dataset\Bone Facture\FracAtlas\FracAtlas\images\Non_fractured\IMG0000401.jpg,images\Non_fractured\IMG0000401.jpg,FracAtlas,PAT_FA_00200,0,0,leg,0,0,373,454,1,1fda719f4f97de0d8fdc2ba7c87c4ac2,train
IMG0000404.jpg,D:\projects\MediMind\ai-prediction-service\test-dataset\Bone Facture\FracAtlas\FracAtlas\images\Non_fractured\IMG0000404.jpg,images\Non_fractured\IMG0000404.jpg,FracAtlas,PAT_FA_00202,0,0,leg,0,0,373,454,3,253dda828c007cd930f4335e46425ad2,train
IMG0000405.jpg,D:\projects\MediMind\ai-prediction-service\test-dataset\Bone Facture\FracAtlas\FracAtlas\images\Non_fractured\IMG0000405.jpg,images\Non_fractured\IMG0000405.jpg,FracAtlas,PAT_FA_00202,0,0,leg,0,0,454,373,3,160064bb672c7d1fbe627a44893d2b2b,train
IMG0000406.jpg,D:\projects\MediMind\ai-prediction-service\test-dataset\Bone Facture\FracAtlas\FracAtlas\images\Non_fractured\IMG0000406.jpg,images\Non_fractured\IMG0000406.jpg,FracAtlas,PAT_FA_00203,0,0,hand,0,0,454,373,3,57786970f456396a399fdac19187fa70,train
IMG0000407.jpg,D:\projects\MediMind\ai-prediction-service\test-dataset\Bone Facture\FracAtlas\FracAtlas\images\Non_fractured\IMG0000407.jpg,images\Non_fractured\IMG0000407.jpg,FracAtlas,PAT_FA_00203,0,0,hand,0,0,454,373,1,f1380ffcbd0a95bd96503d12e1225b1c,train
IMG0000408.jpg,D:\projects\MediMind\ai-prediction-service\test-dataset\Bone Facture\FracAtlas\FracAtlas\images\Non_fractured\IMG0000408.jpg,images\Non_fractured\IMG0000408.jpg,FracAtlas,PAT_FA_00204,0,0,hand,0,0,454,373,3,d07e946bcac2536d9562cfc2a244b70b,train
IMG0000409.jpg,D:\projects\MediMind\ai-prediction-service\test-dataset\Bone Facture\FracAtlas\FracAtlas\images\Non_fractured\IMG0000409.jpg,images\Non_fractured\IMG0000409.jpg,FracAtlas,PAT_FA_00204,0,0,leg,0,1,454,373,3,3cf4f1333e9e91ea897b991a8a7de74e,train
IMG0000410.jpg,D:\projects\MediMind\ai-prediction-service\test-dataset\Bone Facture\FracAtlas\FracAtlas\images\Non_fractured\IMG0000410.jpg,images\Non_fractured\IMG0000410.jpg,FracAtlas,PAT_FA_00205,0,0,leg,0,0,454,373,3,01c3e555791cda62b1ab35dcfb5ecded,train
IMG0000411.jpg,D:\projects\MediMind\ai-prediction-service\test-dataset\Bone Facture\FracAtlas\FracAtlas\images\Non_fractured\IMG0000411.jpg,images\Non_fractured\IMG0000411.jpg,FracAtlas,PAT_FA_00205,0,0,leg,0,1,373,454,3,eac06e71cb0ac32e252b7beae9c718df,train
IMG0000412.jpg,D:\projects\MediMind\ai-prediction-service\test-dataset\Bone Facture\FracAtlas\FracAtlas\images\Non_fractured\IMG0000412.jpg,images\Non_fractured\IMG0000412.jpg,FracAtlas,PAT_FA_00206,0,0,leg,0,0,454,373,3,5ac6b8a7411c13ec5866b1ac62fc9843,train
IMG0000413.jpg,D:\projects\MediMind\ai-prediction-service\test-dataset\Bone Facture\FracAtlas\FracAtlas\images\Non_fractured\IMG0000413.jpg,images\Non_fractured\IMG0000413.jpg,FracAtlas,PAT_FA_00206,0,0,leg,0,1,454,373,3,a1b1333a6813f8f77fbaf9ffe66504dd,train
IMG0000418.jpg,D:\projects\MediMind\ai-prediction-service\test-dataset\Bone Facture\FracAtlas\FracAtlas\images\Non_fractured\IMG0000418.jpg,images\Non_fractured\IMG0000418.jpg,FracAtlas,PAT_FA_00209,0,0,leg,0,0,373,454,3,bf94b26cd53f07a1cbfa48da10f82666,train
IMG0000419.jpg,D:\projects\MediMind\ai-prediction-service\test-dataset\Bone Facture\FracAtlas\FracAtlas\images\Non_fractured\IMG0000419.jpg,images\Non_fractured\IMG0000419.jpg,FracAtlas,PAT_FA_00209,0,0,leg,0,0,454,373,3,db12c6bcc2be5b0d64b94434c1569e11,train
IMG0000424.jpg,D:\projects\MediMind\ai-prediction-service\test-dataset\Bone Facture\FracAtlas\FracAtlas\images\Non_fractured\IMG0000424.jpg,images\Non_fractured\IMG0000424.jpg,FracAtlas,PAT_FA_00212,0,0,leg,0,0,373,454,3,eff5deddd9bb9d1b2ebcb831f06b0a53,train
IMG0000425.jpg,D:\projects\MediMind\ai-prediction-service\test-dataset\Bone Facture\FracAtlas\FracAtlas\images\Non_fractured\IMG0000425.jpg,images\Non_fractured\IMG0000425.jpg,FracAtlas,PAT_FA_00212,0,0,leg,0,0,454,373,3,ac7ee06bfc8249e6deca72a0114bd75e,train
IMG0000426.jpg,D:\projects\MediMind\ai-prediction-service\test-dataset\Bone Facture\FracAtlas\FracAtlas\images\Non_fractured\IMG0000426.jpg,images\Non_fractured\IMG0000426.jpg,FracAtlas,PAT_FA_00213,0,0,leg,0,0,373,454,3,02f2f0a6970cf32eaa8aba14d84676a1,train
IMG0000427.jpg,D:\projects\MediMind\ai-prediction-service\test-dataset\Bone Facture\FracAtlas\FracAtlas\images\Non_fractured\IMG0000427.jpg,images\Non_fractured\IMG0000427.jpg,FracAtlas,PAT_FA_00213,0,0,leg,0,0,454,373,3,67c0e40929d111be7d9cfae0f01b731b,train
IMG0000428.jpg,D:\projects\MediMind\ai-prediction-service\test-dataset\Bone Facture\FracAtlas\FracAtlas\images\Non_fractured\IMG0000428.jpg,images\Non_fractured\IMG0000428.jpg,FracAtlas,PAT_FA_00214,0,0,hip,0,0,373,454,1,291e42426c2109841c08ddc45fe340cc,train
IMG0000429.jpg,D:\projects\MediMind\ai-prediction-service\test-dataset\Bone Facture\FracAtlas\FracAtlas\images\Non_fractured\IMG0000429.jpg,images\Non_fractured\IMG0000429.jpg,FracAtlas,PAT_FA_00214,0,0,hip,0,0,373,454,1,2a82ac74013d9abe34b7d9e7d5d34ac7,train
IMG0000430.jpg,D:\projects\MediMind\ai-prediction-service\test-dataset\Bone Facture\FracAtlas\FracAtlas\images\Non_fractured\IMG0000430.jpg,images\Non_fractured\IMG0000430.jpg,FracAtlas,PAT_FA_00215,0,0,hip,0,0,454,373,3,d4c59d121935dd63362c08b39ada3fd3,train
IMG0000431.jpg,D:\projects\MediMind\ai-prediction-service\test-dataset\Bone Facture\FracAtlas\FracAtlas\images\Non_fractured\IMG0000431.jpg,images\Non_fractured\IMG0000431.jpg,FracAtlas,PAT_FA_00215,0,0,hand,0,0,373,454,3,160d71b4244f1909371e5b111cdc93a8,train
IMG0000432.jpg,D:\projects\MediMind\ai-prediction-service\test-dataset\Bone Facture\FracAtlas\FracAtlas\images\Non_fractured\IMG0000432.jpg,images\Non_fractured\IMG0000432.jpg,FracAtlas,PAT_FA_00216,0,0,hand,0,0,373,454,3,c05c079ab3a9c146044c8623d9f2615b,train
IMG0000433.jpg,D:\projects\MediMind\ai-prediction-service\test-dataset\Bone Facture\FracAtlas\FracAtlas\images\Non_fractured\IMG0000433.jpg,images\Non_fractured\IMG0000433.jpg,FracAtlas,PAT_FA_00216,0,0,leg,0,0,373,454,3,d1816237d530e5cec3dafc78127c02fc,train
IMG0000434.jpg,D:\projects\MediMind\ai-prediction-service\test-dataset\Bone Facture\FracAtlas\FracAtlas\images\Non_fractured\IMG0000434.jpg,images\Non_fractured\IMG0000434.jpg,FracAtlas,PAT_FA_00217,0,0,leg,0,0,373,454,3,52ae1f6f93e93ebd1e0ee709ac625734,train
IMG0000435.jpg,D:\projects\MediMind\ai-prediction-service\test-dataset\Bone Facture\FracAtlas\FracAtlas\images\Non_fractured\IMG0000435.jpg,images\Non_fractured\IMG0000435.jpg,FracAtlas,PAT_FA_00217,0,0,hip,0,0,373,454,1,e95a450b18f353334f7811c95960d6b1,train
IMG0000438.jpg,D:\projects\MediMind\ai-prediction-service\test-dataset\Bone Facture\FracAtlas\FracAtlas\images\Non_fractured\IMG0000438.jpg,images\Non_fractured\IMG0000438.jpg,FracAtlas,PAT_FA_00219,0,0,leg,0,1,373,454,3,648a13526288b8fce0cd09d5012e6674,train
IMG0000439.jpg,D:\projects\MediMind\ai-prediction-service\test-dataset\Bone Facture\FracAtlas\FracAtlas\images\Non_fractured\IMG0000439.jpg,images\Non_fractured\IMG0000439.jpg,FracAtlas,PAT_FA_00219,0,0,hand,0,0,454,373,3,2f9de0df1a23950a4d8ec28c6f98e876,train
IMG0000440.jpg,D:\projects\MediMind\ai-prediction-service\test-dataset\Bone Facture\FracAtlas\FracAtlas\images\Non_fractured\IMG0000440.jpg,images\Non_fractured\IMG0000440.jpg,FracAtlas,PAT_FA_00220,0,0,hand,0,0,373,454,3,2c037feebaddc4cea1a29f85e30a2ac2,train
IMG0000441.jpg,D:\projects\MediMind\ai-prediction-service\test-dataset\Bone Facture\FracAtlas\FracAtlas\images\Non_fractured\IMG0000441.jpg,images\Non_fractured\IMG0000441.jpg,FracAtlas,PAT_FA_00220,0,0,shoulder,0,0,373,454,3,9bc64de39c1567b2cbf1abe9bde9f752,train
IMG0000450.jpg,D:\projects\MediMind\ai-prediction-service\test-dataset\Bone Facture\FracAtlas\FracAtlas\images\Non_fractured\IMG0000450.jpg,images\Non_fractured\IMG0000450.jpg,FracAtlas,PAT_FA_00225,0,0,leg,0,0,373,454,1,714fc280057b6c1c04341e269c4ba8a8,train
IMG0000451.jpg,D:\projects\MediMind\ai-prediction-service\test-dataset\Bone Facture\FracAtlas\FracAtlas\images\Non_fractured\IMG0000451.jpg,images\Non_fractured\IMG0000451.jpg,FracAtlas,PAT_FA_00225,0,0,leg,0,0,373,454,3,5e1b2eab004060685c75fb2ddc145dcf,train
IMG0000452.jpg,D:\projects\MediMind\ai-prediction-service\test-dataset\Bone Facture\FracAtlas\FracAtlas\images\Non_fractured\IMG0000452.jpg,images\Non_fractured\IMG0000452.jpg,FracAtlas,PAT_FA_00226,0,0,leg,0,0,373,454,3,8a313386e4a9c93bfa06a11246c6b130,train
IMG0000453.jpg,D:\projects\MediMind\ai-prediction-service\test-dataset\Bone Facture\FracAtlas\FracAtlas\images\Fractured\IMG0000453.jpg,images\Fractured\IMG0000453.jpg,FracAtlas,PAT_FA_00226,1,1,leg,1,0,373,454,1,9183da6a14841d0fe6f502d459f383c7,train
IMG0000456.jpg,D:\projects\MediMind\ai-prediction-service\test-dataset\Bone Facture\FracAtlas\FracAtlas\images\Fractured\IMG0000456.jpg,images\Fractured\IMG0000456.jpg,FracAtlas,PAT_FA_00228,1,1,leg,1,0,373,454,3,0797979a8ff6ef7c5c92eefe5055697b,train
IMG0000457.jpg,D:\projects\MediMind\ai-prediction-service\test-dataset\Bone Facture\FracAtlas\FracAtlas\images\Non_fractured\IMG0000457.jpg,images\Non_fractured\IMG0000457.jpg,FracAtlas,PAT_FA_00228,0,0,leg,0,0,373,454,3,366c8988bc409d74a2fb44d08ec1f5d1,train
IMG0000458.jpg,D:\projects\MediMind\ai-prediction-service\test-dataset\Bone Facture\FracAtlas\FracAtlas\images\Non_fractured\IMG0000458.jpg,images\Non_fractured\IMG0000458.jpg,FracAtlas,PAT_FA_00229,0,0,leg,0,0,373,454,3,acb89b43ea4d966be54abc95ceba1042,train
IMG0000459.jpg,D:\projects\MediMind\ai-prediction-service\test-dataset\Bone Facture\FracAtlas\FracAtlas\images\Non_fractured\IMG0000459.jpg,images\Non_fractured\IMG0000459.jpg,FracAtlas,PAT_FA_00229,0,0,leg,0,1,454,373,3,e17c69d509e8e13e27254333ce086574,train
IMG0000470.jpg,D:\projects\MediMind\ai-prediction-service\test-dataset\Bone Facture\FracAtlas\FracAtlas\images\Fractured\IMG0000470.jpg,images\Fractured\IMG0000470.jpg,FracAtlas,PAT_FA_00235,1,1,hand,0,0,373,454,3,fc0ab648b4b99ec82009984abe5f3acf,train
IMG0000471.jpg,D:\projects\MediMind\ai-prediction-service\test-dataset\Bone Facture\FracAtlas\FracAtlas\images\Fractured\IMG0000471.jpg,images\Fractured\IMG0000471.jpg,FracAtlas,PAT_FA_00235,1,1,leg,1,0,373,454,3,a21d7d6b6d25a1a6b360cd95135b6d45,train
IMG0000474.jpg,D:\projects\MediMind\ai-prediction-service\test-dataset\Bone Facture\FracAtlas\FracAtlas\images\Non_fractured\IMG0000474.jpg,images\Non_fractured\IMG0000474.jpg,FracAtlas,PAT_FA_00237,0,0,leg,0,0,454,373,3,2c1ad3a22027fc66feb43b8ae05dcc78,train
IMG0000475.jpg,D:\projects\MediMind\ai-prediction-service\test-dataset\Bone Facture\FracAtlas\FracAtlas\images\Non_fractured\IMG0000475.jpg,images\Non_fractured\IMG0000475.jpg,FracAtlas,PAT_FA_00237,0,0,leg,0,0,373,454,3,4db7eef7ac9456f75456eebea0944ffb,train
IMG0000476.jpg,D:\projects\MediMind\ai-prediction-service\test-dataset\Bone Facture\FracAtlas\FracAtlas\images\Non_fractured\IMG0000476.jpg,images\Non_fractured\IMG0000476.jpg,FracAtlas,PAT_FA_00238,0,0,leg,0,0,373,454,3,58f8c6f67734c7bf26f4a4c74e06300d,train
IMG0000477.jpg,D:\projects\MediMind\ai-prediction-service\test-dataset\Bone Facture\FracAtlas\FracAtlas\images\Non_fractured\IMG0000477.jpg,images\Non_fractured\IMG0000477.jpg,FracAtlas,PAT_FA_00238,0,0,hand,0,0,454,373,3,89b36a93db69caab7897c01b49ef992c,train
IMG0000478.jpg,D:\projects\MediMind\ai-prediction-service\test-dataset\Bone Facture\FracAtlas\FracAtlas\images\Non_fractured\IMG0000478.jpg,images\Non_fractured\IMG0000478.jpg,FracAtlas,PAT_FA_00239,0,0,hand,0,0,454,373,3,14aeab68dfde3340b5c8b241aaa871bc,train
IMG0000479.jpg,D:\projects\MediMind\ai-prediction-service\test-dataset\Bone Facture\FracAtlas\FracAtlas\images\Fractured\IMG0000479.jpg,images\Fractured\IMG0000479.jpg,FracAtlas,PAT_FA_00239,1,1,leg,0,0,373,454,3,359f8fe1aeecd7be5b08b61564844ffe,train
IMG0000480.jpg,D:\projects\MediMind\ai-prediction-service\test-dataset\Bone Facture\FracAtlas\FracAtlas\images\Fractured\IMG0000480.jpg,images\Fractured\IMG0000480.jpg,FracAtlas,PAT_FA_00240,1,1,leg,0,0,373,454,3,1e42f090fafcef00d078f8a93fb8352e,train
IMG0000481.jpg,D:\projects\MediMind\ai-prediction-service\test-dataset\Bone Facture\FracAtlas\FracAtlas\images\Non_fractured\IMG0000481.jpg,images\Non_fractured\IMG0000481.jpg,FracAtlas,PAT_FA_00240,0,0,leg,0,0,373,454,3,7bd03897be93d0a59bba1cbf14f7164a,train
IMG0000482.jpg,D:\projects\MediMind\ai-prediction-service\test-dataset\Bone Facture\FracAtlas\FracAtlas\images\Non_fractured\IMG0000482.jpg,images\Non_fractured\IMG0000482.jpg,FracAtlas,PAT_FA_00241,0,0,leg,0,0,454,373,3,43ac74a594164089543f34b6ab66e3f6,train
IMG0000483.jpg,D:\projects\MediMind\ai-prediction-service\test-dataset\Bone Facture\FracAtlas\FracAtlas\images\Non_fractured\IMG0000483.jpg,images\Non_fractured\IMG0000483.jpg,FracAtlas,PAT_FA_00241,0,0,hip,0,0,454,373,3,6d798f4004cee1bad16435e82ed2c09d,train
IMG0000484.jpg,D:\projects\MediMind\ai-prediction-service\test-dataset\Bone Facture\FracAtlas\FracAtlas\images\Non_fractured\IMG0000484.jpg,images\Non_fractured\IMG0000484.jpg,FracAtlas,PAT_FA_00242,0,0,hand,0,0,454,373,3,8b83c12d65df148b40bc5f786ea0c27b,train
IMG0000485.jpg,D:\projects\MediMind\ai-prediction-service\test-dataset\Bone Facture\FracAtlas\FracAtlas\images\Non_fractured\IMG0000485.jpg,images\Non_fractured\IMG0000485.jpg,FracAtlas,PAT_FA_00242,0,0,hand,0,0,454,373,3,295ef3e23f69b07c3dbceee306cad363,train
IMG0000488.jpg,D:\projects\MediMind\ai-prediction-service\test-dataset\Bone Facture\FracAtlas\FracAtlas\images\Non_fractured\IMG0000488.jpg,images\Non_fractured\IMG0000488.jpg,FracAtlas,PAT_FA_00244,0,0,leg,0,0,373,454,3,73aae7a1e04770ee17068fad1b63a05c,train
IMG0000489.jpg,D:\projects\MediMind\ai-prediction-service\test-dataset\Bone Facture\FracAtlas\FracAtlas\images\Non_fractured\IMG0000489.jpg,images\Non_fractured\IMG0000489.jpg,FracAtlas,PAT_FA_00244,0,0,leg,0,0,454,373,3,102456e26252cc9be3b4ea09178cc8ff,train
IMG0000490.jpg,D:\projects\MediMind\ai-prediction-service\test-dataset\Bone Facture\FracAtlas\FracAtlas\images\Non_fractured\IMG0000490.jpg,images\Non_fractured\IMG0000490.jpg,FracAtlas,PAT_FA_00245,0,0,leg,0,0,373,454,3,c6e3f1c78a584748133b8afd1ddc31b0,train
IMG0000491.jpg,D:\projects\MediMind\ai-prediction-service\test-dataset\Bone Facture\FracAtlas\FracAtlas\images\Non_fractured\IMG0000491.jpg,images\Non_fractured\IMG0000491.jpg,FracAtlas,PAT_FA_00245,0,0,leg,0,0,454,373,3,6052e3d2de6ece813c7f6b3f4d59224a,train
IMG0000492.jpg,D:\projects\MediMind\ai-prediction-service\test-dataset\Bone Facture\FracAtlas\FracAtlas\images\Non_fractured\IMG0000492.jpg,images\Non_fractured\IMG0000492.jpg,FracAtlas,PAT_FA_00246,0,0,hip,0,0,454,373,3,bd5b4d704c1b71aa7400cf62cbe50e84,train
IMG0000493.jpg,D:\projects\MediMind\ai-prediction-service\test-dataset\Bone Facture\FracAtlas\FracAtlas\images\Non_fractured\IMG0000493.jpg,images\Non_fractured\IMG0000493.jpg,FracAtlas,PAT_FA_00246,0,0,hip,0,0,454,373,3,2b127127e4b7e5492538ce9107875865,train
IMG0000494.jpg,D:\projects\MediMind\ai-prediction-service\test-dataset\Bone Facture\FracAtlas\FracAtlas\images\Non_fractured\IMG0000494.jpg,images\Non_fractured\IMG0000494.jpg,FracAtlas,PAT_FA_00247,0,0,hand,0,1,373,454,1,c2e06c576a0b5058c5b6bf336ee785bd,train
IMG0000495.jpg,D:\projects\MediMind\ai-prediction-service\test-dataset\Bone Facture\FracAtlas\FracAtlas\images\Non_fractured\IMG0000495.jpg,images\Non_fractured\IMG0000495.jpg,FracAtlas,PAT_FA_00247,0,0,hand,0,0,373,454,3,ee42cf7b0653c5162e36303da0f84363,train
IMG0000500.jpg,D:\projects\MediMind\ai-prediction-service\test-dataset\Bone Facture\FracAtlas\FracAtlas\images\Non_fractured\IMG0000500.jpg,images\Non_fractured\IMG0000500.jpg,FracAtlas,PAT_FA_00250,0,0,leg,0,0,373,454,3,98b5f194ba3b9cb744fd7ab0cf3d0e54,train
IMG0000504.jpg,D:\projects\MediMind\ai-prediction-service\test-dataset\Bone Facture\FracAtlas\FracAtlas\images\Non_fractured\IMG0000504.jpg,images\Non_fractured\IMG0000504.jpg,FracAtlas,PAT_FA_00252,0,0,leg,0,0,454,373,3,bdb7e29f9aa3a090b11bfd1adea28524,train
IMG0000505.jpg,D:\projects\MediMind\ai-prediction-service\test-dataset\Bone Facture\FracAtlas\FracAtlas\images\Non_fractured\IMG0000505.jpg,images\Non_fractured\IMG0000505.jpg,FracAtlas,PAT_FA_00252,0,0,leg,0,0,373,454,1,f097892b4259ee468eb5351cd102c320,train
IMG0000506.jpg,D:\projects\MediMind\ai-prediction-service\test-dataset\Bone Facture\FracAtlas\FracAtlas\images\Non_fractured\IMG0000506.jpg,images\Non_fractured\IMG0000506.jpg,FracAtlas,PAT_FA_00253,0,0,leg,0,0,373,454,1,976fdd26ea194dd698c4c119dc0c317c,train
IMG0000507.jpg,D:\projects\MediMind\ai-prediction-service\test-dataset\Bone Facture\FracAtlas\FracAtlas\images\Non_fractured\IMG0000507.jpg,images\Non_fractured\IMG0000507.jpg,FracAtlas,PAT_FA_00253,0,0,leg,0,0,373,454,3,5ac744ff2747866b43b6d2260c92694e,train
IMG0000508.jpg,D:\projects\MediMind\ai-prediction-service\test-dataset\Bone Facture\FracAtlas\FracAtlas\images\Non_fractured\IMG0000508.jpg,images\Non_fractured\IMG0000508.jpg,FracAtlas,PAT_FA_00254,0,0,leg,0,0,454,373,3,0241618e9391f1d90668dd4ed5b6f086,train
IMG0000509.jpg,D:\projects\MediMind\ai-prediction-service\test-dataset\Bone Facture\FracAtlas\FracAtlas\images\Non_fractured\IMG0000509.jpg,images\Non_fractured\IMG0000509.jpg,FracAtlas,PAT_FA_00254,0,0,leg,0,0,373,454,3,c3ce299b169ba6846d2ac59809470ac0,train
IMG0000510.jpg,D:\projects\MediMind\ai-prediction-service\test-dataset\Bone Facture\FracAtlas\FracAtlas\images\Non_fractured\IMG0000510.jpg,images\Non_fractured\IMG0000510.jpg,FracAtlas,PAT_FA_00255,0,0,leg,0,0,373,454,3,833424ae342780d078f5cc22970f3a6d,train
IMG0000511.jpg,D:\projects\MediMind\ai-prediction-service\test-dataset\Bone Facture\FracAtlas\FracAtlas\images\Non_fractured\IMG0000511.jpg,images\Non_fractured\IMG0000511.jpg,FracAtlas,PAT_FA_00255,0,0,hand,0,0,454,373,3,4ef2240367c833f8298bc00aa177be92,train
IMG0000512.jpg,D:\projects\MediMind\ai-prediction-service\test-dataset\Bone Facture\FracAtlas\FracAtlas\images\Non_fractured\IMG0000512.jpg,images\Non_fractured\IMG0000512.jpg,FracAtlas,PAT_FA_00256,0,0,hand,0,0,454,373,3,457e2634c0209c5a6835aa4d3e7c0bce,train
IMG0000513.jpg,D:\projects\MediMind\ai-prediction-service\test-dataset\Bone Facture\FracAtlas\FracAtlas\images\Non_fractured\IMG0000513.jpg,images\Non_fractured\IMG0000513.jpg,FracAtlas,PAT_FA_00256,0,0,hand,0,0,454,310,3,c218b68466c022bdff2e9d42fc9fd8de,train
IMG0000516.jpg,D:\projects\MediMind\ai-prediction-service\test-dataset\Bone Facture\FracAtlas\FracAtlas\images\Non_fractured\IMG0000516.jpg,images\Non_fractured\IMG0000516.jpg,FracAtlas,PAT_FA_00258,0,0,leg,0,0,373,454,1,74d2034450365731f7284fa3851fefac,train
IMG0000517.jpg,D:\projects\MediMind\ai-prediction-service\test-dataset\Bone Facture\FracAtlas\FracAtlas\images\Non_fractured\IMG0000517.jpg,images\Non_fractured\IMG0000517.jpg,FracAtlas,PAT_FA_00258,0,0,leg,0,0,454,373,3,f5d1b356021a80e030c8f07703bfcac4,train
IMG0000518.jpg,D:\projects\MediMind\ai-prediction-service\test-dataset\Bone Facture\FracAtlas\FracAtlas\images\Non_fractured\IMG0000518.jpg,images\Non_fractured\IMG0000518.jpg,FracAtlas,PAT_FA_00259,0,0,leg,0,0,373,454,3,e1b60ea260992f9bcb6675a0521c9115,train
IMG0000519.jpg,D:\projects\MediMind\ai-prediction-service\test-dataset\Bone Facture\FracAtlas\FracAtlas\images\Non_fractured\IMG0000519.jpg,images\Non_fractured\IMG0000519.jpg,FracAtlas,PAT_FA_00259,0,0,hand,0,0,454,373,3,5ce202f871cc53167e1834a5a9e158aa,train
IMG0000520.jpg,D:\projects\MediMind\ai-prediction-service\test-dataset\Bone Facture\FracAtlas\FracAtlas\images\Non_fractured\IMG0000520.jpg,images\Non_fractured\IMG0000520.jpg,FracAtlas,PAT_FA_00260,0,0,hand,0,0,454,373,3,46bd2932d8aa46657f32d506500ea360,train
IMG0000521.jpg,D:\projects\MediMind\ai-prediction-service\test-dataset\Bone Facture\FracAtlas\FracAtlas\images\Non_fractured\IMG0000521.jpg,images\Non_fractured\IMG0000521.jpg,FracAtlas,PAT_FA_00260,0,0,hip,0,0,454,373,1,5d999b704453a0eb405d643442dc124e,train
IMG0000526.jpg,D:\projects\MediMind\ai-prediction-service\test-dataset\Bone Facture\FracAtlas\FracAtlas\images\Non_fractured\IMG0000526.jpg,images\Non_fractured\IMG0000526.jpg,FracAtlas,PAT_FA_00263,0,0,leg,0,0,373,454,3,6af1ce214f6af58c6a6d8d4552518aad,train
IMG0000527.jpg,D:\projects\MediMind\ai-prediction-service\test-dataset\Bone Facture\FracAtlas\FracAtlas\images\Non_fractured\IMG0000527.jpg,images\Non_fractured\IMG0000527.jpg,FracAtlas,PAT_FA_00263,0,0,leg,0,0,373,454,3,247a34cac1a40e63d543705fb76d997b,train
IMG0000528.jpg,D:\projects\MediMind\ai-prediction-service\test-dataset\Bone Facture\FracAtlas\FracAtlas\images\Non_fractured\IMG0000528.jpg,images\Non_fractured\IMG0000528.jpg,FracAtlas,PAT_FA_00264,0,0,leg,0,0,454,373,3,a01cd601877c36cc1290efe6af1dccff,train
IMG0000529.jpg,D:\projects\MediMind\ai-prediction-service\test-dataset\Bone Facture\FracAtlas\FracAtlas\images\Non_fractured\IMG0000529.jpg,images\Non_fractured\IMG0000529.jpg,FracAtlas,PAT_FA_00264,0,0,hand,0,0,373,454,3,f44bcb5bb6b1dd5a38a6a52c222d5a88,train
IMG0000530.jpg,D:\projects\MediMind\ai-prediction-service\test-dataset\Bone Facture\FracAtlas\FracAtlas\images\Non_fractured\IMG0000530.jpg,images\Non_fractured\IMG0000530.jpg,FracAtlas,PAT_FA_00265,0,0,hand,0,0,373,454,3,cfdeab2776b73050329538c4b81d3328,train
IMG0000531.jpg,D:\projects\MediMind\ai-prediction-service\test-dataset\Bone Facture\FracAtlas\FracAtlas\images\Non_fractured\IMG0000531.jpg,images\Non_fractured\IMG0000531.jpg,FracAtlas,PAT_FA_00265,0,0,shoulder,0,0,373,454,3,7d642f5626c87540ca37d5ee11d52b29,train
IMG0000532.jpg,D:\projects\MediMind\ai-prediction-service\test-dataset\Bone Facture\FracAtlas\FracAtlas\images\Non_fractured\IMG0000532.jpg,images\Non_fractured\IMG0000532.jpg,FracAtlas,PAT_FA_00266,0,0,hand,0,0,373,454,3,964b784b2b4738b0c445bd3c7c75ef71,train
IMG0000533.jpg,D:\projects\MediMind\ai-prediction-service\test-dataset\Bone Facture\FracAtlas\FracAtlas\images\Non_fractured\IMG0000533.jpg,images\Non_fractured\IMG0000533.jpg,FracAtlas,PAT_FA_00266,0,0,leg,0,0,373,454,3,7701b462631529646163d8ac88410866,train
IMG0000534.jpg,D:\projects\MediMind\ai-prediction-service\test-dataset\Bone Facture\FracAtlas\FracAtlas\images\Non_fractured\IMG0000534.jpg,images\Non_fractured\IMG0000534.jpg,FracAtlas,PAT_FA_00267,0,0,leg,0,0,373,454,3,4855d09e1ca35823b46d175815ad2b11,train
IMG0000535.jpg,D:\projects\MediMind\ai-prediction-service\test-dataset\Bone Facture\FracAtlas\FracAtlas\images\Non_fractured\IMG0000535.jpg,images\Non_fractured\IMG0000535.jpg,FracAtlas,PAT_FA_00267,0,0,hand,0,0,373,454,3,5a457fad15f9a87ff1b643d58c94e2be,train
IMG0000536.jpg,D:\projects\MediMind\ai-prediction-service\test-dataset\Bone Facture\FracAtlas\FracAtlas\images\Non_fractured\IMG0000536.jpg,images\Non_fractured\IMG0000536.jpg,FracAtlas,PAT_FA_00268,0,0,hand,0,0,454,373,3,8fd8d747ccf95e83666253effdc26ed8,train
IMG0000537.jpg,D:\projects\MediMind\ai-prediction-service\test-dataset\Bone Facture\FracAtlas\FracAtlas\images\Non_fractured\IMG0000537.jpg,images\Non_fractured\IMG0000537.jpg,FracAtlas,PAT_FA_00268,0,0,hand,0,0,373,454,3,fbccc76432011a9f31cf019ab12b85be,train
IMG0000538.jpg,D:\projects\MediMind\ai-prediction-service\test-dataset\Bone Facture\FracAtlas\FracAtlas\images\Non_fractured\IMG0000538.jpg,images\Non_fractured\IMG0000538.jpg,FracAtlas,PAT_FA_00269,0,0,hand,0,0,373,454,3,ef498c1f643fc15efe7a855db453f4cc,train
IMG0000539.jpg,D:\projects\MediMind\ai-prediction-service\test-dataset\Bone Facture\FracAtlas\FracAtlas\images\Non_fractured\IMG0000539.jpg,images\Non_fractured\IMG0000539.jpg,FracAtlas,PAT_FA_00269,0,0,leg,0,0,373,454,3,c06f27d226b90ea65a15d485687f326b,train
IMG0000540.jpg,D:\projects\MediMind\ai-prediction-service\test-dataset\Bone Facture\FracAtlas\FracAtlas\images\Non_fractured\IMG0000540.jpg,images\Non_fractured\IMG0000540.jpg,FracAtlas,PAT_FA_00270,0,0,leg,0,0,454,373,3,df39fae27622b55e004bfdd92b27b14f,train
IMG0000541.jpg,D:\projects\MediMind\ai-prediction-service\test-dataset\Bone Facture\FracAtlas\FracAtlas\images\Non_fractured\IMG0000541.jpg,images\Non_fractured\IMG0000541.jpg,FracAtlas,PAT_FA_00270,0,0,hand,0,1,373,454,3,928161b6df8f9c3b7b13eab34cdc78a3,train
IMG0000542.jpg,D:\projects\MediMind\ai-prediction-service\test-dataset\Bone Facture\FracAtlas\FracAtlas\images\Non_fractured\IMG0000542.jpg,images\Non_fractured\IMG0000542.jpg,FracAtlas,PAT_FA_00271,0,0,leg,0,0,373,454,3,57eb89c64e0bb007e2da72e6e0f82ff0,train
IMG0000543.jpg,D:\projects\MediMind\ai-prediction-service\test-dataset\Bone Facture\FracAtlas\FracAtlas\images\Non_fractured\IMG0000543.jpg,images\Non_fractured\IMG0000543.jpg,FracAtlas,PAT_FA_00271,0,0,hand,0,0,454,373,3,69e9ea176a569a2be9ebc5052f7a63f4,train
IMG0000544.jpg,D:\projects\MediMind\ai-prediction-service\test-dataset\Bone Facture\FracAtlas\FracAtlas\images\Non_fractured\IMG0000544.jpg,images\Non_fractured\IMG0000544.jpg,FracAtlas,PAT_FA_00272,0,0,hand,0,0,373,454,3,958e136d0834b104002d9f84af2a24b7,train
IMG0000545.jpg,D:\projects\MediMind\ai-prediction-service\test-dataset\Bone Facture\FracAtlas\FracAtlas\images\Non_fractured\IMG0000545.jpg,images\Non_fractured\IMG0000545.jpg,FracAtlas,PAT_FA_00272,0,0,hip,0,0,454,373,1,8be00257a6fe4c39aaaaa8873aa52bdd,train
IMG0000548.jpg,D:\projects\MediMind\ai-prediction-service\test-dataset\Bone Facture\FracAtlas\FracAtlas\images\Non_fractured\IMG0000548.jpg,images\Non_fractured\IMG0000548.jpg,FracAtlas,PAT_FA_00274,0,0,leg,0,0,373,454,1,0402eb039a740998b6db0e2dd5e45cae,train
IMG0000549.jpg,D:\projects\MediMind\ai-prediction-service\test-dataset\Bone Facture\FracAtlas\FracAtlas\images\Non_fractured\IMG0000549.jpg,images\Non_fractured\IMG0000549.jpg,FracAtlas,PAT_FA_00274,0,0,leg,0,0,373,454,3,1379719400e5ca3e760c11db5fd1362e,train
IMG0000550.jpg,D:\projects\MediMind\ai-prediction-service\test-dataset\Bone Facture\FracAtlas\FracAtlas\images\Non_fractured\IMG0000550.jpg,images\Non_fractured\IMG0000550.jpg,FracAtlas,PAT_FA_00275,0,0,hip,0,0,454,373,1,b24dd4284a9c9ef839e08ca6cdaf5a39,train
IMG0000551.jpg,D:\projects\MediMind\ai-prediction-service\test-dataset\Bone Facture\FracAtlas\FracAtlas\images\Non_fractured\IMG0000551.jpg,images\Non_fractured\IMG0000551.jpg,FracAtlas,PAT_FA_00275,0,0,hip,0,0,454,373,1,b19dfd47686212791f2a4a7dd8af40a3,train
IMG0000552.jpg,D:\projects\MediMind\ai-prediction-service\test-dataset\Bone Facture\FracAtlas\FracAtlas\images\Non_fractured\IMG0000552.jpg,images\Non_fractured\IMG0000552.jpg,FracAtlas,PAT_FA_00276,0,0,leg,0,1,373,454,3,ce0b358b5d798a2f3fd7d7188b76711a,train
IMG0000553.jpg,D:\projects\MediMind\ai-prediction-service\test-dataset\Bone Facture\FracAtlas\FracAtlas\images\Non_fractured\IMG0000553.jpg,images\Non_fractured\IMG0000553.jpg,FracAtlas,PAT_FA_00276,0,0,leg,0,0,373,454,3,61560b9597f88c6d17796476b2b06b6c,train
IMG0000558.jpg,D:\projects\MediMind\ai-prediction-service\test-dataset\Bone Facture\FracAtlas\FracAtlas\images\Non_fractured\IMG0000558.jpg,images\Non_fractured\IMG0000558.jpg,FracAtlas,PAT_FA_00279,0,0,hand,0,0,454,373,3,b68096c1f28861ab99f1eb9c111dd887,train
IMG0000559.jpg,D:\projects\MediMind\ai-prediction-service\test-dataset\Bone Facture\FracAtlas\FracAtlas\images\Non_fractured\IMG0000559.jpg,images\Non_fractured\IMG0000559.jpg,FracAtlas,PAT_FA_00279,0,0,hand,0,0,454,373,3,0bec84a77491ec5cba95bf213f28101a,train
IMG0000560.jpg,D:\projects\MediMind\ai-prediction-service\test-dataset\Bone Facture\FracAtlas\FracAtlas\images\Non_fractured\IMG0000560.jpg,images\Non_fractured\IMG0000560.jpg,FracAtlas,PAT_FA_00280,0,0,hand,0,0,454,373,3,3a420de96edd128830c1b082f03790f9,train
IMG0000561.jpg,D:\projects\MediMind\ai-prediction-service\test-dataset\Bone Facture\FracAtlas\FracAtlas\images\Non_fractured\IMG0000561.jpg,images\Non_fractured\IMG0000561.jpg,FracAtlas,PAT_FA_00280,0,0,hand,0,0,454,373,3,5fba454f66d2a8d4af818b282f8c7be0,train
IMG0000562.jpg,D:\projects\MediMind\ai-prediction-service\test-dataset\Bone Facture\FracAtlas\FracAtlas\images\Non_fractured\IMG0000562.jpg,images\Non_fractured\IMG0000562.jpg,FracAtlas,PAT_FA_00281,0,0,hand,0,0,454,373,3,0bb65e51caea3b66ad22ed31ab69c0f8,train
IMG0000563.jpg,D:\projects\MediMind\ai-prediction-service\test-dataset\Bone Facture\FracAtlas\FracAtlas\images\Non_fractured\IMG0000563.jpg,images\Non_fractured\IMG0000563.jpg,FracAtlas,PAT_FA_00281,0,0,hand,0,0,454,373,3,0dc09dc5cbcf420ec83d641ef960de22,train
IMG0000564.jpg,D:\projects\MediMind\ai-prediction-service\test-dataset\Bone Facture\FracAtlas\FracAtlas\images\Non_fractured\IMG0000564.jpg,images\Non_fractured\IMG0000564.jpg,FracAtlas,PAT_FA_00282,0,0,hand,0,0,454,373,3,22c399eb5da0bae38d7c74cc1968ac58,train
IMG0000565.jpg,D:\projects\MediMind\ai-prediction-service\test-dataset\Bone Facture\FracAtlas\FracAtlas\images\Non_fractured\IMG0000565.jpg,images\Non_fractured\IMG0000565.jpg,FracAtlas,PAT_FA_00282,0,0,leg,0,0,454,373,3,1dfe22c9df0762a080d097cae66c5caf,train
IMG0000566.jpg,D:\projects\MediMind\ai-prediction-service\test-dataset\Bone Facture\FracAtlas\FracAtlas\images\Non_fractured\IMG0000566.jpg,images\Non_fractured\IMG0000566.jpg,FracAtlas,PAT_FA_00283,0,0,leg,0,0,454,373,3,d4c6069f325c13fbf5fb53de6a18e691,train
IMG0000567.jpg,D:\projects\MediMind\ai-prediction-service\test-dataset\Bone Facture\FracAtlas\FracAtlas\images\Non_fractured\IMG0000567.jpg,images\Non_fractured\IMG0000567.jpg,FracAtlas,PAT_FA_00283,0,0,hand,0,0,454,373,3,445dcae89c4a77a48ec75ba9ae444775,train
IMG0000572.jpg,D:\projects\MediMind\ai-prediction-service\test-dataset\Bone Facture\FracAtlas\FracAtlas\images\Non_fractured\IMG0000572.jpg,images\Non_fractured\IMG0000572.jpg,FracAtlas,PAT_FA_00286,0,0,hand,0,0,373,454,3,c7e9d9e1e673849ace4b297afd8cc239,train
IMG0000573.jpg,D:\projects\MediMind\ai-prediction-service\test-dataset\Bone Facture\FracAtlas\FracAtlas\images\Non_fractured\IMG0000573.jpg,images\Non_fractured\IMG0000573.jpg,FracAtlas,PAT_FA_00286,0,0,leg,0,0,373,454,3,f25d1b54d856aa8d0308fa75985b570c,train
IMG0000574.jpg,D:\projects\MediMind\ai-prediction-service\test-dataset\Bone Facture\FracAtlas\FracAtlas\images\Non_fractured\IMG0000574.jpg,images\Non_fractured\IMG0000574.jpg,FracAtlas,PAT_FA_00287,0,0,leg,0,0,454,373,3,01cfebdec88a0f7d8e7e1edef4fd0237,train
IMG0000575.jpg,D:\projects\MediMind\ai-prediction-service\test-dataset\Bone Facture\FracAtlas\FracAtlas\images\Non_fractured\IMG0000575.jpg,images\Non_fractured\IMG0000575.jpg,FracAtlas,PAT_FA_00287,0,0,leg,0,1,454,373,3,c9da20bc0ae3b216f1cfdb18eb5895bc,train
IMG0000576.jpg,D:\projects\MediMind\ai-prediction-service\test-dataset\Bone Facture\FracAtlas\FracAtlas\images\Non_fractured\IMG0000576.jpg,images\Non_fractured\IMG0000576.jpg,FracAtlas,PAT_FA_00288,0,0,hand,0,0,454,373,3,1dad2633dc94b5103ba75f850cde00ad,train
IMG0000577.jpg,D:\projects\MediMind\ai-prediction-service\test-dataset\Bone Facture\FracAtlas\FracAtlas\images\Non_fractured\IMG0000577.jpg,images\Non_fractured\IMG0000577.jpg,FracAtlas,PAT_FA_00288,0,0,hand,0,0,454,373,3,b536d5da4dcfdd3181ead0b5fcd0c818,train
IMG0000580.jpg,D:\projects\MediMind\ai-prediction-service\test-dataset\Bone Facture\FracAtlas\FracAtlas\images\Non_fractured\IMG0000580.jpg,images\Non_fractured\IMG0000580.jpg,FracAtlas,PAT_FA_00290,0,0,hand,0,0,454,373,3,f11ae7156a2069514e7aadbe561f0b2f,train
IMG0000581.jpg,D:\projects\MediMind\ai-prediction-service\test-dataset\Bone Facture\FracAtlas\FracAtlas\images\Non_fractured\IMG0000581.jpg,images\Non_fractured\IMG0000581.jpg,FracAtlas,PAT_FA_00290,0,0,hand,0,0,454,373,3,a2bb06b0ec0584bacd6b23e17f216903,train
IMG0000582.jpg,D:\projects\MediMind\ai-prediction-service\test-dataset\Bone Facture\FracAtlas\FracAtlas\images\Non_fractured\IMG0000582.jpg,images\Non_fractured\IMG0000582.jpg,FracAtlas,PAT_FA_00291,0,0,hand,0,0,454,373,3,67b16324a726cc3ea8164a297a1cd486,train
IMG0000583.jpg,D:\projects\MediMind\ai-prediction-service\test-dataset\Bone Facture\FracAtlas\FracAtlas\images\Non_fractured\IMG0000583.jpg,images\Non_fractured\IMG0000583.jpg,FracAtlas,PAT_FA_00291,0,0,leg,0,0,373,454,3,4d547df424d1a964be82a1f57b840df3,train
IMG0000584.jpg,D:\projects\MediMind\ai-prediction-service\test-dataset\Bone Facture\FracAtlas\FracAtlas\images\Non_fractured\IMG0000584.jpg,images\Non_fractured\IMG0000584.jpg,FracAtlas,PAT_FA_00292,0,0,leg,0,0,454,373,3,334e8abc2f9d83fbf1bf81e6f3d21283,train
IMG0000585.jpg,D:\projects\MediMind\ai-prediction-service\test-dataset\Bone Facture\FracAtlas\FracAtlas\images\Non_fractured\IMG0000585.jpg,images\Non_fractured\IMG0000585.jpg,FracAtlas,PAT_FA_00292,0,0,leg,0,0,373,454,3,91b2fbd1fe67129ad9d481fe2d246042,train
IMG0000586.jpg,D:\projects\MediMind\ai-prediction-service\test-dataset\Bone Facture\FracAtlas\FracAtlas\images\Non_fractured\IMG0000586.jpg,images\Non_fractured\IMG0000586.jpg,FracAtlas,PAT_FA_00293,0,0,leg,0,0,454,373,3,1c121e860f7abe59041b798f84e104aa,train
IMG0000587.jpg,D:\projects\MediMind\ai-prediction-service\test-dataset\Bone Facture\FracAtlas\FracAtlas\images\Non_fractured\IMG0000587.jpg,images\Non_fractured\IMG0000587.jpg,FracAtlas,PAT_FA_00293,0,0,leg,0,0,373,454,3,a80d8a6ce07c24afe062d30c19a5b84c,train
IMG0000592.jpg,D:\projects\MediMind\ai-prediction-service\test-dataset\Bone Facture\FracAtlas\FracAtlas\images\Non_fractured\IMG0000592.jpg,images\Non_fractured\IMG0000592.jpg,FracAtlas,PAT_FA_00296,0,0,leg,0,0,454,373,3,383fdfb174f60b8517bea491d8d0e091,train
IMG0000593.jpg,D:\projects\MediMind\ai-prediction-service\test-dataset\Bone Facture\FracAtlas\FracAtlas\images\Non_fractured\IMG0000593.jpg,images\Non_fractured\IMG0000593.jpg,FracAtlas,PAT_FA_00296,0,0,leg,0,0,373,454,3,860a08d5aee535883cb1743d12dd0fbb,train
IMG0000594.jpg,D:\projects\MediMind\ai-prediction-service\test-dataset\Bone Facture\FracAtlas\FracAtlas\images\Non_fractured\IMG0000594.jpg,images\Non_fractured\IMG0000594.jpg,FracAtlas,PAT_FA_00297,0,0,leg,0,0,454,373,3,59a182964e7cee8aba6105980f9c40e4,train
IMG0000595.jpg,D:\projects\MediMind\ai-prediction-service\test-dataset\Bone Facture\FracAtlas\FracAtlas\images\Non_fractured\IMG0000595.jpg,images\Non_fractured\IMG0000595.jpg,FracAtlas,PAT_FA_00297,0,0,leg,0,0,373,454,3,960ad3a2f4cfb465e51d2ff95281ec9e,train
IMG0000596.jpg,D:\projects\MediMind\ai-prediction-service\test-dataset\Bone Facture\FracAtlas\FracAtlas\images\Non_fractured\IMG0000596.jpg,images\Non_fractured\IMG0000596.jpg,FracAtlas,PAT_FA_00298,0,0,leg,0,0,454,373,3,e7f41d514f86c0d3e1d3d68919ec746c,train
IMG0000597.jpg,D:\projects\MediMind\ai-prediction-service\test-dataset\Bone Facture\FracAtlas\FracAtlas\images\Non_fractured\IMG0000597.jpg,images\Non_fractured\IMG0000597.jpg,FracAtlas,PAT_FA_00298,0,0,hand,0,0,373,454,3,b489706ca6c607bd5f5398a27207905e,train
IMG0000602.jpg,D:\projects\MediMind\ai-prediction-service\test-dataset\Bone Facture\FracAtlas\FracAtlas\images\Non_fractured\IMG0000602.jpg,images\Non_fractured\IMG0000602.jpg,FracAtlas,PAT_FA_00301,0,0,hand,0,0,373,454,3,8311942272da7740893a03bdd2b67788,train
IMG0000603.jpg,D:\projects\MediMind\ai-prediction-service\test-dataset\Bone Facture\FracAtlas\FracAtlas\images\Non_fractured\IMG0000603.jpg,images\Non_fractured\IMG0000603.jpg,FracAtlas,PAT_FA_00301,0,0,hand,0,0,373,454,3,2048305750cc11e28ebdad6364bbc87c,train
IMG0000608.jpg,D:\projects\MediMind\ai-prediction-service\test-dataset\Bone Facture\FracAtlas\FracAtlas\images\Non_fractured\IMG0000608.jpg,images\Non_fractured\IMG0000608.jpg,FracAtlas,PAT_FA_00304,0,0,leg,0,0,373,454,3,0639acf18b5c20561cd401b27e2c460a,train
IMG0000610.jpg,D:\projects\MediMind\ai-prediction-service\test-dataset\Bone Facture\FracAtlas\FracAtlas\images\Non_fractured\IMG0000610.jpg,images\Non_fractured\IMG0000610.jpg,FracAtlas,PAT_FA_00305,0,0,hand,0,0,373,454,3,b8718da313044200eff2bbfd55fa4194,train
IMG0000611.jpg,D:\projects\MediMind\ai-prediction-service\test-dataset\Bone Facture\FracAtlas\FracAtlas\images\Non_fractured\IMG0000611.jpg,images\Non_fractured\IMG0000611.jpg,FracAtlas,PAT_FA_00305,0,0,hand,0,0,454,373,3,5cb4e5d170b0ca6f8ad9bff0cc7a1eb5,train
IMG0000612.jpg,D:\projects\MediMind\ai-prediction-service\test-dataset\Bone Facture\FracAtlas\FracAtlas\images\Non_fractured\IMG0000612.jpg,images\Non_fractured\IMG0000612.jpg,FracAtlas,PAT_FA_00306,0,0,leg,0,0,373,454,3,0923a3d69f07fa10c83dd0b3fd3637c6,train
IMG0000613.jpg,D:\projects\MediMind\ai-prediction-service\test-dataset\Bone Facture\FracAtlas\FracAtlas\images\Non_fractured\IMG0000613.jpg,images\Non_fractured\IMG0000613.jpg,FracAtlas,PAT_FA_00306,0,0,leg,0,0,373,454,3,445021e267d572540414eac954abfa9c,train
IMG0000614.jpg,D:\projects\MediMind\ai-prediction-service\test-dataset\Bone Facture\FracAtlas\FracAtlas\images\Non_fractured\IMG0000614.jpg,images\Non_fractured\IMG0000614.jpg,FracAtlas,PAT_FA_00307,0,0,leg,0,0,373,454,3,5280b64a26b751023c483bcbe43766fd,train
IMG0000615.jpg,D:\projects\MediMind\ai-prediction-service\test-dataset\Bone Facture\FracAtlas\FracAtlas\images\Non_fractured\IMG0000615.jpg,images\Non_fractured\IMG0000615.jpg,FracAtlas,PAT_FA_00307,0,0,leg,0,0,454,373,3,cbcb472935fa229b04af400c88d5a254,train
IMG0000616.jpg,D:\projects\MediMind\ai-prediction-service\test-dataset\Bone Facture\FracAtlas\FracAtlas\images\Non_fractured\IMG0000616.jpg,images\Non_fractured\IMG0000616.jpg,FracAtlas,PAT_FA_00308,0,0,leg,0,0,373,454,3,f80263667c1be55abf6b116363383c11,train
IMG0000617.jpg,D:\projects\MediMind\ai-prediction-service\test-dataset\Bone Facture\FracAtlas\FracAtlas\images\Non_fractured\IMG0000617.jpg,images\Non_fractured\IMG0000617.jpg,FracAtlas,PAT_FA_00308,0,0,leg,0,0,373,454,3,6722a8123e36c10da3372a298f20e035,train
IMG0000618.jpg,D:\projects\MediMind\ai-prediction-service\test-dataset\Bone Facture\FracAtlas\FracAtlas\images\Non_fractured\IMG0000618.jpg,images\Non_fractured\IMG0000618.jpg,FracAtlas,PAT_FA_00309,0,0,hand,0,0,373,454,3,ef6aa1471bdab26a23344464ec8f2afd,train
IMG0000619.jpg,D:\projects\MediMind\ai-prediction-service\test-dataset\Bone Facture\FracAtlas\FracAtlas\images\Non_fractured\IMG0000619.jpg,images\Non_fractured\IMG0000619.jpg,FracAtlas,PAT_FA_00309,0,0,hand,0,0,454,373,3,58075e91da6acd314a9a0ff60a76c6a6,train
IMG0000622.jpg,D:\projects\MediMind\ai-prediction-service\test-dataset\Bone Facture\FracAtlas\FracAtlas\images\Non_fractured\IMG0000622.jpg,images\Non_fractured\IMG0000622.jpg,FracAtlas,PAT_FA_00311,0,0,leg,0,1,373,454,3,c8f404db043e4c51428fab78eebf2cb3,train
IMG0000623.jpg,D:\projects\MediMind\ai-prediction-service\test-dataset\Bone Facture\FracAtlas\FracAtlas\images\Non_fractured\IMG0000623.jpg,images\Non_fractured\IMG0000623.jpg,FracAtlas,PAT_FA_00311,0,0,hand,0,0,373,454,3,64050bcc0eef5c11dd4d2f1c91331014,train
IMG0000624.jpg,D:\projects\MediMind\ai-prediction-service\test-dataset\Bone Facture\FracAtlas\FracAtlas\images\Non_fractured\IMG0000624.jpg,images\Non_fractured\IMG0000624.jpg,FracAtlas,PAT_FA_00312,0,0,hand,0,0,373,454,3,c527a26db1c9f488a057e91d96cad580,train
IMG0000625.jpg,D:\projects\MediMind\ai-prediction-service\test-dataset\Bone Facture\FracAtlas\FracAtlas\images\Non_fractured\IMG0000625.jpg,images\Non_fractured\IMG0000625.jpg,FracAtlas,PAT_FA_00312,0,0,hand,0,0,454,373,3,475120af41f1845f5c921ac7fd19e591,train
IMG0000628.jpg,D:\projects\MediMind\ai-prediction-service\test-dataset\Bone Facture\FracAtlas\FracAtlas\images\Non_fractured\IMG0000628.jpg,images\Non_fractured\IMG0000628.jpg,FracAtlas,PAT_FA_00314,0,0,leg,0,0,454,373,3,83b024c24a429f94411bed2d4a6751f8,train
IMG0000629.jpg,D:\projects\MediMind\ai-prediction-service\test-dataset\Bone Facture\FracAtlas\FracAtlas\images\Non_fractured\IMG0000629.jpg,images\Non_fractured\IMG0000629.jpg,FracAtlas,PAT_FA_00314,0,0,hand,0,0,454,373,3,8c3feac55521b7f52196ad39508c813a,train
IMG0000630.jpg,D:\projects\MediMind\ai-prediction-service\test-dataset\Bone Facture\FracAtlas\FracAtlas\images\Non_fractured\IMG0000630.jpg,images\Non_fractured\IMG0000630.jpg,FracAtlas,PAT_FA_00315,0,0,hand,0,0,454,373,3,cbb884871181932bda7426d9e12245c2,train
IMG0000631.jpg,D:\projects\MediMind\ai-prediction-service\test-dataset\Bone Facture\FracAtlas\FracAtlas\images\Non_fractured\IMG0000631.jpg,images\Non_fractured\IMG0000631.jpg,FracAtlas,PAT_FA_00315,0,0,leg,0,1,454,373,3,620a7d54751b1ddd994ff2560e69e9b4,train
IMG0000632.jpg,D:\projects\MediMind\ai-prediction-service\test-dataset\Bone Facture\FracAtlas\FracAtlas\images\Non_fractured\IMG0000632.jpg,images\Non_fractured\IMG0000632.jpg,FracAtlas,PAT_FA_00316,0,0,leg,0,0,373,454,3,368fd262e38ed434ccd52f95bcbd024a,train
IMG0000633.jpg,D:\projects\MediMind\ai-prediction-service\test-dataset\Bone Facture\FracAtlas\FracAtlas\images\Non_fractured\IMG0000633.jpg,images\Non_fractured\IMG0000633.jpg,FracAtlas,PAT_FA_00316,0,0,leg,0,0,454,373,3,c461af2344df6d13ccd3d96da90f7654,train
IMG0000636.jpg,D:\projects\MediMind\ai-prediction-service\test-dataset\Bone Facture\FracAtlas\FracAtlas\images\Non_fractured\IMG0000636.jpg,images\Non_fractured\IMG0000636.jpg,FracAtlas,PAT_FA_00318,0,0,leg,0,0,454,373,3,499609cffae64f31b80af202d6345586,train
IMG0000637.jpg,D:\projects\MediMind\ai-prediction-service\test-dataset\Bone Facture\FracAtlas\FracAtlas\images\Non_fractured\IMG0000637.jpg,images\Non_fractured\IMG0000637.jpg,FracAtlas,PAT_FA_00318,0,0,leg,0,0,373,454,3,97b5f1fda55abe8849052110d8dd8edb,train
IMG0000638.jpg,D:\projects\MediMind\ai-prediction-service\test-dataset\Bone Facture\FracAtlas\FracAtlas\images\Non_fractured\IMG0000638.jpg,images\Non_fractured\IMG0000638.jpg,FracAtlas,PAT_FA_00319,0,0,leg,0,0,373,454,3,71cbe4e9e377834606780267eae2cb61,train
IMG0000639.jpg,D:\projects\MediMind\ai-prediction-service\test-dataset\Bone Facture\FracAtlas\FracAtlas\images\Non_fractured\IMG0000639.jpg,images\Non_fractured\IMG0000639.jpg,FracAtlas,PAT_FA_00319,0,0,leg,0,1,373,454,3,d7acccd1bb895e00189c3271456c1c77,train
IMG0000640.jpg,D:\projects\MediMind\ai-prediction-service\test-dataset\Bone Facture\FracAtlas\FracAtlas\images\Non_fractured\IMG0000640.jpg,images\Non_fractured\IMG0000640.jpg,FracAtlas,PAT_FA_00320,0,0,hand,0,0,454,373,3,a5de626427d3e23a11239870e95d25c1,train
IMG0000641.jpg,D:\projects\MediMind\ai-prediction-service\test-dataset\Bone Facture\FracAtlas\FracAtlas\images\Non_fractured\IMG0000641.jpg,images\Non_fractured\IMG0000641.jpg,FracAtlas,PAT_FA_00320,0,0,hand,0,0,454,373,3,ba0ac5ec0e5841210bcb248cdef576f8,train
IMG0000642.jpg,D:\projects\MediMind\ai-prediction-service\test-dataset\Bone Facture\FracAtlas\FracAtlas\images\Non_fractured\IMG0000642.jpg,images\Non_fractured\IMG0000642.jpg,FracAtlas,PAT_FA_00321,0,0,leg,0,0,373,454,3,5b5a5b0e82b3c233ec23568980c5a4c5,train
IMG0000643.jpg,D:\projects\MediMind\ai-prediction-service\test-dataset\Bone Facture\FracAtlas\FracAtlas\images\Non_fractured\IMG0000643.jpg,images\Non_fractured\IMG0000643.jpg,FracAtlas,PAT_FA_00321,0,0,leg,0,0,373,454,3,9b7d9d6c9a2981edc74f3afe6fa6631c,train
IMG0000646.jpg,D:\projects\MediMind\ai-prediction-service\test-dataset\Bone Facture\FracAtlas\FracAtlas\images\Non_fractured\IMG0000646.jpg,images\Non_fractured\IMG0000646.jpg,FracAtlas,PAT_FA_00323,0,0,leg,0,0,373,454,3,fd2f63efd2a7e9523adc976a78e4ce9d,train
IMG0000647.jpg,D:\projects\MediMind\ai-prediction-service\test-dataset\Bone Facture\FracAtlas\FracAtlas\images\Non_fractured\IMG0000647.jpg,images\Non_fractured\IMG0000647.jpg,FracAtlas,PAT_FA_00323,0,0,leg,0,0,373,454,3,e208dd5d6b43e9637b43ba63caed8d57,train
IMG0000648.jpg,D:\projects\MediMind\ai-prediction-service\test-dataset\Bone Facture\FracAtlas\FracAtlas\images\Non_fractured\IMG0000648.jpg,images\Non_fractured\IMG0000648.jpg,FracAtlas,PAT_FA_00324,0,0,leg,0,0,373,454,1,e22f90b39294cfc9c86d7f95ce8d0e9c,train
IMG0000649.jpg,D:\projects\MediMind\ai-prediction-service\test-dataset\Bone Facture\FracAtlas\FracAtlas\images\Non_fractured\IMG0000649.jpg,images\Non_fractured\IMG0000649.jpg,FracAtlas,PAT_FA_00324,0,0,leg,0,0,454,373,3,f2cb4f8ccf16f9c3b862a48cafe7b0e6,train
IMG0000650.jpg,D:\projects\MediMind\ai-prediction-service\test-dataset\Bone Facture\FracAtlas\FracAtlas\images\Non_fractured\IMG0000650.jpg,images\Non_fractured\IMG0000650.jpg,FracAtlas,PAT_FA_00325,0,0,leg,0,0,373,454,3,9913f07e5e819bc26b37facc2fba5c4e,train
IMG0000651.jpg,D:\projects\MediMind\ai-prediction-service\test-dataset\Bone Facture\FracAtlas\FracAtlas\images\Non_fractured\IMG0000651.jpg,images\Non_fractured\IMG0000651.jpg,FracAtlas,PAT_FA_00325,0,0,leg,0,0,373,454,1,f0757bf5836fc62b3664f2ecce546558,train
IMG0000652.jpg,D:\projects\MediMind\ai-prediction-service\test-dataset\Bone Facture\FracAtlas\FracAtlas\images\Non_fractured\IMG0000652.jpg,images\Non_fractured\IMG0000652.jpg,FracAtlas,PAT_FA_00326,0,0,leg,0,0,454,373,1,43a82b4db54bc1ad894d1c4930480d44,train
IMG0000653.jpg,D:\projects\MediMind\ai-prediction-service\test-dataset\Bone Facture\FracAtlas\FracAtlas\images\Non_fractured\IMG0000653.jpg,images\Non_fractured\IMG0000653.jpg,FracAtlas,PAT_FA_00326,0,0,leg,0,0,373,454,3,87ceed48704111a10e7c2a668c4003f1,train
IMG0000656.jpg,D:\projects\MediMind\ai-prediction-service\test-dataset\Bone Facture\FracAtlas\FracAtlas\images\Non_fractured\IMG0000656.jpg,images\Non_fractured\IMG0000656.jpg,FracAtlas,PAT_FA_00328,0,0,leg,0,1,454,373,3,f2973f873fa8019f3fd6987648f00467,train
IMG0000657.jpg,D:\projects\MediMind\ai-prediction-service\test-dataset\Bone Facture\FracAtlas\FracAtlas\images\Non_fractured\IMG0000657.jpg,images\Non_fractured\IMG0000657.jpg,FracAtlas,PAT_FA_00328,0,0,hip,0,0,454,373,3,b67365be44d98f7121e9c91f6a6a1920,train
IMG0000660.jpg,D:\projects\MediMind\ai-prediction-service\test-dataset\Bone Facture\FracAtlas\FracAtlas\images\Non_fractured\IMG0000660.jpg,images\Non_fractured\IMG0000660.jpg,FracAtlas,PAT_FA_00330,0,0,leg,0,0,373,454,3,a85be0fe0e1ebfb3683c72ea2d349ecd,train
IMG0000661.jpg,D:\projects\MediMind\ai-prediction-service\test-dataset\Bone Facture\FracAtlas\FracAtlas\images\Non_fractured\IMG0000661.jpg,images\Non_fractured\IMG0000661.jpg,FracAtlas,PAT_FA_00330,0,0,hand,0,0,373,454,1,5fad25647d6a28af62187d31b777c7f5,train
IMG0000662.jpg,D:\projects\MediMind\ai-prediction-service\test-dataset\Bone Facture\FracAtlas\FracAtlas\images\Non_fractured\IMG0000662.jpg,images\Non_fractured\IMG0000662.jpg,FracAtlas,PAT_FA_00331,0,0,hand,0,0,454,373,3,3ee98a6fd2f8b431df56c8c67c75e44f,train
IMG0000663.jpg,D:\projects\MediMind\ai-prediction-service\test-dataset\Bone Facture\FracAtlas\FracAtlas\images\Non_fractured\IMG0000663.jpg,images\Non_fractured\IMG0000663.jpg,FracAtlas,PAT_FA_00331,0,0,hand,0,0,373,454,3,c38f4989c69e7aaa6655e0b17c8502be,train
IMG0000664.jpg,D:\projects\MediMind\ai-prediction-service\test-dataset\Bone Facture\FracAtlas\FracAtlas\images\Non_fractured\IMG0000664.jpg,images\Non_fractured\IMG0000664.jpg,FracAtlas,PAT_FA_00332,0,0,leg,0,0,373,454,3,8912b97516002cb504daef19a19c3c0b,train
IMG0000665.jpg,D:\projects\MediMind\ai-prediction-service\test-dataset\Bone Facture\FracAtlas\FracAtlas\images\Non_fractured\IMG0000665.jpg,images\Non_fractured\IMG0000665.jpg,FracAtlas,PAT_FA_00332,0,0,leg,0,0,454,373,3,808f801974d5f6abb4572463410b38a3,train
IMG0000666.jpg,D:\projects\MediMind\ai-prediction-service\test-dataset\Bone Facture\FracAtlas\FracAtlas\images\Non_fractured\IMG0000666.jpg,images\Non_fractured\IMG0000666.jpg,FracAtlas,PAT_FA_00333,0,0,leg,0,0,373,454,3,58ee1d53da5f620593f0be71a80cd802,train
IMG0000667.jpg,D:\projects\MediMind\ai-prediction-service\test-dataset\Bone Facture\FracAtlas\FracAtlas\images\Non_fractured\IMG0000667.jpg,images\Non_fractured\IMG0000667.jpg,FracAtlas,PAT_FA_00333,0,0,leg,0,0,373,454,3,ba2efcc86fe3ab9c754f8824eca1a283,train
IMG0000668.jpg,D:\projects\MediMind\ai-prediction-service\test-dataset\Bone Facture\FracAtlas\FracAtlas\images\Non_fractured\IMG0000668.jpg,images\Non_fractured\IMG0000668.jpg,FracAtlas,PAT_FA_00334,0,0,leg,0,0,454,373,3,ed1e4c8e88bbbb68c849cd67264a9316,train
IMG0000669.jpg,D:\projects\MediMind\ai-prediction-service\test-dataset\Bone Facture\FracAtlas\FracAtlas\images\Non_fractured\IMG0000669.jpg,images\Non_fractured\IMG0000669.jpg,FracAtlas,PAT_FA_00334,0,0,leg,0,0,373,454,3,14a68ae6e4df49a182d2022e99aeddfe,train
IMG0000670.jpg,D:\projects\MediMind\ai-prediction-service\test-dataset\Bone Facture\FracAtlas\FracAtlas\images\Non_fractured\IMG0000670.jpg,images\Non_fractured\IMG0000670.jpg,FracAtlas,PAT_FA_00335,0,0,leg,0,0,373,454,3,ad5c98fd89d6b6472d905e69ba9b9d93,train
IMG0000671.jpg,D:\projects\MediMind\ai-prediction-service\test-dataset\Bone Facture\FracAtlas\FracAtlas\images\Fractured\IMG0000671.jpg,images\Fractured\IMG0000671.jpg,FracAtlas,PAT_FA_00335,1,1,hand,0,0,373,454,3,d36a60807657280760dd1537fe2d062c,train
IMG0000674.jpg,D:\projects\MediMind\ai-prediction-service\test-dataset\Bone Facture\FracAtlas\FracAtlas\images\Non_fractured\IMG0000674.jpg,images\Non_fractured\IMG0000674.jpg,FracAtlas,PAT_FA_00337,0,0,hand,0,0,373,454,3,dea9a89cab80253e2fac4f939462596b,train
IMG0000675.jpg,D:\projects\MediMind\ai-prediction-service\test-dataset\Bone Facture\FracAtlas\FracAtlas\images\Non_fractured\IMG0000675.jpg,images\Non_fractured\IMG0000675.jpg,FracAtlas,PAT_FA_00337,0,0,hand,0,0,373,454,3,c11817fad3fc0f1cc0861b4e308047fe,train
IMG0000676.jpg,D:\projects\MediMind\ai-prediction-service\test-dataset\Bone Facture\FracAtlas\FracAtlas\images\Non_fractured\IMG0000676.jpg,images\Non_fractured\IMG0000676.jpg,FracAtlas,PAT_FA_00338,0,0,hand,0,0,373,454,3,d810aec4c96e815b9726cc50c1edd4d1,train
IMG0000677.jpg,D:\projects\MediMind\ai-prediction-service\test-dataset\Bone Facture\FracAtlas\FracAtlas\images\Non_fractured\IMG0000677.jpg,images\Non_fractured\IMG0000677.jpg,FracAtlas,PAT_FA_00338,0,0,leg,0,0,373,454,3,2429511f042a326cd1e78fecbd86f2f7,train
IMG0000680.jpg,D:\projects\MediMind\ai-prediction-service\test-dataset\Bone Facture\FracAtlas\FracAtlas\images\Non_fractured\IMG0000680.jpg,images\Non_fractured\IMG0000680.jpg,FracAtlas,PAT_FA_00340,0,0,hip,0,0,373,454,1,6e95e59798b57b43e80125ae9c08f891,train
IMG0000681.jpg,D:\projects\MediMind\ai-prediction-service\test-dataset\Bone Facture\FracAtlas\FracAtlas\images\Non_fractured\IMG0000681.jpg,images\Non_fractured\IMG0000681.jpg,FracAtlas,PAT_FA_00340,0,0,hip,0,0,454,373,3,1f56dca58cb88396a6f4891dcd439e7a,train
IMG0000682.jpg,D:\projects\MediMind\ai-prediction-service\test-dataset\Bone Facture\FracAtlas\FracAtlas\images\Non_fractured\IMG0000682.jpg,images\Non_fractured\IMG0000682.jpg,FracAtlas,PAT_FA_00341,0,0,leg,0,0,373,454,3,49825bcc55fc10fc2dd17d9d4f94fd20,train
IMG0000683.jpg,D:\projects\MediMind\ai-prediction-service\test-dataset\Bone Facture\FracAtlas\FracAtlas\images\Non_fractured\IMG0000683.jpg,images\Non_fractured\IMG0000683.jpg,FracAtlas,PAT_FA_00341,0,0,leg,0,0,373,454,3,83ad4d0146413e27aead21130bb2ecba,train
IMG0000684.jpg,D:\projects\MediMind\ai-prediction-service\test-dataset\Bone Facture\FracAtlas\FracAtlas\images\Non_fractured\IMG0000684.jpg,images\Non_fractured\IMG0000684.jpg,FracAtlas,PAT_FA_00342,0,0,leg,0,0,373,454,3,f2f1c51a504f72f8c7c45b6383092ab6,train
IMG0000685.jpg,D:\projects\MediMind\ai-prediction-service\test-dataset\Bone Facture\FracAtlas\FracAtlas\images\Non_fractured\IMG0000685.jpg,images\Non_fractured\IMG0000685.jpg,FracAtlas,PAT_FA_00342,0,0,leg,0,0,373,454,3,fe32c169604f6dd77818455dd1dd3a12,train
IMG0000686.jpg,D:\projects\MediMind\ai-prediction-service\test-dataset\Bone Facture\FracAtlas\FracAtlas\images\Non_fractured\IMG0000686.jpg,images\Non_fractured\IMG0000686.jpg,FracAtlas,PAT_FA_00343,0,0,leg,0,0,373,454,3,b44bef3dd839a9c68a1e4ebb3d590563,train
IMG0000687.jpg,D:\projects\MediMind\ai-prediction-service\test-dataset\Bone Facture\FracAtlas\FracAtlas\images\Non_fractured\IMG0000687.jpg,images\Non_fractured\IMG0000687.jpg,FracAtlas,PAT_FA_00343,0,0,leg,0,0,454,373,3,fd9758672c84d4b043f543fb4f9dec6a,train
IMG0000688.jpg,D:\projects\MediMind\ai-prediction-service\test-dataset\Bone Facture\FracAtlas\FracAtlas\images\Non_fractured\IMG0000688.jpg,images\Non_fractured\IMG0000688.jpg,FracAtlas,PAT_FA_00344,0,0,leg,0,0,373,454,3,e9b8433d1ef82658302c985608278819,train
IMG0000689.jpg,D:\projects\MediMind\ai-prediction-service\test-dataset\Bone Facture\FracAtlas\FracAtlas\images\Non_fractured\IMG0000689.jpg,images\Non_fractured\IMG0000689.jpg,FracAtlas,PAT_FA_00344,0,0,leg,0,0,454,373,3,6576042d656a86d142cbd7de37d1ee87,train
IMG0000690.jpg,D:\projects\MediMind\ai-prediction-service\test-dataset\Bone Facture\FracAtlas\FracAtlas\images\Non_fractured\IMG0000690.jpg,images\Non_fractured\IMG0000690.jpg,FracAtlas,PAT_FA_00345,0,0,leg,0,0,373,454,3,d7e017c13b4de9aacd3d0f280a5d2ca1,train
IMG0000691.jpg,D:\projects\MediMind\ai-prediction-service\test-dataset\Bone Facture\FracAtlas\FracAtlas\images\Non_fractured\IMG0000691.jpg,images\Non_fractured\IMG0000691.jpg,FracAtlas,PAT_FA_00345,0,0,leg,0,0,454,373,3,17349c30071d9f573bbdd84c1a9a768e,train
IMG0000692.jpg,D:\projects\MediMind\ai-prediction-service\test-dataset\Bone Facture\FracAtlas\FracAtlas\images\Fractured\IMG0000692.jpg,images\Fractured\IMG0000692.jpg,FracAtlas,PAT_FA_00346,1,1,hand,0,0,373,454,3,6000662647f380d8aa791e83e3d702c7,train
IMG0000693.jpg,D:\projects\MediMind\ai-prediction-service\test-dataset\Bone Facture\FracAtlas\FracAtlas\images\Non_fractured\IMG0000693.jpg,images\Non_fractured\IMG0000693.jpg,FracAtlas,PAT_FA_00346,0,0,leg,0,0,373,454,3,f38fbfeb19d3f665d42a39bcbc371018,train
IMG0000694.jpg,D:\projects\MediMind\ai-prediction-service\test-dataset\Bone Facture\FracAtlas\FracAtlas\images\Non_fractured\IMG0000694.jpg,images\Non_fractured\IMG0000694.jpg,FracAtlas,PAT_FA_00347,0,0,leg,0,0,373,454,3,ea600d4cc554fb18dc9abdb44683b308,train
IMG0000695.jpg,D:\projects\MediMind\ai-prediction-service\test-dataset\Bone Facture\FracAtlas\FracAtlas\images\Non_fractured\IMG0000695.jpg,images\Non_fractured\IMG0000695.jpg,FracAtlas,PAT_FA_00347,0,0,hand,0,0,454,373,3,9d5f52934e32c1e8907ce99246d2da5c,train
IMG0000696.jpg,D:\projects\MediMind\ai-prediction-service\test-dataset\Bone Facture\FracAtlas\FracAtlas\images\Non_fractured\IMG0000696.jpg,images\Non_fractured\IMG0000696.jpg,FracAtlas,PAT_FA_00348,0,0,hand,0,0,454,373,3,919c71d0b26332d5e848aabcf3a90678,train
IMG0000697.jpg,D:\projects\MediMind\ai-prediction-service\test-dataset\Bone Facture\FracAtlas\FracAtlas\images\Non_fractured\IMG0000697.jpg,images\Non_fractured\IMG0000697.jpg,FracAtlas,PAT_FA_00348,0,0,leg,0,0,373,454,3,8d1108b4409ab6a8e817de283df26af8,train
IMG0000700.jpg,D:\projects\MediMind\ai-prediction-service\test-dataset\Bone Facture\FracAtlas\FracAtlas\images\Non_fractured\IMG0000700.jpg,images\Non_fractured\IMG0000700.jpg,FracAtlas,PAT_FA_00350,0,0,leg,0,0,373,454,3,7782565ca0129b6e308b2085b8dfe81e,train
IMG0000701.jpg,D:\projects\MediMind\ai-prediction-service\test-dataset\Bone Facture\FracAtlas\FracAtlas\images\Non_fractured\IMG0000701.jpg,images\Non_fractured\IMG0000701.jpg,FracAtlas,PAT_FA_00350,0,0,hand,0,0,373,454,3,aa1dbf166c9a437990772b622bd99602,train
IMG0000702.jpg,D:\projects\MediMind\ai-prediction-service\test-dataset\Bone Facture\FracAtlas\FracAtlas\images\Fractured\IMG0000702.jpg,images\Fractured\IMG0000702.jpg,FracAtlas,PAT_FA_00351,1,1,hand,0,0,373,454,3,f3ab5249c78e4ff00f1da547053980a2,train
IMG0000703.jpg,D:\projects\MediMind\ai-prediction-service\test-dataset\Bone Facture\FracAtlas\FracAtlas\images\Non_fractured\IMG0000703.jpg,images\Non_fractured\IMG0000703.jpg,FracAtlas,PAT_FA_00351,0,0,leg,0,0,373,454,3,2a73473db0adf6c13184e0455618a76d,train
IMG0000706.jpg,D:\projects\MediMind\ai-prediction-service\test-dataset\Bone Facture\FracAtlas\FracAtlas\images\Non_fractured\IMG0000706.jpg,images\Non_fractured\IMG0000706.jpg,FracAtlas,PAT_FA_00353,0,0,leg,0,0,373,454,3,8531c60637b0ba9eb834e246434b6483,train
IMG0000707.jpg,D:\projects\MediMind\ai-prediction-service\test-dataset\Bone Facture\FracAtlas\FracAtlas\images\Non_fractured\IMG0000707.jpg,images\Non_fractured\IMG0000707.jpg,FracAtlas,PAT_FA_00353,0,0,hip,0,0,454,373,3,3d2ae4a161c12d29861cfcae076649ce,train
IMG0000710.jpg,D:\projects\MediMind\ai-prediction-service\test-dataset\Bone Facture\FracAtlas\FracAtlas\images\Non_fractured\IMG0000710.jpg,images\Non_fractured\IMG0000710.jpg,FracAtlas,PAT_FA_00355,0,0,leg,0,0,373,454,3,6caa6f94c7d4fc1d04481bc3ba477b2c,train
IMG0000711.jpg,D:\projects\MediMind\ai-prediction-service\test-dataset\Bone Facture\FracAtlas\FracAtlas\images\Non_fractured\IMG0000711.jpg,images\Non_fractured\IMG0000711.jpg,FracAtlas,PAT_FA_00355,0,0,leg,0,0,373,454,3,e706df75bec7dfbdbbdf255043cc1512,train
IMG0000712.jpg,D:\projects\MediMind\ai-prediction-service\test-dataset\Bone Facture\FracAtlas\FracAtlas\images\Non_fractured\IMG0000712.jpg,images\Non_fractured\IMG0000712.jpg,FracAtlas,PAT_FA_00356,0,0,leg,0,1,373,454,3,902ce192796b825c61c38ab406134e82,train
IMG0000713.jpg,D:\projects\MediMind\ai-prediction-service\test-dataset\Bone Facture\FracAtlas\FracAtlas\images\Non_fractured\IMG0000713.jpg,images\Non_fractured\IMG0000713.jpg,FracAtlas,PAT_FA_00356,0,0,hand,0,0,373,454,3,f8fc86340a224fa19d0dc03fc48780a8,train
IMG0000716.jpg,D:\projects\MediMind\ai-prediction-service\test-dataset\Bone Facture\FracAtlas\FracAtlas\images\Non_fractured\IMG0000716.jpg,images\Non_fractured\IMG0000716.jpg,FracAtlas,PAT_FA_00358,0,0,leg,0,0,373,454,3,e21e7c8768e21daeeca0cac9e4e05acf,train
IMG0000717.jpg,D:\projects\MediMind\ai-prediction-service\test-dataset\Bone Facture\FracAtlas\FracAtlas\images\Non_fractured\IMG0000717.jpg,images\Non_fractured\IMG0000717.jpg,FracAtlas,PAT_FA_00358,0,0,leg,0,0,373,454,3,99b62ff8b3ac528b81e622da4178b259,train
IMG0000718.jpg,D:\projects\MediMind\ai-prediction-service\test-dataset\Bone Facture\FracAtlas\FracAtlas\images\Non_fractured\IMG0000718.jpg,images\Non_fractured\IMG0000718.jpg,FracAtlas,PAT_FA_00359,0,0,leg,0,0,373,454,3,efa47d7fd0ef69d58ae0cdace7f6dbfe,train
IMG0000719.jpg,D:\projects\MediMind\ai-prediction-service\test-dataset\Bone Facture\FracAtlas\FracAtlas\images\Non_fractured\IMG0000719.jpg,images\Non_fractured\IMG0000719.jpg,FracAtlas,PAT_FA_00359,0,0,hand,0,0,373,454,3,cf37532b553293e1ff17f85e4c894b30,train
IMG0000720.jpg,D:\projects\MediMind\ai-prediction-service\test-dataset\Bone Facture\FracAtlas\FracAtlas\images\Non_fractured\IMG0000720.jpg,images\Non_fractured\IMG0000720.jpg,FracAtlas,PAT_FA_00360,0,0,hand,0,0,373,454,3,b9ad0a0c4836b97a33256cd9e82008bd,train
IMG0000721.jpg,D:\projects\MediMind\ai-prediction-service\test-dataset\Bone Facture\FracAtlas\FracAtlas\images\Non_fractured\IMG0000721.jpg,images\Non_fractured\IMG0000721.jpg,FracAtlas,PAT_FA_00360,0,0,leg,0,1,373,454,3,571bdb4f90083bd0afd93e79141b8997,train
IMG0000722.jpg,D:\projects\MediMind\ai-prediction-service\test-dataset\Bone Facture\FracAtlas\FracAtlas\images\Non_fractured\IMG0000722.jpg,images\Non_fractured\IMG0000722.jpg,FracAtlas,PAT_FA_00361,0,0,leg,0,0,373,454,3,da4ba0084cc5cea662d35b219b012a18,train
IMG0000723.jpg,D:\projects\MediMind\ai-prediction-service\test-dataset\Bone Facture\FracAtlas\FracAtlas\images\Non_fractured\IMG0000723.jpg,images\Non_fractured\IMG0000723.jpg,FracAtlas,PAT_FA_00361,0,0,leg,0,0,454,373,3,5a91dc2bba6bb5aa4f3874b6e1675a98,train
IMG0000724.jpg,D:\projects\MediMind\ai-prediction-service\test-dataset\Bone Facture\FracAtlas\FracAtlas\images\Non_fractured\IMG0000724.jpg,images\Non_fractured\IMG0000724.jpg,FracAtlas,PAT_FA_00362,0,0,leg,0,0,373,454,3,8b30337ba3f202d3a800ed1f8f3067c7,train
IMG0000725.jpg,D:\projects\MediMind\ai-prediction-service\test-dataset\Bone Facture\FracAtlas\FracAtlas\images\Non_fractured\IMG0000725.jpg,images\Non_fractured\IMG0000725.jpg,FracAtlas,PAT_FA_00362,0,0,leg,0,0,373,454,3,13083e4b80df21b543de5025946b39ab,train
IMG0000726.jpg,D:\projects\MediMind\ai-prediction-service\test-dataset\Bone Facture\FracAtlas\FracAtlas\images\Non_fractured\IMG0000726.jpg,images\Non_fractured\IMG0000726.jpg,FracAtlas,PAT_FA_00363,0,0,hip,0,0,373,454,1,bd00b329b477752799cfd9ca165ec74b,train
IMG0000727.jpg,D:\projects\MediMind\ai-prediction-service\test-dataset\Bone Facture\FracAtlas\FracAtlas\images\Non_fractured\IMG0000727.jpg,images\Non_fractured\IMG0000727.jpg,FracAtlas,PAT_FA_00363,0,0,hip,0,0,454,373,3,c2879b2e0832ed618a535054106dea2f,train
IMG0000728.jpg,D:\projects\MediMind\ai-prediction-service\test-dataset\Bone Facture\FracAtlas\FracAtlas\images\Non_fractured\IMG0000728.jpg,images\Non_fractured\IMG0000728.jpg,FracAtlas,PAT_FA_00364,0,0,hand,0,0,373,454,3,ed9ddd2d25f6f83272c624b1757848eb,train
IMG0000729.jpg,D:\projects\MediMind\ai-prediction-service\test-dataset\Bone Facture\FracAtlas\FracAtlas\images\Non_fractured\IMG0000729.jpg,images\Non_fractured\IMG0000729.jpg,FracAtlas,PAT_FA_00364,0,0,hand,0,0,373,454,3,25a34611c7dbf27e36e97c2b75a71979,train
IMG0000730.jpg,D:\projects\MediMind\ai-prediction-service\test-dataset\Bone Facture\FracAtlas\FracAtlas\images\Non_fractured\IMG0000730.jpg,images\Non_fractured\IMG0000730.jpg,FracAtlas,PAT_FA_00365,0,0,leg,0,0,373,454,3,68c30a83c9d7d29b4ad4666e452de440,train
IMG0000731.jpg,D:\projects\MediMind\ai-prediction-service\test-dataset\Bone Facture\FracAtlas\FracAtlas\images\Non_fractured\IMG0000731.jpg,images\Non_fractured\IMG0000731.jpg,FracAtlas,PAT_FA_00365,0,0,leg,0,0,454,373,3,9abe0c0f7146bd5881136afe9b001068,train
IMG0000732.jpg,D:\projects\MediMind\ai-prediction-service\test-dataset\Bone Facture\FracAtlas\FracAtlas\images\Non_fractured\IMG0000732.jpg,images\Non_fractured\IMG0000732.jpg,FracAtlas,PAT_FA_00366,0,0,leg,0,0,373,454,3,e245ba545bcb16fe387ed742495e662b,train
IMG0000733.jpg,D:\projects\MediMind\ai-prediction-service\test-dataset\Bone Facture\FracAtlas\FracAtlas\images\Non_fractured\IMG0000733.jpg,images\Non_fractured\IMG0000733.jpg,FracAtlas,PAT_FA_00366,0,0,leg,0,0,373,454,3,6885eb573b30d21c416bbd3729d1e39e,train
IMG0000736.jpg,D:\projects\MediMind\ai-prediction-service\test-dataset\Bone Facture\FracAtlas\FracAtlas\images\Non_fractured\IMG0000736.jpg,images\Non_fractured\IMG0000736.jpg,FracAtlas,PAT_FA_00368,0,0,leg,0,0,454,373,3,2590364c336092baae6619684fee65bc,train
IMG0000737.jpg,D:\projects\MediMind\ai-prediction-service\test-dataset\Bone Facture\FracAtlas\FracAtlas\images\Non_fractured\IMG0000737.jpg,images\Non_fractured\IMG0000737.jpg,FracAtlas,PAT_FA_00368,0,0,leg,0,0,373,454,3,77b42eb560b83f3b6cb5dc820079ef98,train
IMG0000738.jpg,D:\projects\MediMind\ai-prediction-service\test-dataset\Bone Facture\FracAtlas\FracAtlas\images\Non_fractured\IMG0000738.jpg,images\Non_fractured\IMG0000738.jpg,FracAtlas,PAT_FA_00369,0,0,leg,0,0,373,454,3,858359fdaf7d113866f904b96b1868ca,train
IMG0000739.jpg,D:\projects\MediMind\ai-prediction-service\test-dataset\Bone Facture\FracAtlas\FracAtlas\images\Non_fractured\IMG0000739.jpg,images\Non_fractured\IMG0000739.jpg,FracAtlas,PAT_FA_00369,0,0,leg,0,0,373,454,3,911e2a7798498e26026791e398fcb4c4,train
IMG0000740.jpg,D:\projects\MediMind\ai-prediction-service\test-dataset\Bone Facture\FracAtlas\FracAtlas\images\Non_fractured\IMG0000740.jpg,images\Non_fractured\IMG0000740.jpg,FracAtlas,PAT_FA_00370,0,0,leg,0,0,373,454,3,2f3a1882c8f9a24ab899af17252dcbd6,train
IMG0000741.jpg,D:\projects\MediMind\ai-prediction-service\test-dataset\Bone Facture\FracAtlas\FracAtlas\images\Non_fractured\IMG0000741.jpg,images\Non_fractured\IMG0000741.jpg,FracAtlas,PAT_FA_00370,0,0,leg,0,0,373,454,3,ac6f725f4a914a0cff5ab3c3f1d7901a,train
IMG0000742.jpg,D:\projects\MediMind\ai-prediction-service\test-dataset\Bone Facture\FracAtlas\FracAtlas\images\Non_fractured\IMG0000742.jpg,images\Non_fractured\IMG0000742.jpg,FracAtlas,PAT_FA_00371,0,0,leg,0,0,373,454,1,3b9d965936a732020375e6a86947311a,train
IMG0000743.jpg,D:\projects\MediMind\ai-prediction-service\test-dataset\Bone Facture\FracAtlas\FracAtlas\images\Non_fractured\IMG0000743.jpg,images\Non_fractured\IMG0000743.jpg,FracAtlas,PAT_FA_00371,0,0,leg,0,0,373,454,3,f5b2592191808111b9f26ec8bcb45a50,train
IMG0000746.jpg,D:\projects\MediMind\ai-prediction-service\test-dataset\Bone Facture\FracAtlas\FracAtlas\images\Non_fractured\IMG0000746.jpg,images\Non_fractured\IMG0000746.jpg,FracAtlas,PAT_FA_00373,0,0,leg,0,0,454,373,3,710fc1f4e30d0d9d90ff7ea904206845,train
IMG0000747.jpg,D:\projects\MediMind\ai-prediction-service\test-dataset\Bone Facture\FracAtlas\FracAtlas\images\Non_fractured\IMG0000747.jpg,images\Non_fractured\IMG0000747.jpg,FracAtlas,PAT_FA_00373,0,0,leg,0,0,373,454,3,9e92d9457999473bd5cd4483a19ec066,train
IMG0000750.jpg,D:\projects\MediMind\ai-prediction-service\test-dataset\Bone Facture\FracAtlas\FracAtlas\images\Fractured\IMG0000750.jpg,images\Fractured\IMG0000750.jpg,FracAtlas,PAT_FA_00375,1,1,hand,0,0,373,454,3,a6444bffe10c5034eae2569fb37a35ab,train
IMG0000751.jpg,D:\projects\MediMind\ai-prediction-service\test-dataset\Bone Facture\FracAtlas\FracAtlas\images\Fractured\IMG0000751.jpg,images\Fractured\IMG0000751.jpg,FracAtlas,PAT_FA_00375,1,1,hand,0,0,373,454,3,135973bd837f399e87e43b0045e84e8d,train
IMG0000752.jpg,D:\projects\MediMind\ai-prediction-service\test-dataset\Bone Facture\FracAtlas\FracAtlas\images\Non_fractured\IMG0000752.jpg,images\Non_fractured\IMG0000752.jpg,FracAtlas,PAT_FA_00376,0,0,leg,0,0,373,454,3,c3c4e282c0a8b98ab6dbaa7600fb272d,train
IMG0000753.jpg,D:\projects\MediMind\ai-prediction-service\test-dataset\Bone Facture\FracAtlas\FracAtlas\images\Non_fractured\IMG0000753.jpg,images\Non_fractured\IMG0000753.jpg,FracAtlas,PAT_FA_00376,0,0,leg,0,0,454,373,3,a0d8f705416ff2c2c9ad075131d57285,train
IMG0000754.jpg,D:\projects\MediMind\ai-prediction-service\test-dataset\Bone Facture\FracAtlas\FracAtlas\images\Non_fractured\IMG0000754.jpg,images\Non_fractured\IMG0000754.jpg,FracAtlas,PAT_FA_00377,0,0,hand,0,0,373,454,3,7e9ce85d28410c200702a20b366dd410,train
IMG0000755.jpg,D:\projects\MediMind\ai-prediction-service\test-dataset\Bone Facture\FracAtlas\FracAtlas\images\Non_fractured\IMG0000755.jpg,images\Non_fractured\IMG0000755.jpg,FracAtlas,PAT_FA_00377,0,0,hand,0,0,373,454,3,b1fdc1c394f29a5c35aa5a75e793b31f,train
IMG0000758.jpg,D:\projects\MediMind\ai-prediction-service\test-dataset\Bone Facture\FracAtlas\FracAtlas\images\Fractured\IMG0000758.jpg,images\Fractured\IMG0000758.jpg,FracAtlas,PAT_FA_00379,1,1,hand,0,0,373,454,3,19651b46047a347d120391b1d1e3ce67,train
IMG0000759.jpg,D:\projects\MediMind\ai-prediction-service\test-dataset\Bone Facture\FracAtlas\FracAtlas\images\Non_fractured\IMG0000759.jpg,images\Non_fractured\IMG0000759.jpg,FracAtlas,PAT_FA_00379,0,0,hand,0,0,454,373,3,19a3d53a23bbad56f4ba78e94cc0bebe,train
IMG0000760.jpg,D:\projects\MediMind\ai-prediction-service\test-dataset\Bone Facture\FracAtlas\FracAtlas\images\Non_fractured\IMG0000760.jpg,images\Non_fractured\IMG0000760.jpg,FracAtlas,PAT_FA_00380,0,0,hand,0,0,454,373,3,74d4cfa9a3c948d614e86416029499c6,train
IMG0000761.jpg,D:\projects\MediMind\ai-prediction-service\test-dataset\Bone Facture\FracAtlas\FracAtlas\images\Non_fractured\IMG0000761.jpg,images\Non_fractured\IMG0000761.jpg,FracAtlas,PAT_FA_00380,0,0,hand,0,0,454,373,3,b6b0b2592ed683a8097f3924746c3bf3,train
IMG0000764.jpg,D:\projects\MediMind\ai-prediction-service\test-dataset\Bone Facture\FracAtlas\FracAtlas\images\Non_fractured\IMG0000764.jpg,images\Non_fractured\IMG0000764.jpg,FracAtlas,PAT_FA_00382,0,0,hand,0,0,373,454,3,be0e623d74fef0919b00f41d597f7035,train
IMG0000765.jpg,D:\projects\MediMind\ai-prediction-service\test-dataset\Bone Facture\FracAtlas\FracAtlas\images\Non_fractured\IMG0000765.jpg,images\Non_fractured\IMG0000765.jpg,FracAtlas,PAT_FA_00382,0,0,leg,0,0,373,454,3,6aefb0e4718b38114210746c6e0e92df,train
IMG0000768.jpg,D:\projects\MediMind\ai-prediction-service\test-dataset\Bone Facture\FracAtlas\FracAtlas\images\Non_fractured\IMG0000768.jpg,images\Non_fractured\IMG0000768.jpg,FracAtlas,PAT_FA_00384,0,0,leg,0,0,373,454,3,c93fe4a59e0de89d1bd6dafae5bf517a,train
IMG0000769.jpg,D:\projects\MediMind\ai-prediction-service\test-dataset\Bone Facture\FracAtlas\FracAtlas\images\Non_fractured\IMG0000769.jpg,images\Non_fractured\IMG0000769.jpg,FracAtlas,PAT_FA_00384,0,0,hand,0,0,373,454,3,c3a23857373b429fbafa285c7e6550de,train
IMG0000772.jpg,D:\projects\MediMind\ai-prediction-service\test-dataset\Bone Facture\FracAtlas\FracAtlas\images\Non_fractured\IMG0000772.jpg,images\Non_fractured\IMG0000772.jpg,FracAtlas,PAT_FA_00386,0,0,leg,0,0,373,454,3,204c930db42c6d9cb7ffc17ecdf1b177,train
IMG0000773.jpg,D:\projects\MediMind\ai-prediction-service\test-dataset\Bone Facture\FracAtlas\FracAtlas\images\Non_fractured\IMG0000773.jpg,images\Non_fractured\IMG0000773.jpg,FracAtlas,PAT_FA_00386,0,0,leg,0,0,454,373,3,3fe26b5c4d118e903a09897dd2c5ee02,train
IMG0000774.jpg,D:\projects\MediMind\ai-prediction-service\test-dataset\Bone Facture\FracAtlas\FracAtlas\images\Non_fractured\IMG0000774.jpg,images\Non_fractured\IMG0000774.jpg,FracAtlas,PAT_FA_00387,0,0,leg,0,0,373,454,3,678ff2788effd44750e1164f3bc4726b,train
IMG0000775.jpg,D:\projects\MediMind\ai-prediction-service\test-dataset\Bone Facture\FracAtlas\FracAtlas\images\Non_fractured\IMG0000775.jpg,images\Non_fractured\IMG0000775.jpg,FracAtlas,PAT_FA_00387,0,0,leg,0,0,454,373,3,5f30f94cf7de4e58a217ff8cc79dbb2d,train
IMG0000776.jpg,D:\projects\MediMind\ai-prediction-service\test-dataset\Bone Facture\FracAtlas\FracAtlas\images\Fractured\IMG0000776.jpg,images\Fractured\IMG0000776.jpg,FracAtlas,PAT_FA_00388,1,1,leg,1,0,373,454,3,c063c48bb71398d45800fc57fcc803f8,train
IMG0000777.jpg,D:\projects\MediMind\ai-prediction-service\test-dataset\Bone Facture\FracAtlas\FracAtlas\images\Fractured\IMG0000777.jpg,images\Fractured\IMG0000777.jpg,FracAtlas,PAT_FA_00388,1,1,leg,1,0,373,454,3,aa277274b7b7257be19a39f90a2b46eb,train
IMG0000778.jpg,D:\projects\MediMind\ai-prediction-service\test-dataset\Bone Facture\FracAtlas\FracAtlas\images\Non_fractured\IMG0000778.jpg,images\Non_fractured\IMG0000778.jpg,FracAtlas,PAT_FA_00389,0,0,hip,0,0,454,373,3,f8f253bb018c71a7cd94424ff856cb5d,train
IMG0000779.jpg,D:\projects\MediMind\ai-prediction-service\test-dataset\Bone Facture\FracAtlas\FracAtlas\images\Non_fractured\IMG0000779.jpg,images\Non_fractured\IMG0000779.jpg,FracAtlas,PAT_FA_00389,0,0,leg,0,1,454,373,3,112b794a338f482b327a7c0a1c88fbd3,train
IMG0000780.jpg,D:\projects\MediMind\ai-prediction-service\test-dataset\Bone Facture\FracAtlas\FracAtlas\images\Non_fractured\IMG0000780.jpg,images\Non_fractured\IMG0000780.jpg,FracAtlas,PAT_FA_00390,0,0,leg,0,1,373,454,3,03756903a3584fcfb43e82e19b09428f,train
IMG0000781.jpg,D:\projects\MediMind\ai-prediction-service\test-dataset\Bone Facture\FracAtlas\FracAtlas\images\Non_fractured\IMG0000781.jpg,images\Non_fractured\IMG0000781.jpg,FracAtlas,PAT_FA_00390,0,0,hip,0,0,373,454,3,5b2d2ac609e365ccdca3bc752aad2927,train
IMG0000782.jpg,D:\projects\MediMind\ai-prediction-service\test-dataset\Bone Facture\FracAtlas\FracAtlas\images\Non_fractured\IMG0000782.jpg,images\Non_fractured\IMG0000782.jpg,FracAtlas,PAT_FA_00391,0,0,hand,0,0,373,454,3,2dc50509427507925260f30ca3816e84,train
IMG0000783.jpg,D:\projects\MediMind\ai-prediction-service\test-dataset\Bone Facture\FracAtlas\FracAtlas\images\Non_fractured\IMG0000783.jpg,images\Non_fractured\IMG0000783.jpg,FracAtlas,PAT_FA_00391,0,0,hand,0,0,454,373,3,57fce16d99f9f6f7425bcf4c98e961bb,train
IMG0000784.jpg,D:\projects\MediMind\ai-prediction-service\test-dataset\Bone Facture\FracAtlas\FracAtlas\images\Non_fractured\IMG0000784.jpg,images\Non_fractured\IMG0000784.jpg,FracAtlas,PAT_FA_00392,0,0,hip,0,0,454,373,3,e01f677aabdbe3dc7dd117a341ed309e,train
IMG0000785.jpg,D:\projects\MediMind\ai-prediction-service\test-dataset\Bone Facture\FracAtlas\FracAtlas\images\Non_fractured\IMG0000785.jpg,images\Non_fractured\IMG0000785.jpg,FracAtlas,PAT_FA_00392,0,0,leg,0,0,373,454,3,36cc645dbb8c2d98d43047e754fac2c2,train
IMG0000786.jpg,D:\projects\MediMind\ai-prediction-service\test-dataset\Bone Facture\FracAtlas\FracAtlas\images\Non_fractured\IMG0000786.jpg,images\Non_fractured\IMG0000786.jpg,FracAtlas,PAT_FA_00393,0,0,leg,0,0,373,454,3,f077c2b82e217c4c24ab10bff0cd9dae,train
IMG0000787.jpg,D:\projects\MediMind\ai-prediction-service\test-dataset\Bone Facture\FracAtlas\FracAtlas\images\Non_fractured\IMG0000787.jpg,images\Non_fractured\IMG0000787.jpg,FracAtlas,PAT_FA_00393,0,0,leg,0,0,373,454,3,bb305aa21cf64a794a111fb4b202094e,train
IMG0000788.jpg,D:\projects\MediMind\ai-prediction-service\test-dataset\Bone Facture\FracAtlas\FracAtlas\images\Non_fractured\IMG0000788.jpg,images\Non_fractured\IMG0000788.jpg,FracAtlas,PAT_FA_00394,0,0,leg,0,0,454,373,3,5c3e0c39c302fbabb48b8399d72ddf30,train
IMG0000789.jpg,D:\projects\MediMind\ai-prediction-service\test-dataset\Bone Facture\FracAtlas\FracAtlas\images\Non_fractured\IMG0000789.jpg,images\Non_fractured\IMG0000789.jpg,FracAtlas,PAT_FA_00394,0,0,hip,0,0,373,454,1,6f26aa181dd776b76314ef58f35947f4,train
IMG0000790.jpg,D:\projects\MediMind\ai-prediction-service\test-dataset\Bone Facture\FracAtlas\FracAtlas\images\Non_fractured\IMG0000790.jpg,images\Non_fractured\IMG0000790.jpg,FracAtlas,PAT_FA_00395,0,0,hip,0,0,454,373,3,435c57dad445e0e8963392c4a951b3b4,train
IMG0000791.jpg,D:\projects\MediMind\ai-prediction-service\test-dataset\Bone Facture\FracAtlas\FracAtlas\images\Non_fractured\IMG0000791.jpg,images\Non_fractured\IMG0000791.jpg,FracAtlas,PAT_FA_00395,0,0,leg,0,0,373,454,3,f20c09c4efa8c00909e203ecce4101a4,train
IMG0000792.jpg,D:\projects\MediMind\ai-prediction-service\test-dataset\Bone Facture\FracAtlas\FracAtlas\images\Non_fractured\IMG0000792.jpg,images\Non_fractured\IMG0000792.jpg,FracAtlas,PAT_FA_00396,0,0,leg,0,0,373,454,3,83a8178085eb7133107d26f53c651477,train
IMG0000793.jpg,D:\projects\MediMind\ai-prediction-service\test-dataset\Bone Facture\FracAtlas\FracAtlas\images\Non_fractured\IMG0000793.jpg,images\Non_fractured\IMG0000793.jpg,FracAtlas,PAT_FA_00396,0,0,hand,0,0,373,454,3,8173b4328f0026a486efb9bf6a56f881,train
IMG0000796.jpg,D:\projects\MediMind\ai-prediction-service\test-dataset\Bone Facture\FracAtlas\FracAtlas\images\Non_fractured\IMG0000796.jpg,images\Non_fractured\IMG0000796.jpg,FracAtlas,PAT_FA_00398,0,0,shoulder,0,0,373,454,3,b00dc167ec4215486d1844d066fb0d98,train
IMG0000797.jpg,D:\projects\MediMind\ai-prediction-service\test-dataset\Bone Facture\FracAtlas\FracAtlas\images\Non_fractured\IMG0000797.jpg,images\Non_fractured\IMG0000797.jpg,FracAtlas,PAT_FA_00398,0,0,leg,0,0,373,454,3,bbc520447f07fdf5a25cf6d6b8ff86da,train
IMG0000798.jpg,D:\projects\MediMind\ai-prediction-service\test-dataset\Bone Facture\FracAtlas\FracAtlas\images\Non_fractured\IMG0000798.jpg,images\Non_fractured\IMG0000798.jpg,FracAtlas,PAT_FA_00399,0,0,leg,0,0,373,454,3,ee27a6bf957fa463df07115019a6c24f,train
IMG0000799.jpg,D:\projects\MediMind\ai-prediction-service\test-dataset\Bone Facture\FracAtlas\FracAtlas\images\Non_fractured\IMG0000799.jpg,images\Non_fractured\IMG0000799.jpg,FracAtlas,PAT_FA_00399,0,0,hand,0,0,373,454,3,02c14763964e313574f6e046ab945f12,train
IMG0000802.jpg,D:\projects\MediMind\ai-prediction-service\test-dataset\Bone Facture\FracAtlas\FracAtlas\images\Non_fractured\IMG0000802.jpg,images\Non_fractured\IMG0000802.jpg,FracAtlas,PAT_FA_00401,0,0,hand,0,0,454,373,3,02bba6ff2d12e8d306554d0164f83cd0,train
IMG0000803.jpg,D:\projects\MediMind\ai-prediction-service\test-dataset\Bone Facture\FracAtlas\FracAtlas\images\Non_fractured\IMG0000803.jpg,images\Non_fractured\IMG0000803.jpg,FracAtlas,PAT_FA_00401,0,0,hand,0,0,454,373,3,6978fbccaf3cf7aad0660cc85166c5f6,train
IMG0000804.jpg,D:\projects\MediMind\ai-prediction-service\test-dataset\Bone Facture\FracAtlas\FracAtlas\images\Fractured\IMG0000804.jpg,images\Fractured\IMG0000804.jpg,FracAtlas,PAT_FA_00402,1,1,hand,0,0,454,373,3,a05bc8a3cb724fb41af2bd5f0a40974f,train
IMG0000805.jpg,D:\projects\MediMind\ai-prediction-service\test-dataset\Bone Facture\FracAtlas\FracAtlas\images\Fractured\IMG0000805.jpg,images\Fractured\IMG0000805.jpg,FracAtlas,PAT_FA_00402,1,1,hand,0,0,454,373,3,9b0f54a1c87ee278a3fbf3419ccdec22,train
IMG0000806.jpg,D:\projects\MediMind\ai-prediction-service\test-dataset\Bone Facture\FracAtlas\FracAtlas\images\Non_fractured\IMG0000806.jpg,images\Non_fractured\IMG0000806.jpg,FracAtlas,PAT_FA_00403,0,0,hand,0,0,373,454,3,ee0bb8434a31e0fbf552d6fe2e534bed,train
IMG0000807.jpg,D:\projects\MediMind\ai-prediction-service\test-dataset\Bone Facture\FracAtlas\FracAtlas\images\Non_fractured\IMG0000807.jpg,images\Non_fractured\IMG0000807.jpg,FracAtlas,PAT_FA_00403,0,0,hand,0,0,454,373,3,68273d5e6cc382e231c08df6589b2635,train
IMG0000808.jpg,D:\projects\MediMind\ai-prediction-service\test-dataset\Bone Facture\FracAtlas\FracAtlas\images\Non_fractured\IMG0000808.jpg,images\Non_fractured\IMG0000808.jpg,FracAtlas,PAT_FA_00404,0,0,leg,0,0,373,454,3,dd1ca5794d5f2645087218a6f14054bd,train
IMG0000809.jpg,D:\projects\MediMind\ai-prediction-service\test-dataset\Bone Facture\FracAtlas\FracAtlas\images\Non_fractured\IMG0000809.jpg,images\Non_fractured\IMG0000809.jpg,FracAtlas,PAT_FA_00404,0,0,leg,0,0,373,454,3,082c0c2f175de8ff1698b311e9e8dc8d,train
IMG0000810.jpg,D:\projects\MediMind\ai-prediction-service\test-dataset\Bone Facture\FracAtlas\FracAtlas\images\Non_fractured\IMG0000810.jpg,images\Non_fractured\IMG0000810.jpg,FracAtlas,PAT_FA_00405,0,0,leg,0,0,373,454,3,e02f2e74d37a1667a3a14c4e27726604,train
IMG0000811.jpg,D:\projects\MediMind\ai-prediction-service\test-dataset\Bone Facture\FracAtlas\FracAtlas\images\Non_fractured\IMG0000811.jpg,images\Non_fractured\IMG0000811.jpg,FracAtlas,PAT_FA_00405,0,0,leg,0,0,373,454,3,516c7ab38d3176e4a469c6f65afd59f1,train
IMG0000812.jpg,D:\projects\MediMind\ai-prediction-service\test-dataset\Bone Facture\FracAtlas\FracAtlas\images\Non_fractured\IMG0000812.jpg,images\Non_fractured\IMG0000812.jpg,FracAtlas,PAT_FA_00406,0,0,leg,0,0,373,454,1,40111e3cbc7ebe7b8cd5934f7c390bd8,train
IMG0000813.jpg,D:\projects\MediMind\ai-prediction-service\test-dataset\Bone Facture\FracAtlas\FracAtlas\images\Non_fractured\IMG0000813.jpg,images\Non_fractured\IMG0000813.jpg,FracAtlas,PAT_FA_00406,0,0,leg,0,0,373,454,3,fcc8c0dcd59e41b9ef87b71904ebb7d6,train
IMG0000814.jpg,D:\projects\MediMind\ai-prediction-service\test-dataset\Bone Facture\FracAtlas\FracAtlas\images\Non_fractured\IMG0000814.jpg,images\Non_fractured\IMG0000814.jpg,FracAtlas,PAT_FA_00407,0,0,leg,0,0,373,454,3,38a115e60b178c9800424e1af36dc00b,train
IMG0000815.jpg,D:\projects\MediMind\ai-prediction-service\test-dataset\Bone Facture\FracAtlas\FracAtlas\images\Non_fractured\IMG0000815.jpg,images\Non_fractured\IMG0000815.jpg,FracAtlas,PAT_FA_00407,0,0,leg,0,0,373,454,3,8593e99d5f986f0755cbea8266821c64,train
IMG0000816.jpg,D:\projects\MediMind\ai-prediction-service\test-dataset\Bone Facture\FracAtlas\FracAtlas\images\Non_fractured\IMG0000816.jpg,images\Non_fractured\IMG0000816.jpg,FracAtlas,PAT_FA_00408,0,0,hand,0,0,373,454,1,a5b9204b03d8afa2885a198d849138b8,train
IMG0000817.jpg,D:\projects\MediMind\ai-prediction-service\test-dataset\Bone Facture\FracAtlas\FracAtlas\images\Non_fractured\IMG0000817.jpg,images\Non_fractured\IMG0000817.jpg,FracAtlas,PAT_FA_00408,0,0,leg,0,1,373,454,3,b0627ccff83b7cf708a223b7c7e2b1b6,train
IMG0000818.jpg,D:\projects\MediMind\ai-prediction-service\test-dataset\Bone Facture\FracAtlas\FracAtlas\images\Non_fractured\IMG0000818.jpg,images\Non_fractured\IMG0000818.jpg,FracAtlas,PAT_FA_00409,0,0,hand,0,0,454,373,3,1f5ab706611d24508c61167e6e6b0c7f,train
IMG0000819.jpg,D:\projects\MediMind\ai-prediction-service\test-dataset\Bone Facture\FracAtlas\FracAtlas\images\Non_fractured\IMG0000819.jpg,images\Non_fractured\IMG0000819.jpg,FracAtlas,PAT_FA_00409,0,0,hand,0,0,454,373,3,87015c10e603af02dfdddf707b939059,train
IMG0000820.jpg,D:\projects\MediMind\ai-prediction-service\test-dataset\Bone Facture\FracAtlas\FracAtlas\images\Non_fractured\IMG0000820.jpg,images\Non_fractured\IMG0000820.jpg,FracAtlas,PAT_FA_00410,0,0,leg,0,0,373,454,3,a97b9b9563e0251787957b460234ec3b,train
IMG0000821.jpg,D:\projects\MediMind\ai-prediction-service\test-dataset\Bone Facture\FracAtlas\FracAtlas\images\Non_fractured\IMG0000821.jpg,images\Non_fractured\IMG0000821.jpg,FracAtlas,PAT_FA_00410,0,0,leg,0,0,373,454,3,a2dca37468104e11453adf15bce6bbf7,train
IMG0000822.jpg,D:\projects\MediMind\ai-prediction-service\test-dataset\Bone Facture\FracAtlas\FracAtlas\images\Fractured\IMG0000822.jpg,images\Fractured\IMG0000822.jpg,FracAtlas,PAT_FA_00411,1,1,hand,1,0,373,454,3,826823c686f99d4c9912957c8a57d89b,train
IMG0000823.jpg,D:\projects\MediMind\ai-prediction-service\test-dataset\Bone Facture\FracAtlas\FracAtlas\images\Non_fractured\IMG0000823.jpg,images\Non_fractured\IMG0000823.jpg,FracAtlas,PAT_FA_00411,0,0,hand,0,0,454,373,3,36f913c5f415a5e5895fa410bf20db61,train
IMG0000824.jpg,D:\projects\MediMind\ai-prediction-service\test-dataset\Bone Facture\FracAtlas\FracAtlas\images\Non_fractured\IMG0000824.jpg,images\Non_fractured\IMG0000824.jpg,FracAtlas,PAT_FA_00412,0,0,hand,0,0,454,373,3,9345bb55bc66493240ddb25861adfd89,train
IMG0000825.jpg,D:\projects\MediMind\ai-prediction-service\test-dataset\Bone Facture\FracAtlas\FracAtlas\images\Non_fractured\IMG0000825.jpg,images\Non_fractured\IMG0000825.jpg,FracAtlas,PAT_FA_00412,0,0,leg,0,0,373,454,3,bfb7eb6eabc0a122957e8c784d7afcf4,train
IMG0000828.jpg,D:\projects\MediMind\ai-prediction-service\test-dataset\Bone Facture\FracAtlas\FracAtlas\images\Non_fractured\IMG0000828.jpg,images\Non_fractured\IMG0000828.jpg,FracAtlas,PAT_FA_00414,0,0,hand,0,0,373,454,3,c7211e99b137a5e55fe3cc3b84e6c658,train
IMG0000829.jpg,D:\projects\MediMind\ai-prediction-service\test-dataset\Bone Facture\FracAtlas\FracAtlas\images\Non_fractured\IMG0000829.jpg,images\Non_fractured\IMG0000829.jpg,FracAtlas,PAT_FA_00414,0,0,hand,0,0,454,373,3,c993268a79ae18570180d195fdced6bb,train
IMG0000830.jpg,D:\projects\MediMind\ai-prediction-service\test-dataset\Bone Facture\FracAtlas\FracAtlas\images\Non_fractured\IMG0000830.jpg,images\Non_fractured\IMG0000830.jpg,FracAtlas,PAT_FA_00415,0,0,leg,0,0,373,454,3,6e5cefb53f35ce018b6155f9c3365108,train
IMG0000831.jpg,D:\projects\MediMind\ai-prediction-service\test-dataset\Bone Facture\FracAtlas\FracAtlas\images\Non_fractured\IMG0000831.jpg,images\Non_fractured\IMG0000831.jpg,FracAtlas,PAT_FA_00415,0,0,leg,0,0,454,373,3,fe37286a5c76978d138e2963819ef69b,train
IMG0000832.jpg,D:\projects\MediMind\ai-prediction-service\test-dataset\Bone Facture\FracAtlas\FracAtlas\images\Non_fractured\IMG0000832.jpg,images\Non_fractured\IMG0000832.jpg,FracAtlas,PAT_FA_00416,0,0,hand,0,0,373,454,3,a047e1439c23fa7a4bbccae398cd7368,train
IMG0000833.jpg,D:\projects\MediMind\ai-prediction-service\test-dataset\Bone Facture\FracAtlas\FracAtlas\images\Non_fractured\IMG0000833.jpg,images\Non_fractured\IMG0000833.jpg,FracAtlas,PAT_FA_00416,0,0,hand,0,0,373,454,3,738bee398b803cb3f937efd7057a1583,train
IMG0000834.jpg,D:\projects\MediMind\ai-prediction-service\test-dataset\Bone Facture\FracAtlas\FracAtlas\images\Non_fractured\IMG0000834.jpg,images\Non_fractured\IMG0000834.jpg,FracAtlas,PAT_FA_00417,0,0,hand,0,0,373,454,3,73f6a88ff14b69cc07353672f4337239,train
IMG0000835.jpg,D:\projects\MediMind\ai-prediction-service\test-dataset\Bone Facture\FracAtlas\FracAtlas\images\Non_fractured\IMG0000835.jpg,images\Non_fractured\IMG0000835.jpg,FracAtlas,PAT_FA_00417,0,0,hand,0,0,373,454,1,c99338657ed2b89c05adf329aaa3bbab,train
IMG0000836.jpg,D:\projects\MediMind\ai-prediction-service\test-dataset\Bone Facture\FracAtlas\FracAtlas\images\Non_fractured\IMG0000836.jpg,images\Non_fractured\IMG0000836.jpg,FracAtlas,PAT_FA_00418,0,0,hand,0,0,373,454,3,0867f57f09785867408eec8b6dc05733,train
IMG0000837.jpg,D:\projects\MediMind\ai-prediction-service\test-dataset\Bone Facture\FracAtlas\FracAtlas\images\Non_fractured\IMG0000837.jpg,images\Non_fractured\IMG0000837.jpg,FracAtlas,PAT_FA_00418,0,0,leg,0,0,373,454,3,5ddae40e79b777d65bc69b137563e832,train
IMG0000838.jpg,D:\projects\MediMind\ai-prediction-service\test-dataset\Bone Facture\FracAtlas\FracAtlas\images\Non_fractured\IMG0000838.jpg,images\Non_fractured\IMG0000838.jpg,FracAtlas,PAT_FA_00419,0,0,leg,0,0,373,454,1,463a176dd29c6c10e71a5e9efd226494,train
IMG0000839.jpg,D:\projects\MediMind\ai-prediction-service\test-dataset\Bone Facture\FracAtlas\FracAtlas\images\Non_fractured\IMG0000839.jpg,images\Non_fractured\IMG0000839.jpg,FracAtlas,PAT_FA_00419,0,0,leg,0,0,373,454,3,3dea6c12c848a64ba602da6d40c7ab77,train
IMG0000840.jpg,D:\projects\MediMind\ai-prediction-service\test-dataset\Bone Facture\FracAtlas\FracAtlas\images\Non_fractured\IMG0000840.jpg,images\Non_fractured\IMG0000840.jpg,FracAtlas,PAT_FA_00420,0,0,leg,0,0,373,454,3,d757a0f04b8ccc7efd8db93e89335eda,train
IMG0000841.jpg,D:\projects\MediMind\ai-prediction-service\test-dataset\Bone Facture\FracAtlas\FracAtlas\images\Non_fractured\IMG0000841.jpg,images\Non_fractured\IMG0000841.jpg,FracAtlas,PAT_FA_00420,0,0,leg,0,0,373,454,3,b08ceb02c6d56d5935f5fbd4636ad909,train
IMG0000842.jpg,D:\projects\MediMind\ai-prediction-service\test-dataset\Bone Facture\FracAtlas\FracAtlas\images\Non_fractured\IMG0000842.jpg,images\Non_fractured\IMG0000842.jpg,FracAtlas,PAT_FA_00421,0,0,leg,0,0,373,454,3,7e09567a815c7fc7b75ceb90e97254ac,train
IMG0000843.jpg,D:\projects\MediMind\ai-prediction-service\test-dataset\Bone Facture\FracAtlas\FracAtlas\images\Non_fractured\IMG0000843.jpg,images\Non_fractured\IMG0000843.jpg,FracAtlas,PAT_FA_00421,0,0,leg,0,0,454,373,3,e29f6d90457e6739d3f669d62295b2c8,train
IMG0000844.jpg,D:\projects\MediMind\ai-prediction-service\test-dataset\Bone Facture\FracAtlas\FracAtlas\images\Fractured\IMG0000844.jpg,images\Fractured\IMG0000844.jpg,FracAtlas,PAT_FA_00422,1,1,hand,0,0,373,454,3,3ffcbcf1ce0ea451086b5fc0257b28c9,train
IMG0000845.jpg,D:\projects\MediMind\ai-prediction-service\test-dataset\Bone Facture\FracAtlas\FracAtlas\images\Fractured\IMG0000845.jpg,images\Fractured\IMG0000845.jpg,FracAtlas,PAT_FA_00422,1,1,hand,0,0,373,454,3,af3f66b7a7b8250f9ee5fe2b328b768b,train
IMG0000850.jpg,D:\projects\MediMind\ai-prediction-service\test-dataset\Bone Facture\FracAtlas\FracAtlas\images\Non_fractured\IMG0000850.jpg,images\Non_fractured\IMG0000850.jpg,FracAtlas,PAT_FA_00425,0,0,leg,0,0,454,373,3,080d074cefaa71c59fa8108300c281c0,train
IMG0000851.jpg,D:\projects\MediMind\ai-prediction-service\test-dataset\Bone Facture\FracAtlas\FracAtlas\images\Fractured\IMG0000851.jpg,images\Fractured\IMG0000851.jpg,FracAtlas,PAT_FA_00425,1,1,hand,0,0,454,373,3,1bf3c675633fd26d0fc434b946296ab5,train
IMG0000854.jpg,D:\projects\MediMind\ai-prediction-service\test-dataset\Bone Facture\FracAtlas\FracAtlas\images\Non_fractured\IMG0000854.jpg,images\Non_fractured\IMG0000854.jpg,FracAtlas,PAT_FA_00427,0,0,leg,0,0,373,454,1,4079f066a6e7c250544b4fb066e6f3ac,train
IMG0000855.jpg,D:\projects\MediMind\ai-prediction-service\test-dataset\Bone Facture\FracAtlas\FracAtlas\images\Non_fractured\IMG0000855.jpg,images\Non_fractured\IMG0000855.jpg,FracAtlas,PAT_FA_00427,0,0,leg,0,0,454,373,3,6403d419d06e178e494c5b07362f9c0c,train
IMG0000856.jpg,D:\projects\MediMind\ai-prediction-service\test-dataset\Bone Facture\FracAtlas\FracAtlas\images\Non_fractured\IMG0000856.jpg,images\Non_fractured\IMG0000856.jpg,FracAtlas,PAT_FA_00428,0,0,leg,0,0,373,454,3,3d6b807371732cf3c54643f1d482150c,train
IMG0000857.jpg,D:\projects\MediMind\ai-prediction-service\test-dataset\Bone Facture\FracAtlas\FracAtlas\images\Non_fractured\IMG0000857.jpg,images\Non_fractured\IMG0000857.jpg,FracAtlas,PAT_FA_00428,0,0,hip,0,0,454,373,3,493948bdfdb55b3fde5bb5ace1326b8d,train
IMG0000858.jpg,D:\projects\MediMind\ai-prediction-service\test-dataset\Bone Facture\FracAtlas\FracAtlas\images\Non_fractured\IMG0000858.jpg,images\Non_fractured\IMG0000858.jpg,FracAtlas,PAT_FA_00429,0,0,leg,0,0,373,454,3,c85c70932fd9e6c10da8785e107a7a60,train
IMG0000859.jpg,D:\projects\MediMind\ai-prediction-service\test-dataset\Bone Facture\FracAtlas\FracAtlas\images\Non_fractured\IMG0000859.jpg,images\Non_fractured\IMG0000859.jpg,FracAtlas,PAT_FA_00429,0,0,leg,0,0,454,373,3,f1727ea0eff1767ff54b8b8dd60ca2da,train
IMG0000860.jpg,D:\projects\MediMind\ai-prediction-service\test-dataset\Bone Facture\FracAtlas\FracAtlas\images\Non_fractured\IMG0000860.jpg,images\Non_fractured\IMG0000860.jpg,FracAtlas,PAT_FA_00430,0,0,hand,0,0,454,373,3,77612e31e5dd18b957cb4da990a6c11f,train
IMG0000861.jpg,D:\projects\MediMind\ai-prediction-service\test-dataset\Bone Facture\FracAtlas\FracAtlas\images\Non_fractured\IMG0000861.jpg,images\Non_fractured\IMG0000861.jpg,FracAtlas,PAT_FA_00430,0,0,hand,0,0,454,373,3,9832214bd4c31067d3bbcd0b5d73128e,train
IMG0000866.jpg,D:\projects\MediMind\ai-prediction-service\test-dataset\Bone Facture\FracAtlas\FracAtlas\images\Non_fractured\IMG0000866.jpg,images\Non_fractured\IMG0000866.jpg,FracAtlas,PAT_FA_00433,0,0,hand,0,0,373,454,3,a1618ca60f1b590c93b3511e4207ae3d,train
IMG0000867.jpg,D:\projects\MediMind\ai-prediction-service\test-dataset\Bone Facture\FracAtlas\FracAtlas\images\Non_fractured\IMG0000867.jpg,images\Non_fractured\IMG0000867.jpg,FracAtlas,PAT_FA_00433,0,0,shoulder,0,0,373,454,3,f610b3e049a42d7e59e9822a8eb6fec1,train
IMG0000870.jpg,D:\projects\MediMind\ai-prediction-service\test-dataset\Bone Facture\FracAtlas\FracAtlas\images\Non_fractured\IMG0000870.jpg,images\Non_fractured\IMG0000870.jpg,FracAtlas,PAT_FA_00435,0,0,leg,0,0,373,454,3,ab5be423eecd4730e6efc6c6aaf88e57,train
IMG0000871.jpg,D:\projects\MediMind\ai-prediction-service\test-dataset\Bone Facture\FracAtlas\FracAtlas\images\Non_fractured\IMG0000871.jpg,images\Non_fractured\IMG0000871.jpg,FracAtlas,PAT_FA_00435,0,0,leg,0,0,373,454,3,3fc1c406603550ad985e3efc1eadf3d1,train
IMG0000872.jpg,D:\projects\MediMind\ai-prediction-service\test-dataset\Bone Facture\FracAtlas\FracAtlas\images\Non_fractured\IMG0000872.jpg,images\Non_fractured\IMG0000872.jpg,FracAtlas,PAT_FA_00436,0,0,leg,0,0,454,373,3,7c8c27eedca8304a26660ac9c04d1be3,train
IMG0000873.jpg,D:\projects\MediMind\ai-prediction-service\test-dataset\Bone Facture\FracAtlas\FracAtlas\images\Non_fractured\IMG0000873.jpg,images\Non_fractured\IMG0000873.jpg,FracAtlas,PAT_FA_00436,0,0,leg,0,0,373,454,1,3462dd23b3a6d34675b5b0a1720806d8,train
IMG0000874.jpg,D:\projects\MediMind\ai-prediction-service\test-dataset\Bone Facture\FracAtlas\FracAtlas\images\Non_fractured\IMG0000874.jpg,images\Non_fractured\IMG0000874.jpg,FracAtlas,PAT_FA_00437,0,0,leg,0,0,373,454,3,3a3a3b94a74ea0586c9ab05e14db0067,train
IMG0000875.jpg,D:\projects\MediMind\ai-prediction-service\test-dataset\Bone Facture\FracAtlas\FracAtlas\images\Non_fractured\IMG0000875.jpg,images\Non_fractured\IMG0000875.jpg,FracAtlas,PAT_FA_00437,0,0,leg,0,0,373,454,3,232088e68749dbab0030c881c5ff0dbc,train
IMG0000880.jpg,D:\projects\MediMind\ai-prediction-service\test-dataset\Bone Facture\FracAtlas\FracAtlas\images\Non_fractured\IMG0000880.jpg,images\Non_fractured\IMG0000880.jpg,FracAtlas,PAT_FA_00440,0,0,leg,0,0,454,373,3,19d5540fddd9b3c149fd4771b08434f8,train
IMG0000881.jpg,D:\projects\MediMind\ai-prediction-service\test-dataset\Bone Facture\FracAtlas\FracAtlas\images\Non_fractured\IMG0000881.jpg,images\Non_fractured\IMG0000881.jpg,FracAtlas,PAT_FA_00440,0,0,leg,0,0,373,454,3,1b02935e529d016303b15fff08274576,train
IMG0000882.jpg,D:\projects\MediMind\ai-prediction-service\test-dataset\Bone Facture\FracAtlas\FracAtlas\images\Non_fractured\IMG0000882.jpg,images\Non_fractured\IMG0000882.jpg,FracAtlas,PAT_FA_00441,0,0,leg,0,0,373,454,3,c9df6c87ae4967f1f207eb560f8d3c03,train
IMG0000883.jpg,D:\projects\MediMind\ai-prediction-service\test-dataset\Bone Facture\FracAtlas\FracAtlas\images\Non_fractured\IMG0000883.jpg,images\Non_fractured\IMG0000883.jpg,FracAtlas,PAT_FA_00441,0,0,hand,0,0,373,454,3,fc514df9f5ac8a0c58d1ff2eb6534855,train
IMG0000884.jpg,D:\projects\MediMind\ai-prediction-service\test-dataset\Bone Facture\FracAtlas\FracAtlas\images\Non_fractured\IMG0000884.jpg,images\Non_fractured\IMG0000884.jpg,FracAtlas,PAT_FA_00442,0,0,hand,0,0,454,373,3,32bd833dbcae28b6d3fb7c86be183928,train
IMG0000885.jpg,D:\projects\MediMind\ai-prediction-service\test-dataset\Bone Facture\FracAtlas\FracAtlas\images\Non_fractured\IMG0000885.jpg,images\Non_fractured\IMG0000885.jpg,FracAtlas,PAT_FA_00442,0,0,leg,0,0,373,454,3,075ff5ffa0ea216daff332114864f716,train
IMG0000886.jpg,D:\projects\MediMind\ai-prediction-service\test-dataset\Bone Facture\FracAtlas\FracAtlas\images\Non_fractured\IMG0000886.jpg,images\Non_fractured\IMG0000886.jpg,FracAtlas,PAT_FA_00443,0,0,leg,0,0,454,373,3,5bbdb1eab4abf571e4ff8dee1f7ca2af,train
IMG0000887.jpg,D:\projects\MediMind\ai-prediction-service\test-dataset\Bone Facture\FracAtlas\FracAtlas\images\Non_fractured\IMG0000887.jpg,images\Non_fractured\IMG0000887.jpg,FracAtlas,PAT_FA_00443,0,0,hand,0,0,373,454,3,d44e42a590b5054d989d10bf0be9e4ed,train
IMG0000890.jpg,D:\projects\MediMind\ai-prediction-service\test-dataset\Bone Facture\FracAtlas\FracAtlas\images\Non_fractured\IMG0000890.jpg,images\Non_fractured\IMG0000890.jpg,FracAtlas,PAT_FA_00445,0,0,hand,0,0,373,454,3,6ce74ba1c797e2c911064e33974fe061,train
IMG0000891.jpg,D:\projects\MediMind\ai-prediction-service\test-dataset\Bone Facture\FracAtlas\FracAtlas\images\Non_fractured\IMG0000891.jpg,images\Non_fractured\IMG0000891.jpg,FracAtlas,PAT_FA_00445,0,0,hand,0,0,373,454,3,15cb8156919fcbb939e4ec4af9e43789,train
IMG0000902.jpg,D:\projects\MediMind\ai-prediction-service\test-dataset\Bone Facture\FracAtlas\FracAtlas\images\Non_fractured\IMG0000902.jpg,images\Non_fractured\IMG0000902.jpg,FracAtlas,PAT_FA_00451,0,0,hand,0,0,373,454,3,c96cf13c840734d93072bb34d135fa66,train
IMG0000903.jpg,D:\projects\MediMind\ai-prediction-service\test-dataset\Bone Facture\FracAtlas\FracAtlas\images\Non_fractured\IMG0000903.jpg,images\Non_fractured\IMG0000903.jpg,FracAtlas,PAT_FA_00451,0,0,hand,0,0,373,454,3,be07b45d90d9b82f5c251b72a8b82779,train
IMG0000904.jpg,D:\projects\MediMind\ai-prediction-service\test-dataset\Bone Facture\FracAtlas\FracAtlas\images\Non_fractured\IMG0000904.jpg,images\Non_fractured\IMG0000904.jpg,FracAtlas,PAT_FA_00452,0,0,hand,0,0,373,454,3,30fdbdb51fe65b649d3f46b342bade37,train
IMG0000905.jpg,D:\projects\MediMind\ai-prediction-service\test-dataset\Bone Facture\FracAtlas\FracAtlas\images\Non_fractured\IMG0000905.jpg,images\Non_fractured\IMG0000905.jpg,FracAtlas,PAT_FA_00452,0,0,leg,0,0,373,454,3,0889c0ea205ac04a2f6f333f83a61b42,train
IMG0000910.jpg,D:\projects\MediMind\ai-prediction-service\test-dataset\Bone Facture\FracAtlas\FracAtlas\images\Non_fractured\IMG0000910.jpg,images\Non_fractured\IMG0000910.jpg,FracAtlas,PAT_FA_00455,0,0,leg,0,0,454,373,3,35b5332ee5cded0c1d727a9ba33b8746,train
IMG0000912.jpg,D:\projects\MediMind\ai-prediction-service\test-dataset\Bone Facture\FracAtlas\FracAtlas\images\Non_fractured\IMG0000912.jpg,images\Non_fractured\IMG0000912.jpg,FracAtlas,PAT_FA_00456,0,0,leg,0,0,373,454,3,1bb76fcfc897fc8c6864ccb8ceb6107a,train
IMG0000913.jpg,D:\projects\MediMind\ai-prediction-service\test-dataset\Bone Facture\FracAtlas\FracAtlas\images\Non_fractured\IMG0000913.jpg,images\Non_fractured\IMG0000913.jpg,FracAtlas,PAT_FA_00456,0,0,leg,0,0,373,454,3,af2359fe5ed5e0e2a38efd4be51114aa,train
IMG0000914.jpg,D:\projects\MediMind\ai-prediction-service\test-dataset\Bone Facture\FracAtlas\FracAtlas\images\Non_fractured\IMG0000914.jpg,images\Non_fractured\IMG0000914.jpg,FracAtlas,PAT_FA_00457,0,0,hand,0,0,373,454,3,3fe370f789d0a80210f40d84465fb926,train
IMG0000915.jpg,D:\projects\MediMind\ai-prediction-service\test-dataset\Bone Facture\FracAtlas\FracAtlas\images\Non_fractured\IMG0000915.jpg,images\Non_fractured\IMG0000915.jpg,FracAtlas,PAT_FA_00457,0,0,leg,0,0,373,454,3,52925d48c2927e6ce00d7d1528d1db09,train
IMG0000916.jpg,D:\projects\MediMind\ai-prediction-service\test-dataset\Bone Facture\FracAtlas\FracAtlas\images\Non_fractured\IMG0000916.jpg,images\Non_fractured\IMG0000916.jpg,FracAtlas,PAT_FA_00458,0,0,leg,0,0,373,454,3,192dc5ed7416625d769578a9bf01a8b7,train
IMG0000917.jpg,D:\projects\MediMind\ai-prediction-service\test-dataset\Bone Facture\FracAtlas\FracAtlas\images\Non_fractured\IMG0000917.jpg,images\Non_fractured\IMG0000917.jpg,FracAtlas,PAT_FA_00458,0,0,leg,0,0,373,454,3,58e2e6c4852826ba0a8f41412578e96d,train
IMG0000918.jpg,D:\projects\MediMind\ai-prediction-service\test-dataset\Bone Facture\FracAtlas\FracAtlas\images\Non_fractured\IMG0000918.jpg,images\Non_fractured\IMG0000918.jpg,FracAtlas,PAT_FA_00459,0,0,leg,0,0,454,373,3,ca16db4e08a28f6a23c0da907695f2de,train
IMG0000919.jpg,D:\projects\MediMind\ai-prediction-service\test-dataset\Bone Facture\FracAtlas\FracAtlas\images\Non_fractured\IMG0000919.jpg,images\Non_fractured\IMG0000919.jpg,FracAtlas,PAT_FA_00459,0,0,leg,0,0,373,454,3,570d2cc1d81cd4b51db19fb64b70d2a4,train
IMG0000920.jpg,D:\projects\MediMind\ai-prediction-service\test-dataset\Bone Facture\FracAtlas\FracAtlas\images\Non_fractured\IMG0000920.jpg,images\Non_fractured\IMG0000920.jpg,FracAtlas,PAT_FA_00460,0,0,leg,0,0,454,373,3,7f7c895eda256fcffa6e168a1154daa2,train
IMG0000921.jpg,D:\projects\MediMind\ai-prediction-service\test-dataset\Bone Facture\FracAtlas\FracAtlas\images\Non_fractured\IMG0000921.jpg,images\Non_fractured\IMG0000921.jpg,FracAtlas,PAT_FA_00460,0,0,leg,0,0,373,454,1,138d4bb1f593b5ac6e1a4f426cb822f3,train
IMG0000922.jpg,D:\projects\MediMind\ai-prediction-service\test-dataset\Bone Facture\FracAtlas\FracAtlas\images\Non_fractured\IMG0000922.jpg,images\Non_fractured\IMG0000922.jpg,FracAtlas,PAT_FA_00461,0,0,leg,0,0,373,454,3,64f983b6e51327f20e0e84d29e0a1ad0,train
IMG0000923.jpg,D:\projects\MediMind\ai-prediction-service\test-dataset\Bone Facture\FracAtlas\FracAtlas\images\Non_fractured\IMG0000923.jpg,images\Non_fractured\IMG0000923.jpg,FracAtlas,PAT_FA_00461,0,0,leg,0,0,454,373,3,c41080d2aa992cb6ee67df88965ed279,train
IMG0000924.jpg,D:\projects\MediMind\ai-prediction-service\test-dataset\Bone Facture\FracAtlas\FracAtlas\images\Non_fractured\IMG0000924.jpg,images\Non_fractured\IMG0000924.jpg,FracAtlas,PAT_FA_00462,0,0,leg,0,0,373,454,3,c990d492f54541a99107728aaff49043,train
IMG0000925.jpg,D:\projects\MediMind\ai-prediction-service\test-dataset\Bone Facture\FracAtlas\FracAtlas\images\Non_fractured\IMG0000925.jpg,images\Non_fractured\IMG0000925.jpg,FracAtlas,PAT_FA_00462,0,0,leg,0,0,373,454,3,06c7ce996f082235335fad6ba925be64,train
IMG0000926.jpg,D:\projects\MediMind\ai-prediction-service\test-dataset\Bone Facture\FracAtlas\FracAtlas\images\Non_fractured\IMG0000926.jpg,images\Non_fractured\IMG0000926.jpg,FracAtlas,PAT_FA_00463,0,0,hand,0,0,454,373,3,c348373e612cd5a5ff94920b174b11aa,train
IMG0000927.jpg,D:\projects\MediMind\ai-prediction-service\test-dataset\Bone Facture\FracAtlas\FracAtlas\images\Non_fractured\IMG0000927.jpg,images\Non_fractured\IMG0000927.jpg,FracAtlas,PAT_FA_00463,0,0,hand,0,0,454,373,3,361acc22e472d1fea0d1f47e11f8c3cf,train
IMG0000928.jpg,D:\projects\MediMind\ai-prediction-service\test-dataset\Bone Facture\FracAtlas\FracAtlas\images\Non_fractured\IMG0000928.jpg,images\Non_fractured\IMG0000928.jpg,FracAtlas,PAT_FA_00464,0,0,leg,0,0,373,454,3,f4fa9cd707229c1f644c0d021667b75d,train
IMG0000929.jpg,D:\projects\MediMind\ai-prediction-service\test-dataset\Bone Facture\FracAtlas\FracAtlas\images\Non_fractured\IMG0000929.jpg,images\Non_fractured\IMG0000929.jpg,FracAtlas,PAT_FA_00464,0,0,leg,0,1,373,454,3,bbb3e28304c729d1f673f1b05b76a6a0,train
IMG0000932.jpg,D:\projects\MediMind\ai-prediction-service\test-dataset\Bone Facture\FracAtlas\FracAtlas\images\Non_fractured\IMG0000932.jpg,images\Non_fractured\IMG0000932.jpg,FracAtlas,PAT_FA_00466,0,0,leg,0,0,373,454,3,6884107eb7f41a8250d84c42d43b20b1,train
IMG0000933.jpg,D:\projects\MediMind\ai-prediction-service\test-dataset\Bone Facture\FracAtlas\FracAtlas\images\Non_fractured\IMG0000933.jpg,images\Non_fractured\IMG0000933.jpg,FracAtlas,PAT_FA_00466,0,0,hand,0,0,373,454,3,3629fa0737eb464a1519583dc8f043ce,train
IMG0000934.jpg,D:\projects\MediMind\ai-prediction-service\test-dataset\Bone Facture\FracAtlas\FracAtlas\images\Non_fractured\IMG0000934.jpg,images\Non_fractured\IMG0000934.jpg,FracAtlas,PAT_FA_00467,0,0,leg,0,1,454,373,3,fbfd4c22685bbcfd3e78177fe1d5dfa5,train
IMG0000935.jpg,D:\projects\MediMind\ai-prediction-service\test-dataset\Bone Facture\FracAtlas\FracAtlas\images\Non_fractured\IMG0000935.jpg,images\Non_fractured\IMG0000935.jpg,FracAtlas,PAT_FA_00467,0,0,leg,0,0,373,454,3,2f9bfb23b34ad5afa667d7fbb8506e69,train
IMG0000936.jpg,D:\projects\MediMind\ai-prediction-service\test-dataset\Bone Facture\FracAtlas\FracAtlas\images\Non_fractured\IMG0000936.jpg,images\Non_fractured\IMG0000936.jpg,FracAtlas,PAT_FA_00468,0,0,leg,0,0,373,454,3,45147c83836a3f635438b5ccdba17d67,train
IMG0000937.jpg,D:\projects\MediMind\ai-prediction-service\test-dataset\Bone Facture\FracAtlas\FracAtlas\images\Non_fractured\IMG0000937.jpg,images\Non_fractured\IMG0000937.jpg,FracAtlas,PAT_FA_00468,0,0,leg,0,1,454,373,3,fca0440d3fc185a6eb70a54352c28a3c,train
IMG0000938.jpg,D:\projects\MediMind\ai-prediction-service\test-dataset\Bone Facture\FracAtlas\FracAtlas\images\Non_fractured\IMG0000938.jpg,images\Non_fractured\IMG0000938.jpg,FracAtlas,PAT_FA_00469,0,0,hand,0,0,373,454,3,e52fa76a2829f707d61af7161db45e18,train
IMG0000939.jpg,D:\projects\MediMind\ai-prediction-service\test-dataset\Bone Facture\FracAtlas\FracAtlas\images\Non_fractured\IMG0000939.jpg,images\Non_fractured\IMG0000939.jpg,FracAtlas,PAT_FA_00469,0,0,hand,0,0,373,454,3,debaea27c051e65da56514749f0108d7,train
IMG0000940.jpg,D:\projects\MediMind\ai-prediction-service\test-dataset\Bone Facture\FracAtlas\FracAtlas\images\Non_fractured\IMG0000940.jpg,images\Non_fractured\IMG0000940.jpg,FracAtlas,PAT_FA_00470,0,0,leg,0,0,373,454,3,f8f754543c636302e864c94316d73695,train
IMG0000941.jpg,D:\projects\MediMind\ai-prediction-service\test-dataset\Bone Facture\FracAtlas\FracAtlas\images\Non_fractured\IMG0000941.jpg,images\Non_fractured\IMG0000941.jpg,FracAtlas,PAT_FA_00470,0,0,leg,0,0,373,454,3,8324e4c8e20692a0acc772a66cd86470,train
IMG0000942.jpg,D:\projects\MediMind\ai-prediction-service\test-dataset\Bone Facture\FracAtlas\FracAtlas\images\Non_fractured\IMG0000942.jpg,images\Non_fractured\IMG0000942.jpg,FracAtlas,PAT_FA_00471,0,0,leg,0,1,454,373,3,779feed2fc41a0a045a4dc024612df9d,train
IMG0000943.jpg,D:\projects\MediMind\ai-prediction-service\test-dataset\Bone Facture\FracAtlas\FracAtlas\images\Non_fractured\IMG0000943.jpg,images\Non_fractured\IMG0000943.jpg,FracAtlas,PAT_FA_00471,0,0,hip,0,0,454,373,3,9dff9c81d463a2e2993e7e02f3479e5e,train
IMG0000944.jpg,D:\projects\MediMind\ai-prediction-service\test-dataset\Bone Facture\FracAtlas\FracAtlas\images\Non_fractured\IMG0000944.jpg,images\Non_fractured\IMG0000944.jpg,FracAtlas,PAT_FA_00472,0,0,hip,0,0,454,373,1,86af32d1bae9ec5adea1bd1cfdb309f3,train
IMG0000945.jpg,D:\projects\MediMind\ai-prediction-service\test-dataset\Bone Facture\FracAtlas\FracAtlas\images\Non_fractured\IMG0000945.jpg,images\Non_fractured\IMG0000945.jpg,FracAtlas,PAT_FA_00472,0,0,hip,0,0,454,373,3,8aa45f71da721782023eada1610972c2,train
IMG0000946.jpg,D:\projects\MediMind\ai-prediction-service\test-dataset\Bone Facture\FracAtlas\FracAtlas\images\Non_fractured\IMG0000946.jpg,images\Non_fractured\IMG0000946.jpg,FracAtlas,PAT_FA_00473,0,0,leg,0,0,373,454,3,5797597aa58b64d20cc67a48fdcf9ab2,train
IMG0000947.jpg,D:\projects\MediMind\ai-prediction-service\test-dataset\Bone Facture\FracAtlas\FracAtlas\images\Non_fractured\IMG0000947.jpg,images\Non_fractured\IMG0000947.jpg,FracAtlas,PAT_FA_00473,0,0,leg,0,0,454,373,3,4eadc99ed7ea19731e4d705169a843a3,train
IMG0000948.jpg,D:\projects\MediMind\ai-prediction-service\test-dataset\Bone Facture\FracAtlas\FracAtlas\images\Non_fractured\IMG0000948.jpg,images\Non_fractured\IMG0000948.jpg,FracAtlas,PAT_FA_00474,0,0,leg,0,0,373,454,3,c7cae8d47a3d47bba68fafaec26820a9,train
IMG0000949.jpg,D:\projects\MediMind\ai-prediction-service\test-dataset\Bone Facture\FracAtlas\FracAtlas\images\Non_fractured\IMG0000949.jpg,images\Non_fractured\IMG0000949.jpg,FracAtlas,PAT_FA_00474,0,0,leg,0,0,373,454,3,e6c54f720462ead620a295b759e2937f,train
IMG0000950.jpg,D:\projects\MediMind\ai-prediction-service\test-dataset\Bone Facture\FracAtlas\FracAtlas\images\Non_fractured\IMG0000950.jpg,images\Non_fractured\IMG0000950.jpg,FracAtlas,PAT_FA_00475,0,0,leg,0,1,454,373,3,3b8da94d37664c756a5322a9cdc147ca,train
IMG0000951.jpg,D:\projects\MediMind\ai-prediction-service\test-dataset\Bone Facture\FracAtlas\FracAtlas\images\Non_fractured\IMG0000951.jpg,images\Non_fractured\IMG0000951.jpg,FracAtlas,PAT_FA_00475,0,0,leg,0,0,373,454,1,0ab0e607019ba8973976c004ebd8bf6e,train
IMG0000952.jpg,D:\projects\MediMind\ai-prediction-service\test-dataset\Bone Facture\FracAtlas\FracAtlas\images\Non_fractured\IMG0000952.jpg,images\Non_fractured\IMG0000952.jpg,FracAtlas,PAT_FA_00476,0,0,leg,0,0,454,373,3,655a41c04efe09cc2545a4e8ac7f71d6,train
IMG0000953.jpg,D:\projects\MediMind\ai-prediction-service\test-dataset\Bone Facture\FracAtlas\FracAtlas\images\Non_fractured\IMG0000953.jpg,images\Non_fractured\IMG0000953.jpg,FracAtlas,PAT_FA_00476,0,0,leg,0,0,373,454,3,62c2655c542f289451dd5668bf419d3c,train
IMG0000954.jpg,D:\projects\MediMind\ai-prediction-service\test-dataset\Bone Facture\FracAtlas\FracAtlas\images\Non_fractured\IMG0000954.jpg,images\Non_fractured\IMG0000954.jpg,FracAtlas,PAT_FA_00477,0,0,leg,0,1,373,454,3,4ba6d85deecd0ba38460370aab1ea738,train
IMG0000955.jpg,D:\projects\MediMind\ai-prediction-service\test-dataset\Bone Facture\FracAtlas\FracAtlas\images\Non_fractured\IMG0000955.jpg,images\Non_fractured\IMG0000955.jpg,FracAtlas,PAT_FA_00477,0,0,leg,0,0,373,454,3,da6b69e73f802b47805e53f92c8e4c3d,train
IMG0000958.jpg,D:\projects\MediMind\ai-prediction-service\test-dataset\Bone Facture\FracAtlas\FracAtlas\images\Non_fractured\IMG0000958.jpg,images\Non_fractured\IMG0000958.jpg,FracAtlas,PAT_FA_00479,0,0,leg,0,0,373,454,3,f2bffa7d7be56166ada270784bfca63d,train
IMG0000959.jpg,D:\projects\MediMind\ai-prediction-service\test-dataset\Bone Facture\FracAtlas\FracAtlas\images\Non_fractured\IMG0000959.jpg,images\Non_fractured\IMG0000959.jpg,FracAtlas,PAT_FA_00479,0,0,leg,0,0,373,454,3,4d83db3d0e99bdb57c4e3192695d63bb,train
IMG0000960.jpg,D:\projects\MediMind\ai-prediction-service\test-dataset\Bone Facture\FracAtlas\FracAtlas\images\Non_fractured\IMG0000960.jpg,images\Non_fractured\IMG0000960.jpg,FracAtlas,PAT_FA_00480,0,0,leg,0,0,373,454,3,79ec69966dc547b5d2125eefe1367c85,train
IMG0000961.jpg,D:\projects\MediMind\ai-prediction-service\test-dataset\Bone Facture\FracAtlas\FracAtlas\images\Non_fractured\IMG0000961.jpg,images\Non_fractured\IMG0000961.jpg,FracAtlas,PAT_FA_00480,0,0,hip,0,0,454,373,3,32ae2ad25d7245312ac8022d76c12cba,train
IMG0000962.jpg,D:\projects\MediMind\ai-prediction-service\test-dataset\Bone Facture\FracAtlas\FracAtlas\images\Non_fractured\IMG0000962.jpg,images\Non_fractured\IMG0000962.jpg,FracAtlas,PAT_FA_00481,0,0,hip,0,0,454,373,3,7e8b9aa7a34854dd66f781bdfaa7b7e7,train
IMG0000963.jpg,D:\projects\MediMind\ai-prediction-service\test-dataset\Bone Facture\FracAtlas\FracAtlas\images\Non_fractured\IMG0000963.jpg,images\Non_fractured\IMG0000963.jpg,FracAtlas,PAT_FA_00481,0,0,hand,0,0,373,454,3,6f9c0817c0c7c381ae34f1e59ef7a792,train
IMG0000964.jpg,D:\projects\MediMind\ai-prediction-service\test-dataset\Bone Facture\FracAtlas\FracAtlas\images\Non_fractured\IMG0000964.jpg,images\Non_fractured\IMG0000964.jpg,FracAtlas,PAT_FA_00482,0,0,leg,0,0,373,454,3,2d5ac7961c7ea2efd2ed47be52e60394,train
IMG0000965.jpg,D:\projects\MediMind\ai-prediction-service\test-dataset\Bone Facture\FracAtlas\FracAtlas\images\Non_fractured\IMG0000965.jpg,images\Non_fractured\IMG0000965.jpg,FracAtlas,PAT_FA_00482,0,0,leg,0,0,454,373,3,6a07edbaf12d13f9782aec4165293f8e,train
IMG0000966.jpg,D:\projects\MediMind\ai-prediction-service\test-dataset\Bone Facture\FracAtlas\FracAtlas\images\Non_fractured\IMG0000966.jpg,images\Non_fractured\IMG0000966.jpg,FracAtlas,PAT_FA_00483,0,0,leg,0,0,373,454,3,47ffd128897432ee71b3529faf733878,train
IMG0000967.jpg,D:\projects\MediMind\ai-prediction-service\test-dataset\Bone Facture\FracAtlas\FracAtlas\images\Non_fractured\IMG0000967.jpg,images\Non_fractured\IMG0000967.jpg,FracAtlas,PAT_FA_00483,0,0,leg,0,0,454,373,3,b692b8b7f8ef1705c139ff7c7d3cf1cc,train
IMG0000970.jpg,D:\projects\MediMind\ai-prediction-service\test-dataset\Bone Facture\FracAtlas\FracAtlas\images\Non_fractured\IMG0000970.jpg,images\Non_fractured\IMG0000970.jpg,FracAtlas,PAT_FA_00485,0,0,leg,0,0,373,454,3,c9a424d0699ed6c9319067c90a657edf,train
IMG0000971.jpg,D:\projects\MediMind\ai-prediction-service\test-dataset\Bone Facture\FracAtlas\FracAtlas\images\Non_fractured\IMG0000971.jpg,images\Non_fractured\IMG0000971.jpg,FracAtlas,PAT_FA_00485,0,0,leg,0,0,373,454,3,c9d8a8609cb44dbbe1efe47894c5c37e,train
IMG0000972.jpg,D:\projects\MediMind\ai-prediction-service\test-dataset\Bone Facture\FracAtlas\FracAtlas\images\Non_fractured\IMG0000972.jpg,images\Non_fractured\IMG0000972.jpg,FracAtlas,PAT_FA_00486,0,0,leg,0,0,454,373,3,f5b8e1f6c8ad8042e14b78193b12ab4b,train
IMG0000973.jpg,D:\projects\MediMind\ai-prediction-service\test-dataset\Bone Facture\FracAtlas\FracAtlas\images\Non_fractured\IMG0000973.jpg,images\Non_fractured\IMG0000973.jpg,FracAtlas,PAT_FA_00486,0,0,leg,0,0,373,454,3,102529f1bc62ae01c49ea5f195ca96ba,train
IMG0000974.jpg,D:\projects\MediMind\ai-prediction-service\test-dataset\Bone Facture\FracAtlas\FracAtlas\images\Non_fractured\IMG0000974.jpg,images\Non_fractured\IMG0000974.jpg,FracAtlas,PAT_FA_00487,0,0,leg,0,0,454,373,3,cb9844ecf031dfa4aef2a16e0fd1eb04,train
IMG0000975.jpg,D:\projects\MediMind\ai-prediction-service\test-dataset\Bone Facture\FracAtlas\FracAtlas\images\Non_fractured\IMG0000975.jpg,images\Non_fractured\IMG0000975.jpg,FracAtlas,PAT_FA_00487,0,0,leg,0,0,373,454,3,112c422950b2e6bc46a5b5b6941a6236,train
IMG0000978.jpg,D:\projects\MediMind\ai-prediction-service\test-dataset\Bone Facture\FracAtlas\FracAtlas\images\Non_fractured\IMG0000978.jpg,images\Non_fractured\IMG0000978.jpg,FracAtlas,PAT_FA_00489,0,0,leg,0,0,373,454,1,4593575baeaaa291aedd80205d246363,train
IMG0000979.jpg,D:\projects\MediMind\ai-prediction-service\test-dataset\Bone Facture\FracAtlas\FracAtlas\images\Non_fractured\IMG0000979.jpg,images\Non_fractured\IMG0000979.jpg,FracAtlas,PAT_FA_00489,0,0,leg,0,0,373,454,3,ce9cfa4cd8e72928916b860dcea54897,train
IMG0000982.jpg,D:\projects\MediMind\ai-prediction-service\test-dataset\Bone Facture\FracAtlas\FracAtlas\images\Non_fractured\IMG0000982.jpg,images\Non_fractured\IMG0000982.jpg,FracAtlas,PAT_FA_00491,0,0,leg,0,0,373,454,3,df679efa4849bb2bab27fb1bb64311e1,train
IMG0000983.jpg,D:\projects\MediMind\ai-prediction-service\test-dataset\Bone Facture\FracAtlas\FracAtlas\images\Non_fractured\IMG0000983.jpg,images\Non_fractured\IMG0000983.jpg,FracAtlas,PAT_FA_00491,0,0,hip,0,0,454,373,3,35500a2730a8ec2481e553ba204d655e,train
IMG0000984.jpg,D:\projects\MediMind\ai-prediction-service\test-dataset\Bone Facture\FracAtlas\FracAtlas\images\Non_fractured\IMG0000984.jpg,images\Non_fractured\IMG0000984.jpg,FracAtlas,PAT_FA_00492,0,0,leg,0,0,373,454,3,e30cb7ddcbb72fe864fc394af9702c96,train
IMG0000985.jpg,D:\projects\MediMind\ai-prediction-service\test-dataset\Bone Facture\FracAtlas\FracAtlas\images\Non_fractured\IMG0000985.jpg,images\Non_fractured\IMG0000985.jpg,FracAtlas,PAT_FA_00492,0,0,leg,0,0,373,454,3,004919120c6006946f75848fc6ea45a6,train
IMG0000986.jpg,D:\projects\MediMind\ai-prediction-service\test-dataset\Bone Facture\FracAtlas\FracAtlas\images\Non_fractured\IMG0000986.jpg,images\Non_fractured\IMG0000986.jpg,FracAtlas,PAT_FA_00493,0,0,leg,0,0,373,454,3,8d8169b8ee2b80813a8380c14f1d3a37,train
IMG0000987.jpg,D:\projects\MediMind\ai-prediction-service\test-dataset\Bone Facture\FracAtlas\FracAtlas\images\Non_fractured\IMG0000987.jpg,images\Non_fractured\IMG0000987.jpg,FracAtlas,PAT_FA_00493,0,0,leg,0,0,373,454,3,ac4bf102035e9cb01dcb4eee3d0da582,train
IMG0000988.jpg,D:\projects\MediMind\ai-prediction-service\test-dataset\Bone Facture\FracAtlas\FracAtlas\images\Non_fractured\IMG0000988.jpg,images\Non_fractured\IMG0000988.jpg,FracAtlas,PAT_FA_00494,0,0,leg,0,0,373,454,3,88357b4548c8b38ba4b888ccf31e4bb6,train
IMG0000989.jpg,D:\projects\MediMind\ai-prediction-service\test-dataset\Bone Facture\FracAtlas\FracAtlas\images\Non_fractured\IMG0000989.jpg,images\Non_fractured\IMG0000989.jpg,FracAtlas,PAT_FA_00494,0,0,leg,0,0,373,454,3,fe12cbdcfdaa92e384fce08977999228,train
IMG0000990.jpg,D:\projects\MediMind\ai-prediction-service\test-dataset\Bone Facture\FracAtlas\FracAtlas\images\Non_fractured\IMG0000990.jpg,images\Non_fractured\IMG0000990.jpg,FracAtlas,PAT_FA_00495,0,0,hand,0,0,454,373,1,a58b9fefa3d404f4329aa064f271458d,train
IMG0000991.jpg,D:\projects\MediMind\ai-prediction-service\test-dataset\Bone Facture\FracAtlas\FracAtlas\images\Non_fractured\IMG0000991.jpg,images\Non_fractured\IMG0000991.jpg,FracAtlas,PAT_FA_00495,0,0,hand,0,0,373,454,1,404f235d7cc7b3ee80580f8d117e1658,train
IMG0000992.jpg,D:\projects\MediMind\ai-prediction-service\test-dataset\Bone Facture\FracAtlas\FracAtlas\images\Non_fractured\IMG0000992.jpg,images\Non_fractured\IMG0000992.jpg,FracAtlas,PAT_FA_00496,0,0,leg,0,0,373,454,3,fd4f89f6532260b7a2fb81fafb76cf1e,train
IMG0000993.jpg,D:\projects\MediMind\ai-prediction-service\test-dataset\Bone Facture\FracAtlas\FracAtlas\images\Non_fractured\IMG0000993.jpg,images\Non_fractured\IMG0000993.jpg,FracAtlas,PAT_FA_00496,0,0,leg,0,0,454,373,3,143881a0b33514f679c6cff8f7bd2ead,train
IMG0000994.jpg,D:\projects\MediMind\ai-prediction-service\test-dataset\Bone Facture\FracAtlas\FracAtlas\images\Non_fractured\IMG0000994.jpg,images\Non_fractured\IMG0000994.jpg,FracAtlas,PAT_FA_00497,0,0,leg,0,0,373,454,3,e117cf4a912810a28a57b0a4d14b5a1e,train
IMG0000995.jpg,D:\projects\MediMind\ai-prediction-service\test-dataset\Bone Facture\FracAtlas\FracAtlas\images\Non_fractured\IMG0000995.jpg,images\Non_fractured\IMG0000995.jpg,FracAtlas,PAT_FA_00497,0,0,leg,0,0,454,373,3,cac4259f05ba5b595608d7f04325079e,train
IMG0000996.jpg,D:\projects\MediMind\ai-prediction-service\test-dataset\Bone Facture\FracAtlas\FracAtlas\images\Non_fractured\IMG0000996.jpg,images\Non_fractured\IMG0000996.jpg,FracAtlas,PAT_FA_00498,0,0,leg,0,0,373,454,3,38c42ce3af57a3a41356817eee261704,train
IMG0000997.jpg,D:\projects\MediMind\ai-prediction-service\test-dataset\Bone Facture\FracAtlas\FracAtlas\images\Non_fractured\IMG0000997.jpg,images\Non_fractured\IMG0000997.jpg,FracAtlas,PAT_FA_00498,0,0,leg,0,0,373,454,3,86275fd7bf866f84b7c321abf6e1a92a,train
IMG0001000.jpg,D:\projects\MediMind\ai-prediction-service\test-dataset\Bone Facture\FracAtlas\FracAtlas\images\Non_fractured\IMG0001000.jpg,images\Non_fractured\IMG0001000.jpg,FracAtlas,PAT_FA_00500,0,0,hand,0,0,454,373,3,486a94740a49e1714d1bb1b9f935ab35,train
IMG0001001.jpg,D:\projects\MediMind\ai-prediction-service\test-dataset\Bone Facture\FracAtlas\FracAtlas\images\Non_fractured\IMG0001001.jpg,images\Non_fractured\IMG0001001.jpg,FracAtlas,PAT_FA_00500,0,0,hand,0,0,373,454,3,87b7b3e659a1f2230a5e1087bea9986b,train
IMG0001002.jpg,D:\projects\MediMind\ai-prediction-service\test-dataset\Bone Facture\FracAtlas\FracAtlas\images\Non_fractured\IMG0001002.jpg,images\Non_fractured\IMG0001002.jpg,FracAtlas,PAT_FA_00501,0,0,hand,0,0,373,454,3,4909fdfaa594676e377a353bd56a4fa5,train
IMG0001003.jpg,D:\projects\MediMind\ai-prediction-service\test-dataset\Bone Facture\FracAtlas\FracAtlas\images\Non_fractured\IMG0001003.jpg,images\Non_fractured\IMG0001003.jpg,FracAtlas,PAT_FA_00501,0,0,hand,0,0,373,454,3,d0d687cc6410ddd60bffd979b7a242a5,train
IMG0001006.jpg,D:\projects\MediMind\ai-prediction-service\test-dataset\Bone Facture\FracAtlas\FracAtlas\images\Non_fractured\IMG0001006.jpg,images\Non_fractured\IMG0001006.jpg,FracAtlas,PAT_FA_00503,0,0,hand,0,0,454,373,3,6274e7d2d803c11aa423eeb77a39df5b,train
IMG0001007.jpg,D:\projects\MediMind\ai-prediction-service\test-dataset\Bone Facture\FracAtlas\FracAtlas\images\Fractured\IMG0001007.jpg,images\Fractured\IMG0001007.jpg,FracAtlas,PAT_FA_00503,1,1,hand,0,0,454,373,3,bf3010b21da80df21102d6091d7e0957,train
IMG0001008.jpg,D:\projects\MediMind\ai-prediction-service\test-dataset\Bone Facture\FracAtlas\FracAtlas\images\Fractured\IMG0001008.jpg,images\Fractured\IMG0001008.jpg,FracAtlas,PAT_FA_00504,1,1,hand,0,0,454,373,3,f0f75d5e5bcab6c8b48319288d0ab9ea,train
IMG0001009.jpg,D:\projects\MediMind\ai-prediction-service\test-dataset\Bone Facture\FracAtlas\FracAtlas\images\Non_fractured\IMG0001009.jpg,images\Non_fractured\IMG0001009.jpg,FracAtlas,PAT_FA_00504,0,0,leg,0,0,373,454,3,e37e3806a5cfd5a423e46d94af5db5a1,train
IMG0001010.jpg,D:\projects\MediMind\ai-prediction-service\test-dataset\Bone Facture\FracAtlas\FracAtlas\images\Non_fractured\IMG0001010.jpg,images\Non_fractured\IMG0001010.jpg,FracAtlas,PAT_FA_00505,0,0,leg,0,0,373,454,3,00fe620334bfbc5ec35ac3043c9e7be8,train
IMG0001011.jpg,D:\projects\MediMind\ai-prediction-service\test-dataset\Bone Facture\FracAtlas\FracAtlas\images\Non_fractured\IMG0001011.jpg,images\Non_fractured\IMG0001011.jpg,FracAtlas,PAT_FA_00505,0,0,leg,0,0,373,454,3,8b05c96f667fd3fc4422998df9aa8222,train
IMG0001012.jpg,D:\projects\MediMind\ai-prediction-service\test-dataset\Bone Facture\FracAtlas\FracAtlas\images\Non_fractured\IMG0001012.jpg,images\Non_fractured\IMG0001012.jpg,FracAtlas,PAT_FA_00506,0,0,leg,0,0,373,454,3,6e00f2eebd17de442b72fb6ddd2790a4,train
IMG0001013.jpg,D:\projects\MediMind\ai-prediction-service\test-dataset\Bone Facture\FracAtlas\FracAtlas\images\Non_fractured\IMG0001013.jpg,images\Non_fractured\IMG0001013.jpg,FracAtlas,PAT_FA_00506,0,0,leg,0,0,373,454,3,bc6da78cf4659c2d1561f9995eccee1a,train
IMG0001014.jpg,D:\projects\MediMind\ai-prediction-service\test-dataset\Bone Facture\FracAtlas\FracAtlas\images\Non_fractured\IMG0001014.jpg,images\Non_fractured\IMG0001014.jpg,FracAtlas,PAT_FA_00507,0,0,leg,0,0,373,454,3,97c1681cbcc9787b6c4b6019e4a98f62,train
IMG0001015.jpg,D:\projects\MediMind\ai-prediction-service\test-dataset\Bone Facture\FracAtlas\FracAtlas\images\Non_fractured\IMG0001015.jpg,images\Non_fractured\IMG0001015.jpg,FracAtlas,PAT_FA_00507,0,0,leg,0,1,454,373,3,a32c1819e2eb4dbc7f4540b841aee3b4,train
IMG0001018.jpg,D:\projects\MediMind\ai-prediction-service\test-dataset\Bone Facture\FracAtlas\FracAtlas\images\Non_fractured\IMG0001018.jpg,images\Non_fractured\IMG0001018.jpg,FracAtlas,PAT_FA_00509,0,0,leg,0,1,454,373,3,4eadacef4029e16dfe1008cf38eb081e,train
IMG0001019.jpg,D:\projects\MediMind\ai-prediction-service\test-dataset\Bone Facture\FracAtlas\FracAtlas\images\Non_fractured\IMG0001019.jpg,images\Non_fractured\IMG0001019.jpg,FracAtlas,PAT_FA_00509,0,0,leg,0,0,373,454,3,789d2e2b500fae072d8b178cb4a6c929,train
IMG0001020.jpg,D:\projects\MediMind\ai-prediction-service\test-dataset\Bone Facture\FracAtlas\FracAtlas\images\Non_fractured\IMG0001020.jpg,images\Non_fractured\IMG0001020.jpg,FracAtlas,PAT_FA_00510,0,0,leg,0,0,373,454,3,fb19bc1eb376fa001eee7e204cf050a2,train
IMG0001021.jpg,D:\projects\MediMind\ai-prediction-service\test-dataset\Bone Facture\FracAtlas\FracAtlas\images\Non_fractured\IMG0001021.jpg,images\Non_fractured\IMG0001021.jpg,FracAtlas,PAT_FA_00510,0,0,leg,0,0,373,454,3,3fce6b0903b1bb687a85d9209ba9dced,train
IMG0001022.jpg,D:\projects\MediMind\ai-prediction-service\test-dataset\Bone Facture\FracAtlas\FracAtlas\images\Non_fractured\IMG0001022.jpg,images\Non_fractured\IMG0001022.jpg,FracAtlas,PAT_FA_00511,0,0,leg,0,0,373,454,1,2426ea5ade01933375882ebd7758421b,train
IMG0001023.jpg,D:\projects\MediMind\ai-prediction-service\test-dataset\Bone Facture\FracAtlas\FracAtlas\images\Non_fractured\IMG0001023.jpg,images\Non_fractured\IMG0001023.jpg,FracAtlas,PAT_FA_00511,0,0,leg,0,0,454,373,3,6209a63d86dfdfb5093dd8a56206c5df,train
IMG0001024.jpg,D:\projects\MediMind\ai-prediction-service\test-dataset\Bone Facture\FracAtlas\FracAtlas\images\Non_fractured\IMG0001024.jpg,images\Non_fractured\IMG0001024.jpg,FracAtlas,PAT_FA_00512,0,0,leg,0,1,454,373,3,ac77b402d20f0b7ce616fe777557b101,train
IMG0001025.jpg,D:\projects\MediMind\ai-prediction-service\test-dataset\Bone Facture\FracAtlas\FracAtlas\images\Fractured\IMG0001025.jpg,images\Fractured\IMG0001025.jpg,FracAtlas,PAT_FA_00512,1,1,hand,0,0,373,454,3,f797b6e31235606c0e253d8bbf59e42e,train
IMG0001030.jpg,D:\projects\MediMind\ai-prediction-service\test-dataset\Bone Facture\FracAtlas\FracAtlas\images\Non_fractured\IMG0001030.jpg,images\Non_fractured\IMG0001030.jpg,FracAtlas,PAT_FA_00515,0,0,leg,0,0,454,373,3,206a48cb7f9c6a579231e3f2c7003c7d,train
IMG0001031.jpg,D:\projects\MediMind\ai-prediction-service\test-dataset\Bone Facture\FracAtlas\FracAtlas\images\Non_fractured\IMG0001031.jpg,images\Non_fractured\IMG0001031.jpg,FracAtlas,PAT_FA_00515,0,0,leg,0,1,454,373,3,654f2d96136c88bc5eec338a8019b3cd,train
IMG0001032.jpg,D:\projects\MediMind\ai-prediction-service\test-dataset\Bone Facture\FracAtlas\FracAtlas\images\Non_fractured\IMG0001032.jpg,images\Non_fractured\IMG0001032.jpg,FracAtlas,PAT_FA_00516,0,0,leg,0,0,454,373,3,7d6cfe2a838d8cf7dff86d2c856dd656,train
IMG0001033.jpg,D:\projects\MediMind\ai-prediction-service\test-dataset\Bone Facture\FracAtlas\FracAtlas\images\Non_fractured\IMG0001033.jpg,images\Non_fractured\IMG0001033.jpg,FracAtlas,PAT_FA_00516,0,0,leg,0,0,454,373,3,9fa5f2f1c40e83c0d38b5bbaa11daad5,train
IMG0001036.jpg,D:\projects\MediMind\ai-prediction-service\test-dataset\Bone Facture\FracAtlas\FracAtlas\images\Non_fractured\IMG0001036.jpg,images\Non_fractured\IMG0001036.jpg,FracAtlas,PAT_FA_00518,0,0,leg,0,1,454,373,3,f24a96edf3d52d915c61318e3d14eacb,train
IMG0001037.jpg,D:\projects\MediMind\ai-prediction-service\test-dataset\Bone Facture\FracAtlas\FracAtlas\images\Non_fractured\IMG0001037.jpg,images\Non_fractured\IMG0001037.jpg,FracAtlas,PAT_FA_00518,0,0,leg,0,0,373,454,3,ec1c8dfb9b46d8c56ab8323aa4f61bf6,train
IMG0001038.jpg,D:\projects\MediMind\ai-prediction-service\test-dataset\Bone Facture\FracAtlas\FracAtlas\images\Non_fractured\IMG0001038.jpg,images\Non_fractured\IMG0001038.jpg,FracAtlas,PAT_FA_00519,0,0,leg,0,0,454,373,3,cc88a5e38ed72e786ef4bcb97b9803fa,train
IMG0001039.jpg,D:\projects\MediMind\ai-prediction-service\test-dataset\Bone Facture\FracAtlas\FracAtlas\images\Non_fractured\IMG0001039.jpg,images\Non_fractured\IMG0001039.jpg,FracAtlas,PAT_FA_00519,0,0,hand,0,0,373,454,3,a1618bcdb26bc7756af496e2576d1122,train
IMG0001040.jpg,D:\projects\MediMind\ai-prediction-service\test-dataset\Bone Facture\FracAtlas\FracAtlas\images\Non_fractured\IMG0001040.jpg,images\Non_fractured\IMG0001040.jpg,FracAtlas,PAT_FA_00520,0,0,hand,0,0,373,454,3,45ef78e7d9a4ec5a086b8787217aba07,train
IMG0001041.jpg,D:\projects\MediMind\ai-prediction-service\test-dataset\Bone Facture\FracAtlas\FracAtlas\images\Fractured\IMG0001041.jpg,images\Fractured\IMG0001041.jpg,FracAtlas,PAT_FA_00520,1,1,hand,0,0,454,373,3,967219a3f16c80c54aadcb8b7e67d1ae,train
IMG0001046.jpg,D:\projects\MediMind\ai-prediction-service\test-dataset\Bone Facture\FracAtlas\FracAtlas\images\Non_fractured\IMG0001046.jpg,images\Non_fractured\IMG0001046.jpg,FracAtlas,PAT_FA_00523,0,0,hand,0,0,373,454,3,b9a25f4059bab5d42e525654165c9132,train
IMG0001047.jpg,D:\projects\MediMind\ai-prediction-service\test-dataset\Bone Facture\FracAtlas\FracAtlas\images\Non_fractured\IMG0001047.jpg,images\Non_fractured\IMG0001047.jpg,FracAtlas,PAT_FA_00523,0,0,leg,0,0,373,454,3,63769be29b341639d97dd5f4f4cc0524,train
IMG0001054.jpg,D:\projects\MediMind\ai-prediction-service\test-dataset\Bone Facture\FracAtlas\FracAtlas\images\Non_fractured\IMG0001054.jpg,images\Non_fractured\IMG0001054.jpg,FracAtlas,PAT_FA_00527,0,0,leg,0,0,373,454,3,7f54e2a7edd4454f51cc4e70c14f04e4,train
IMG0001055.jpg,D:\projects\MediMind\ai-prediction-service\test-dataset\Bone Facture\FracAtlas\FracAtlas\images\Non_fractured\IMG0001055.jpg,images\Non_fractured\IMG0001055.jpg,FracAtlas,PAT_FA_00527,0,0,leg,0,0,373,454,1,9a5e07c563f758069938fa4cd125a956,train
IMG0001058.jpg,D:\projects\MediMind\ai-prediction-service\test-dataset\Bone Facture\FracAtlas\FracAtlas\images\Non_fractured\IMG0001058.jpg,images\Non_fractured\IMG0001058.jpg,FracAtlas,PAT_FA_00529,0,0,shoulder,0,0,373,454,3,834f9b34004d4b40011a4161954060f0,train
IMG0001059.jpg,D:\projects\MediMind\ai-prediction-service\test-dataset\Bone Facture\FracAtlas\FracAtlas\images\Non_fractured\IMG0001059.jpg,images\Non_fractured\IMG0001059.jpg,FracAtlas,PAT_FA_00529,0,0,leg,0,0,373,454,3,b91be7e58734aa42fae0d83b471560b5,train
IMG0001060.jpg,D:\projects\MediMind\ai-prediction-service\test-dataset\Bone Facture\FracAtlas\FracAtlas\images\Non_fractured\IMG0001060.jpg,images\Non_fractured\IMG0001060.jpg,FracAtlas,PAT_FA_00530,0,0,leg,0,0,454,373,3,fbcfc6f906e8b3dd0b388daf1433bb54,train
IMG0001061.jpg,D:\projects\MediMind\ai-prediction-service\test-dataset\Bone Facture\FracAtlas\FracAtlas\images\Non_fractured\IMG0001061.jpg,images\Non_fractured\IMG0001061.jpg,FracAtlas,PAT_FA_00530,0,0,leg,0,0,373,454,3,c33f71176b42287d742c754de7e17052,train
IMG0001062.jpg,D:\projects\MediMind\ai-prediction-service\test-dataset\Bone Facture\FracAtlas\FracAtlas\images\Non_fractured\IMG0001062.jpg,images\Non_fractured\IMG0001062.jpg,FracAtlas,PAT_FA_00531,0,0,hand,0,1,373,454,1,be83dfa751f02e412924b47b6ff1c572,train
IMG0001063.jpg,D:\projects\MediMind\ai-prediction-service\test-dataset\Bone Facture\FracAtlas\FracAtlas\images\Non_fractured\IMG0001063.jpg,images\Non_fractured\IMG0001063.jpg,FracAtlas,PAT_FA_00531,0,0,hand,0,0,454,373,3,d0da26980727260c521850a76a84efee,train
IMG0001064.jpg,D:\projects\MediMind\ai-prediction-service\test-dataset\Bone Facture\FracAtlas\FracAtlas\images\Non_fractured\IMG0001064.jpg,images\Non_fractured\IMG0001064.jpg,FracAtlas,PAT_FA_00532,0,0,hand,0,0,454,373,3,8cfaf90ba72213515a486161dc608452,train
IMG0001065.jpg,D:\projects\MediMind\ai-prediction-service\test-dataset\Bone Facture\FracAtlas\FracAtlas\images\Non_fractured\IMG0001065.jpg,images\Non_fractured\IMG0001065.jpg,FracAtlas,PAT_FA_00532,0,0,leg,0,0,373,454,3,43baf29a10d911878586a873427b42e0,train
IMG0001066.jpg,D:\projects\MediMind\ai-prediction-service\test-dataset\Bone Facture\FracAtlas\FracAtlas\images\Non_fractured\IMG0001066.jpg,images\Non_fractured\IMG0001066.jpg,FracAtlas,PAT_FA_00533,0,0,leg,0,0,373,454,3,9d26e0e4bb504460ca223699a605bc7a,train
IMG0001067.jpg,D:\projects\MediMind\ai-prediction-service\test-dataset\Bone Facture\FracAtlas\FracAtlas\images\Non_fractured\IMG0001067.jpg,images\Non_fractured\IMG0001067.jpg,FracAtlas,PAT_FA_00533,0,0,leg,0,1,373,454,1,b38d98dbdca27b18678ad543e54c0ed6,train
IMG0001068.jpg,D:\projects\MediMind\ai-prediction-service\test-dataset\Bone Facture\FracAtlas\FracAtlas\images\Non_fractured\IMG0001068.jpg,images\Non_fractured\IMG0001068.jpg,FracAtlas,PAT_FA_00534,0,0,hip,0,0,373,454,1,0e8d2fd3e35d843168c345191fa9bb71,train
IMG0001069.jpg,D:\projects\MediMind\ai-prediction-service\test-dataset\Bone Facture\FracAtlas\FracAtlas\images\Non_fractured\IMG0001069.jpg,images\Non_fractured\IMG0001069.jpg,FracAtlas,PAT_FA_00534,0,0,hip,0,0,454,373,3,0cb2f0e24230dd92818eb49417d6fe98,train
IMG0001071.jpg,D:\projects\MediMind\ai-prediction-service\test-dataset\Bone Facture\FracAtlas\FracAtlas\images\Non_fractured\IMG0001071.jpg,images\Non_fractured\IMG0001071.jpg,FracAtlas,PAT_FA_00535,0,0,leg,0,0,373,454,3,86e4e398c085552262d44353a411a86f,train
IMG0001072.jpg,D:\projects\MediMind\ai-prediction-service\test-dataset\Bone Facture\FracAtlas\FracAtlas\images\Non_fractured\IMG0001072.jpg,images\Non_fractured\IMG0001072.jpg,FracAtlas,PAT_FA_00536,0,0,leg,0,0,373,454,3,4ea84de223f17d36472a38272ffb5fa6,train
IMG0001073.jpg,D:\projects\MediMind\ai-prediction-service\test-dataset\Bone Facture\FracAtlas\FracAtlas\images\Fractured\IMG0001073.jpg,images\Fractured\IMG0001073.jpg,FracAtlas,PAT_FA_00536,1,1,hand,0,1,373,454,3,7640036b228694eb267722e94bf8ff0e,train
IMG0001076.jpg,D:\projects\MediMind\ai-prediction-service\test-dataset\Bone Facture\FracAtlas\FracAtlas\images\Non_fractured\IMG0001076.jpg,images\Non_fractured\IMG0001076.jpg,FracAtlas,PAT_FA_00538,0,0,hand,0,0,373,454,3,66835baaed8b24e027525d732198e080,train
IMG0001077.jpg,D:\projects\MediMind\ai-prediction-service\test-dataset\Bone Facture\FracAtlas\FracAtlas\images\Non_fractured\IMG0001077.jpg,images\Non_fractured\IMG0001077.jpg,FracAtlas,PAT_FA_00538,0,0,hand,0,0,373,454,3,4091c1357f5c9ee4949dc2e926cfa0ea,train
IMG0001078.jpg,D:\projects\MediMind\ai-prediction-service\test-dataset\Bone Facture\FracAtlas\FracAtlas\images\Non_fractured\IMG0001078.jpg,images\Non_fractured\IMG0001078.jpg,FracAtlas,PAT_FA_00539,0,0,hand,0,0,454,373,3,4ce4e7ef635fd3aa023d8b5e720dedc9,train
IMG0001079.jpg,D:\projects\MediMind\ai-prediction-service\test-dataset\Bone Facture\FracAtlas\FracAtlas\images\Non_fractured\IMG0001079.jpg,images\Non_fractured\IMG0001079.jpg,FracAtlas,PAT_FA_00539,0,0,leg,0,0,373,454,3,60a07b3bad54148660200e21aa397add,train
IMG0001086.jpg,D:\projects\MediMind\ai-prediction-service\test-dataset\Bone Facture\FracAtlas\FracAtlas\images\Non_fractured\IMG0001086.jpg,images\Non_fractured\IMG0001086.jpg,FracAtlas,PAT_FA_00543,0,0,hand,0,0,454,373,3,0ab7bd682b055c31c35f3d1b838507a6,train
IMG0001087.jpg,D:\projects\MediMind\ai-prediction-service\test-dataset\Bone Facture\FracAtlas\FracAtlas\images\Non_fractured\IMG0001087.jpg,images\Non_fractured\IMG0001087.jpg,FracAtlas,PAT_FA_00543,0,0,hand,0,0,454,373,3,3c1208ca7336405e45094736117e2914,train
IMG0001088.jpg,D:\projects\MediMind\ai-prediction-service\test-dataset\Bone Facture\FracAtlas\FracAtlas\images\Non_fractured\IMG0001088.jpg,images\Non_fractured\IMG0001088.jpg,FracAtlas,PAT_FA_00544,0,0,hand,0,0,373,454,3,c05e0525658d56e08057207a8f8d187d,train
IMG0001089.jpg,D:\projects\MediMind\ai-prediction-service\test-dataset\Bone Facture\FracAtlas\FracAtlas\images\Non_fractured\IMG0001089.jpg,images\Non_fractured\IMG0001089.jpg,FracAtlas,PAT_FA_00544,0,0,shoulder,0,0,373,454,3,5a39d67bc79900aaf19cfef13a62ecfc,train
IMG0001092.jpg,D:\projects\MediMind\ai-prediction-service\test-dataset\Bone Facture\FracAtlas\FracAtlas\images\Non_fractured\IMG0001092.jpg,images\Non_fractured\IMG0001092.jpg,FracAtlas,PAT_FA_00546,0,0,hip,0,0,454,373,1,4cf19f014626182b7d7275599a17075a,train
IMG0001093.jpg,D:\projects\MediMind\ai-prediction-service\test-dataset\Bone Facture\FracAtlas\FracAtlas\images\Non_fractured\IMG0001093.jpg,images\Non_fractured\IMG0001093.jpg,FracAtlas,PAT_FA_00546,0,0,hip,0,0,454,373,3,2816b70cbd6033ef75aabce6d6c3b5ea,train
IMG0001094.jpg,D:\projects\MediMind\ai-prediction-service\test-dataset\Bone Facture\FracAtlas\FracAtlas\images\Non_fractured\IMG0001094.jpg,images\Non_fractured\IMG0001094.jpg,FracAtlas,PAT_FA_00547,0,0,leg,0,0,373,454,3,992923d913a0fa1bbc91073dbfd80f5e,train
IMG0001095.jpg,D:\projects\MediMind\ai-prediction-service\test-dataset\Bone Facture\FracAtlas\FracAtlas\images\Non_fractured\IMG0001095.jpg,images\Non_fractured\IMG0001095.jpg,FracAtlas,PAT_FA_00547,0,0,leg,0,0,373,454,3,7324cdc1b0e5d7cb11a7813a615a9246,train
IMG0001096.jpg,D:\projects\MediMind\ai-prediction-service\test-dataset\Bone Facture\FracAtlas\FracAtlas\images\Non_fractured\IMG0001096.jpg,images\Non_fractured\IMG0001096.jpg,FracAtlas,PAT_FA_00548,0,0,leg,0,0,373,454,3,4569fb6d7f47ca77c182f88cc6943016,train
IMG0001097.jpg,D:\projects\MediMind\ai-prediction-service\test-dataset\Bone Facture\FracAtlas\FracAtlas\images\Non_fractured\IMG0001097.jpg,images\Non_fractured\IMG0001097.jpg,FracAtlas,PAT_FA_00548,0,0,leg,0,0,454,373,3,d82a6dc9162674e6e968444554c8c6e0,train
IMG0001100.jpg,D:\projects\MediMind\ai-prediction-service\test-dataset\Bone Facture\FracAtlas\FracAtlas\images\Non_fractured\IMG0001100.jpg,images\Non_fractured\IMG0001100.jpg,FracAtlas,PAT_FA_00550,0,0,hand,0,0,373,454,3,7213f88e6f7399cd263685583829bb3c,train
IMG0001101.jpg,D:\projects\MediMind\ai-prediction-service\test-dataset\Bone Facture\FracAtlas\FracAtlas\images\Non_fractured\IMG0001101.jpg,images\Non_fractured\IMG0001101.jpg,FracAtlas,PAT_FA_00550,0,0,hand,0,0,373,454,3,53e5430e272534faea1fc9689a47f763,train
IMG0001102.jpg,D:\projects\MediMind\ai-prediction-service\test-dataset\Bone Facture\FracAtlas\FracAtlas\images\Non_fractured\IMG0001102.jpg,images\Non_fractured\IMG0001102.jpg,FracAtlas,PAT_FA_00551,0,0,leg,0,0,373,454,3,45a0d37265c18591c09e5276626e8eed,train
IMG0001103.jpg,D:\projects\MediMind\ai-prediction-service\test-dataset\Bone Facture\FracAtlas\FracAtlas\images\Non_fractured\IMG0001103.jpg,images\Non_fractured\IMG0001103.jpg,FracAtlas,PAT_FA_00551,0,0,leg,0,0,373,454,3,edaa0497de1f7bc0a9f1ec823b5bb6b0,train
IMG0001104.jpg,D:\projects\MediMind\ai-prediction-service\test-dataset\Bone Facture\FracAtlas\FracAtlas\images\Non_fractured\IMG0001104.jpg,images\Non_fractured\IMG0001104.jpg,FracAtlas,PAT_FA_00552,0,0,hand,0,0,454,373,3,6a5c762aa457adc644d40c3f88095c1d,train
IMG0001105.jpg,D:\projects\MediMind\ai-prediction-service\test-dataset\Bone Facture\FracAtlas\FracAtlas\images\Non_fractured\IMG0001105.jpg,images\Non_fractured\IMG0001105.jpg,FracAtlas,PAT_FA_00552,0,0,hand,0,0,454,373,3,531f5e6d75931f4224c744da13e3d148,train
IMG0001106.jpg,D:\projects\MediMind\ai-prediction-service\test-dataset\Bone Facture\FracAtlas\FracAtlas\images\Non_fractured\IMG0001106.jpg,images\Non_fractured\IMG0001106.jpg,FracAtlas,PAT_FA_00553,0,0,hand,0,0,373,454,3,1039ea4b1851adf87602e236eb48c5b3,train
IMG0001107.jpg,D:\projects\MediMind\ai-prediction-service\test-dataset\Bone Facture\FracAtlas\FracAtlas\images\Non_fractured\IMG0001107.jpg,images\Non_fractured\IMG0001107.jpg,FracAtlas,PAT_FA_00553,0,0,leg,0,0,373,454,3,b8fd3d2a2d6cac6bef4246adfc8d1abe,train
IMG0001108.jpg,D:\projects\MediMind\ai-prediction-service\test-dataset\Bone Facture\FracAtlas\FracAtlas\images\Non_fractured\IMG0001108.jpg,images\Non_fractured\IMG0001108.jpg,FracAtlas,PAT_FA_00554,0,0,leg,0,0,454,373,3,89009147093beba155d98ff03c22297f,train
IMG0001109.jpg,D:\projects\MediMind\ai-prediction-service\test-dataset\Bone Facture\FracAtlas\FracAtlas\images\Non_fractured\IMG0001109.jpg,images\Non_fractured\IMG0001109.jpg,FracAtlas,PAT_FA_00554,0,0,hand,0,0,373,454,3,c3ee25de7b8575ce6055194137407e28,train
IMG0001112.jpg,D:\projects\MediMind\ai-prediction-service\test-dataset\Bone Facture\FracAtlas\FracAtlas\images\Non_fractured\IMG0001112.jpg,images\Non_fractured\IMG0001112.jpg,FracAtlas,PAT_FA_00556,0,0,leg,0,0,454,373,3,530dfdb8c36ab018fcd33329b443268e,train
IMG0001113.jpg,D:\projects\MediMind\ai-prediction-service\test-dataset\Bone Facture\FracAtlas\FracAtlas\images\Non_fractured\IMG0001113.jpg,images\Non_fractured\IMG0001113.jpg,FracAtlas,PAT_FA_00556,0,0,leg,0,0,373,454,3,898d9b1ed461532f6b49c10705a1e351,train
IMG0001114.jpg,D:\projects\MediMind\ai-prediction-service\test-dataset\Bone Facture\FracAtlas\FracAtlas\images\Non_fractured\IMG0001114.jpg,images\Non_fractured\IMG0001114.jpg,FracAtlas,PAT_FA_00557,0,0,leg,0,0,454,373,3,6002442027a98a1b03b1a4842b5714cd,train
IMG0001115.jpg,D:\projects\MediMind\ai-prediction-service\test-dataset\Bone Facture\FracAtlas\FracAtlas\images\Non_fractured\IMG0001115.jpg,images\Non_fractured\IMG0001115.jpg,FracAtlas,PAT_FA_00557,0,0,leg,0,0,373,454,3,4dbc008f77d03f9a8ff4dd7a2b331ed3,train
IMG0001116.jpg,D:\projects\MediMind\ai-prediction-service\test-dataset\Bone Facture\FracAtlas\FracAtlas\images\Non_fractured\IMG0001116.jpg,images\Non_fractured\IMG0001116.jpg,FracAtlas,PAT_FA_00558,0,0,leg,0,0,373,454,1,ff7306af14142b57106d978fa16f01da,train
IMG0001117.jpg,D:\projects\MediMind\ai-prediction-service\test-dataset\Bone Facture\FracAtlas\FracAtlas\images\Non_fractured\IMG0001117.jpg,images\Non_fractured\IMG0001117.jpg,FracAtlas,PAT_FA_00558,0,0,leg,0,1,373,454,3,533bff305f55ccfc97501326f230071a,train
IMG0001118.jpg,D:\projects\MediMind\ai-prediction-service\test-dataset\Bone Facture\FracAtlas\FracAtlas\images\Non_fractured\IMG0001118.jpg,images\Non_fractured\IMG0001118.jpg,FracAtlas,PAT_FA_00559,0,0,leg,0,0,454,373,3,653f4667d04c93bece445800b677e87d,train
IMG0001119.jpg,D:\projects\MediMind\ai-prediction-service\test-dataset\Bone Facture\FracAtlas\FracAtlas\images\Non_fractured\IMG0001119.jpg,images\Non_fractured\IMG0001119.jpg,FracAtlas,PAT_FA_00559,0,0,hand,0,0,373,454,3,ea568a5198e39b6958c61445dece8282,train
IMG0001120.jpg,D:\projects\MediMind\ai-prediction-service\test-dataset\Bone Facture\FracAtlas\FracAtlas\images\Non_fractured\IMG0001120.jpg,images\Non_fractured\IMG0001120.jpg,FracAtlas,PAT_FA_00560,0,0,hand,0,0,373,454,3,37042af84d5ef9bfa866a159008399d7,train
IMG0001121.jpg,D:\projects\MediMind\ai-prediction-service\test-dataset\Bone Facture\FracAtlas\FracAtlas\images\Non_fractured\IMG0001121.jpg,images\Non_fractured\IMG0001121.jpg,FracAtlas,PAT_FA_00560,0,0,leg,0,0,373,454,3,93140a08a3d3f4bbbfb1aaae77f38539,train
IMG0001122.jpg,D:\projects\MediMind\ai-prediction-service\test-dataset\Bone Facture\FracAtlas\FracAtlas\images\Non_fractured\IMG0001122.jpg,images\Non_fractured\IMG0001122.jpg,FracAtlas,PAT_FA_00561,0,0,leg,0,0,454,373,3,5371fd28d156c605e695965e4083b785,train
IMG0001123.jpg,D:\projects\MediMind\ai-prediction-service\test-dataset\Bone Facture\FracAtlas\FracAtlas\images\Fractured\IMG0001123.jpg,images\Fractured\IMG0001123.jpg,FracAtlas,PAT_FA_00561,1,1,hand,0,1,373,454,3,6285cc6629e5d87266a87ea1288a9ee8,train
IMG0001134.jpg,D:\projects\MediMind\ai-prediction-service\test-dataset\Bone Facture\FracAtlas\FracAtlas\images\Non_fractured\IMG0001134.jpg,images\Non_fractured\IMG0001134.jpg,FracAtlas,PAT_FA_00567,0,0,leg,0,0,373,454,3,37853d8cc891eced2cebc5905a9a0b13,train
IMG0001135.jpg,D:\projects\MediMind\ai-prediction-service\test-dataset\Bone Facture\FracAtlas\FracAtlas\images\Non_fractured\IMG0001135.jpg,images\Non_fractured\IMG0001135.jpg,FracAtlas,PAT_FA_00567,0,0,leg,0,0,454,373,3,ef24e810218cb3c431989a7c53df1174,train
IMG0001136.jpg,D:\projects\MediMind\ai-prediction-service\test-dataset\Bone Facture\FracAtlas\FracAtlas\images\Non_fractured\IMG0001136.jpg,images\Non_fractured\IMG0001136.jpg,FracAtlas,PAT_FA_00568,0,0,hand,0,0,454,373,3,425c1b71bc2a0940a86ac9fbbf787605,train
IMG0001137.jpg,D:\projects\MediMind\ai-prediction-service\test-dataset\Bone Facture\FracAtlas\FracAtlas\images\Non_fractured\IMG0001137.jpg,images\Non_fractured\IMG0001137.jpg,FracAtlas,PAT_FA_00568,0,0,hand,0,0,454,373,3,6f68dd62cfee4d6ec87b1106b731975e,train
IMG0001140.jpg,D:\projects\MediMind\ai-prediction-service\test-dataset\Bone Facture\FracAtlas\FracAtlas\images\Non_fractured\IMG0001140.jpg,images\Non_fractured\IMG0001140.jpg,FracAtlas,PAT_FA_00570,0,0,hand,0,0,373,454,3,ff007c5c6ef605fc40bdb359d0313896,train
IMG0001141.jpg,D:\projects\MediMind\ai-prediction-service\test-dataset\Bone Facture\FracAtlas\FracAtlas\images\Non_fractured\IMG0001141.jpg,images\Non_fractured\IMG0001141.jpg,FracAtlas,PAT_FA_00570,0,0,hand,0,0,373,454,3,bb124378103165aeddc3cbd609a931a2,train
IMG0001144.jpg,D:\projects\MediMind\ai-prediction-service\test-dataset\Bone Facture\FracAtlas\FracAtlas\images\Non_fractured\IMG0001144.jpg,images\Non_fractured\IMG0001144.jpg,FracAtlas,PAT_FA_00572,0,0,leg,0,0,373,454,3,637bf16459f173bd8d6eb31ceda04db5,train
IMG0001145.jpg,D:\projects\MediMind\ai-prediction-service\test-dataset\Bone Facture\FracAtlas\FracAtlas\images\Non_fractured\IMG0001145.jpg,images\Non_fractured\IMG0001145.jpg,FracAtlas,PAT_FA_00572,0,0,leg,0,0,373,454,3,ab83e606b028db65744e955ec6dca3ca,train
IMG0001146.jpg,D:\projects\MediMind\ai-prediction-service\test-dataset\Bone Facture\FracAtlas\FracAtlas\images\Non_fractured\IMG0001146.jpg,images\Non_fractured\IMG0001146.jpg,FracAtlas,PAT_FA_00573,0,0,leg,0,0,454,373,3,249d1126ab0020e6a89f85fcf41903df,train
IMG0001147.jpg,D:\projects\MediMind\ai-prediction-service\test-dataset\Bone Facture\FracAtlas\FracAtlas\images\Fractured\IMG0001147.jpg,images\Fractured\IMG0001147.jpg,FracAtlas,PAT_FA_00573,1,1,hand,0,0,373,454,3,e4bb489a905ce2c218f271084a8fad5f,train
IMG0001148.jpg,D:\projects\MediMind\ai-prediction-service\test-dataset\Bone Facture\FracAtlas\FracAtlas\images\Fractured\IMG0001148.jpg,images\Fractured\IMG0001148.jpg,FracAtlas,PAT_FA_00574,1,1,hand,0,0,373,454,3,179d1b3ac0172e82774ae156d7e70c6a,train
IMG0001149.jpg,D:\projects\MediMind\ai-prediction-service\test-dataset\Bone Facture\FracAtlas\FracAtlas\images\Non_fractured\IMG0001149.jpg,images\Non_fractured\IMG0001149.jpg,FracAtlas,PAT_FA_00574,0,0,leg,0,0,373,454,3,379ad8352f33bce932bdf16166dfae64,train
IMG0001150.jpg,D:\projects\MediMind\ai-prediction-service\test-dataset\Bone Facture\FracAtlas\FracAtlas\images\Non_fractured\IMG0001150.jpg,images\Non_fractured\IMG0001150.jpg,FracAtlas,PAT_FA_00575,0,0,leg,0,0,454,373,3,6ee82941d645ccf4e4ae63117c7284c6,train
IMG0001151.jpg,D:\projects\MediMind\ai-prediction-service\test-dataset\Bone Facture\FracAtlas\FracAtlas\images\Fractured\IMG0001151.jpg,images\Fractured\IMG0001151.jpg,FracAtlas,PAT_FA_00575,1,1,hand,0,0,454,373,3,4d1b7d735a5fc29f4c6f959b81602b30,train
IMG0001152.jpg,D:\projects\MediMind\ai-prediction-service\test-dataset\Bone Facture\FracAtlas\FracAtlas\images\Fractured\IMG0001152.jpg,images\Fractured\IMG0001152.jpg,FracAtlas,PAT_FA_00576,1,1,hand,0,0,373,454,3,6796381acab0a8dcf581d649a3a17fda,train
IMG0001153.jpg,D:\projects\MediMind\ai-prediction-service\test-dataset\Bone Facture\FracAtlas\FracAtlas\images\Non_fractured\IMG0001153.jpg,images\Non_fractured\IMG0001153.jpg,FracAtlas,PAT_FA_00576,0,0,hand,0,0,373,454,3,3518449fd44fa85822faec7d1cd717bf,train
IMG0001154.jpg,D:\projects\MediMind\ai-prediction-service\test-dataset\Bone Facture\FracAtlas\FracAtlas\images\Non_fractured\IMG0001154.jpg,images\Non_fractured\IMG0001154.jpg,FracAtlas,PAT_FA_00577,0,0,hand,0,0,454,373,3,df23208ec112d30b5779b2aa39d364f0,train
IMG0001155.jpg,D:\projects\MediMind\ai-prediction-service\test-dataset\Bone Facture\FracAtlas\FracAtlas\images\Non_fractured\IMG0001155.jpg,images\Non_fractured\IMG0001155.jpg,FracAtlas,PAT_FA_00577,0,0,leg,0,1,373,454,1,74c1c89bb6847a529f28c2112d836720,train
IMG0001160.jpg,D:\projects\MediMind\ai-prediction-service\test-dataset\Bone Facture\FracAtlas\FracAtlas\images\Non_fractured\IMG0001160.jpg,images\Non_fractured\IMG0001160.jpg,FracAtlas,PAT_FA_00580,0,0,hip,0,0,454,373,3,fb49f4e27c0002301d3855c5d689aab3,train
IMG0001161.jpg,D:\projects\MediMind\ai-prediction-service\test-dataset\Bone Facture\FracAtlas\FracAtlas\images\Non_fractured\IMG0001161.jpg,images\Non_fractured\IMG0001161.jpg,FracAtlas,PAT_FA_00580,0,0,hand,0,0,454,373,3,095ab1646c2a2bc0ae930efc3dd3cf64,train
IMG0001162.jpg,D:\projects\MediMind\ai-prediction-service\test-dataset\Bone Facture\FracAtlas\FracAtlas\images\Non_fractured\IMG0001162.jpg,images\Non_fractured\IMG0001162.jpg,FracAtlas,PAT_FA_00581,0,0,hand,0,0,373,454,1,68b951a775c5e74daa56caa7b30b683d,train
IMG0001163.jpg,D:\projects\MediMind\ai-prediction-service\test-dataset\Bone Facture\FracAtlas\FracAtlas\images\Non_fractured\IMG0001163.jpg,images\Non_fractured\IMG0001163.jpg,FracAtlas,PAT_FA_00581,0,0,hand,0,0,373,454,3,5e5fd9b5f5ef1b463b02371facb2099e,train
IMG0001166.jpg,D:\projects\MediMind\ai-prediction-service\test-dataset\Bone Facture\FracAtlas\FracAtlas\images\Non_fractured\IMG0001166.jpg,images\Non_fractured\IMG0001166.jpg,FracAtlas,PAT_FA_00583,0,0,shoulder,0,0,373,454,3,5bb4b91c0d3a0204cca5f5332d3313f4,train
IMG0001167.jpg,D:\projects\MediMind\ai-prediction-service\test-dataset\Bone Facture\FracAtlas\FracAtlas\images\Non_fractured\IMG0001167.jpg,images\Non_fractured\IMG0001167.jpg,FracAtlas,PAT_FA_00583,0,0,leg,0,0,373,454,3,6c1b1b9c6ae88a17b4b38fe5687ce114,train
IMG0001168.jpg,D:\projects\MediMind\ai-prediction-service\test-dataset\Bone Facture\FracAtlas\FracAtlas\images\Non_fractured\IMG0001168.jpg,images\Non_fractured\IMG0001168.jpg,FracAtlas,PAT_FA_00584,0,0,leg,0,0,454,373,3,73c17e90c213e4b8eb5548743ea2c8d9,train
IMG0001169.jpg,D:\projects\MediMind\ai-prediction-service\test-dataset\Bone Facture\FracAtlas\FracAtlas\images\Non_fractured\IMG0001169.jpg,images\Non_fractured\IMG0001169.jpg,FracAtlas,PAT_FA_00584,0,0,hip,0,0,373,454,1,c2a2fde0058a6b367ba6aeb3080688de,train
IMG0001170.jpg,D:\projects\MediMind\ai-prediction-service\test-dataset\Bone Facture\FracAtlas\FracAtlas\images\Non_fractured\IMG0001170.jpg,images\Non_fractured\IMG0001170.jpg,FracAtlas,PAT_FA_00585,0,0,hip,0,0,454,373,3,f1a7e210ce1b1ed5f06e4e66191ae8d1,train
IMG0001171.jpg,D:\projects\MediMind\ai-prediction-service\test-dataset\Bone Facture\FracAtlas\FracAtlas\images\Non_fractured\IMG0001171.jpg,images\Non_fractured\IMG0001171.jpg,FracAtlas,PAT_FA_00585,0,0,hand,0,0,373,454,3,81c743af3c3addd948c6a797d6de0890,train
IMG0001172.jpg,D:\projects\MediMind\ai-prediction-service\test-dataset\Bone Facture\FracAtlas\FracAtlas\images\Non_fractured\IMG0001172.jpg,images\Non_fractured\IMG0001172.jpg,FracAtlas,PAT_FA_00586,0,0,hand,0,0,373,454,3,726c1dfaac33bd75dfb4afcee32fbe7e,train
IMG0001173.jpg,D:\projects\MediMind\ai-prediction-service\test-dataset\Bone Facture\FracAtlas\FracAtlas\images\Non_fractured\IMG0001173.jpg,images\Non_fractured\IMG0001173.jpg,FracAtlas,PAT_FA_00586,0,0,hand,0,0,373,454,3,9c27a561973d1a8e3faa1a3a658cd2d1,train
IMG0001174.jpg,D:\projects\MediMind\ai-prediction-service\test-dataset\Bone Facture\FracAtlas\FracAtlas\images\Non_fractured\IMG0001174.jpg,images\Non_fractured\IMG0001174.jpg,FracAtlas,PAT_FA_00587,0,0,shoulder,0,0,373,454,3,67b1f20cb0615a74c13eb7098dd1186f,train
IMG0001175.jpg,D:\projects\MediMind\ai-prediction-service\test-dataset\Bone Facture\FracAtlas\FracAtlas\images\Non_fractured\IMG0001175.jpg,images\Non_fractured\IMG0001175.jpg,FracAtlas,PAT_FA_00587,0,0,leg,0,0,373,454,3,8b825838f45ab779837b4a678d705356,train
IMG0001176.jpg,D:\projects\MediMind\ai-prediction-service\test-dataset\Bone Facture\FracAtlas\FracAtlas\images\Non_fractured\IMG0001176.jpg,images\Non_fractured\IMG0001176.jpg,FracAtlas,PAT_FA_00588,0,0,leg,0,0,454,373,3,ba93409e0d405964594429dd2e66c4a7,train
IMG0001177.jpg,D:\projects\MediMind\ai-prediction-service\test-dataset\Bone Facture\FracAtlas\FracAtlas\images\Non_fractured\IMG0001177.jpg,images\Non_fractured\IMG0001177.jpg,FracAtlas,PAT_FA_00588,0,0,hand,0,0,373,454,3,8db92fc58989349c8cf633278358a08a,train
IMG0001178.jpg,D:\projects\MediMind\ai-prediction-service\test-dataset\Bone Facture\FracAtlas\FracAtlas\images\Non_fractured\IMG0001178.jpg,images\Non_fractured\IMG0001178.jpg,FracAtlas,PAT_FA_00589,0,0,shoulder,0,0,373,454,3,157460de360e34208b2c3554a4057596,train
IMG0001179.jpg,D:\projects\MediMind\ai-prediction-service\test-dataset\Bone Facture\FracAtlas\FracAtlas\images\Non_fractured\IMG0001179.jpg,images\Non_fractured\IMG0001179.jpg,FracAtlas,PAT_FA_00589,0,0,leg,0,0,373,454,3,7f4ed29d16b879be24de5b0077b8d208,train
IMG0001180.jpg,D:\projects\MediMind\ai-prediction-service\test-dataset\Bone Facture\FracAtlas\FracAtlas\images\Non_fractured\IMG0001180.jpg,images\Non_fractured\IMG0001180.jpg,FracAtlas,PAT_FA_00590,0,0,leg,0,0,373,454,3,74a6e9b46d1b1d1d4328c5c1a152c336,train
IMG0001181.jpg,D:\projects\MediMind\ai-prediction-service\test-dataset\Bone Facture\FracAtlas\FracAtlas\images\Non_fractured\IMG0001181.jpg,images\Non_fractured\IMG0001181.jpg,FracAtlas,PAT_FA_00590,0,0,leg,0,1,373,454,1,f68ef0123fa99b096b262aa6786e6253,train
IMG0001182.jpg,D:\projects\MediMind\ai-prediction-service\test-dataset\Bone Facture\FracAtlas\FracAtlas\images\Non_fractured\IMG0001182.jpg,images\Non_fractured\IMG0001182.jpg,FracAtlas,PAT_FA_00591,0,0,leg,0,0,373,454,3,9930adb8deefb07ee7a6ebcff6ed0982,train
IMG0001183.jpg,D:\projects\MediMind\ai-prediction-service\test-dataset\Bone Facture\FracAtlas\FracAtlas\images\Non_fractured\IMG0001183.jpg,images\Non_fractured\IMG0001183.jpg,FracAtlas,PAT_FA_00591,0,0,leg,0,0,454,373,3,ce5cb78627a06100860777d87318518c,train
IMG0001184.jpg,D:\projects\MediMind\ai-prediction-service\test-dataset\Bone Facture\FracAtlas\FracAtlas\images\Non_fractured\IMG0001184.jpg,images\Non_fractured\IMG0001184.jpg,FracAtlas,PAT_FA_00592,0,0,leg,0,0,373,454,3,11bbb0cafb4231422e1c73b1c5b51d8b,train
IMG0001185.jpg,D:\projects\MediMind\ai-prediction-service\test-dataset\Bone Facture\FracAtlas\FracAtlas\images\Non_fractured\IMG0001185.jpg,images\Non_fractured\IMG0001185.jpg,FracAtlas,PAT_FA_00592,0,0,leg,0,0,373,454,3,909752bea1f44b92f5cac0713a457ba1,train
IMG0001186.jpg,D:\projects\MediMind\ai-prediction-service\test-dataset\Bone Facture\FracAtlas\FracAtlas\images\Non_fractured\IMG0001186.jpg,images\Non_fractured\IMG0001186.jpg,FracAtlas,PAT_FA_00593,0,0,leg,0,1,454,373,3,d8974d7c4d63d88a008bd56f5d8f4c6f,train
IMG0001187.jpg,D:\projects\MediMind\ai-prediction-service\test-dataset\Bone Facture\FracAtlas\FracAtlas\images\Non_fractured\IMG0001187.jpg,images\Non_fractured\IMG0001187.jpg,FracAtlas,PAT_FA_00593,0,0,leg,0,0,373,454,3,9f4d33671767dc15aa5b0c1380a5a6f1,train
IMG0001188.jpg,D:\projects\MediMind\ai-prediction-service\test-dataset\Bone Facture\FracAtlas\FracAtlas\images\Non_fractured\IMG0001188.jpg,images\Non_fractured\IMG0001188.jpg,FracAtlas,PAT_FA_00594,0,0,leg,0,0,373,454,3,ff051840569ca5873857e6a9dbc491d8,train
IMG0001189.jpg,D:\projects\MediMind\ai-prediction-service\test-dataset\Bone Facture\FracAtlas\FracAtlas\images\Non_fractured\IMG0001189.jpg,images\Non_fractured\IMG0001189.jpg,FracAtlas,PAT_FA_00594,0,0,leg,0,0,373,454,3,087d980a402848a7c34b465a97639fc4,train
IMG0001192.jpg,D:\projects\MediMind\ai-prediction-service\test-dataset\Bone Facture\FracAtlas\FracAtlas\images\Fractured\IMG0001192.jpg,images\Fractured\IMG0001192.jpg,FracAtlas,PAT_FA_00596,1,1,leg,0,0,373,454,3,ac3e1915186b753fe5eb997689f0b89f,train
IMG0001193.jpg,D:\projects\MediMind\ai-prediction-service\test-dataset\Bone Facture\FracAtlas\FracAtlas\images\Non_fractured\IMG0001193.jpg,images\Non_fractured\IMG0001193.jpg,FracAtlas,PAT_FA_00596,0,0,leg,0,0,373,454,3,7df09149bdaff654540245f26f51644f,train
IMG0001196.jpg,D:\projects\MediMind\ai-prediction-service\test-dataset\Bone Facture\FracAtlas\FracAtlas\images\Non_fractured\IMG0001196.jpg,images\Non_fractured\IMG0001196.jpg,FracAtlas,PAT_FA_00598,0,0,leg,0,0,454,373,3,7522893f79a36356ced0c7d69061efbf,train
IMG0001197.jpg,D:\projects\MediMind\ai-prediction-service\test-dataset\Bone Facture\FracAtlas\FracAtlas\images\Non_fractured\IMG0001197.jpg,images\Non_fractured\IMG0001197.jpg,FracAtlas,PAT_FA_00598,0,0,hand,0,0,373,454,3,50e86c99c7efa520cc8f1b03bcc78acf,train
IMG0001200.jpg,D:\projects\MediMind\ai-prediction-service\test-dataset\Bone Facture\FracAtlas\FracAtlas\images\Fractured\IMG0001200.jpg,images\Fractured\IMG0001200.jpg,FracAtlas,PAT_FA_00600,1,1,hand,0,0,373,454,3,8414b45d697b9cd115df2316aa741a04,train
IMG0001201.jpg,D:\projects\MediMind\ai-prediction-service\test-dataset\Bone Facture\FracAtlas\FracAtlas\images\Non_fractured\IMG0001201.jpg,images\Non_fractured\IMG0001201.jpg,FracAtlas,PAT_FA_00600,0,0,hand,0,0,373,454,3,a5e47f8ba026cee062455255d9a99f52,train
IMG0001202.jpg,D:\projects\MediMind\ai-prediction-service\test-dataset\Bone Facture\FracAtlas\FracAtlas\images\Non_fractured\IMG0001202.jpg,images\Non_fractured\IMG0001202.jpg,FracAtlas,PAT_FA_00601,0,0,leg,0,0,373,454,3,de2ea9fb905e8c99628a407fb55ccc0a,train
IMG0001203.jpg,D:\projects\MediMind\ai-prediction-service\test-dataset\Bone Facture\FracAtlas\FracAtlas\images\Non_fractured\IMG0001203.jpg,images\Non_fractured\IMG0001203.jpg,FracAtlas,PAT_FA_00601,0,0,leg,0,0,454,373,3,5af76d2384e5e46d4e85c22e3b9a6117,train
IMG0001206.jpg,D:\projects\MediMind\ai-prediction-service\test-dataset\Bone Facture\FracAtlas\FracAtlas\images\Non_fractured\IMG0001206.jpg,images\Non_fractured\IMG0001206.jpg,FracAtlas,PAT_FA_00603,0,0,hand,0,0,454,373,3,4c5a51ae592d2f31e9a2b0380c4cf90b,train
IMG0001207.jpg,D:\projects\MediMind\ai-prediction-service\test-dataset\Bone Facture\FracAtlas\FracAtlas\images\Non_fractured\IMG0001207.jpg,images\Non_fractured\IMG0001207.jpg,FracAtlas,PAT_FA_00603,0,0,hand,0,0,454,373,3,91956d5f508436c91f9de67756d234df,train
IMG0001208.jpg,D:\projects\MediMind\ai-prediction-service\test-dataset\Bone Facture\FracAtlas\FracAtlas\images\Non_fractured\IMG0001208.jpg,images\Non_fractured\IMG0001208.jpg,FracAtlas,PAT_FA_00604,0,0,leg,0,1,373,454,3,2e97aa60dc5ba3e372bc9e4e90cbeb35,train
IMG0001209.jpg,D:\projects\MediMind\ai-prediction-service\test-dataset\Bone Facture\FracAtlas\FracAtlas\images\Non_fractured\IMG0001209.jpg,images\Non_fractured\IMG0001209.jpg,FracAtlas,PAT_FA_00604,0,0,hand,0,0,373,454,1,20d57c5827c3891db0a53a87a0caf1b2,train
IMG0001210.jpg,D:\projects\MediMind\ai-prediction-service\test-dataset\Bone Facture\FracAtlas\FracAtlas\images\Non_fractured\IMG0001210.jpg,images\Non_fractured\IMG0001210.jpg,FracAtlas,PAT_FA_00605,0,0,hand,0,0,373,454,3,e0511cd2b3fd872ece82639e0bb44eae,train
IMG0001211.jpg,D:\projects\MediMind\ai-prediction-service\test-dataset\Bone Facture\FracAtlas\FracAtlas\images\Non_fractured\IMG0001211.jpg,images\Non_fractured\IMG0001211.jpg,FracAtlas,PAT_FA_00605,0,0,hand,0,0,373,454,3,7191afc2f157d87e3cfdc013577af7d7,train
IMG0001212.jpg,D:\projects\MediMind\ai-prediction-service\test-dataset\Bone Facture\FracAtlas\FracAtlas\images\Non_fractured\IMG0001212.jpg,images\Non_fractured\IMG0001212.jpg,FracAtlas,PAT_FA_00606,0,0,leg,0,0,373,454,3,dd676cca1f81ea91b0d26b35c97e5629,train
IMG0001213.jpg,D:\projects\MediMind\ai-prediction-service\test-dataset\Bone Facture\FracAtlas\FracAtlas\images\Non_fractured\IMG0001213.jpg,images\Non_fractured\IMG0001213.jpg,FracAtlas,PAT_FA_00606,0,0,leg,0,0,454,373,3,5faaedf9629594b69401d270883fc105,train
IMG0001214.jpg,D:\projects\MediMind\ai-prediction-service\test-dataset\Bone Facture\FracAtlas\FracAtlas\images\Non_fractured\IMG0001214.jpg,images\Non_fractured\IMG0001214.jpg,FracAtlas,PAT_FA_00607,0,0,leg,0,0,373,454,3,6024f4dbab717c7d31900192bce23923,train
IMG0001215.jpg,D:\projects\MediMind\ai-prediction-service\test-dataset\Bone Facture\FracAtlas\FracAtlas\images\Non_fractured\IMG0001215.jpg,images\Non_fractured\IMG0001215.jpg,FracAtlas,PAT_FA_00607,0,0,leg,0,0,454,373,3,49c4c06b35e02a4a26526b98d917d780,train
IMG0001218.jpg,D:\projects\MediMind\ai-prediction-service\test-dataset\Bone Facture\FracAtlas\FracAtlas\images\Non_fractured\IMG0001218.jpg,images\Non_fractured\IMG0001218.jpg,FracAtlas,PAT_FA_00609,0,0,leg,0,0,454,373,3,278df964f7d6fc121811e89e07e538c4,train
IMG0001219.jpg,D:\projects\MediMind\ai-prediction-service\test-dataset\Bone Facture\FracAtlas\FracAtlas\images\Non_fractured\IMG0001219.jpg,images\Non_fractured\IMG0001219.jpg,FracAtlas,PAT_FA_00609,0,0,hip,0,0,454,373,1,74c31f1eccc4aeffa97747793dafae27,train
IMG0001220.jpg,D:\projects\MediMind\ai-prediction-service\test-dataset\Bone Facture\FracAtlas\FracAtlas\images\Non_fractured\IMG0001220.jpg,images\Non_fractured\IMG0001220.jpg,FracAtlas,PAT_FA_00610,0,0,leg,0,0,454,373,3,7de65f55dbb692ec1fb83b7b5d1d70aa,train
IMG0001221.jpg,D:\projects\MediMind\ai-prediction-service\test-dataset\Bone Facture\FracAtlas\FracAtlas\images\Non_fractured\IMG0001221.jpg,images\Non_fractured\IMG0001221.jpg,FracAtlas,PAT_FA_00610,0,0,hip,0,0,454,373,3,3e8597596d2e1653aef3bbbca59cca67,train
IMG0001222.jpg,D:\projects\MediMind\ai-prediction-service\test-dataset\Bone Facture\FracAtlas\FracAtlas\images\Non_fractured\IMG0001222.jpg,images\Non_fractured\IMG0001222.jpg,FracAtlas,PAT_FA_00611,0,0,leg,0,0,373,454,3,f5fb4b8f6aedcde435d1ffdd950cf7ce,train
IMG0001223.jpg,D:\projects\MediMind\ai-prediction-service\test-dataset\Bone Facture\FracAtlas\FracAtlas\images\Non_fractured\IMG0001223.jpg,images\Non_fractured\IMG0001223.jpg,FracAtlas,PAT_FA_00611,0,0,hand,0,0,373,454,3,11a89d0509cd40db1f1a07a333f18ced,train
IMG0001226.jpg,D:\projects\MediMind\ai-prediction-service\test-dataset\Bone Facture\FracAtlas\FracAtlas\images\Non_fractured\IMG0001226.jpg,images\Non_fractured\IMG0001226.jpg,FracAtlas,PAT_FA_00613,0,0,hand,0,0,454,373,3,f1a60458b2231d7fe1b2546710559f3e,train
IMG0001227.jpg,D:\projects\MediMind\ai-prediction-service\test-dataset\Bone Facture\FracAtlas\FracAtlas\images\Non_fractured\IMG0001227.jpg,images\Non_fractured\IMG0001227.jpg,FracAtlas,PAT_FA_00613,0,0,leg,0,1,454,373,3,01ad31bcb0361979668ac35f927385de,train
IMG0001228.jpg,D:\projects\MediMind\ai-prediction-service\test-dataset\Bone Facture\FracAtlas\FracAtlas\images\Non_fractured\IMG0001228.jpg,images\Non_fractured\IMG0001228.jpg,FracAtlas,PAT_FA_00614,0,0,leg,0,0,454,373,3,4517bc8b3767d9e2e5ed1634bbcb6e0f,train
IMG0001229.jpg,D:\projects\MediMind\ai-prediction-service\test-dataset\Bone Facture\FracAtlas\FracAtlas\images\Non_fractured\IMG0001229.jpg,images\Non_fractured\IMG0001229.jpg,FracAtlas,PAT_FA_00614,0,0,leg,0,0,454,373,3,3f16a26a5e05be1e0e623f48118a2356,train
IMG0001230.jpg,D:\projects\MediMind\ai-prediction-service\test-dataset\Bone Facture\FracAtlas\FracAtlas\images\Non_fractured\IMG0001230.jpg,images\Non_fractured\IMG0001230.jpg,FracAtlas,PAT_FA_00615,0,0,hip,0,0,454,373,1,e9e5127219c34de07c15e3062b5d2edb,train
IMG0001231.jpg,D:\projects\MediMind\ai-prediction-service\test-dataset\Bone Facture\FracAtlas\FracAtlas\images\Non_fractured\IMG0001231.jpg,images\Non_fractured\IMG0001231.jpg,FracAtlas,PAT_FA_00615,0,0,hip,0,0,454,373,1,a83aa54001447b4c2dd5545c3eda42c8,train
IMG0001232.jpg,D:\projects\MediMind\ai-prediction-service\test-dataset\Bone Facture\FracAtlas\FracAtlas\images\Non_fractured\IMG0001232.jpg,images\Non_fractured\IMG0001232.jpg,FracAtlas,PAT_FA_00616,0,0,hip,0,0,454,373,3,909e0b88c910bf8676342470b371f6b8,train
IMG0001233.jpg,D:\projects\MediMind\ai-prediction-service\test-dataset\Bone Facture\FracAtlas\FracAtlas\images\Non_fractured\IMG0001233.jpg,images\Non_fractured\IMG0001233.jpg,FracAtlas,PAT_FA_00616,0,0,hip,0,0,454,373,3,e3118886d9055a721f697f9208716977,train
IMG0001234.jpg,D:\projects\MediMind\ai-prediction-service\test-dataset\Bone Facture\FracAtlas\FracAtlas\images\Non_fractured\IMG0001234.jpg,images\Non_fractured\IMG0001234.jpg,FracAtlas,PAT_FA_00617,0,0,hip,0,0,454,373,3,21de5dd93f12d337d13400fe6188337d,train
IMG0001235.jpg,D:\projects\MediMind\ai-prediction-service\test-dataset\Bone Facture\FracAtlas\FracAtlas\images\Non_fractured\IMG0001235.jpg,images\Non_fractured\IMG0001235.jpg,FracAtlas,PAT_FA_00617,0,0,hand,0,0,373,454,3,a74290d89a90cf6ee95b107fccd5c577,train
IMG0001236.jpg,D:\projects\MediMind\ai-prediction-service\test-dataset\Bone Facture\FracAtlas\FracAtlas\images\Fractured\IMG0001236.jpg,images\Fractured\IMG0001236.jpg,FracAtlas,PAT_FA_00618,1,1,hand,0,1,373,454,3,da1777921c58a2229277f858668b7b4f,train
IMG0001237.jpg,D:\projects\MediMind\ai-prediction-service\test-dataset\Bone Facture\FracAtlas\FracAtlas\images\Non_fractured\IMG0001237.jpg,images\Non_fractured\IMG0001237.jpg,FracAtlas,PAT_FA_00618,0,0,hand,0,0,373,454,3,925602ff31ad169ad86fdf67d9b21bfc,train
IMG0001240.jpg,D:\projects\MediMind\ai-prediction-service\test-dataset\Bone Facture\FracAtlas\FracAtlas\images\Non_fractured\IMG0001240.jpg,images\Non_fractured\IMG0001240.jpg,FracAtlas,PAT_FA_00620,0,0,leg,0,0,454,373,3,8bb82ba435e8e1b43c28c3d4a6838a91,train
IMG0001241.jpg,D:\projects\MediMind\ai-prediction-service\test-dataset\Bone Facture\FracAtlas\FracAtlas\images\Non_fractured\IMG0001241.jpg,images\Non_fractured\IMG0001241.jpg,FracAtlas,PAT_FA_00620,0,0,hand,0,1,373,454,3,176b2f5af224f72a4818030e3cecab44,train
IMG0001242.jpg,D:\projects\MediMind\ai-prediction-service\test-dataset\Bone Facture\FracAtlas\FracAtlas\images\Non_fractured\IMG0001242.jpg,images\Non_fractured\IMG0001242.jpg,FracAtlas,PAT_FA_00621,0,0,leg,0,0,373,454,3,8216459e2e77f0cae92c2799cfcae66a,train
IMG0001243.jpg,D:\projects\MediMind\ai-prediction-service\test-dataset\Bone Facture\FracAtlas\FracAtlas\images\Non_fractured\IMG0001243.jpg,images\Non_fractured\IMG0001243.jpg,FracAtlas,PAT_FA_00621,0,0,leg,0,0,454,373,3,9972484009990d9c48f03477a6b96778,train
IMG0001246.jpg,D:\projects\MediMind\ai-prediction-service\test-dataset\Bone Facture\FracAtlas\FracAtlas\images\Non_fractured\IMG0001246.jpg,images\Non_fractured\IMG0001246.jpg,FracAtlas,PAT_FA_00623,0,0,leg,0,0,454,373,3,66435ef6e2bc5f983129a704e35f5407,train
IMG0001247.jpg,D:\projects\MediMind\ai-prediction-service\test-dataset\Bone Facture\FracAtlas\FracAtlas\images\Non_fractured\IMG0001247.jpg,images\Non_fractured\IMG0001247.jpg,FracAtlas,PAT_FA_00623,0,0,hand,0,0,454,373,3,1ef75c0731bdae27452b7d4cecaca692,train
IMG0001248.jpg,D:\projects\MediMind\ai-prediction-service\test-dataset\Bone Facture\FracAtlas\FracAtlas\images\Non_fractured\IMG0001248.jpg,images\Non_fractured\IMG0001248.jpg,FracAtlas,PAT_FA_00624,0,0,hand,0,0,454,373,3,3677a4266d68c31f449c00113c515a37,train
IMG0001249.jpg,D:\projects\MediMind\ai-prediction-service\test-dataset\Bone Facture\FracAtlas\FracAtlas\images\Non_fractured\IMG0001249.jpg,images\Non_fractured\IMG0001249.jpg,FracAtlas,PAT_FA_00624,0,0,hip,0,0,454,373,3,5a312ddace1a8e5417773d5d8f662f99,train
IMG0001258.jpg,D:\projects\MediMind\ai-prediction-service\test-dataset\Bone Facture\FracAtlas\FracAtlas\images\Non_fractured\IMG0001258.jpg,images\Non_fractured\IMG0001258.jpg,FracAtlas,PAT_FA_00629,0,0,hand,0,0,454,373,3,8ee17a54bdc6dc8ca8b37d150d7516f5,train
IMG0001259.jpg,D:\projects\MediMind\ai-prediction-service\test-dataset\Bone Facture\FracAtlas\FracAtlas\images\Non_fractured\IMG0001259.jpg,images\Non_fractured\IMG0001259.jpg,FracAtlas,PAT_FA_00629,0,0,hand,0,1,373,454,3,f99565600c5523263fbe490a3358e63c,train
IMG0001260.jpg,D:\projects\MediMind\ai-prediction-service\test-dataset\Bone Facture\FracAtlas\FracAtlas\images\Non_fractured\IMG0001260.jpg,images\Non_fractured\IMG0001260.jpg,FracAtlas,PAT_FA_00630,0,0,leg,0,0,373,454,3,1baee12c7a76f3bc9d54e5c5321dbcc0,train
IMG0001261.jpg,D:\projects\MediMind\ai-prediction-service\test-dataset\Bone Facture\FracAtlas\FracAtlas\images\Non_fractured\IMG0001261.jpg,images\Non_fractured\IMG0001261.jpg,FracAtlas,PAT_FA_00630,0,0,leg,0,0,373,454,3,00a4b8e86e1823668e84bf602d4521d3,train
IMG0001262.jpg,D:\projects\MediMind\ai-prediction-service\test-dataset\Bone Facture\FracAtlas\FracAtlas\images\Non_fractured\IMG0001262.jpg,images\Non_fractured\IMG0001262.jpg,FracAtlas,PAT_FA_00631,0,0,shoulder,0,0,373,454,3,9877e27cc08356d41874492b48f97a44,train
IMG0001263.jpg,D:\projects\MediMind\ai-prediction-service\test-dataset\Bone Facture\FracAtlas\FracAtlas\images\Non_fractured\IMG0001263.jpg,images\Non_fractured\IMG0001263.jpg,FracAtlas,PAT_FA_00631,0,0,shoulder,0,0,373,454,3,cb41e5418a4e17f16194357b26c0f7d6,train
IMG0001266.jpg,D:\projects\MediMind\ai-prediction-service\test-dataset\Bone Facture\FracAtlas\FracAtlas\images\Non_fractured\IMG0001266.jpg,images\Non_fractured\IMG0001266.jpg,FracAtlas,PAT_FA_00633,0,0,leg,0,1,454,373,3,b946c856dd96b88bcf85ab82d9d346b6,train
IMG0001267.jpg,D:\projects\MediMind\ai-prediction-service\test-dataset\Bone Facture\FracAtlas\FracAtlas\images\Non_fractured\IMG0001267.jpg,images\Non_fractured\IMG0001267.jpg,FracAtlas,PAT_FA_00633,0,0,leg,0,1,454,373,3,65e23a70e2a4c87846f1ba304c131ac9,train
IMG0001268.jpg,D:\projects\MediMind\ai-prediction-service\test-dataset\Bone Facture\FracAtlas\FracAtlas\images\Non_fractured\IMG0001268.jpg,images\Non_fractured\IMG0001268.jpg,FracAtlas,PAT_FA_00634,0,0,leg,0,0,373,454,1,105a1a428082e5be671c7158ca189e5f,train
IMG0001269.jpg,D:\projects\MediMind\ai-prediction-service\test-dataset\Bone Facture\FracAtlas\FracAtlas\images\Non_fractured\IMG0001269.jpg,images\Non_fractured\IMG0001269.jpg,FracAtlas,PAT_FA_00634,0,0,leg,0,1,373,454,1,67adbb84cacbb54aab41323f140b530d,train
IMG0001270.jpg,D:\projects\MediMind\ai-prediction-service\test-dataset\Bone Facture\FracAtlas\FracAtlas\images\Non_fractured\IMG0001270.jpg,images\Non_fractured\IMG0001270.jpg,FracAtlas,PAT_FA_00635,0,0,leg,0,1,373,454,1,de71e54c7fed4a83e1f0e6e8300b2639,train
IMG0001271.jpg,D:\projects\MediMind\ai-prediction-service\test-dataset\Bone Facture\FracAtlas\FracAtlas\images\Non_fractured\IMG0001271.jpg,images\Non_fractured\IMG0001271.jpg,FracAtlas,PAT_FA_00635,0,0,hip,0,0,454,373,3,a9635b5a38562faf973ae7f4a09c1f29,train
IMG0001272.jpg,D:\projects\MediMind\ai-prediction-service\test-dataset\Bone Facture\FracAtlas\FracAtlas\images\Non_fractured\IMG0001272.jpg,images\Non_fractured\IMG0001272.jpg,FracAtlas,PAT_FA_00636,0,0,shoulder,0,0,373,454,3,7205c70a5e81c28fa14aa8a18877efc9,train
IMG0001273.jpg,D:\projects\MediMind\ai-prediction-service\test-dataset\Bone Facture\FracAtlas\FracAtlas\images\Non_fractured\IMG0001273.jpg,images\Non_fractured\IMG0001273.jpg,FracAtlas,PAT_FA_00636,0,0,shoulder,0,0,373,454,3,4a7b38d97525f9a4f9225f9a97856429,train
IMG0001276.jpg,D:\projects\MediMind\ai-prediction-service\test-dataset\Bone Facture\FracAtlas\FracAtlas\images\Non_fractured\IMG0001276.jpg,images\Non_fractured\IMG0001276.jpg,FracAtlas,PAT_FA_00638,0,0,leg,0,1,373,454,3,b4eb8f2b6ca4f83742c808370c3404ab,train
IMG0001277.jpg,D:\projects\MediMind\ai-prediction-service\test-dataset\Bone Facture\FracAtlas\FracAtlas\images\Non_fractured\IMG0001277.jpg,images\Non_fractured\IMG0001277.jpg,FracAtlas,PAT_FA_00638,0,0,hand,0,0,454,373,3,c5f2516ee109b4c12693d27290e1d2dd,train
IMG0001278.jpg,D:\projects\MediMind\ai-prediction-service\test-dataset\Bone Facture\FracAtlas\FracAtlas\images\Non_fractured\IMG0001278.jpg,images\Non_fractured\IMG0001278.jpg,FracAtlas,PAT_FA_00639,0,0,hand,0,0,373,454,1,f3addd9858b3e282b70cedd28dabae36,train
IMG0001279.jpg,D:\projects\MediMind\ai-prediction-service\test-dataset\Bone Facture\FracAtlas\FracAtlas\images\Non_fractured\IMG0001279.jpg,images\Non_fractured\IMG0001279.jpg,FracAtlas,PAT_FA_00639,0,0,hand,0,0,454,373,3,cea0fbddf574f88202f887736eabfbad,train
IMG0001282.jpg,D:\projects\MediMind\ai-prediction-service\test-dataset\Bone Facture\FracAtlas\FracAtlas\images\Non_fractured\IMG0001282.jpg,images\Non_fractured\IMG0001282.jpg,FracAtlas,PAT_FA_00641,0,0,leg,0,0,373,454,3,b478c6ac774ba85bd7e590eea0492c60,train
IMG0001283.jpg,D:\projects\MediMind\ai-prediction-service\test-dataset\Bone Facture\FracAtlas\FracAtlas\images\Non_fractured\IMG0001283.jpg,images\Non_fractured\IMG0001283.jpg,FracAtlas,PAT_FA_00641,0,0,leg,0,0,454,373,3,80376e5ec432c012e47514970791a8fb,train
IMG0001285.jpg,D:\projects\MediMind\ai-prediction-service\test-dataset\Bone Facture\FracAtlas\FracAtlas\images\Non_fractured\IMG0001285.jpg,images\Non_fractured\IMG0001285.jpg,FracAtlas,PAT_FA_00642,0,0,hand,0,0,373,454,3,80ce2b608a2969db12f069af27d5b8c8,train
IMG0001288.jpg,D:\projects\MediMind\ai-prediction-service\test-dataset\Bone Facture\FracAtlas\FracAtlas\images\Non_fractured\IMG0001288.jpg,images\Non_fractured\IMG0001288.jpg,FracAtlas,PAT_FA_00644,0,0,leg,0,0,373,454,3,5c6ae95ef82e2194a727a63802462c6b,train
IMG0001289.jpg,D:\projects\MediMind\ai-prediction-service\test-dataset\Bone Facture\FracAtlas\FracAtlas\images\Non_fractured\IMG0001289.jpg,images\Non_fractured\IMG0001289.jpg,FracAtlas,PAT_FA_00644,0,0,leg,0,0,373,454,3,c5ebe6604d7107212b4a1fc66b4693a1,train
IMG0001290.jpg,D:\projects\MediMind\ai-prediction-service\test-dataset\Bone Facture\FracAtlas\FracAtlas\images\Non_fractured\IMG0001290.jpg,images\Non_fractured\IMG0001290.jpg,FracAtlas,PAT_FA_00645,0,0,leg,0,0,373,454,3,78804b274959bcb4af0b7ebdf19881ce,train
IMG0001291.jpg,D:\projects\MediMind\ai-prediction-service\test-dataset\Bone Facture\FracAtlas\FracAtlas\images\Non_fractured\IMG0001291.jpg,images\Non_fractured\IMG0001291.jpg,FracAtlas,PAT_FA_00645,0,0,leg,0,0,373,454,3,25f35061a3ddfc9ff7c4fb3f0792c5ed,train
IMG0001292.jpg,D:\projects\MediMind\ai-prediction-service\test-dataset\Bone Facture\FracAtlas\FracAtlas\images\Non_fractured\IMG0001292.jpg,images\Non_fractured\IMG0001292.jpg,FracAtlas,PAT_FA_00646,0,0,leg,0,0,373,454,3,a3039f8b0aa15ba1ca0e056cfbb410b4,train
IMG0001293.jpg,D:\projects\MediMind\ai-prediction-service\test-dataset\Bone Facture\FracAtlas\FracAtlas\images\Non_fractured\IMG0001293.jpg,images\Non_fractured\IMG0001293.jpg,FracAtlas,PAT_FA_00646,0,0,hand,0,1,454,373,3,64f0f5d6b86973e2f5de3bc5c5a02114,train
IMG0001294.jpg,D:\projects\MediMind\ai-prediction-service\test-dataset\Bone Facture\FracAtlas\FracAtlas\images\Non_fractured\IMG0001294.jpg,images\Non_fractured\IMG0001294.jpg,FracAtlas,PAT_FA_00647,0,0,hand,0,1,454,373,3,fae9ebfd10f910415807bcd0d395df48,train
IMG0001295.jpg,D:\projects\MediMind\ai-prediction-service\test-dataset\Bone Facture\FracAtlas\FracAtlas\images\Non_fractured\IMG0001295.jpg,images\Non_fractured\IMG0001295.jpg,FracAtlas,PAT_FA_00647,0,0,leg,0,1,373,454,3,8649e85f8ae193d3fa997efff3acab2b,train
IMG0001296.jpg,D:\projects\MediMind\ai-prediction-service\test-dataset\Bone Facture\FracAtlas\FracAtlas\images\Non_fractured\IMG0001296.jpg,images\Non_fractured\IMG0001296.jpg,FracAtlas,PAT_FA_00648,0,0,leg,0,0,373,454,3,71105ad79c58f5cf398400d21f3f7007,train
IMG0001297.jpg,D:\projects\MediMind\ai-prediction-service\test-dataset\Bone Facture\FracAtlas\FracAtlas\images\Non_fractured\IMG0001297.jpg,images\Non_fractured\IMG0001297.jpg,FracAtlas,PAT_FA_00648,0,0,leg,0,0,373,454,3,f6762a4babab84d7416378c17b317fa7,train
IMG0001300.jpg,D:\projects\MediMind\ai-prediction-service\test-dataset\Bone Facture\FracAtlas\FracAtlas\images\Non_fractured\IMG0001300.jpg,images\Non_fractured\IMG0001300.jpg,FracAtlas,PAT_FA_00650,0,0,hip,0,0,454,373,3,277d58296c3d5d753ad5c246112ac80f,train
IMG0001301.jpg,D:\projects\MediMind\ai-prediction-service\test-dataset\Bone Facture\FracAtlas\FracAtlas\images\Non_fractured\IMG0001301.jpg,images\Non_fractured\IMG0001301.jpg,FracAtlas,PAT_FA_00650,0,0,hand,0,1,454,373,3,bc3fe7aed38deb901fe53da0b7177f20,train
IMG0001302.jpg,D:\projects\MediMind\ai-prediction-service\test-dataset\Bone Facture\FracAtlas\FracAtlas\images\Non_fractured\IMG0001302.jpg,images\Non_fractured\IMG0001302.jpg,FracAtlas,PAT_FA_00651,0,0,hand,0,1,454,373,3,c1ec2097fd8892bc73d880ca7d338bc4,train
IMG0001303.jpg,D:\projects\MediMind\ai-prediction-service\test-dataset\Bone Facture\FracAtlas\FracAtlas\images\Non_fractured\IMG0001303.jpg,images\Non_fractured\IMG0001303.jpg,FracAtlas,PAT_FA_00651,0,0,leg,0,0,373,454,3,0c78a8079640cdaca2af06d265661a2d,train
IMG0001304.jpg,D:\projects\MediMind\ai-prediction-service\test-dataset\Bone Facture\FracAtlas\FracAtlas\images\Non_fractured\IMG0001304.jpg,images\Non_fractured\IMG0001304.jpg,FracAtlas,PAT_FA_00652,0,0,leg,0,0,373,454,3,d4af10e5fd8bced595bb69bd23ca2013,train
IMG0001305.jpg,D:\projects\MediMind\ai-prediction-service\test-dataset\Bone Facture\FracAtlas\FracAtlas\images\Non_fractured\IMG0001305.jpg,images\Non_fractured\IMG0001305.jpg,FracAtlas,PAT_FA_00652,0,0,leg,0,0,373,454,3,66412957929e52d5aac18252bd478887,train
IMG0001306.jpg,D:\projects\MediMind\ai-prediction-service\test-dataset\Bone Facture\FracAtlas\FracAtlas\images\Non_fractured\IMG0001306.jpg,images\Non_fractured\IMG0001306.jpg,FracAtlas,PAT_FA_00653,0,0,leg,0,0,454,373,3,a89ca59f0eb1edba56a145e5a1778a77,train
IMG0001307.jpg,D:\projects\MediMind\ai-prediction-service\test-dataset\Bone Facture\FracAtlas\FracAtlas\images\Non_fractured\IMG0001307.jpg,images\Non_fractured\IMG0001307.jpg,FracAtlas,PAT_FA_00653,0,0,hand,0,0,373,454,3,a9b433c5f622c52eb5f0186846b1769a,train
IMG0001308.jpg,D:\projects\MediMind\ai-prediction-service\test-dataset\Bone Facture\FracAtlas\FracAtlas\images\Non_fractured\IMG0001308.jpg,images\Non_fractured\IMG0001308.jpg,FracAtlas,PAT_FA_00654,0,0,hand,0,0,373,454,3,099335ee941749f91b6d4e84d3368ec0,train
IMG0001309.jpg,D:\projects\MediMind\ai-prediction-service\test-dataset\Bone Facture\FracAtlas\FracAtlas\images\Non_fractured\IMG0001309.jpg,images\Non_fractured\IMG0001309.jpg,FracAtlas,PAT_FA_00654,0,0,leg,0,0,373,454,3,e909663e884834021f71d230f1db95ba,train
IMG0001312.jpg,D:\projects\MediMind\ai-prediction-service\test-dataset\Bone Facture\FracAtlas\FracAtlas\images\Non_fractured\IMG0001312.jpg,images\Non_fractured\IMG0001312.jpg,FracAtlas,PAT_FA_00656,0,0,leg,0,0,373,454,3,b19913b8509d8690dcb6f24051b9e52c,train
IMG0001313.jpg,D:\projects\MediMind\ai-prediction-service\test-dataset\Bone Facture\FracAtlas\FracAtlas\images\Non_fractured\IMG0001313.jpg,images\Non_fractured\IMG0001313.jpg,FracAtlas,PAT_FA_00656,0,0,leg,0,0,373,454,3,ea0e6009bba875aa5a3c19c69c3e108f,train
IMG0001314.jpg,D:\projects\MediMind\ai-prediction-service\test-dataset\Bone Facture\FracAtlas\FracAtlas\images\Non_fractured\IMG0001314.jpg,images\Non_fractured\IMG0001314.jpg,FracAtlas,PAT_FA_00657,0,0,leg,0,0,373,454,3,fb69900feb4d446b1c86bb26009d7cb3,train
IMG0001315.jpg,D:\projects\MediMind\ai-prediction-service\test-dataset\Bone Facture\FracAtlas\FracAtlas\images\Non_fractured\IMG0001315.jpg,images\Non_fractured\IMG0001315.jpg,FracAtlas,PAT_FA_00657,0,0,hand,0,0,454,373,3,e4f81fb2d3b83952578baca403888341,train
IMG0001316.jpg,D:\projects\MediMind\ai-prediction-service\test-dataset\Bone Facture\FracAtlas\FracAtlas\images\Non_fractured\IMG0001316.jpg,images\Non_fractured\IMG0001316.jpg,FracAtlas,PAT_FA_00658,0,0,hand,0,0,454,373,3,c7e7e53204d87ad347f755d0fa99230f,train
IMG0001317.jpg,D:\projects\MediMind\ai-prediction-service\test-dataset\Bone Facture\FracAtlas\FracAtlas\images\Non_fractured\IMG0001317.jpg,images\Non_fractured\IMG0001317.jpg,FracAtlas,PAT_FA_00658,0,0,leg,0,1,373,454,3,f3018ee919da83f56d7f737fa6041bc0,train
IMG0001318.jpg,D:\projects\MediMind\ai-prediction-service\test-dataset\Bone Facture\FracAtlas\FracAtlas\images\Non_fractured\IMG0001318.jpg,images\Non_fractured\IMG0001318.jpg,FracAtlas,PAT_FA_00659,0,0,hip,0,0,454,373,3,28ab3a9a16ca1a1aa0d066c2c3a82a2c,train
IMG0001319.jpg,D:\projects\MediMind\ai-prediction-service\test-dataset\Bone Facture\FracAtlas\FracAtlas\images\Non_fractured\IMG0001319.jpg,images\Non_fractured\IMG0001319.jpg,FracAtlas,PAT_FA_00659,0,0,hand,0,0,373,454,3,eb97d5fab97474e9e3b89abb60c3d7b1,train
IMG0001320.jpg,D:\projects\MediMind\ai-prediction-service\test-dataset\Bone Facture\FracAtlas\FracAtlas\images\Non_fractured\IMG0001320.jpg,images\Non_fractured\IMG0001320.jpg,FracAtlas,PAT_FA_00660,0,0,hand,0,0,373,454,3,d9b94e81001762876a6a1851e489ccb0,train
IMG0001321.jpg,D:\projects\MediMind\ai-prediction-service\test-dataset\Bone Facture\FracAtlas\FracAtlas\images\Non_fractured\IMG0001321.jpg,images\Non_fractured\IMG0001321.jpg,FracAtlas,PAT_FA_00660,0,0,hip,0,0,373,454,3,2c9cc640a6a15d90c7148baa21091e97,train
IMG0001322.jpg,D:\projects\MediMind\ai-prediction-service\test-dataset\Bone Facture\FracAtlas\FracAtlas\images\Non_fractured\IMG0001322.jpg,images\Non_fractured\IMG0001322.jpg,FracAtlas,PAT_FA_00661,0,0,leg,0,1,373,454,3,7d3d48b373392ba343a1e7d9c2319573,train
IMG0001323.jpg,D:\projects\MediMind\ai-prediction-service\test-dataset\Bone Facture\FracAtlas\FracAtlas\images\Non_fractured\IMG0001323.jpg,images\Non_fractured\IMG0001323.jpg,FracAtlas,PAT_FA_00661,0,0,hand,0,0,373,454,3,15b850b78ef6c026c7f8feba4d18ce93,train
IMG0001324.jpg,D:\projects\MediMind\ai-prediction-service\test-dataset\Bone Facture\FracAtlas\FracAtlas\images\Non_fractured\IMG0001324.jpg,images\Non_fractured\IMG0001324.jpg,FracAtlas,PAT_FA_00662,0,0,hand,0,0,373,454,3,3d214a54aaebd6a57f24c23a164482e7,train
IMG0001325.jpg,D:\projects\MediMind\ai-prediction-service\test-dataset\Bone Facture\FracAtlas\FracAtlas\images\Non_fractured\IMG0001325.jpg,images\Non_fractured\IMG0001325.jpg,FracAtlas,PAT_FA_00662,0,0,leg,0,1,454,373,3,f8b55a56bb76843a31591a9bac181ac2,train
IMG0001328.jpg,D:\projects\MediMind\ai-prediction-service\test-dataset\Bone Facture\FracAtlas\FracAtlas\images\Non_fractured\IMG0001328.jpg,images\Non_fractured\IMG0001328.jpg,FracAtlas,PAT_FA_00664,0,0,leg,0,0,454,373,3,a03576fdb4edbd7eba5de45f2dc05ab4,train
IMG0001329.jpg,D:\projects\MediMind\ai-prediction-service\test-dataset\Bone Facture\FracAtlas\FracAtlas\images\Non_fractured\IMG0001329.jpg,images\Non_fractured\IMG0001329.jpg,FracAtlas,PAT_FA_00664,0,0,leg,0,0,373,454,3,5b3b88c43614efdb674bc1361e4694d9,train
IMG0001330.jpg,D:\projects\MediMind\ai-prediction-service\test-dataset\Bone Facture\FracAtlas\FracAtlas\images\Non_fractured\IMG0001330.jpg,images\Non_fractured\IMG0001330.jpg,FracAtlas,PAT_FA_00665,0,0,leg,0,0,373,454,3,7ee0e0efb353a4735625c9dc32559a87,train
IMG0001331.jpg,D:\projects\MediMind\ai-prediction-service\test-dataset\Bone Facture\FracAtlas\FracAtlas\images\Non_fractured\IMG0001331.jpg,images\Non_fractured\IMG0001331.jpg,FracAtlas,PAT_FA_00665,0,0,leg,0,1,454,373,3,fe74b206ca6ebe27d5cb0d38f713c450,train
IMG0001332.jpg,D:\projects\MediMind\ai-prediction-service\test-dataset\Bone Facture\FracAtlas\FracAtlas\images\Non_fractured\IMG0001332.jpg,images\Non_fractured\IMG0001332.jpg,FracAtlas,PAT_FA_00666,0,0,leg,0,0,373,454,3,360059456262a727c85a26bd252d62b4,train
IMG0001333.jpg,D:\projects\MediMind\ai-prediction-service\test-dataset\Bone Facture\FracAtlas\FracAtlas\images\Non_fractured\IMG0001333.jpg,images\Non_fractured\IMG0001333.jpg,FracAtlas,PAT_FA_00666,0,0,leg,0,0,454,373,3,d7835977da39be589797ef0e95ddb43f,train
IMG0001334.jpg,D:\projects\MediMind\ai-prediction-service\test-dataset\Bone Facture\FracAtlas\FracAtlas\images\Non_fractured\IMG0001334.jpg,images\Non_fractured\IMG0001334.jpg,FracAtlas,PAT_FA_00667,0,0,leg,0,0,373,454,1,0746d65fd052fb1be9dcb98662cd76e7,train
IMG0001335.jpg,D:\projects\MediMind\ai-prediction-service\test-dataset\Bone Facture\FracAtlas\FracAtlas\images\Non_fractured\IMG0001335.jpg,images\Non_fractured\IMG0001335.jpg,FracAtlas,PAT_FA_00667,0,0,leg,0,0,373,454,3,69d47643d59b8205162e898289fcda8b,train
IMG0001336.jpg,D:\projects\MediMind\ai-prediction-service\test-dataset\Bone Facture\FracAtlas\FracAtlas\images\Non_fractured\IMG0001336.jpg,images\Non_fractured\IMG0001336.jpg,FracAtlas,PAT_FA_00668,0,0,leg,0,0,373,454,1,60bc187ca0b9eca844354cc22d723ab2,train
IMG0001337.jpg,D:\projects\MediMind\ai-prediction-service\test-dataset\Bone Facture\FracAtlas\FracAtlas\images\Non_fractured\IMG0001337.jpg,images\Non_fractured\IMG0001337.jpg,FracAtlas,PAT_FA_00668,0,0,leg,0,0,373,454,3,9cc68e20c94564d3668dd388b76a2a30,train
IMG0001340.jpg,D:\projects\MediMind\ai-prediction-service\test-dataset\Bone Facture\FracAtlas\FracAtlas\images\Non_fractured\IMG0001340.jpg,images\Non_fractured\IMG0001340.jpg,FracAtlas,PAT_FA_00670,0,0,hand,0,0,454,373,3,a3984787cb96a8152445da722bcbedf3,train
IMG0001341.jpg,D:\projects\MediMind\ai-prediction-service\test-dataset\Bone Facture\FracAtlas\FracAtlas\images\Non_fractured\IMG0001341.jpg,images\Non_fractured\IMG0001341.jpg,FracAtlas,PAT_FA_00670,0,0,hand,0,0,454,373,3,459fa389252611bcee210bf20d4b20f0,train
IMG0001344.jpg,D:\projects\MediMind\ai-prediction-service\test-dataset\Bone Facture\FracAtlas\FracAtlas\images\Non_fractured\IMG0001344.jpg,images\Non_fractured\IMG0001344.jpg,FracAtlas,PAT_FA_00672,0,0,hand,0,0,373,454,1,6e059287b9ae269af6e1e65d6af39c1f,train
IMG0001345.jpg,D:\projects\MediMind\ai-prediction-service\test-dataset\Bone Facture\FracAtlas\FracAtlas\images\Non_fractured\IMG0001345.jpg,images\Non_fractured\IMG0001345.jpg,FracAtlas,PAT_FA_00672,0,0,leg,0,1,373,454,3,878f7653d026711be9835050c4d2ab5f,train
IMG0001346.jpg,D:\projects\MediMind\ai-prediction-service\test-dataset\Bone Facture\FracAtlas\FracAtlas\images\Non_fractured\IMG0001346.jpg,images\Non_fractured\IMG0001346.jpg,FracAtlas,PAT_FA_00673,0,0,hand,0,0,373,454,3,612c34932d98c0ce62a628daf95ac11c,train
IMG0001347.jpg,D:\projects\MediMind\ai-prediction-service\test-dataset\Bone Facture\FracAtlas\FracAtlas\images\Non_fractured\IMG0001347.jpg,images\Non_fractured\IMG0001347.jpg,FracAtlas,PAT_FA_00673,0,0,hand,0,0,454,373,3,26f2c082d2cc6045fca81caa85e6a448,train
IMG0001348.jpg,D:\projects\MediMind\ai-prediction-service\test-dataset\Bone Facture\FracAtlas\FracAtlas\images\Non_fractured\IMG0001348.jpg,images\Non_fractured\IMG0001348.jpg,FracAtlas,PAT_FA_00674,0,0,hand,0,0,454,373,3,54dc77418ab9fdb99fd7e58c524b71fd,train
IMG0001349.jpg,D:\projects\MediMind\ai-prediction-service\test-dataset\Bone Facture\FracAtlas\FracAtlas\images\Non_fractured\IMG0001349.jpg,images\Non_fractured\IMG0001349.jpg,FracAtlas,PAT_FA_00674,0,0,hand,0,0,454,373,3,c365a736efb098050156441421297d78,train
IMG0001350.jpg,D:\projects\MediMind\ai-prediction-service\test-dataset\Bone Facture\FracAtlas\FracAtlas\images\Fractured\IMG0001350.jpg,images\Fractured\IMG0001350.jpg,FracAtlas,PAT_FA_00675,1,1,leg,0,0,373,454,3,861d99d1a315c6c6fd20062ccc3a9bb0,train
IMG0001351.jpg,D:\projects\MediMind\ai-prediction-service\test-dataset\Bone Facture\FracAtlas\FracAtlas\images\Fractured\IMG0001351.jpg,images\Fractured\IMG0001351.jpg,FracAtlas,PAT_FA_00675,1,1,leg,0,0,373,454,3,1c1727edd6c150af40093b4e5b39102e,train
IMG0001354.jpg,D:\projects\MediMind\ai-prediction-service\test-dataset\Bone Facture\FracAtlas\FracAtlas\images\Non_fractured\IMG0001354.jpg,images\Non_fractured\IMG0001354.jpg,FracAtlas,PAT_FA_00677,0,0,hand,0,0,454,373,3,e25080fcff49a7b1865aca1dcc091c57,train
IMG0001355.jpg,D:\projects\MediMind\ai-prediction-service\test-dataset\Bone Facture\FracAtlas\FracAtlas\images\Non_fractured\IMG0001355.jpg,images\Non_fractured\IMG0001355.jpg,FracAtlas,PAT_FA_00677,0,0,leg,0,1,373,454,3,89565e7349287bce9fdc9cbe8236245a,train
IMG0001356.jpg,D:\projects\MediMind\ai-prediction-service\test-dataset\Bone Facture\FracAtlas\FracAtlas\images\Non_fractured\IMG0001356.jpg,images\Non_fractured\IMG0001356.jpg,FracAtlas,PAT_FA_00678,0,0,hand,0,0,373,454,3,bda9a1e13476dbd7815cff2b8b9e458f,train
IMG0001357.jpg,D:\projects\MediMind\ai-prediction-service\test-dataset\Bone Facture\FracAtlas\FracAtlas\images\Non_fractured\IMG0001357.jpg,images\Non_fractured\IMG0001357.jpg,FracAtlas,PAT_FA_00678,0,0,hand,0,0,373,454,3,db27e5abd4aa65c21e3dec2a22278b5e,train
IMG0001358.jpg,D:\projects\MediMind\ai-prediction-service\test-dataset\Bone Facture\FracAtlas\FracAtlas\images\Non_fractured\IMG0001358.jpg,images\Non_fractured\IMG0001358.jpg,FracAtlas,PAT_FA_00679,0,0,leg,0,0,373,454,3,72fe395c2671bd0f0c99640913c4d5a5,train
IMG0001359.jpg,D:\projects\MediMind\ai-prediction-service\test-dataset\Bone Facture\FracAtlas\FracAtlas\images\Non_fractured\IMG0001359.jpg,images\Non_fractured\IMG0001359.jpg,FracAtlas,PAT_FA_00679,0,0,leg,0,0,454,373,3,8180795f5ed91bb27ad31747497c8cc7,train
IMG0001362.jpg,D:\projects\MediMind\ai-prediction-service\test-dataset\Bone Facture\FracAtlas\FracAtlas\images\Fractured\IMG0001362.jpg,images\Fractured\IMG0001362.jpg,FracAtlas,PAT_FA_00681,1,1,hand,0,0,373,454,1,359387cdfb811ccd12ef53b9d292158e,train
IMG0001363.jpg,D:\projects\MediMind\ai-prediction-service\test-dataset\Bone Facture\FracAtlas\FracAtlas\images\Fractured\IMG0001363.jpg,images\Fractured\IMG0001363.jpg,FracAtlas,PAT_FA_00681,1,1,hand,0,0,373,454,1,1a3d28d86f421fe888dc264d8470f5cd,train
IMG0001364.jpg,D:\projects\MediMind\ai-prediction-service\test-dataset\Bone Facture\FracAtlas\FracAtlas\images\Fractured\IMG0001364.jpg,images\Fractured\IMG0001364.jpg,FracAtlas,PAT_FA_00682,1,1,hand,0,0,373,454,1,e85fd703636e30c8780aad71ab92f7f7,train
IMG0001365.jpg,D:\projects\MediMind\ai-prediction-service\test-dataset\Bone Facture\FracAtlas\FracAtlas\images\Fractured\IMG0001365.jpg,images\Fractured\IMG0001365.jpg,FracAtlas,PAT_FA_00682,1,1,hand,0,0,373,454,1,4f3510df6d43de6a093a017e73dda877,train
IMG0001366.jpg,D:\projects\MediMind\ai-prediction-service\test-dataset\Bone Facture\FracAtlas\FracAtlas\images\Fractured\IMG0001366.jpg,images\Fractured\IMG0001366.jpg,FracAtlas,PAT_FA_00683,1,1,hand,0,0,373,454,3,b8825b1b5fe91cf3cfc286cab76fbd1e,train
IMG0001367.jpg,D:\projects\MediMind\ai-prediction-service\test-dataset\Bone Facture\FracAtlas\FracAtlas\images\Fractured\IMG0001367.jpg,images\Fractured\IMG0001367.jpg,FracAtlas,PAT_FA_00683,1,1,hand,0,0,454,373,1,15ce5294f45a495400ee41636f66401b,train
IMG0001368.jpg,D:\projects\MediMind\ai-prediction-service\test-dataset\Bone Facture\FracAtlas\FracAtlas\images\Non_fractured\IMG0001368.jpg,images\Non_fractured\IMG0001368.jpg,FracAtlas,PAT_FA_00684,0,0,leg,0,0,373,454,3,f01e89a8894969713f0c3e8c40ad2482,train
IMG0001369.jpg,D:\projects\MediMind\ai-prediction-service\test-dataset\Bone Facture\FracAtlas\FracAtlas\images\Non_fractured\IMG0001369.jpg,images\Non_fractured\IMG0001369.jpg,FracAtlas,PAT_FA_00684,0,0,leg,0,0,373,454,3,d3c3bb29c255f5eccca400d36a5cfb5c,train
IMG0001370.jpg,D:\projects\MediMind\ai-prediction-service\test-dataset\Bone Facture\FracAtlas\FracAtlas\images\Non_fractured\IMG0001370.jpg,images\Non_fractured\IMG0001370.jpg,FracAtlas,PAT_FA_00685,0,0,leg,0,1,373,454,1,54b949e366aacbb39950a45ca540aa41,train
IMG0001371.jpg,D:\projects\MediMind\ai-prediction-service\test-dataset\Bone Facture\FracAtlas\FracAtlas\images\Non_fractured\IMG0001371.jpg,images\Non_fractured\IMG0001371.jpg,FracAtlas,PAT_FA_00685,0,0,hand,0,0,454,373,3,d57d9d906625727495cc95c14e543eae,train
IMG0001372.jpg,D:\projects\MediMind\ai-prediction-service\test-dataset\Bone Facture\FracAtlas\FracAtlas\images\Non_fractured\IMG0001372.jpg,images\Non_fractured\IMG0001372.jpg,FracAtlas,PAT_FA_00686,0,0,hand,0,0,454,373,3,20a1734072b8bb2a16f192366863b690,train
IMG0001373.jpg,D:\projects\MediMind\ai-prediction-service\test-dataset\Bone Facture\FracAtlas\FracAtlas\images\Non_fractured\IMG0001373.jpg,images\Non_fractured\IMG0001373.jpg,FracAtlas,PAT_FA_00686,0,0,hand,0,0,373,454,3,2d41736eca3b6d7f48a85a86341471e3,train
IMG0001374.jpg,D:\projects\MediMind\ai-prediction-service\test-dataset\Bone Facture\FracAtlas\FracAtlas\images\Non_fractured\IMG0001374.jpg,images\Non_fractured\IMG0001374.jpg,FracAtlas,PAT_FA_00687,0,0,hand,0,0,373,454,3,e6def2c4a0ac3dd36c444eb41f1564cc,train
IMG0001375.jpg,D:\projects\MediMind\ai-prediction-service\test-dataset\Bone Facture\FracAtlas\FracAtlas\images\Non_fractured\IMG0001375.jpg,images\Non_fractured\IMG0001375.jpg,FracAtlas,PAT_FA_00687,0,0,leg,0,0,373,454,3,54f2bede99ca7090b4794993497f341b,train
IMG0001376.jpg,D:\projects\MediMind\ai-prediction-service\test-dataset\Bone Facture\FracAtlas\FracAtlas\images\Non_fractured\IMG0001376.jpg,images\Non_fractured\IMG0001376.jpg,FracAtlas,PAT_FA_00688,0,0,leg,0,0,373,454,3,5c8d0764d27771df744ad78e478ca5f1,train
IMG0001377.jpg,D:\projects\MediMind\ai-prediction-service\test-dataset\Bone Facture\FracAtlas\FracAtlas\images\Non_fractured\IMG0001377.jpg,images\Non_fractured\IMG0001377.jpg,FracAtlas,PAT_FA_00688,0,0,leg,0,0,373,454,3,aedadf8f159cf53cfddc14853a801fd2,train
IMG0001378.jpg,D:\projects\MediMind\ai-prediction-service\test-dataset\Bone Facture\FracAtlas\FracAtlas\images\Non_fractured\IMG0001378.jpg,images\Non_fractured\IMG0001378.jpg,FracAtlas,PAT_FA_00689,0,0,leg,0,1,373,454,3,84f5fd0dde615100db2f10e4e7c07a97,train
IMG0001379.jpg,D:\projects\MediMind\ai-prediction-service\test-dataset\Bone Facture\FracAtlas\FracAtlas\images\Non_fractured\IMG0001379.jpg,images\Non_fractured\IMG0001379.jpg,FracAtlas,PAT_FA_00689,0,0,leg,0,0,373,454,3,b4b1ee36a9b2c33fb069f53462fdc9ee,train
IMG0001380.jpg,D:\projects\MediMind\ai-prediction-service\test-dataset\Bone Facture\FracAtlas\FracAtlas\images\Fractured\IMG0001380.jpg,images\Fractured\IMG0001380.jpg,FracAtlas,PAT_FA_00690,1,1,hand,0,0,373,454,1,ef76fe80db53555e25cb9c7f759d657a,train
IMG0001381.jpg,D:\projects\MediMind\ai-prediction-service\test-dataset\Bone Facture\FracAtlas\FracAtlas\images\Fractured\IMG0001381.jpg,images\Fractured\IMG0001381.jpg,FracAtlas,PAT_FA_00690,1,1,hand,0,0,373,454,3,a4a4c4f76b847201d8a0da9cf8d7a6d7,train
IMG0001382.jpg,D:\projects\MediMind\ai-prediction-service\test-dataset\Bone Facture\FracAtlas\FracAtlas\images\Fractured\IMG0001382.jpg,images\Fractured\IMG0001382.jpg,FracAtlas,PAT_FA_00691,1,1,hand,0,0,373,454,3,9e6948512accf7447a508dabe695628a,train
IMG0001384.jpg,D:\projects\MediMind\ai-prediction-service\test-dataset\Bone Facture\FracAtlas\FracAtlas\images\Non_fractured\IMG0001384.jpg,images\Non_fractured\IMG0001384.jpg,FracAtlas,PAT_FA_00692,0,0,hip,0,0,454,373,3,0788dcb1a45cd4fc2b6ffd15562dfe82,train
IMG0001385.jpg,D:\projects\MediMind\ai-prediction-service\test-dataset\Bone Facture\FracAtlas\FracAtlas\images\Non_fractured\IMG0001385.jpg,images\Non_fractured\IMG0001385.jpg,FracAtlas,PAT_FA_00692,0,0,hand,0,0,373,454,3,68070fef71ca11456176f09e7447c00b,train
IMG0001388.jpg,D:\projects\MediMind\ai-prediction-service\test-dataset\Bone Facture\FracAtlas\FracAtlas\images\Non_fractured\IMG0001388.jpg,images\Non_fractured\IMG0001388.jpg,FracAtlas,PAT_FA_00694,0,0,leg,0,1,454,373,3,c6d65b0766799a55986e2706986dda57,train
IMG0001389.jpg,D:\projects\MediMind\ai-prediction-service\test-dataset\Bone Facture\FracAtlas\FracAtlas\images\Non_fractured\IMG0001389.jpg,images\Non_fractured\IMG0001389.jpg,FracAtlas,PAT_FA_00694,0,0,hand,0,1,373,454,3,5a1446ee0518a325ac882ea391b0f707,train
IMG0001390.jpg,D:\projects\MediMind\ai-prediction-service\test-dataset\Bone Facture\FracAtlas\FracAtlas\images\Non_fractured\IMG0001390.jpg,images\Non_fractured\IMG0001390.jpg,FracAtlas,PAT_FA_00695,0,0,leg,0,1,454,373,3,53b9f966e957af686eed38a49f725b79,train
IMG0001391.jpg,D:\projects\MediMind\ai-prediction-service\test-dataset\Bone Facture\FracAtlas\FracAtlas\images\Fractured\IMG0001391.jpg,images\Fractured\IMG0001391.jpg,FracAtlas,PAT_FA_00695,1,1,hand,0,0,373,454,3,1154c1583c5d37202c27bb4f72246b87,train
IMG0001392.jpg,D:\projects\MediMind\ai-prediction-service\test-dataset\Bone Facture\FracAtlas\FracAtlas\images\Fractured\IMG0001392.jpg,images\Fractured\IMG0001392.jpg,FracAtlas,PAT_FA_00696,1,1,hand,0,0,454,373,3,f45ae095dab6d036d53cc65c8a4b80ac,train
IMG0001393.jpg,D:\projects\MediMind\ai-prediction-service\test-dataset\Bone Facture\FracAtlas\FracAtlas\images\Non_fractured\IMG0001393.jpg,images\Non_fractured\IMG0001393.jpg,FracAtlas,PAT_FA_00696,0,0,hip,0,0,373,454,1,01ba3890d427f45c24a9eef0773e383a,train
IMG0001396.jpg,D:\projects\MediMind\ai-prediction-service\test-dataset\Bone Facture\FracAtlas\FracAtlas\images\Non_fractured\IMG0001396.jpg,images\Non_fractured\IMG0001396.jpg,FracAtlas,PAT_FA_00698,0,0,shoulder,0,0,373,454,3,059d0490a16b0e3baca62f2d19dd531d,train
IMG0001397.jpg,D:\projects\MediMind\ai-prediction-service\test-dataset\Bone Facture\FracAtlas\FracAtlas\images\Non_fractured\IMG0001397.jpg,images\Non_fractured\IMG0001397.jpg,FracAtlas,PAT_FA_00698,0,0,hand,0,0,373,454,3,9d2e63d66b9df5146d79ca2e0edec2f1,train
IMG0001400.jpg,D:\projects\MediMind\ai-prediction-service\test-dataset\Bone Facture\FracAtlas\FracAtlas\images\Non_fractured\IMG0001400.jpg,images\Non_fractured\IMG0001400.jpg,FracAtlas,PAT_FA_00700,0,0,leg,0,0,454,373,3,79fe7446f02c68e1cb7ccfb479e05797,train
IMG0001401.jpg,D:\projects\MediMind\ai-prediction-service\test-dataset\Bone Facture\FracAtlas\FracAtlas\images\Non_fractured\IMG0001401.jpg,images\Non_fractured\IMG0001401.jpg,FracAtlas,PAT_FA_00700,0,0,hip,0,0,454,373,1,3471de1d954d867ee8ac565ce283991e,train
IMG0001402.jpg,D:\projects\MediMind\ai-prediction-service\test-dataset\Bone Facture\FracAtlas\FracAtlas\images\Non_fractured\IMG0001402.jpg,images\Non_fractured\IMG0001402.jpg,FracAtlas,PAT_FA_00701,0,0,hip,0,0,454,373,3,74952fc466a1dc85e69fce967be4450d,train
IMG0001403.jpg,D:\projects\MediMind\ai-prediction-service\test-dataset\Bone Facture\FracAtlas\FracAtlas\images\Non_fractured\IMG0001403.jpg,images\Non_fractured\IMG0001403.jpg,FracAtlas,PAT_FA_00701,0,0,leg,0,0,373,454,3,86a2bc0609e02098f24629afb159052b,train
IMG0001404.jpg,D:\projects\MediMind\ai-prediction-service\test-dataset\Bone Facture\FracAtlas\FracAtlas\images\Non_fractured\IMG0001404.jpg,images\Non_fractured\IMG0001404.jpg,FracAtlas,PAT_FA_00702,0,0,leg,0,0,373,454,3,81838b792d04c3987e10d0047f5fb584,train
IMG0001405.jpg,D:\projects\MediMind\ai-prediction-service\test-dataset\Bone Facture\FracAtlas\FracAtlas\images\Non_fractured\IMG0001405.jpg,images\Non_fractured\IMG0001405.jpg,FracAtlas,PAT_FA_00702,0,0,hand,0,0,454,373,3,ff0180521d0d8321395e82238e1aac0b,train
IMG0001406.jpg,D:\projects\MediMind\ai-prediction-service\test-dataset\Bone Facture\FracAtlas\FracAtlas\images\Non_fractured\IMG0001406.jpg,images\Non_fractured\IMG0001406.jpg,FracAtlas,PAT_FA_00703,0,0,hand,0,0,454,373,3,d9a60b764c94ee9bdf09435b98ddd486,train
IMG0001407.jpg,D:\projects\MediMind\ai-prediction-service\test-dataset\Bone Facture\FracAtlas\FracAtlas\images\Non_fractured\IMG0001407.jpg,images\Non_fractured\IMG0001407.jpg,FracAtlas,PAT_FA_00703,0,0,leg,0,1,373,454,3,9378c62e94897ab34ec14a8441ea5b08,train
IMG0001414.jpg,D:\projects\MediMind\ai-prediction-service\test-dataset\Bone Facture\FracAtlas\FracAtlas\images\Non_fractured\IMG0001414.jpg,images\Non_fractured\IMG0001414.jpg,FracAtlas,PAT_FA_00707,0,0,leg,0,1,373,454,3,85d4768f51c08670715f43fb697e7e2f,train
IMG0001415.jpg,D:\projects\MediMind\ai-prediction-service\test-dataset\Bone Facture\FracAtlas\FracAtlas\images\Non_fractured\IMG0001415.jpg,images\Non_fractured\IMG0001415.jpg,FracAtlas,PAT_FA_00707,0,0,leg,0,0,373,454,3,84517e2056136e457cdaba715ffdcaf4,train
IMG0001418.jpg,D:\projects\MediMind\ai-prediction-service\test-dataset\Bone Facture\FracAtlas\FracAtlas\images\Non_fractured\IMG0001418.jpg,images\Non_fractured\IMG0001418.jpg,FracAtlas,PAT_FA_00709,0,0,leg,0,0,454,373,3,584a3b41172faa1d35290b782a192d17,train
IMG0001419.jpg,D:\projects\MediMind\ai-prediction-service\test-dataset\Bone Facture\FracAtlas\FracAtlas\images\Non_fractured\IMG0001419.jpg,images\Non_fractured\IMG0001419.jpg,FracAtlas,PAT_FA_00709,0,0,hand,0,0,373,454,3,4a190e2c6ccc855fff9b000306584d39,train
IMG0001420.jpg,D:\projects\MediMind\ai-prediction-service\test-dataset\Bone Facture\FracAtlas\FracAtlas\images\Non_fractured\IMG0001420.jpg,images\Non_fractured\IMG0001420.jpg,FracAtlas,PAT_FA_00710,0,0,leg,0,0,373,454,1,2cb0a03cfd94fc6c9ed6d0e267c47877,train
IMG0001421.jpg,D:\projects\MediMind\ai-prediction-service\test-dataset\Bone Facture\FracAtlas\FracAtlas\images\Non_fractured\IMG0001421.jpg,images\Non_fractured\IMG0001421.jpg,FracAtlas,PAT_FA_00710,0,0,leg,0,0,373,454,1,c0c05323bc80259f1154367ac7bf023a,train
IMG0001422.jpg,D:\projects\MediMind\ai-prediction-service\test-dataset\Bone Facture\FracAtlas\FracAtlas\images\Non_fractured\IMG0001422.jpg,images\Non_fractured\IMG0001422.jpg,FracAtlas,PAT_FA_00711,0,0,hip,0,0,373,454,3,60dc45336b29b46de7316441457894aa,train
IMG0001423.jpg,D:\projects\MediMind\ai-prediction-service\test-dataset\Bone Facture\FracAtlas\FracAtlas\images\Non_fractured\IMG0001423.jpg,images\Non_fractured\IMG0001423.jpg,FracAtlas,PAT_FA_00711,0,0,leg,0,0,373,454,1,f5075fbf99bba76e7fd3bfcc557e216c,train
IMG0001428.jpg,D:\projects\MediMind\ai-prediction-service\test-dataset\Bone Facture\FracAtlas\FracAtlas\images\Fractured\IMG0001428.jpg,images\Fractured\IMG0001428.jpg,FracAtlas,PAT_FA_00714,1,1,hand,0,0,373,454,3,9a624bd00f9ad1784a7f92695b9ae721,train
IMG0001429.jpg,D:\projects\MediMind\ai-prediction-service\test-dataset\Bone Facture\FracAtlas\FracAtlas\images\Non_fractured\IMG0001429.jpg,images\Non_fractured\IMG0001429.jpg,FracAtlas,PAT_FA_00714,0,0,leg,0,0,373,454,3,007d9f5541383ff9d06ae301c8923872,train
IMG0001434.jpg,D:\projects\MediMind\ai-prediction-service\test-dataset\Bone Facture\FracAtlas\FracAtlas\images\Non_fractured\IMG0001434.jpg,images\Non_fractured\IMG0001434.jpg,FracAtlas,PAT_FA_00717,0,0,leg,0,0,454,373,3,94a49eb8d0f1e2fd00fcfc53449f9030,train
IMG0001435.jpg,D:\projects\MediMind\ai-prediction-service\test-dataset\Bone Facture\FracAtlas\FracAtlas\images\Non_fractured\IMG0001435.jpg,images\Non_fractured\IMG0001435.jpg,FracAtlas,PAT_FA_00717,0,0,leg,0,1,373,454,3,f73d4126cdd766913e6f6bd8e278eb63,train
IMG0001436.jpg,D:\projects\MediMind\ai-prediction-service\test-dataset\Bone Facture\FracAtlas\FracAtlas\images\Non_fractured\IMG0001436.jpg,images\Non_fractured\IMG0001436.jpg,FracAtlas,PAT_FA_00718,0,0,leg,0,0,373,454,3,ccc7364fbdff56dba0542b803bc41e80,train
IMG0001437.jpg,D:\projects\MediMind\ai-prediction-service\test-dataset\Bone Facture\FracAtlas\FracAtlas\images\Non_fractured\IMG0001437.jpg,images\Non_fractured\IMG0001437.jpg,FracAtlas,PAT_FA_00718,0,0,leg,0,0,373,454,3,deb2f6a58b0301ea011121b7173c7611,train
IMG0001440.jpg,D:\projects\MediMind\ai-prediction-service\test-dataset\Bone Facture\FracAtlas\FracAtlas\images\Fractured\IMG0001440.jpg,images\Fractured\IMG0001440.jpg,FracAtlas,PAT_FA_00720,1,1,hand,0,0,373,454,3,f6a745efc9eebdfb857ef8d31ae9d118,train
IMG0001441.jpg,D:\projects\MediMind\ai-prediction-service\test-dataset\Bone Facture\FracAtlas\FracAtlas\images\Fractured\IMG0001441.jpg,images\Fractured\IMG0001441.jpg,FracAtlas,PAT_FA_00720,1,1,hand,0,0,373,454,3,c12e91d52c1e3bc2f7066e6ba32c1fd9,train
IMG0001449.jpg,D:\projects\MediMind\ai-prediction-service\test-dataset\Bone Facture\FracAtlas\FracAtlas\images\Non_fractured\IMG0001449.jpg,images\Non_fractured\IMG0001449.jpg,FracAtlas,PAT_FA_00724,0,0,shoulder,0,0,373,454,3,c65045671e612938605c308eb83c3c5e,train
IMG0001450.jpg,D:\projects\MediMind\ai-prediction-service\test-dataset\Bone Facture\FracAtlas\FracAtlas\images\Non_fractured\IMG0001450.jpg,images\Non_fractured\IMG0001450.jpg,FracAtlas,PAT_FA_00725,0,0,shoulder,0,0,373,454,3,cff3a5f6102f3d677a544a89a300cf31,train
IMG0001451.jpg,D:\projects\MediMind\ai-prediction-service\test-dataset\Bone Facture\FracAtlas\FracAtlas\images\Non_fractured\IMG0001451.jpg,images\Non_fractured\IMG0001451.jpg,FracAtlas,PAT_FA_00725,0,0,shoulder,0,0,373,454,3,894090ed8f85b0aadc3a68bc7f85985a,train
IMG0001452.jpg,D:\projects\MediMind\ai-prediction-service\test-dataset\Bone Facture\FracAtlas\FracAtlas\images\Non_fractured\IMG0001452.jpg,images\Non_fractured\IMG0001452.jpg,FracAtlas,PAT_FA_00726,0,0,leg,0,0,373,454,3,6c576864a9fa8d83acf9986f28d26439,train
IMG0001453.jpg,D:\projects\MediMind\ai-prediction-service\test-dataset\Bone Facture\FracAtlas\FracAtlas\images\Non_fractured\IMG0001453.jpg,images\Non_fractured\IMG0001453.jpg,FracAtlas,PAT_FA_00726,0,0,leg,0,0,373,454,1,b5d7faae00706e42dd8e86ecf8476476,train
IMG0001454.jpg,D:\projects\MediMind\ai-prediction-service\test-dataset\Bone Facture\FracAtlas\FracAtlas\images\Non_fractured\IMG0001454.jpg,images\Non_fractured\IMG0001454.jpg,FracAtlas,PAT_FA_00727,0,0,leg,0,0,373,454,3,fafef4603b9f52578fde4bdd032a2ef0,train
IMG0001455.jpg,D:\projects\MediMind\ai-prediction-service\test-dataset\Bone Facture\FracAtlas\FracAtlas\images\Non_fractured\IMG0001455.jpg,images\Non_fractured\IMG0001455.jpg,FracAtlas,PAT_FA_00727,0,0,leg,0,0,373,454,3,498646ca04d846b1cd2f8782270aa782,train
IMG0001458.jpg,D:\projects\MediMind\ai-prediction-service\test-dataset\Bone Facture\FracAtlas\FracAtlas\images\Non_fractured\IMG0001458.jpg,images\Non_fractured\IMG0001458.jpg,FracAtlas,PAT_FA_00729,0,0,hip,0,0,454,373,3,9bcd1c1ca294f48c69194bb809436b72,train
IMG0001459.jpg,D:\projects\MediMind\ai-prediction-service\test-dataset\Bone Facture\FracAtlas\FracAtlas\images\Non_fractured\IMG0001459.jpg,images\Non_fractured\IMG0001459.jpg,FracAtlas,PAT_FA_00729,0,0,hip,0,0,454,373,3,cb44dbdf23a01deda1af8f471689ab58,train
IMG0001464.jpg,D:\projects\MediMind\ai-prediction-service\test-dataset\Bone Facture\FracAtlas\FracAtlas\images\Non_fractured\IMG0001464.jpg,images\Non_fractured\IMG0001464.jpg,FracAtlas,PAT_FA_00732,0,0,hand,0,0,454,373,3,987b7d1ae83016ff4dde3e80052186e5,train
IMG0001465.jpg,D:\projects\MediMind\ai-prediction-service\test-dataset\Bone Facture\FracAtlas\FracAtlas\images\Non_fractured\IMG0001465.jpg,images\Non_fractured\IMG0001465.jpg,FracAtlas,PAT_FA_00732,0,0,hand,0,0,454,373,3,ae0de2ba8eeba3d0e6b8365bfee2406f,train
IMG0001470.jpg,D:\projects\MediMind\ai-prediction-service\test-dataset\Bone Facture\FracAtlas\FracAtlas\images\Non_fractured\IMG0001470.jpg,images\Non_fractured\IMG0001470.jpg,FracAtlas,PAT_FA_00735,0,0,leg,0,1,373,454,3,f027c4b6c36f0517b5ff8f8907a27100,train
IMG0001471.jpg,D:\projects\MediMind\ai-prediction-service\test-dataset\Bone Facture\FracAtlas\FracAtlas\images\Non_fractured\IMG0001471.jpg,images\Non_fractured\IMG0001471.jpg,FracAtlas,PAT_FA_00735,0,0,hip,0,0,454,373,3,d9a5254443b22e8a56ea43fc01d9b438,train
IMG0001472.jpg,D:\projects\MediMind\ai-prediction-service\test-dataset\Bone Facture\FracAtlas\FracAtlas\images\Non_fractured\IMG0001472.jpg,images\Non_fractured\IMG0001472.jpg,FracAtlas,PAT_FA_00736,0,0,leg,0,0,373,454,3,f1bef6665d6db297ccd6a3fc3ec31f7f,train
IMG0001473.jpg,D:\projects\MediMind\ai-prediction-service\test-dataset\Bone Facture\FracAtlas\FracAtlas\images\Non_fractured\IMG0001473.jpg,images\Non_fractured\IMG0001473.jpg,FracAtlas,PAT_FA_00736,0,0,leg,0,0,454,373,3,d1d4bd27e8db2c6cc9a665f29d66a3c0,train
IMG0001474.jpg,D:\projects\MediMind\ai-prediction-service\test-dataset\Bone Facture\FracAtlas\FracAtlas\images\Non_fractured\IMG0001474.jpg,images\Non_fractured\IMG0001474.jpg,FracAtlas,PAT_FA_00737,0,0,leg,0,1,454,373,3,eca2c1d5d4fdd8854cec75204d3b7987,train
IMG0001475.jpg,D:\projects\MediMind\ai-prediction-service\test-dataset\Bone Facture\FracAtlas\FracAtlas\images\Non_fractured\IMG0001475.jpg,images\Non_fractured\IMG0001475.jpg,FracAtlas,PAT_FA_00737,0,0,leg,0,0,454,373,3,e13d5cabb4a3a3181d0c7245bee504d2,train
IMG0001478.jpg,D:\projects\MediMind\ai-prediction-service\test-dataset\Bone Facture\FracAtlas\FracAtlas\images\Non_fractured\IMG0001478.jpg,images\Non_fractured\IMG0001478.jpg,FracAtlas,PAT_FA_00739,0,0,shoulder,0,0,373,454,3,98ddf5922269ef2041883f407622ee28,train
IMG0001479.jpg,D:\projects\MediMind\ai-prediction-service\test-dataset\Bone Facture\FracAtlas\FracAtlas\images\Non_fractured\IMG0001479.jpg,images\Non_fractured\IMG0001479.jpg,FracAtlas,PAT_FA_00739,0,0,leg,0,0,373,454,3,e771a161eaa6bcad377595419fb5b6cb,train
IMG0001480.jpg,D:\projects\MediMind\ai-prediction-service\test-dataset\Bone Facture\FracAtlas\FracAtlas\images\Non_fractured\IMG0001480.jpg,images\Non_fractured\IMG0001480.jpg,FracAtlas,PAT_FA_00740,0,0,leg,0,0,454,373,3,c08769b187069a4ba29d31970fe0ae91,train
IMG0001481.jpg,D:\projects\MediMind\ai-prediction-service\test-dataset\Bone Facture\FracAtlas\FracAtlas\images\Non_fractured\IMG0001481.jpg,images\Non_fractured\IMG0001481.jpg,FracAtlas,PAT_FA_00740,0,0,leg,0,0,373,454,3,fb92933f30ec7c02c3f3bf5990ec1f8e,train
IMG0001482.jpg,D:\projects\MediMind\ai-prediction-service\test-dataset\Bone Facture\FracAtlas\FracAtlas\images\Non_fractured\IMG0001482.jpg,images\Non_fractured\IMG0001482.jpg,FracAtlas,PAT_FA_00741,0,0,leg,0,0,454,373,3,606978b705dbab7a5110e98a0899a7dd,train
IMG0001483.jpg,D:\projects\MediMind\ai-prediction-service\test-dataset\Bone Facture\FracAtlas\FracAtlas\images\Non_fractured\IMG0001483.jpg,images\Non_fractured\IMG0001483.jpg,FracAtlas,PAT_FA_00741,0,0,hip,0,0,454,373,1,8c650e684afc6752fa7d13b88bc7eea4,train
IMG0001484.jpg,D:\projects\MediMind\ai-prediction-service\test-dataset\Bone Facture\FracAtlas\FracAtlas\images\Non_fractured\IMG0001484.jpg,images\Non_fractured\IMG0001484.jpg,FracAtlas,PAT_FA_00742,0,0,leg,0,1,454,373,3,f7289e849c1086bb60937d15992fbe90,train
IMG0001485.jpg,D:\projects\MediMind\ai-prediction-service\test-dataset\Bone Facture\FracAtlas\FracAtlas\images\Non_fractured\IMG0001485.jpg,images\Non_fractured\IMG0001485.jpg,FracAtlas,PAT_FA_00742,0,0,hand,0,0,454,373,3,8d446d88d0c02bbb12eb6d4dc569a852,train
IMG0001486.jpg,D:\projects\MediMind\ai-prediction-service\test-dataset\Bone Facture\FracAtlas\FracAtlas\images\Non_fractured\IMG0001486.jpg,images\Non_fractured\IMG0001486.jpg,FracAtlas,PAT_FA_00743,0,0,hand,0,0,454,373,3,a58fd3c14182d0f568973acd5da85db3,train
IMG0001487.jpg,D:\projects\MediMind\ai-prediction-service\test-dataset\Bone Facture\FracAtlas\FracAtlas\images\Non_fractured\IMG0001487.jpg,images\Non_fractured\IMG0001487.jpg,FracAtlas,PAT_FA_00743,0,0,leg,0,0,373,454,3,efc2ff62a891830ad9552caaafe2a90f,train
IMG0001488.jpg,D:\projects\MediMind\ai-prediction-service\test-dataset\Bone Facture\FracAtlas\FracAtlas\images\Non_fractured\IMG0001488.jpg,images\Non_fractured\IMG0001488.jpg,FracAtlas,PAT_FA_00744,0,0,leg,0,0,454,373,3,0974a0a6d577ee616bc46a873681fe69,train
IMG0001489.jpg,D:\projects\MediMind\ai-prediction-service\test-dataset\Bone Facture\FracAtlas\FracAtlas\images\Non_fractured\IMG0001489.jpg,images\Non_fractured\IMG0001489.jpg,FracAtlas,PAT_FA_00744,0,0,hip,0,0,454,373,3,d6e97ee7c6ee76c2ff03acf832712a3c,train
IMG0001490.jpg,D:\projects\MediMind\ai-prediction-service\test-dataset\Bone Facture\FracAtlas\FracAtlas\images\Non_fractured\IMG0001490.jpg,images\Non_fractured\IMG0001490.jpg,FracAtlas,PAT_FA_00745,0,0,hip,0,0,373,454,1,11fc33991d9df8fedb09ed60257eaf02,train
IMG0001491.jpg,D:\projects\MediMind\ai-prediction-service\test-dataset\Bone Facture\FracAtlas\FracAtlas\images\Non_fractured\IMG0001491.jpg,images\Non_fractured\IMG0001491.jpg,FracAtlas,PAT_FA_00745,0,0,hand,0,0,373,454,3,e365d856076c6017c9889d81f5f0fb2d,train
IMG0001492.jpg,D:\projects\MediMind\ai-prediction-service\test-dataset\Bone Facture\FracAtlas\FracAtlas\images\Non_fractured\IMG0001492.jpg,images\Non_fractured\IMG0001492.jpg,FracAtlas,PAT_FA_00746,0,0,hand,0,0,373,454,3,2b03bc5026d4d7b290438d800724a3f9,train
IMG0001493.jpg,D:\projects\MediMind\ai-prediction-service\test-dataset\Bone Facture\FracAtlas\FracAtlas\images\Non_fractured\IMG0001493.jpg,images\Non_fractured\IMG0001493.jpg,FracAtlas,PAT_FA_00746,0,0,hand,0,0,373,454,3,f0220f9a5abd98d5516869c8f343a7d3,train
IMG0001496.jpg,D:\projects\MediMind\ai-prediction-service\test-dataset\Bone Facture\FracAtlas\FracAtlas\images\Non_fractured\IMG0001496.jpg,images\Non_fractured\IMG0001496.jpg,FracAtlas,PAT_FA_00748,0,0,hand,0,0,373,454,3,4821451626d7d0188ef74a0ed1fbf080,train
IMG0001497.jpg,D:\projects\MediMind\ai-prediction-service\test-dataset\Bone Facture\FracAtlas\FracAtlas\images\Non_fractured\IMG0001497.jpg,images\Non_fractured\IMG0001497.jpg,FracAtlas,PAT_FA_00748,0,0,leg,0,0,373,454,3,e2e6874dba366699d4dc732fcd406226,train
IMG0001498.jpg,D:\projects\MediMind\ai-prediction-service\test-dataset\Bone Facture\FracAtlas\FracAtlas\images\Non_fractured\IMG0001498.jpg,images\Non_fractured\IMG0001498.jpg,FracAtlas,PAT_FA_00749,0,0,leg,0,0,373,454,3,2434ed9dfee761c4bfc277ae597f6ef8,train
IMG0001499.jpg,D:\projects\MediMind\ai-prediction-service\test-dataset\Bone Facture\FracAtlas\FracAtlas\images\Non_fractured\IMG0001499.jpg,images\Non_fractured\IMG0001499.jpg,FracAtlas,PAT_FA_00749,0,0,hip,0,0,454,373,3,091627874e437b061a8062572d14eaf4,train
IMG0001500.jpg,D:\projects\MediMind\ai-prediction-service\test-dataset\Bone Facture\FracAtlas\FracAtlas\images\Non_fractured\IMG0001500.jpg,images\Non_fractured\IMG0001500.jpg,FracAtlas,PAT_FA_00750,0,0,leg,0,0,373,454,3,9fd91f51d983439be7a7c2ff5a9f9a36,train
IMG0001501.jpg,D:\projects\MediMind\ai-prediction-service\test-dataset\Bone Facture\FracAtlas\FracAtlas\images\Non_fractured\IMG0001501.jpg,images\Non_fractured\IMG0001501.jpg,FracAtlas,PAT_FA_00750,0,0,leg,0,0,373,454,3,6c5894aeacff6c81497f6ff2579ae45d,train
IMG0001502.jpg,D:\projects\MediMind\ai-prediction-service\test-dataset\Bone Facture\FracAtlas\FracAtlas\images\Non_fractured\IMG0001502.jpg,images\Non_fractured\IMG0001502.jpg,FracAtlas,PAT_FA_00751,0,0,leg,0,0,373,454,3,b677d0c2cca6bdfc1325f9ef103ab140,train
IMG0001503.jpg,D:\projects\MediMind\ai-prediction-service\test-dataset\Bone Facture\FracAtlas\FracAtlas\images\Non_fractured\IMG0001503.jpg,images\Non_fractured\IMG0001503.jpg,FracAtlas,PAT_FA_00751,0,0,leg,0,0,454,373,3,9937a7d65cd2121d8ce397c11b02b09c,train
IMG0001504.jpg,D:\projects\MediMind\ai-prediction-service\test-dataset\Bone Facture\FracAtlas\FracAtlas\images\Non_fractured\IMG0001504.jpg,images\Non_fractured\IMG0001504.jpg,FracAtlas,PAT_FA_00752,0,0,leg,0,0,373,454,3,c1ffd81d77ba2eb875ab531c232a3bc1,train
IMG0001505.jpg,D:\projects\MediMind\ai-prediction-service\test-dataset\Bone Facture\FracAtlas\FracAtlas\images\Non_fractured\IMG0001505.jpg,images\Non_fractured\IMG0001505.jpg,FracAtlas,PAT_FA_00752,0,0,leg,0,0,373,454,1,2323742bdd7ee41107736b7a096bae81,train
IMG0001506.jpg,D:\projects\MediMind\ai-prediction-service\test-dataset\Bone Facture\FracAtlas\FracAtlas\images\Non_fractured\IMG0001506.jpg,images\Non_fractured\IMG0001506.jpg,FracAtlas,PAT_FA_00753,0,0,leg,0,0,373,454,3,a80e8e7f1fc1164fbc38dbf06fd95a98,train
IMG0001507.jpg,D:\projects\MediMind\ai-prediction-service\test-dataset\Bone Facture\FracAtlas\FracAtlas\images\Non_fractured\IMG0001507.jpg,images\Non_fractured\IMG0001507.jpg,FracAtlas,PAT_FA_00753,0,0,hand,0,0,373,454,3,9a5a8311d16505bc7ca0e774b89f6d18,train
IMG0001508.jpg,D:\projects\MediMind\ai-prediction-service\test-dataset\Bone Facture\FracAtlas\FracAtlas\images\Non_fractured\IMG0001508.jpg,images\Non_fractured\IMG0001508.jpg,FracAtlas,PAT_FA_00754,0,0,leg,0,1,373,454,3,86e6b4c8a8af361b74acce5c20830938,train
IMG0001509.jpg,D:\projects\MediMind\ai-prediction-service\test-dataset\Bone Facture\FracAtlas\FracAtlas\images\Non_fractured\IMG0001509.jpg,images\Non_fractured\IMG0001509.jpg,FracAtlas,PAT_FA_00754,0,0,leg,0,0,373,454,3,6c03f66a42d69903540e8e76d054d0f5,train
IMG0001510.jpg,D:\projects\MediMind\ai-prediction-service\test-dataset\Bone Facture\FracAtlas\FracAtlas\images\Non_fractured\IMG0001510.jpg,images\Non_fractured\IMG0001510.jpg,FracAtlas,PAT_FA_00755,0,0,leg,0,0,373,454,3,5fc94e4ccee612f903954ce4db343705,train
IMG0001511.jpg,D:\projects\MediMind\ai-prediction-service\test-dataset\Bone Facture\FracAtlas\FracAtlas\images\Non_fractured\IMG0001511.jpg,images\Non_fractured\IMG0001511.jpg,FracAtlas,PAT_FA_00755,0,0,hand,0,0,373,454,3,4a73124c2da4889026ea52f1ecb41047,train
IMG0001512.jpg,D:\projects\MediMind\ai-prediction-service\test-dataset\Bone Facture\FracAtlas\FracAtlas\images\Non_fractured\IMG0001512.jpg,images\Non_fractured\IMG0001512.jpg,FracAtlas,PAT_FA_00756,0,0,shoulder,0,0,373,454,3,6714e202ec51582fc0baff249c8f491d,train
IMG0001513.jpg,D:\projects\MediMind\ai-prediction-service\test-dataset\Bone Facture\FracAtlas\FracAtlas\images\Non_fractured\IMG0001513.jpg,images\Non_fractured\IMG0001513.jpg,FracAtlas,PAT_FA_00756,0,0,leg,0,0,373,454,3,06c1cde9de7a34ecd30c93ab74dfd1b5,train
IMG0001516.jpg,D:\projects\MediMind\ai-prediction-service\test-dataset\Bone Facture\FracAtlas\FracAtlas\images\Non_fractured\IMG0001516.jpg,images\Non_fractured\IMG0001516.jpg,FracAtlas,PAT_FA_00758,0,0,hand,0,0,454,373,1,1286e2eefb668f161317e9ab3a3c6946,train
IMG0001517.jpg,D:\projects\MediMind\ai-prediction-service\test-dataset\Bone Facture\FracAtlas\FracAtlas\images\Non_fractured\IMG0001517.jpg,images\Non_fractured\IMG0001517.jpg,FracAtlas,PAT_FA_00758,0,0,hand,0,0,373,454,3,80fd71443be1a47a2c52951c101da79e,train
IMG0001528.jpg,D:\projects\MediMind\ai-prediction-service\test-dataset\Bone Facture\FracAtlas\FracAtlas\images\Non_fractured\IMG0001528.jpg,images\Non_fractured\IMG0001528.jpg,FracAtlas,PAT_FA_00764,0,0,hand,0,0,373,454,3,8d5ab71d6ff7d3fd887f89bc1166c96e,train
IMG0001529.jpg,D:\projects\MediMind\ai-prediction-service\test-dataset\Bone Facture\FracAtlas\FracAtlas\images\Non_fractured\IMG0001529.jpg,images\Non_fractured\IMG0001529.jpg,FracAtlas,PAT_FA_00764,0,0,hand,0,0,373,454,3,f59eaf1e48f1d75afa301aabf2c5a933,train
IMG0001532.jpg,D:\projects\MediMind\ai-prediction-service\test-dataset\Bone Facture\FracAtlas\FracAtlas\images\Non_fractured\IMG0001532.jpg,images\Non_fractured\IMG0001532.jpg,FracAtlas,PAT_FA_00766,0,0,hand,0,0,454,373,3,4ca9ed0c4d10f681b49e6995bd747f15,train
IMG0001533.jpg,D:\projects\MediMind\ai-prediction-service\test-dataset\Bone Facture\FracAtlas\FracAtlas\images\Non_fractured\IMG0001533.jpg,images\Non_fractured\IMG0001533.jpg,FracAtlas,PAT_FA_00766,0,0,hand,0,0,454,373,3,a6e7fb1f7b45dc51324d94bc511c1684,train
IMG0001534.jpg,D:\projects\MediMind\ai-prediction-service\test-dataset\Bone Facture\FracAtlas\FracAtlas\images\Non_fractured\IMG0001534.jpg,images\Non_fractured\IMG0001534.jpg,FracAtlas,PAT_FA_00767,0,0,leg,0,1,373,454,1,c4e6d57d7bde5ad716954c3ce208b90a,train
IMG0001535.jpg,D:\projects\MediMind\ai-prediction-service\test-dataset\Bone Facture\FracAtlas\FracAtlas\images\Non_fractured\IMG0001535.jpg,images\Non_fractured\IMG0001535.jpg,FracAtlas,PAT_FA_00767,0,0,leg,0,1,454,373,3,bd5706448e521083d8daa05e6b1cfd93,train
IMG0001536.jpg,D:\projects\MediMind\ai-prediction-service\test-dataset\Bone Facture\FracAtlas\FracAtlas\images\Non_fractured\IMG0001536.jpg,images\Non_fractured\IMG0001536.jpg,FracAtlas,PAT_FA_00768,0,0,leg,0,1,373,454,3,9ac001843179625ab1d5d3040d293f0f,train
IMG0001537.jpg,D:\projects\MediMind\ai-prediction-service\test-dataset\Bone Facture\FracAtlas\FracAtlas\images\Non_fractured\IMG0001537.jpg,images\Non_fractured\IMG0001537.jpg,FracAtlas,PAT_FA_00768,0,0,leg,0,0,373,454,3,e671ea520e296dab87d408de5980ee61,train
IMG0001538.jpg,D:\projects\MediMind\ai-prediction-service\test-dataset\Bone Facture\FracAtlas\FracAtlas\images\Non_fractured\IMG0001538.jpg,images\Non_fractured\IMG0001538.jpg,FracAtlas,PAT_FA_00769,0,0,leg,0,0,373,454,3,cdcb3ddd7ab511b287f7fd76ef499d45,train
IMG0001539.jpg,D:\projects\MediMind\ai-prediction-service\test-dataset\Bone Facture\FracAtlas\FracAtlas\images\Non_fractured\IMG0001539.jpg,images\Non_fractured\IMG0001539.jpg,FracAtlas,PAT_FA_00769,0,0,leg,0,0,373,454,3,7e2ffddb6c2bf8fa8646666fb91e81b6,train
IMG0001540.jpg,D:\projects\MediMind\ai-prediction-service\test-dataset\Bone Facture\FracAtlas\FracAtlas\images\Non_fractured\IMG0001540.jpg,images\Non_fractured\IMG0001540.jpg,FracAtlas,PAT_FA_00770,0,0,hand,0,0,373,454,3,2a9ce0b4cd14ab518d559d8bd1cdec47,train
IMG0001541.jpg,D:\projects\MediMind\ai-prediction-service\test-dataset\Bone Facture\FracAtlas\FracAtlas\images\Non_fractured\IMG0001541.jpg,images\Non_fractured\IMG0001541.jpg,FracAtlas,PAT_FA_00770,0,0,shoulder,0,0,373,454,3,69e09aca59eeffb98a6ea3fab5e870a5,train
IMG0001542.jpg,D:\projects\MediMind\ai-prediction-service\test-dataset\Bone Facture\FracAtlas\FracAtlas\images\Non_fractured\IMG0001542.jpg,images\Non_fractured\IMG0001542.jpg,FracAtlas,PAT_FA_00771,0,0,hand,0,0,373,454,3,5096a8f041a9d157a6de41509626f626,train
IMG0001543.jpg,D:\projects\MediMind\ai-prediction-service\test-dataset\Bone Facture\FracAtlas\FracAtlas\images\Non_fractured\IMG0001543.jpg,images\Non_fractured\IMG0001543.jpg,FracAtlas,PAT_FA_00771,0,0,shoulder,0,0,373,454,3,672d555ebcb8d419c2faa2101838a113,train
IMG0001548.jpg,D:\projects\MediMind\ai-prediction-service\test-dataset\Bone Facture\FracAtlas\FracAtlas\images\Non_fractured\IMG0001548.jpg,images\Non_fractured\IMG0001548.jpg,FracAtlas,PAT_FA_00774,0,0,leg,0,0,373,454,3,bbacb449028be3a4da6ef94456b119b4,train
IMG0001549.jpg,D:\projects\MediMind\ai-prediction-service\test-dataset\Bone Facture\FracAtlas\FracAtlas\images\Non_fractured\IMG0001549.jpg,images\Non_fractured\IMG0001549.jpg,FracAtlas,PAT_FA_00774,0,0,leg,0,0,373,454,3,bcbe0028b70d95fcf95f540fa9c60213,train
IMG0001554.jpg,D:\projects\MediMind\ai-prediction-service\test-dataset\Bone Facture\FracAtlas\FracAtlas\images\Non_fractured\IMG0001554.jpg,images\Non_fractured\IMG0001554.jpg,FracAtlas,PAT_FA_00777,0,0,hip,0,0,454,373,3,a22b7514b1ffe373d6b8b5a4cf04bbd5,train
IMG0001555.jpg,D:\projects\MediMind\ai-prediction-service\test-dataset\Bone Facture\FracAtlas\FracAtlas\images\Non_fractured\IMG0001555.jpg,images\Non_fractured\IMG0001555.jpg,FracAtlas,PAT_FA_00777,0,0,leg,0,1,454,373,3,fe3dfd6fc613fd542bb52d97f16b1a7d,train
IMG0001556.jpg,D:\projects\MediMind\ai-prediction-service\test-dataset\Bone Facture\FracAtlas\FracAtlas\images\Non_fractured\IMG0001556.jpg,images\Non_fractured\IMG0001556.jpg,FracAtlas,PAT_FA_00778,0,0,leg,0,0,373,454,3,217824a2785f1ea76548fb329f21789d,train
IMG0001557.jpg,D:\projects\MediMind\ai-prediction-service\test-dataset\Bone Facture\FracAtlas\FracAtlas\images\Non_fractured\IMG0001557.jpg,images\Non_fractured\IMG0001557.jpg,FracAtlas,PAT_FA_00778,0,0,hand,0,0,454,373,3,a0c33edb4c9adcab8f8a0483cdd86d99,train
IMG0001562.jpg,D:\projects\MediMind\ai-prediction-service\test-dataset\Bone Facture\FracAtlas\FracAtlas\images\Non_fractured\IMG0001562.jpg,images\Non_fractured\IMG0001562.jpg,FracAtlas,PAT_FA_00781,0,0,leg,0,1,454,373,3,f2e5f28a1180cf792effddecd6ca286a,train
IMG0001563.jpg,D:\projects\MediMind\ai-prediction-service\test-dataset\Bone Facture\FracAtlas\FracAtlas\images\Non_fractured\IMG0001563.jpg,images\Non_fractured\IMG0001563.jpg,FracAtlas,PAT_FA_00781,0,0,shoulder,0,0,373,454,3,f5f8fb06371f8186d935b2e4b8cbfb3a,train
IMG0001564.jpg,D:\projects\MediMind\ai-prediction-service\test-dataset\Bone Facture\FracAtlas\FracAtlas\images\Non_fractured\IMG0001564.jpg,images\Non_fractured\IMG0001564.jpg,FracAtlas,PAT_FA_00782,0,0,shoulder,0,0,373,454,3,d7907cb2ef9735b0ca78e25a6ab00d64,train
IMG0001565.jpg,D:\projects\MediMind\ai-prediction-service\test-dataset\Bone Facture\FracAtlas\FracAtlas\images\Non_fractured\IMG0001565.jpg,images\Non_fractured\IMG0001565.jpg,FracAtlas,PAT_FA_00782,0,0,hand,0,0,454,373,3,3f16e0f832dd59e193c6cd9a6df6d3d1,train
IMG0001566.jpg,D:\projects\MediMind\ai-prediction-service\test-dataset\Bone Facture\FracAtlas\FracAtlas\images\Non_fractured\IMG0001566.jpg,images\Non_fractured\IMG0001566.jpg,FracAtlas,PAT_FA_00783,0,0,hand,0,0,454,373,3,2d0e41e25b1f91b95f5c5ff182a786eb,train
IMG0001567.jpg,D:\projects\MediMind\ai-prediction-service\test-dataset\Bone Facture\FracAtlas\FracAtlas\images\Non_fractured\IMG0001567.jpg,images\Non_fractured\IMG0001567.jpg,FracAtlas,PAT_FA_00783,0,0,hand,0,0,454,373,3,1c9f9e7942eb2a3641754e53367c3cb5,train
IMG0001568.jpg,D:\projects\MediMind\ai-prediction-service\test-dataset\Bone Facture\FracAtlas\FracAtlas\images\Non_fractured\IMG0001568.jpg,images\Non_fractured\IMG0001568.jpg,FracAtlas,PAT_FA_00784,0,0,leg,0,1,373,454,1,3c8f781bf1b906523a371671a5cf41bb,train
IMG0001569.jpg,D:\projects\MediMind\ai-prediction-service\test-dataset\Bone Facture\FracAtlas\FracAtlas\images\Non_fractured\IMG0001569.jpg,images\Non_fractured\IMG0001569.jpg,FracAtlas,PAT_FA_00784,0,0,leg,0,1,454,373,3,cf346ecda385bbcea09a1c44720505a9,train
IMG0001570.jpg,D:\projects\MediMind\ai-prediction-service\test-dataset\Bone Facture\FracAtlas\FracAtlas\images\Fractured\IMG0001570.jpg,images\Fractured\IMG0001570.jpg,FracAtlas,PAT_FA_00785,1,1,hand,0,0,373,454,1,c68cd927bd4b8a279fe97ec549380bbd,train
IMG0001571.jpg,D:\projects\MediMind\ai-prediction-service\test-dataset\Bone Facture\FracAtlas\FracAtlas\images\Fractured\IMG0001571.jpg,images\Fractured\IMG0001571.jpg,FracAtlas,PAT_FA_00785,1,1,hand,0,0,373,454,3,83491fd1abcdc08a7e0c372038d1ec74,train
IMG0001572.jpg,D:\projects\MediMind\ai-prediction-service\test-dataset\Bone Facture\FracAtlas\FracAtlas\images\Fractured\IMG0001572.jpg,images\Fractured\IMG0001572.jpg,FracAtlas,PAT_FA_00786,1,1,hand,0,0,373,454,3,5fc6601e69cd062d36271af1aa9760a3,train
IMG0001573.jpg,D:\projects\MediMind\ai-prediction-service\test-dataset\Bone Facture\FracAtlas\FracAtlas\images\Non_fractured\IMG0001573.jpg,images\Non_fractured\IMG0001573.jpg,FracAtlas,PAT_FA_00786,0,0,leg,0,0,373,454,3,5490129a7dfbaed73e8699e2236e9abf,train
IMG0001574.jpg,D:\projects\MediMind\ai-prediction-service\test-dataset\Bone Facture\FracAtlas\FracAtlas\images\Non_fractured\IMG0001574.jpg,images\Non_fractured\IMG0001574.jpg,FracAtlas,PAT_FA_00787,0,0,leg,0,0,373,454,3,6f92f3e56fef103fad51dcd2fe966d52,train
IMG0001575.jpg,D:\projects\MediMind\ai-prediction-service\test-dataset\Bone Facture\FracAtlas\FracAtlas\images\Non_fractured\IMG0001575.jpg,images\Non_fractured\IMG0001575.jpg,FracAtlas,PAT_FA_00787,0,0,leg,0,0,373,454,1,46865ac32b51d767dcb0f9438fef4c02,train
IMG0001582.jpg,D:\projects\MediMind\ai-prediction-service\test-dataset\Bone Facture\FracAtlas\FracAtlas\images\Non_fractured\IMG0001582.jpg,images\Non_fractured\IMG0001582.jpg,FracAtlas,PAT_FA_00791,0,0,leg,0,0,373,454,3,37769322282a638fa2f1b6a7ae1cb9fb,train
IMG0001583.jpg,D:\projects\MediMind\ai-prediction-service\test-dataset\Bone Facture\FracAtlas\FracAtlas\images\Non_fractured\IMG0001583.jpg,images\Non_fractured\IMG0001583.jpg,FracAtlas,PAT_FA_00791,0,0,leg,0,0,454,373,3,da12295fd33cd3a7f95ef04a6b244ae2,train
IMG0001584.jpg,D:\projects\MediMind\ai-prediction-service\test-dataset\Bone Facture\FracAtlas\FracAtlas\images\Non_fractured\IMG0001584.jpg,images\Non_fractured\IMG0001584.jpg,FracAtlas,PAT_FA_00792,0,0,leg,0,0,373,454,3,eb14f22b0e2ab7b6a269ced914fc8077,train
IMG0001585.jpg,D:\projects\MediMind\ai-prediction-service\test-dataset\Bone Facture\FracAtlas\FracAtlas\images\Non_fractured\IMG0001585.jpg,images\Non_fractured\IMG0001585.jpg,FracAtlas,PAT_FA_00792,0,0,leg,0,0,373,454,3,021f792b3bddfed078292c779357be3a,train
IMG0001586.jpg,D:\projects\MediMind\ai-prediction-service\test-dataset\Bone Facture\FracAtlas\FracAtlas\images\Non_fractured\IMG0001586.jpg,images\Non_fractured\IMG0001586.jpg,FracAtlas,PAT_FA_00793,0,0,hand,0,0,373,454,3,f569e6339094831b811e001b2b189242,train
IMG0001587.jpg,D:\projects\MediMind\ai-prediction-service\test-dataset\Bone Facture\FracAtlas\FracAtlas\images\Non_fractured\IMG0001587.jpg,images\Non_fractured\IMG0001587.jpg,FracAtlas,PAT_FA_00793,0,0,hand,0,0,373,454,3,13f23661fb39bbf437dd9cc0ae52e82d,train
IMG0001588.jpg,D:\projects\MediMind\ai-prediction-service\test-dataset\Bone Facture\FracAtlas\FracAtlas\images\Non_fractured\IMG0001588.jpg,images\Non_fractured\IMG0001588.jpg,FracAtlas,PAT_FA_00794,0,0,hand,0,0,373,454,3,a9d8b2f6cd93b54807e99a5f5d6d9555,train
IMG0001589.jpg,D:\projects\MediMind\ai-prediction-service\test-dataset\Bone Facture\FracAtlas\FracAtlas\images\Non_fractured\IMG0001589.jpg,images\Non_fractured\IMG0001589.jpg,FracAtlas,PAT_FA_00794,0,0,leg,0,0,373,454,3,338e1f66301690207654219777734f07,train
IMG0001590.jpg,D:\projects\MediMind\ai-prediction-service\test-dataset\Bone Facture\FracAtlas\FracAtlas\images\Non_fractured\IMG0001590.jpg,images\Non_fractured\IMG0001590.jpg,FracAtlas,PAT_FA_00795,0,0,leg,0,0,373,454,3,4d2fc8e32c5c2bdf4c969afb6c91d7a2,train
IMG0001591.jpg,D:\projects\MediMind\ai-prediction-service\test-dataset\Bone Facture\FracAtlas\FracAtlas\images\Non_fractured\IMG0001591.jpg,images\Non_fractured\IMG0001591.jpg,FracAtlas,PAT_FA_00795,0,0,leg,0,0,373,454,3,0d14a6583a7f622302584ddae51cd642,train
IMG0001592.jpg,D:\projects\MediMind\ai-prediction-service\test-dataset\Bone Facture\FracAtlas\FracAtlas\images\Non_fractured\IMG0001592.jpg,images\Non_fractured\IMG0001592.jpg,FracAtlas,PAT_FA_00796,0,0,hand,0,1,373,454,3,c4422468966fa1a1633a98192109489a,train
IMG0001593.jpg,D:\projects\MediMind\ai-prediction-service\test-dataset\Bone Facture\FracAtlas\FracAtlas\images\Non_fractured\IMG0001593.jpg,images\Non_fractured\IMG0001593.jpg,FracAtlas,PAT_FA_00796,0,0,leg,0,0,373,454,3,54266195c10ca128ba92cc7a0407acbb,train
IMG0001594.jpg,D:\projects\MediMind\ai-prediction-service\test-dataset\Bone Facture\FracAtlas\FracAtlas\images\Non_fractured\IMG0001594.jpg,images\Non_fractured\IMG0001594.jpg,FracAtlas,PAT_FA_00797,0,0,hand,0,0,373,454,3,759463c2d7627ba9f3ac9c5be77fac9e,train
IMG0001595.jpg,D:\projects\MediMind\ai-prediction-service\test-dataset\Bone Facture\FracAtlas\FracAtlas\images\Non_fractured\IMG0001595.jpg,images\Non_fractured\IMG0001595.jpg,FracAtlas,PAT_FA_00797,0,0,leg,0,1,373,454,3,b23b5c30a1424b7932e145a3f264540d,train
IMG0001596.jpg,D:\projects\MediMind\ai-prediction-service\test-dataset\Bone Facture\FracAtlas\FracAtlas\images\Non_fractured\IMG0001596.jpg,images\Non_fractured\IMG0001596.jpg,FracAtlas,PAT_FA_00798,0,0,leg,0,0,373,454,3,c775cc563c2efcd85a05fe62d82cd5cc,train
IMG0001597.jpg,D:\projects\MediMind\ai-prediction-service\test-dataset\Bone Facture\FracAtlas\FracAtlas\images\Non_fractured\IMG0001597.jpg,images\Non_fractured\IMG0001597.jpg,FracAtlas,PAT_FA_00798,0,0,leg,0,0,373,454,3,4e0e00efcf55c754f0ec9609cde3798d,train
IMG0001598.jpg,D:\projects\MediMind\ai-prediction-service\test-dataset\Bone Facture\FracAtlas\FracAtlas\images\Non_fractured\IMG0001598.jpg,images\Non_fractured\IMG0001598.jpg,FracAtlas,PAT_FA_00799,0,0,leg,0,0,373,454,3,cebd4bef8c7f98468b348f04c36dddca,train
IMG0001599.jpg,D:\projects\MediMind\ai-prediction-service\test-dataset\Bone Facture\FracAtlas\FracAtlas\images\Non_fractured\IMG0001599.jpg,images\Non_fractured\IMG0001599.jpg,FracAtlas,PAT_FA_00799,0,0,leg,0,0,373,454,3,86c7d7bc416f331e23b78feb254e7c58,train
IMG0001602.jpg,D:\projects\MediMind\ai-prediction-service\test-dataset\Bone Facture\FracAtlas\FracAtlas\images\Non_fractured\IMG0001602.jpg,images\Non_fractured\IMG0001602.jpg,FracAtlas,PAT_FA_00801,0,0,hand,0,0,373,454,3,9eace953dfd35377d1801ea9f5d46f0b,train
IMG0001603.jpg,D:\projects\MediMind\ai-prediction-service\test-dataset\Bone Facture\FracAtlas\FracAtlas\images\Non_fractured\IMG0001603.jpg,images\Non_fractured\IMG0001603.jpg,FracAtlas,PAT_FA_00801,0,0,hand,0,0,373,454,3,9bb48bfa4754107e339e83857c47dc5a,train
IMG0001604.jpg,D:\projects\MediMind\ai-prediction-service\test-dataset\Bone Facture\FracAtlas\FracAtlas\images\Non_fractured\IMG0001604.jpg,images\Non_fractured\IMG0001604.jpg,FracAtlas,PAT_FA_00802,0,0,leg,0,0,373,454,3,4aa43bf4aceaaa10b70ada0f51ba8491,train
IMG0001605.jpg,D:\projects\MediMind\ai-prediction-service\test-dataset\Bone Facture\FracAtlas\FracAtlas\images\Non_fractured\IMG0001605.jpg,images\Non_fractured\IMG0001605.jpg,FracAtlas,PAT_FA_00802,0,0,leg,0,0,373,454,3,fddee645d2d8be1feb90221fcb3f896d,train
IMG0001606.jpg,D:\projects\MediMind\ai-prediction-service\test-dataset\Bone Facture\FracAtlas\FracAtlas\images\Non_fractured\IMG0001606.jpg,images\Non_fractured\IMG0001606.jpg,FracAtlas,PAT_FA_00803,0,0,leg,0,0,373,454,3,3e3071733e3e2adcd7300f7383df8c7a,train
IMG0001607.jpg,D:\projects\MediMind\ai-prediction-service\test-dataset\Bone Facture\FracAtlas\FracAtlas\images\Non_fractured\IMG0001607.jpg,images\Non_fractured\IMG0001607.jpg,FracAtlas,PAT_FA_00803,0,0,leg,0,0,373,454,3,a48276521cd9adb2888d10c59e37c2c9,train
IMG0001608.jpg,D:\projects\MediMind\ai-prediction-service\test-dataset\Bone Facture\FracAtlas\FracAtlas\images\Non_fractured\IMG0001608.jpg,images\Non_fractured\IMG0001608.jpg,FracAtlas,PAT_FA_00804,0,0,hand,0,0,373,454,3,0958828ae7122c44a1b336465793a001,train
IMG0001609.jpg,D:\projects\MediMind\ai-prediction-service\test-dataset\Bone Facture\FracAtlas\FracAtlas\images\Non_fractured\IMG0001609.jpg,images\Non_fractured\IMG0001609.jpg,FracAtlas,PAT_FA_00804,0,0,hand,0,0,373,454,3,92a942b25046465acee2bdd8a7aa2d74,train
IMG0001610.jpg,D:\projects\MediMind\ai-prediction-service\test-dataset\Bone Facture\FracAtlas\FracAtlas\images\Non_fractured\IMG0001610.jpg,images\Non_fractured\IMG0001610.jpg,FracAtlas,PAT_FA_00805,0,0,hand,0,0,373,454,3,ca9bcc105161ea36958d587b1dc244be,train
IMG0001611.jpg,D:\projects\MediMind\ai-prediction-service\test-dataset\Bone Facture\FracAtlas\FracAtlas\images\Non_fractured\IMG0001611.jpg,images\Non_fractured\IMG0001611.jpg,FracAtlas,PAT_FA_00805,0,0,hand,0,0,373,454,3,1daef82e781c33ccd43f42c8bdcd12ff,train
IMG0001616.jpg,D:\projects\MediMind\ai-prediction-service\test-dataset\Bone Facture\FracAtlas\FracAtlas\images\Non_fractured\IMG0001616.jpg,images\Non_fractured\IMG0001616.jpg,FracAtlas,PAT_FA_00808,0,0,hand,0,0,373,454,3,a2c089290707b33febff49b5fb5b5f27,train
IMG0001617.jpg,D:\projects\MediMind\ai-prediction-service\test-dataset\Bone Facture\FracAtlas\FracAtlas\images\Non_fractured\IMG0001617.jpg,images\Non_fractured\IMG0001617.jpg,FracAtlas,PAT_FA_00808,0,0,leg,0,0,373,454,3,1a156fffe2bd6b453163d9998918ddd3,train
IMG0001618.jpg,D:\projects\MediMind\ai-prediction-service\test-dataset\Bone Facture\FracAtlas\FracAtlas\images\Non_fractured\IMG0001618.jpg,images\Non_fractured\IMG0001618.jpg,FracAtlas,PAT_FA_00809,0,0,leg,0,0,373,454,3,07f081c0e180a1900af954800a2df41c,train
IMG0001619.jpg,D:\projects\MediMind\ai-prediction-service\test-dataset\Bone Facture\FracAtlas\FracAtlas\images\Non_fractured\IMG0001619.jpg,images\Non_fractured\IMG0001619.jpg,FracAtlas,PAT_FA_00809,0,0,leg,0,0,373,454,3,5cfe5df6dbac429fe53b9da8b80c4e62,train
IMG0001622.jpg,D:\projects\MediMind\ai-prediction-service\test-dataset\Bone Facture\FracAtlas\FracAtlas\images\Non_fractured\IMG0001622.jpg,images\Non_fractured\IMG0001622.jpg,FracAtlas,PAT_FA_00811,0,0,hand,0,0,454,373,3,107fe08f077f90692b87f3b4309b6abb,train
IMG0001623.jpg,D:\projects\MediMind\ai-prediction-service\test-dataset\Bone Facture\FracAtlas\FracAtlas\images\Non_fractured\IMG0001623.jpg,images\Non_fractured\IMG0001623.jpg,FracAtlas,PAT_FA_00811,0,0,hip,0,0,454,373,3,acc4e6d901c5699d3837ac0a9f0331ec,train
IMG0001624.jpg,D:\projects\MediMind\ai-prediction-service\test-dataset\Bone Facture\FracAtlas\FracAtlas\images\Non_fractured\IMG0001624.jpg,images\Non_fractured\IMG0001624.jpg,FracAtlas,PAT_FA_00812,0,0,leg,0,0,373,454,3,61aa80931fe17d34e2df8ea0c5eec52c,train
IMG0001625.jpg,D:\projects\MediMind\ai-prediction-service\test-dataset\Bone Facture\FracAtlas\FracAtlas\images\Non_fractured\IMG0001625.jpg,images\Non_fractured\IMG0001625.jpg,FracAtlas,PAT_FA_00812,0,0,leg,0,0,373,454,3,b423df62400dad2d1fa6916ae0e0b2a4,train
IMG0001626.jpg,D:\projects\MediMind\ai-prediction-service\test-dataset\Bone Facture\FracAtlas\FracAtlas\images\Non_fractured\IMG0001626.jpg,images\Non_fractured\IMG0001626.jpg,FracAtlas,PAT_FA_00813,0,0,hand,0,0,373,454,3,921d8810f48e513ba6baf24a6f2468cf,train
IMG0001627.jpg,D:\projects\MediMind\ai-prediction-service\test-dataset\Bone Facture\FracAtlas\FracAtlas\images\Non_fractured\IMG0001627.jpg,images\Non_fractured\IMG0001627.jpg,FracAtlas,PAT_FA_00813,0,0,hand,0,0,373,454,3,ccf5433a019c76b390b9627d9de9abdd,train
IMG0001628.jpg,D:\projects\MediMind\ai-prediction-service\test-dataset\Bone Facture\FracAtlas\FracAtlas\images\Non_fractured\IMG0001628.jpg,images\Non_fractured\IMG0001628.jpg,FracAtlas,PAT_FA_00814,0,0,hand,0,0,454,373,3,cb5541f11168f3d1edcc101b57a548d3,train
IMG0001629.jpg,D:\projects\MediMind\ai-prediction-service\test-dataset\Bone Facture\FracAtlas\FracAtlas\images\Non_fractured\IMG0001629.jpg,images\Non_fractured\IMG0001629.jpg,FracAtlas,PAT_FA_00814,0,0,leg,0,0,373,454,1,00c8d9ba9d840349e06cd7f5c7e24404,train
IMG0001630.jpg,D:\projects\MediMind\ai-prediction-service\test-dataset\Bone Facture\FracAtlas\FracAtlas\images\Non_fractured\IMG0001630.jpg,images\Non_fractured\IMG0001630.jpg,FracAtlas,PAT_FA_00815,0,0,leg,0,0,373,454,1,f9bc2cc9e773843d76ec7c83554a0849,train
IMG0001631.jpg,D:\projects\MediMind\ai-prediction-service\test-dataset\Bone Facture\FracAtlas\FracAtlas\images\Non_fractured\IMG0001631.jpg,images\Non_fractured\IMG0001631.jpg,FracAtlas,PAT_FA_00815,0,0,leg,0,0,373,454,3,06076358af0435c9ea3528474fdb0e9f,train
IMG0001632.jpg,D:\projects\MediMind\ai-prediction-service\test-dataset\Bone Facture\FracAtlas\FracAtlas\images\Non_fractured\IMG0001632.jpg,images\Non_fractured\IMG0001632.jpg,FracAtlas,PAT_FA_00816,0,0,leg,0,0,373,454,3,715e9bf28908ab7d4387eaa8d9a84bb5,train
IMG0001633.jpg,D:\projects\MediMind\ai-prediction-service\test-dataset\Bone Facture\FracAtlas\FracAtlas\images\Non_fractured\IMG0001633.jpg,images\Non_fractured\IMG0001633.jpg,FracAtlas,PAT_FA_00816,0,0,leg,0,0,373,454,3,3e9dad4fb8490057678273f4a1d3a196,train
IMG0001634.jpg,D:\projects\MediMind\ai-prediction-service\test-dataset\Bone Facture\FracAtlas\FracAtlas\images\Non_fractured\IMG0001634.jpg,images\Non_fractured\IMG0001634.jpg,FracAtlas,PAT_FA_00817,0,0,leg,0,0,373,454,3,2179e8b5dbf1558197850f92b40b54b7,train
IMG0001635.jpg,D:\projects\MediMind\ai-prediction-service\test-dataset\Bone Facture\FracAtlas\FracAtlas\images\Non_fractured\IMG0001635.jpg,images\Non_fractured\IMG0001635.jpg,FracAtlas,PAT_FA_00817,0,0,leg,0,0,373,454,3,9d2779f6f661a21b13c84d13a0364e06,train
IMG0001636.jpg,D:\projects\MediMind\ai-prediction-service\test-dataset\Bone Facture\FracAtlas\FracAtlas\images\Non_fractured\IMG0001636.jpg,images\Non_fractured\IMG0001636.jpg,FracAtlas,PAT_FA_00818,0,0,leg,0,0,373,454,3,2107fbc92d61533b0338388956f1b993,train
IMG0001637.jpg,D:\projects\MediMind\ai-prediction-service\test-dataset\Bone Facture\FracAtlas\FracAtlas\images\Non_fractured\IMG0001637.jpg,images\Non_fractured\IMG0001637.jpg,FracAtlas,PAT_FA_00818,0,0,hand,0,0,373,454,3,bc1718438c828e797cfc33d6a6449951,train
IMG0001638.jpg,D:\projects\MediMind\ai-prediction-service\test-dataset\Bone Facture\FracAtlas\FracAtlas\images\Non_fractured\IMG0001638.jpg,images\Non_fractured\IMG0001638.jpg,FracAtlas,PAT_FA_00819,0,0,hand,0,0,454,373,3,9c538926d78d5e01632d53b84b93d20e,train
IMG0001639.jpg,D:\projects\MediMind\ai-prediction-service\test-dataset\Bone Facture\FracAtlas\FracAtlas\images\Fractured\IMG0001639.jpg,images\Fractured\IMG0001639.jpg,FracAtlas,PAT_FA_00819,1,1,hand,0,0,373,454,3,697df8b52c59463e348316b67243f9a3,train
IMG0001640.jpg,D:\projects\MediMind\ai-prediction-service\test-dataset\Bone Facture\FracAtlas\FracAtlas\images\Fractured\IMG0001640.jpg,images\Fractured\IMG0001640.jpg,FracAtlas,PAT_FA_00820,1,1,hand,0,0,373,454,3,131400939435c923986f7070c214a31c,train
IMG0001641.jpg,D:\projects\MediMind\ai-prediction-service\test-dataset\Bone Facture\FracAtlas\FracAtlas\images\Non_fractured\IMG0001641.jpg,images\Non_fractured\IMG0001641.jpg,FracAtlas,PAT_FA_00820,0,0,leg,0,0,373,454,3,9e051b9a21c9428d3ef0cdcdfcff88c7,train
IMG0001642.jpg,D:\projects\MediMind\ai-prediction-service\test-dataset\Bone Facture\FracAtlas\FracAtlas\images\Non_fractured\IMG0001642.jpg,images\Non_fractured\IMG0001642.jpg,FracAtlas,PAT_FA_00821,0,0,leg,0,0,454,373,3,2ab4fdf5d08a6954c16dbd906a19332f,train
IMG0001643.jpg,D:\projects\MediMind\ai-prediction-service\test-dataset\Bone Facture\FracAtlas\FracAtlas\images\Non_fractured\IMG0001643.jpg,images\Non_fractured\IMG0001643.jpg,FracAtlas,PAT_FA_00821,0,0,leg,0,0,373,454,3,10b7cd8d138add9fa4ae70ba0902a0d7,train
IMG0001644.jpg,D:\projects\MediMind\ai-prediction-service\test-dataset\Bone Facture\FracAtlas\FracAtlas\images\Non_fractured\IMG0001644.jpg,images\Non_fractured\IMG0001644.jpg,FracAtlas,PAT_FA_00822,0,0,leg,0,0,454,373,3,373806f981705773290ecc9ca35d6ab5,train
IMG0001645.jpg,D:\projects\MediMind\ai-prediction-service\test-dataset\Bone Facture\FracAtlas\FracAtlas\images\Non_fractured\IMG0001645.jpg,images\Non_fractured\IMG0001645.jpg,FracAtlas,PAT_FA_00822,0,0,hand,0,0,373,454,3,187e3b2c74d00c54272d891966dd34bf,train
IMG0001648.jpg,D:\projects\MediMind\ai-prediction-service\test-dataset\Bone Facture\FracAtlas\FracAtlas\images\Non_fractured\IMG0001648.jpg,images\Non_fractured\IMG0001648.jpg,FracAtlas,PAT_FA_00824,0,0,leg,0,0,454,373,3,42e0306d3ba769fdd4c8b0299af7b9ae,train
IMG0001649.jpg,D:\projects\MediMind\ai-prediction-service\test-dataset\Bone Facture\FracAtlas\FracAtlas\images\Non_fractured\IMG0001649.jpg,images\Non_fractured\IMG0001649.jpg,FracAtlas,PAT_FA_00824,0,0,leg,0,0,373,454,3,436b284320efd3c20ec1dc89a505f02a,train
IMG0001652.jpg,D:\projects\MediMind\ai-prediction-service\test-dataset\Bone Facture\FracAtlas\FracAtlas\images\Non_fractured\IMG0001652.jpg,images\Non_fractured\IMG0001652.jpg,FracAtlas,PAT_FA_00826,0,0,leg,0,0,373,454,3,3549fa16e16e4390d611c0eb0a5a7b70,train
IMG0001653.jpg,D:\projects\MediMind\ai-prediction-service\test-dataset\Bone Facture\FracAtlas\FracAtlas\images\Non_fractured\IMG0001653.jpg,images\Non_fractured\IMG0001653.jpg,FracAtlas,PAT_FA_00826,0,0,leg,0,0,373,454,3,5d4edb6a7dc3336741596dba332863eb,train
IMG0001654.jpg,D:\projects\MediMind\ai-prediction-service\test-dataset\Bone Facture\FracAtlas\FracAtlas\images\Non_fractured\IMG0001654.jpg,images\Non_fractured\IMG0001654.jpg,FracAtlas,PAT_FA_00827,0,0,hip,0,0,454,373,1,a544fbeba5640fbcf486294f1ec33d8c,train
IMG0001655.jpg,D:\projects\MediMind\ai-prediction-service\test-dataset\Bone Facture\FracAtlas\FracAtlas\images\Non_fractured\IMG0001655.jpg,images\Non_fractured\IMG0001655.jpg,FracAtlas,PAT_FA_00827,0,0,hip,0,0,454,373,3,decb13b060f693e9977440851d95ffc7,train
IMG0001656.jpg,D:\projects\MediMind\ai-prediction-service\test-dataset\Bone Facture\FracAtlas\FracAtlas\images\Non_fractured\IMG0001656.jpg,images\Non_fractured\IMG0001656.jpg,FracAtlas,PAT_FA_00828,0,0,leg,0,0,373,454,3,d1b966b31c02c1f4de51cb0b9458a978,train
IMG0001657.jpg,D:\projects\MediMind\ai-prediction-service\test-dataset\Bone Facture\FracAtlas\FracAtlas\images\Non_fractured\IMG0001657.jpg,images\Non_fractured\IMG0001657.jpg,FracAtlas,PAT_FA_00828,0,0,leg,0,0,454,373,3,57abff0d372d2ae0d13dc1c39d4cc3f0,train
IMG0001658.jpg,D:\projects\MediMind\ai-prediction-service\test-dataset\Bone Facture\FracAtlas\FracAtlas\images\Non_fractured\IMG0001658.jpg,images\Non_fractured\IMG0001658.jpg,FracAtlas,PAT_FA_00829,0,0,leg,0,0,373,454,3,1fd1514eb5b1d7812adcffaefceb1c86,train
IMG0001659.jpg,D:\projects\MediMind\ai-prediction-service\test-dataset\Bone Facture\FracAtlas\FracAtlas\images\Non_fractured\IMG0001659.jpg,images\Non_fractured\IMG0001659.jpg,FracAtlas,PAT_FA_00829,0,0,leg,0,0,373,454,3,3df1d2abab1d907f7183b896648e526d,train
IMG0001668.jpg,D:\projects\MediMind\ai-prediction-service\test-dataset\Bone Facture\FracAtlas\FracAtlas\images\Non_fractured\IMG0001668.jpg,images\Non_fractured\IMG0001668.jpg,FracAtlas,PAT_FA_00834,0,0,hand,0,0,454,373,3,e55530416ed1cdd50c15152d45360973,train
IMG0001669.jpg,D:\projects\MediMind\ai-prediction-service\test-dataset\Bone Facture\FracAtlas\FracAtlas\images\Non_fractured\IMG0001669.jpg,images\Non_fractured\IMG0001669.jpg,FracAtlas,PAT_FA_00834,0,0,hand,0,0,454,373,3,5ed0d766fb1efb6269bae2c94698811a,train
IMG0001674.jpg,D:\projects\MediMind\ai-prediction-service\test-dataset\Bone Facture\FracAtlas\FracAtlas\images\Non_fractured\IMG0001674.jpg,images\Non_fractured\IMG0001674.jpg,FracAtlas,PAT_FA_00837,0,0,hand,0,0,373,454,3,a4c9c63ebd0392f4cd4c7b72959edde0,train
IMG0001675.jpg,D:\projects\MediMind\ai-prediction-service\test-dataset\Bone Facture\FracAtlas\FracAtlas\images\Non_fractured\IMG0001675.jpg,images\Non_fractured\IMG0001675.jpg,FracAtlas,PAT_FA_00837,0,0,shoulder,0,0,373,454,3,cf8687f75a2b10d11c889b2ea7a17061,train
IMG0001676.jpg,D:\projects\MediMind\ai-prediction-service\test-dataset\Bone Facture\FracAtlas\FracAtlas\images\Non_fractured\IMG0001676.jpg,images\Non_fractured\IMG0001676.jpg,FracAtlas,PAT_FA_00838,0,0,shoulder,0,0,373,454,3,6fe241b06eee015edf71e1fdbab4d8bf,train
IMG0001677.jpg,D:\projects\MediMind\ai-prediction-service\test-dataset\Bone Facture\FracAtlas\FracAtlas\images\Non_fractured\IMG0001677.jpg,images\Non_fractured\IMG0001677.jpg,FracAtlas,PAT_FA_00838,0,0,shoulder,0,0,373,454,3,61ece7d5a236b50e2c698854cb804fee,train
IMG0001678.jpg,D:\projects\MediMind\ai-prediction-service\test-dataset\Bone Facture\FracAtlas\FracAtlas\images\Non_fractured\IMG0001678.jpg,images\Non_fractured\IMG0001678.jpg,FracAtlas,PAT_FA_00839,0,0,leg,0,0,373,454,3,f575bdbfc029387e69f3055bee0ddc27,train
IMG0001679.jpg,D:\projects\MediMind\ai-prediction-service\test-dataset\Bone Facture\FracAtlas\FracAtlas\images\Non_fractured\IMG0001679.jpg,images\Non_fractured\IMG0001679.jpg,FracAtlas,PAT_FA_00839,0,0,leg,0,0,373,454,3,481da525888d54d7599ebf291f579655,train
IMG0001680.jpg,D:\projects\MediMind\ai-prediction-service\test-dataset\Bone Facture\FracAtlas\FracAtlas\images\Non_fractured\IMG0001680.jpg,images\Non_fractured\IMG0001680.jpg,FracAtlas,PAT_FA_00840,0,0,leg,0,0,373,454,3,294941f0eb12180cfdf987b8f68a4588,train
IMG0001681.jpg,D:\projects\MediMind\ai-prediction-service\test-dataset\Bone Facture\FracAtlas\FracAtlas\images\Non_fractured\IMG0001681.jpg,images\Non_fractured\IMG0001681.jpg,FracAtlas,PAT_FA_00840,0,0,leg,0,0,454,373,3,482ddad7b2dd4a74665f6ad2584d7d8e,train
IMG0001682.jpg,D:\projects\MediMind\ai-prediction-service\test-dataset\Bone Facture\FracAtlas\FracAtlas\images\Non_fractured\IMG0001682.jpg,images\Non_fractured\IMG0001682.jpg,FracAtlas,PAT_FA_00841,0,0,hand,0,0,454,373,3,2556de3f55afcc62e860d51b0646ed60,train
IMG0001683.jpg,D:\projects\MediMind\ai-prediction-service\test-dataset\Bone Facture\FracAtlas\FracAtlas\images\Non_fractured\IMG0001683.jpg,images\Non_fractured\IMG0001683.jpg,FracAtlas,PAT_FA_00841,0,0,hand,0,0,454,373,3,70d2dd6cdf58580007d3aa1ef661c4bc,train
IMG0001684.jpg,D:\projects\MediMind\ai-prediction-service\test-dataset\Bone Facture\FracAtlas\FracAtlas\images\Non_fractured\IMG0001684.jpg,images\Non_fractured\IMG0001684.jpg,FracAtlas,PAT_FA_00842,0,0,hand,0,0,373,454,3,2dcb2ba4d9cb688ff80d5f0b812df3e1,train
IMG0001685.jpg,D:\projects\MediMind\ai-prediction-service\test-dataset\Bone Facture\FracAtlas\FracAtlas\images\Non_fractured\IMG0001685.jpg,images\Non_fractured\IMG0001685.jpg,FracAtlas,PAT_FA_00842,0,0,hand,0,0,373,454,3,a333e402fd21e4b019b45983aee23d46,train
IMG0001688.jpg,D:\projects\MediMind\ai-prediction-service\test-dataset\Bone Facture\FracAtlas\FracAtlas\images\Non_fractured\IMG0001688.jpg,images\Non_fractured\IMG0001688.jpg,FracAtlas,PAT_FA_00844,0,0,hand,0,0,454,373,3,aa805cc64de9e74beb0f1dc6158fe738,train
IMG0001689.jpg,D:\projects\MediMind\ai-prediction-service\test-dataset\Bone Facture\FracAtlas\FracAtlas\images\Non_fractured\IMG0001689.jpg,images\Non_fractured\IMG0001689.jpg,FracAtlas,PAT_FA_00844,0,0,leg,0,0,373,454,3,63d5665fbe41699d4ddbe305359dc51b,train
IMG0001690.jpg,D:\projects\MediMind\ai-prediction-service\test-dataset\Bone Facture\FracAtlas\FracAtlas\images\Non_fractured\IMG0001690.jpg,images\Non_fractured\IMG0001690.jpg,FracAtlas,PAT_FA_00845,0,0,leg,0,0,454,373,3,0eb9f218d860737bcb166cdf51a279e2,train
IMG0001691.jpg,D:\projects\MediMind\ai-prediction-service\test-dataset\Bone Facture\FracAtlas\FracAtlas\images\Non_fractured\IMG0001691.jpg,images\Non_fractured\IMG0001691.jpg,FracAtlas,PAT_FA_00845,0,0,leg,0,0,373,454,3,9d165c4f195438fc6e91388d10e807ac,train
IMG0001694.jpg,D:\projects\MediMind\ai-prediction-service\test-dataset\Bone Facture\FracAtlas\FracAtlas\images\Non_fractured\IMG0001694.jpg,images\Non_fractured\IMG0001694.jpg,FracAtlas,PAT_FA_00847,0,0,leg,0,0,454,373,3,63d6e38b839a6333aee469ea763f5aba,train
IMG0001695.jpg,D:\projects\MediMind\ai-prediction-service\test-dataset\Bone Facture\FracAtlas\FracAtlas\images\Non_fractured\IMG0001695.jpg,images\Non_fractured\IMG0001695.jpg,FracAtlas,PAT_FA_00847,0,0,hip,0,0,454,373,1,43385fc10932d2daff332dd61b3159ba,train
IMG0001698.jpg,D:\projects\MediMind\ai-prediction-service\test-dataset\Bone Facture\FracAtlas\FracAtlas\images\Non_fractured\IMG0001698.jpg,images\Non_fractured\IMG0001698.jpg,FracAtlas,PAT_FA_00849,0,0,leg,0,0,373,454,3,c966b0132d29f45b60b4f5e3c3295826,train
IMG0001699.jpg,D:\projects\MediMind\ai-prediction-service\test-dataset\Bone Facture\FracAtlas\FracAtlas\images\Non_fractured\IMG0001699.jpg,images\Non_fractured\IMG0001699.jpg,FracAtlas,PAT_FA_00849,0,0,leg,0,0,373,454,3,ea94859489aace76f59254d736e1b6d9,train
IMG0001700.jpg,D:\projects\MediMind\ai-prediction-service\test-dataset\Bone Facture\FracAtlas\FracAtlas\images\Non_fractured\IMG0001700.jpg,images\Non_fractured\IMG0001700.jpg,FracAtlas,PAT_FA_00850,0,0,hand,0,0,373,454,3,1bbe447452dd1d8c9e0cd7292e355322,train
IMG0001701.jpg,D:\projects\MediMind\ai-prediction-service\test-dataset\Bone Facture\FracAtlas\FracAtlas\images\Non_fractured\IMG0001701.jpg,images\Non_fractured\IMG0001701.jpg,FracAtlas,PAT_FA_00850,0,0,hand,0,0,373,454,3,68ebeba5718d3caab296aff53972e496,train
IMG0001704.jpg,D:\projects\MediMind\ai-prediction-service\test-dataset\Bone Facture\FracAtlas\FracAtlas\images\Non_fractured\IMG0001704.jpg,images\Non_fractured\IMG0001704.jpg,FracAtlas,PAT_FA_00852,0,0,hand,0,0,373,454,3,6c42f82a093aba3986d51d35dbd148a6,train
IMG0001705.jpg,D:\projects\MediMind\ai-prediction-service\test-dataset\Bone Facture\FracAtlas\FracAtlas\images\Non_fractured\IMG0001705.jpg,images\Non_fractured\IMG0001705.jpg,FracAtlas,PAT_FA_00852,0,0,hand,0,0,373,454,3,2d411ad74cecc6c3721a79f52a5e00fe,train
IMG0001710.jpg,D:\projects\MediMind\ai-prediction-service\test-dataset\Bone Facture\FracAtlas\FracAtlas\images\Fractured\IMG0001710.jpg,images\Fractured\IMG0001710.jpg,FracAtlas,PAT_FA_00855,1,1,hand,0,0,373,454,3,b7760052f0a0d8361fd4f392fe6855eb,train
IMG0001711.jpg,D:\projects\MediMind\ai-prediction-service\test-dataset\Bone Facture\FracAtlas\FracAtlas\images\Non_fractured\IMG0001711.jpg,images\Non_fractured\IMG0001711.jpg,FracAtlas,PAT_FA_00855,0,0,hand,0,0,373,454,3,1218b14dd9b7b13c0514389f369852ba,train
IMG0001712.jpg,D:\projects\MediMind\ai-prediction-service\test-dataset\Bone Facture\FracAtlas\FracAtlas\images\Non_fractured\IMG0001712.jpg,images\Non_fractured\IMG0001712.jpg,FracAtlas,PAT_FA_00856,0,0,hand,0,0,373,454,3,ba0f1699dcb040f1d5e4a117ce4853a6,train
IMG0001714.jpg,D:\projects\MediMind\ai-prediction-service\test-dataset\Bone Facture\FracAtlas\FracAtlas\images\Non_fractured\IMG0001714.jpg,images\Non_fractured\IMG0001714.jpg,FracAtlas,PAT_FA_00857,0,0,leg,0,0,373,454,3,51440ad199b70c7c607136be57d99436,train
IMG0001715.jpg,D:\projects\MediMind\ai-prediction-service\test-dataset\Bone Facture\FracAtlas\FracAtlas\images\Non_fractured\IMG0001715.jpg,images\Non_fractured\IMG0001715.jpg,FracAtlas,PAT_FA_00857,0,0,leg,0,0,373,454,1,55cdd7c5de9285302887242022c1607a,train
IMG0001716.jpg,D:\projects\MediMind\ai-prediction-service\test-dataset\Bone Facture\FracAtlas\FracAtlas\images\Non_fractured\IMG0001716.jpg,images\Non_fractured\IMG0001716.jpg,FracAtlas,PAT_FA_00858,0,0,shoulder,0,0,373,454,3,a2f142ec8dfd9f3d5cd349d67e3d35bf,train
IMG0001717.jpg,D:\projects\MediMind\ai-prediction-service\test-dataset\Bone Facture\FracAtlas\FracAtlas\images\Non_fractured\IMG0001717.jpg,images\Non_fractured\IMG0001717.jpg,FracAtlas,PAT_FA_00858,0,0,hand,0,0,373,454,1,0d98cc64eed2d176802e9c28019c3dfd,train
IMG0001720.jpg,D:\projects\MediMind\ai-prediction-service\test-dataset\Bone Facture\FracAtlas\FracAtlas\images\Non_fractured\IMG0001720.jpg,images\Non_fractured\IMG0001720.jpg,FracAtlas,PAT_FA_00860,0,0,hand,0,0,373,454,3,8b2047f49f76fdf9ac78cced4f18d50c,train
IMG0001721.jpg,D:\projects\MediMind\ai-prediction-service\test-dataset\Bone Facture\FracAtlas\FracAtlas\images\Non_fractured\IMG0001721.jpg,images\Non_fractured\IMG0001721.jpg,FracAtlas,PAT_FA_00860,0,0,hand,0,0,373,454,3,e8afb16fc2f6052c64003b905e558ab1,train
IMG0001726.jpg,D:\projects\MediMind\ai-prediction-service\test-dataset\Bone Facture\FracAtlas\FracAtlas\images\Non_fractured\IMG0001726.jpg,images\Non_fractured\IMG0001726.jpg,FracAtlas,PAT_FA_00863,0,0,shoulder,0,0,373,454,3,4bcd1763b3e6c29173293a3e87017b9c,train
IMG0001727.jpg,D:\projects\MediMind\ai-prediction-service\test-dataset\Bone Facture\FracAtlas\FracAtlas\images\Non_fractured\IMG0001727.jpg,images\Non_fractured\IMG0001727.jpg,FracAtlas,PAT_FA_00863,0,0,leg,0,0,373,454,3,9a9563b0c6b8fc72ff53b2221e7bdb7e,train
IMG0001728.jpg,D:\projects\MediMind\ai-prediction-service\test-dataset\Bone Facture\FracAtlas\FracAtlas\images\Non_fractured\IMG0001728.jpg,images\Non_fractured\IMG0001728.jpg,FracAtlas,PAT_FA_00864,0,0,hand,0,0,373,454,3,4e61c151d0e1bdc8671d1c70ece63899,train
IMG0001729.jpg,D:\projects\MediMind\ai-prediction-service\test-dataset\Bone Facture\FracAtlas\FracAtlas\images\Non_fractured\IMG0001729.jpg,images\Non_fractured\IMG0001729.jpg,FracAtlas,PAT_FA_00864,0,0,hand,0,0,373,454,1,cdee88d9834780b25c539babd9c45b6a,train
IMG0001734.jpg,D:\projects\MediMind\ai-prediction-service\test-dataset\Bone Facture\FracAtlas\FracAtlas\images\Non_fractured\IMG0001734.jpg,images\Non_fractured\IMG0001734.jpg,FracAtlas,PAT_FA_00867,0,0,shoulder,0,0,373,454,3,88e8d42a43bb285381de70504b3aaea8,train
IMG0001735.jpg,D:\projects\MediMind\ai-prediction-service\test-dataset\Bone Facture\FracAtlas\FracAtlas\images\Non_fractured\IMG0001735.jpg,images\Non_fractured\IMG0001735.jpg,FracAtlas,PAT_FA_00867,0,0,leg,0,0,373,454,3,c9ba48ba6c401137c38544f937d09758,train
IMG0001736.jpg,D:\projects\MediMind\ai-prediction-service\test-dataset\Bone Facture\FracAtlas\FracAtlas\images\Non_fractured\IMG0001736.jpg,images\Non_fractured\IMG0001736.jpg,FracAtlas,PAT_FA_00868,0,0,leg,0,0,454,373,3,23f10d7629101fc3d0cc498dcb397adc,train
IMG0001737.jpg,D:\projects\MediMind\ai-prediction-service\test-dataset\Bone Facture\FracAtlas\FracAtlas\images\Non_fractured\IMG0001737.jpg,images\Non_fractured\IMG0001737.jpg,FracAtlas,PAT_FA_00868,0,0,leg,0,1,454,373,3,5d51051d9ee267afb566ffe60bc8a0a4,train
IMG0001738.jpg,D:\projects\MediMind\ai-prediction-service\test-dataset\Bone Facture\FracAtlas\FracAtlas\images\Fractured\IMG0001738.jpg,images\Fractured\IMG0001738.jpg,FracAtlas,PAT_FA_00869,1,1,hand,0,0,373,454,3,ee602db8453f73fc734946d990febab4,train
IMG0001739.jpg,D:\projects\MediMind\ai-prediction-service\test-dataset\Bone Facture\FracAtlas\FracAtlas\images\Fractured\IMG0001739.jpg,images\Fractured\IMG0001739.jpg,FracAtlas,PAT_FA_00869,1,1,hand,0,0,373,454,3,5a37072fbde2b342113b05981079565a,train
IMG0001740.jpg,D:\projects\MediMind\ai-prediction-service\test-dataset\Bone Facture\FracAtlas\FracAtlas\images\Non_fractured\IMG0001740.jpg,images\Non_fractured\IMG0001740.jpg,FracAtlas,PAT_FA_00870,0,0,leg,0,1,454,373,3,9c2322b78761e99d90c9dabb5c86035d,train
IMG0001741.jpg,D:\projects\MediMind\ai-prediction-service\test-dataset\Bone Facture\FracAtlas\FracAtlas\images\Non_fractured\IMG0001741.jpg,images\Non_fractured\IMG0001741.jpg,FracAtlas,PAT_FA_00870,0,0,leg,0,1,454,373,3,8de042ba4feb62f1a92ced96c2730bee,train
IMG0001742.jpg,D:\projects\MediMind\ai-prediction-service\test-dataset\Bone Facture\FracAtlas\FracAtlas\images\Non_fractured\IMG0001742.jpg,images\Non_fractured\IMG0001742.jpg,FracAtlas,PAT_FA_00871,0,0,leg,0,0,373,454,3,da57b6a8e6361a7d2c8ac563e8596ced,train
IMG0001743.jpg,D:\projects\MediMind\ai-prediction-service\test-dataset\Bone Facture\FracAtlas\FracAtlas\images\Non_fractured\IMG0001743.jpg,images\Non_fractured\IMG0001743.jpg,FracAtlas,PAT_FA_00871,0,0,leg,0,1,454,373,3,3c67c635e0e5217d4a06190eb10e33c3,train
IMG0001746.jpg,D:\projects\MediMind\ai-prediction-service\test-dataset\Bone Facture\FracAtlas\FracAtlas\images\Non_fractured\IMG0001746.jpg,images\Non_fractured\IMG0001746.jpg,FracAtlas,PAT_FA_00873,0,0,leg,0,0,373,454,3,8e26854ffdeb10134d9faef4f2cce996,train
IMG0001747.jpg,D:\projects\MediMind\ai-prediction-service\test-dataset\Bone Facture\FracAtlas\FracAtlas\images\Non_fractured\IMG0001747.jpg,images\Non_fractured\IMG0001747.jpg,FracAtlas,PAT_FA_00873,0,0,leg,0,0,454,373,3,88f6a7a5f35a6270a17bbad1a1b2b72a,train
IMG0001748.jpg,D:\projects\MediMind\ai-prediction-service\test-dataset\Bone Facture\FracAtlas\FracAtlas\images\Non_fractured\IMG0001748.jpg,images\Non_fractured\IMG0001748.jpg,FracAtlas,PAT_FA_00874,0,0,leg,0,0,373,454,3,9691179fcac31e8fb731e6482cc23b44,train
IMG0001749.jpg,D:\projects\MediMind\ai-prediction-service\test-dataset\Bone Facture\FracAtlas\FracAtlas\images\Non_fractured\IMG0001749.jpg,images\Non_fractured\IMG0001749.jpg,FracAtlas,PAT_FA_00874,0,0,hand,0,0,454,373,3,75a00edba78f9c3d6dc0a1f89761d551,train
IMG0001750.jpg,D:\projects\MediMind\ai-prediction-service\test-dataset\Bone Facture\FracAtlas\FracAtlas\images\Non_fractured\IMG0001750.jpg,images\Non_fractured\IMG0001750.jpg,FracAtlas,PAT_FA_00875,0,0,leg,0,0,373,454,3,8bd2a6c6e7cd3a5da4116b93a85294d9,train
IMG0001751.jpg,D:\projects\MediMind\ai-prediction-service\test-dataset\Bone Facture\FracAtlas\FracAtlas\images\Non_fractured\IMG0001751.jpg,images\Non_fractured\IMG0001751.jpg,FracAtlas,PAT_FA_00875,0,0,leg,0,0,373,454,3,ee1c5b37a3b220ed0efd50b6afc76288,train
IMG0001752.jpg,D:\projects\MediMind\ai-prediction-service\test-dataset\Bone Facture\FracAtlas\FracAtlas\images\Non_fractured\IMG0001752.jpg,images\Non_fractured\IMG0001752.jpg,FracAtlas,PAT_FA_00876,0,0,leg,0,0,454,373,3,0221acbc885f9438642a6f5871177ed5,train
IMG0001753.jpg,D:\projects\MediMind\ai-prediction-service\test-dataset\Bone Facture\FracAtlas\FracAtlas\images\Non_fractured\IMG0001753.jpg,images\Non_fractured\IMG0001753.jpg,FracAtlas,PAT_FA_00876,0,0,hip,0,0,373,454,1,e7e97aa7897d99e039b011eb0a521971,train
IMG0001762.jpg,D:\projects\MediMind\ai-prediction-service\test-dataset\Bone Facture\FracAtlas\FracAtlas\images\Fractured\IMG0001762.jpg,images\Fractured\IMG0001762.jpg,FracAtlas,PAT_FA_00881,1,1,hand,0,0,373,454,3,5e0bc3e952e7c6fd9c57dbee36ba31ed,train
IMG0001763.jpg,D:\projects\MediMind\ai-prediction-service\test-dataset\Bone Facture\FracAtlas\FracAtlas\images\Fractured\IMG0001763.jpg,images\Fractured\IMG0001763.jpg,FracAtlas,PAT_FA_00881,1,1,hand,0,0,373,454,3,9fd8163df1dce69785da161ef65c27d8,train
IMG0001764.jpg,D:\projects\MediMind\ai-prediction-service\test-dataset\Bone Facture\FracAtlas\FracAtlas\images\Non_fractured\IMG0001764.jpg,images\Non_fractured\IMG0001764.jpg,FracAtlas,PAT_FA_00882,0,0,hip,0,0,454,373,3,9c339bf37e53bd1d955aeafede475b8b,train
IMG0001765.jpg,D:\projects\MediMind\ai-prediction-service\test-dataset\Bone Facture\FracAtlas\FracAtlas\images\Non_fractured\IMG0001765.jpg,images\Non_fractured\IMG0001765.jpg,FracAtlas,PAT_FA_00882,0,0,hand,0,0,454,373,3,ebea99af756257b1ef6854d5d6a5a2d8,train
IMG0001766.jpg,D:\projects\MediMind\ai-prediction-service\test-dataset\Bone Facture\FracAtlas\FracAtlas\images\Non_fractured\IMG0001766.jpg,images\Non_fractured\IMG0001766.jpg,FracAtlas,PAT_FA_00883,0,0,hand,0,0,454,373,3,10edf4ab47073a1dbd105a9fd2e5ad88,train
IMG0001767.jpg,D:\projects\MediMind\ai-prediction-service\test-dataset\Bone Facture\FracAtlas\FracAtlas\images\Non_fractured\IMG0001767.jpg,images\Non_fractured\IMG0001767.jpg,FracAtlas,PAT_FA_00883,0,0,leg,0,1,373,454,3,9e1bc76597a8c1e2cf0e7c567e614e90,train
IMG0001772.jpg,D:\projects\MediMind\ai-prediction-service\test-dataset\Bone Facture\FracAtlas\FracAtlas\images\Non_fractured\IMG0001772.jpg,images\Non_fractured\IMG0001772.jpg,FracAtlas,PAT_FA_00886,0,0,leg,0,0,373,454,3,d0402a83f339f1222c3c8dfb8ea8e8cc,train
IMG0001773.jpg,D:\projects\MediMind\ai-prediction-service\test-dataset\Bone Facture\FracAtlas\FracAtlas\images\Non_fractured\IMG0001773.jpg,images\Non_fractured\IMG0001773.jpg,FracAtlas,PAT_FA_00886,0,0,leg,0,0,373,454,3,e3ba50e0256dbd6c874aa7b8b0e7ee7e,train
IMG0001778.jpg,D:\projects\MediMind\ai-prediction-service\test-dataset\Bone Facture\FracAtlas\FracAtlas\images\Non_fractured\IMG0001778.jpg,images\Non_fractured\IMG0001778.jpg,FracAtlas,PAT_FA_00889,0,0,leg,0,0,373,454,3,31c54c8193de7f63e67866d720c4ee69,train
IMG0001779.jpg,D:\projects\MediMind\ai-prediction-service\test-dataset\Bone Facture\FracAtlas\FracAtlas\images\Non_fractured\IMG0001779.jpg,images\Non_fractured\IMG0001779.jpg,FracAtlas,PAT_FA_00889,0,0,leg,0,0,373,454,3,32472088dfa2ccaa4b87cfb61c9ed684,train
IMG0001780.jpg,D:\projects\MediMind\ai-prediction-service\test-dataset\Bone Facture\FracAtlas\FracAtlas\images\Fractured\IMG0001780.jpg,images\Fractured\IMG0001780.jpg,FracAtlas,PAT_FA_00890,1,1,hand,0,0,454,373,3,946a38b8da89d1fa1827717993b50adf,train
IMG0001781.jpg,D:\projects\MediMind\ai-prediction-service\test-dataset\Bone Facture\FracAtlas\FracAtlas\images\Fractured\IMG0001781.jpg,images\Fractured\IMG0001781.jpg,FracAtlas,PAT_FA_00890,1,1,hand,0,0,373,454,3,d98f945e18b1e63ad8c573f92a03d245,train
IMG0001782.jpg,D:\projects\MediMind\ai-prediction-service\test-dataset\Bone Facture\FracAtlas\FracAtlas\images\Non_fractured\IMG0001782.jpg,images\Non_fractured\IMG0001782.jpg,FracAtlas,PAT_FA_00891,0,0,leg,0,0,373,454,3,be771237a27027f45c91458babd9bae9,train
IMG0001783.jpg,D:\projects\MediMind\ai-prediction-service\test-dataset\Bone Facture\FracAtlas\FracAtlas\images\Non_fractured\IMG0001783.jpg,images\Non_fractured\IMG0001783.jpg,FracAtlas,PAT_FA_00891,0,0,leg,0,0,454,373,3,1c6057cc3b75a8f57b0a618d588ef1cc,train
IMG0001788.jpg,D:\projects\MediMind\ai-prediction-service\test-dataset\Bone Facture\FracAtlas\FracAtlas\images\Non_fractured\IMG0001788.jpg,images\Non_fractured\IMG0001788.jpg,FracAtlas,PAT_FA_00894,0,0,hand,0,0,373,454,3,1d922a319dd84580bcee3ad6b439cd49,train
IMG0001789.jpg,D:\projects\MediMind\ai-prediction-service\test-dataset\Bone Facture\FracAtlas\FracAtlas\images\Non_fractured\IMG0001789.jpg,images\Non_fractured\IMG0001789.jpg,FracAtlas,PAT_FA_00894,0,0,leg,0,0,373,454,3,a56ab2e12fec3c8526254f0bc218ce40,train
IMG0001790.jpg,D:\projects\MediMind\ai-prediction-service\test-dataset\Bone Facture\FracAtlas\FracAtlas\images\Non_fractured\IMG0001790.jpg,images\Non_fractured\IMG0001790.jpg,FracAtlas,PAT_FA_00895,0,0,leg,0,0,373,454,3,6d55d40023b3516fe700dfbab0e4c7ea,train
IMG0001791.jpg,D:\projects\MediMind\ai-prediction-service\test-dataset\Bone Facture\FracAtlas\FracAtlas\images\Non_fractured\IMG0001791.jpg,images\Non_fractured\IMG0001791.jpg,FracAtlas,PAT_FA_00895,0,0,leg,0,0,373,454,3,0ab7c07c5d35c151ad7040e492db8c25,train
IMG0001796.jpg,D:\projects\MediMind\ai-prediction-service\test-dataset\Bone Facture\FracAtlas\FracAtlas\images\Non_fractured\IMG0001796.jpg,images\Non_fractured\IMG0001796.jpg,FracAtlas,PAT_FA_00898,0,0,hand,0,0,373,454,3,0ee2d4dffda71ea37bd235dfbe61cc07,train
IMG0001797.jpg,D:\projects\MediMind\ai-prediction-service\test-dataset\Bone Facture\FracAtlas\FracAtlas\images\Non_fractured\IMG0001797.jpg,images\Non_fractured\IMG0001797.jpg,FracAtlas,PAT_FA_00898,0,0,leg,0,0,373,454,3,a8f81ca72800eed81f31bf79774b5208,train
IMG0001798.jpg,D:\projects\MediMind\ai-prediction-service\test-dataset\Bone Facture\FracAtlas\FracAtlas\images\Non_fractured\IMG0001798.jpg,images\Non_fractured\IMG0001798.jpg,FracAtlas,PAT_FA_00899,0,0,leg,0,0,454,373,1,e509bf863bcc4eb438e096fb6fb97d7e,train
IMG0001799.jpg,D:\projects\MediMind\ai-prediction-service\test-dataset\Bone Facture\FracAtlas\FracAtlas\images\Non_fractured\IMG0001799.jpg,images\Non_fractured\IMG0001799.jpg,FracAtlas,PAT_FA_00899,0,0,leg,0,0,454,373,3,3eb0829f0b45e2dfafaaa77092c7bbaa,train
IMG0001800.jpg,D:\projects\MediMind\ai-prediction-service\test-dataset\Bone Facture\FracAtlas\FracAtlas\images\Non_fractured\IMG0001800.jpg,images\Non_fractured\IMG0001800.jpg,FracAtlas,PAT_FA_00900,0,0,leg,0,1,454,373,3,e4fca1773c541b49dadb2167e3304ad9,train
IMG0001801.jpg,D:\projects\MediMind\ai-prediction-service\test-dataset\Bone Facture\FracAtlas\FracAtlas\images\Non_fractured\IMG0001801.jpg,images\Non_fractured\IMG0001801.jpg,FracAtlas,PAT_FA_00900,0,0,hand,0,0,373,454,3,edce5bb6c34c04164f6e5830bbc1e73a,train
IMG0001802.jpg,D:\projects\MediMind\ai-prediction-service\test-dataset\Bone Facture\FracAtlas\FracAtlas\images\Non_fractured\IMG0001802.jpg,images\Non_fractured\IMG0001802.jpg,FracAtlas,PAT_FA_00901,0,0,shoulder,0,0,454,373,3,55626f37b7267f6eebc526da329cea52,train
IMG0001803.jpg,D:\projects\MediMind\ai-prediction-service\test-dataset\Bone Facture\FracAtlas\FracAtlas\images\Non_fractured\IMG0001803.jpg,images\Non_fractured\IMG0001803.jpg,FracAtlas,PAT_FA_00901,0,0,hip,0,0,373,454,1,3906f4804dc7cd545e23e1c0320035b7,train
IMG0001804.jpg,D:\projects\MediMind\ai-prediction-service\test-dataset\Bone Facture\FracAtlas\FracAtlas\images\Non_fractured\IMG0001804.jpg,images\Non_fractured\IMG0001804.jpg,FracAtlas,PAT_FA_00902,0,0,hip,0,0,454,373,3,68b468a9774dc5b1cde487c546dd5f1d,train
IMG0001805.jpg,D:\projects\MediMind\ai-prediction-service\test-dataset\Bone Facture\FracAtlas\FracAtlas\images\Fractured\IMG0001805.jpg,images\Fractured\IMG0001805.jpg,FracAtlas,PAT_FA_00902,1,1,hand,1,0,373,454,3,b5ebeb5804bd044f91389060fb918575,train
IMG0001807.jpg,D:\projects\MediMind\ai-prediction-service\test-dataset\Bone Facture\FracAtlas\FracAtlas\images\Non_fractured\IMG0001807.jpg,images\Non_fractured\IMG0001807.jpg,FracAtlas,PAT_FA_00903,0,0,leg,0,0,373,454,3,8e05419d37c9b10aaa268b7e1bb282f2,train
IMG0001808.jpg,D:\projects\MediMind\ai-prediction-service\test-dataset\Bone Facture\FracAtlas\FracAtlas\images\Non_fractured\IMG0001808.jpg,images\Non_fractured\IMG0001808.jpg,FracAtlas,PAT_FA_00904,0,0,leg,0,0,454,373,3,383a4bfd8a90eeb8273a3ea19e89fa86,train
IMG0001809.jpg,D:\projects\MediMind\ai-prediction-service\test-dataset\Bone Facture\FracAtlas\FracAtlas\images\Non_fractured\IMG0001809.jpg,images\Non_fractured\IMG0001809.jpg,FracAtlas,PAT_FA_00904,0,0,leg,0,0,373,454,3,a5aa7878c9ca4e3837b65382f918b8df,train
IMG0001810.jpg,D:\projects\MediMind\ai-prediction-service\test-dataset\Bone Facture\FracAtlas\FracAtlas\images\Non_fractured\IMG0001810.jpg,images\Non_fractured\IMG0001810.jpg,FracAtlas,PAT_FA_00905,0,0,leg,0,0,454,373,3,b09f59aadf0cdf3a655013b1055530ff,train
IMG0001811.jpg,D:\projects\MediMind\ai-prediction-service\test-dataset\Bone Facture\FracAtlas\FracAtlas\images\Non_fractured\IMG0001811.jpg,images\Non_fractured\IMG0001811.jpg,FracAtlas,PAT_FA_00905,0,0,leg,0,0,373,454,3,eb020dfb3d8e354715732c55501dd708,train
IMG0001812.jpg,D:\projects\MediMind\ai-prediction-service\test-dataset\Bone Facture\FracAtlas\FracAtlas\images\Non_fractured\IMG0001812.jpg,images\Non_fractured\IMG0001812.jpg,FracAtlas,PAT_FA_00906,0,0,leg,0,0,454,373,3,b75b7cf2466e7f710b9170e01a06b41f,train
IMG0001813.jpg,D:\projects\MediMind\ai-prediction-service\test-dataset\Bone Facture\FracAtlas\FracAtlas\images\Non_fractured\IMG0001813.jpg,images\Non_fractured\IMG0001813.jpg,FracAtlas,PAT_FA_00906,0,0,leg,0,0,373,454,3,09f7586f2c2649158d61f2321f6538e4,train
IMG0001814.jpg,D:\projects\MediMind\ai-prediction-service\test-dataset\Bone Facture\FracAtlas\FracAtlas\images\Non_fractured\IMG0001814.jpg,images\Non_fractured\IMG0001814.jpg,FracAtlas,PAT_FA_00907,0,0,leg,0,0,373,454,3,ac47ffdd606f739189ea71b628a1e3af,train
IMG0001815.jpg,D:\projects\MediMind\ai-prediction-service\test-dataset\Bone Facture\FracAtlas\FracAtlas\images\Non_fractured\IMG0001815.jpg,images\Non_fractured\IMG0001815.jpg,FracAtlas,PAT_FA_00907,0,0,leg,0,0,373,454,3,4da189fda12b94863fa1e1a0781b53b7,train
IMG0001818.jpg,D:\projects\MediMind\ai-prediction-service\test-dataset\Bone Facture\FracAtlas\FracAtlas\images\Non_fractured\IMG0001818.jpg,images\Non_fractured\IMG0001818.jpg,FracAtlas,PAT_FA_00909,0,0,leg,0,0,454,373,3,274d9a57bce820d686746cec19370c68,train
IMG0001819.jpg,D:\projects\MediMind\ai-prediction-service\test-dataset\Bone Facture\FracAtlas\FracAtlas\images\Non_fractured\IMG0001819.jpg,images\Non_fractured\IMG0001819.jpg,FracAtlas,PAT_FA_00909,0,0,leg,0,0,373,454,1,bcd0417d8d3f5d1ed9bfc471ec391d71,train
IMG0001820.jpg,D:\projects\MediMind\ai-prediction-service\test-dataset\Bone Facture\FracAtlas\FracAtlas\images\Non_fractured\IMG0001820.jpg,images\Non_fractured\IMG0001820.jpg,FracAtlas,PAT_FA_00910,0,0,leg,0,0,373,454,3,89aa8712dd9319735832bc1ef370088f,train
IMG0001821.jpg,D:\projects\MediMind\ai-prediction-service\test-dataset\Bone Facture\FracAtlas\FracAtlas\images\Non_fractured\IMG0001821.jpg,images\Non_fractured\IMG0001821.jpg,FracAtlas,PAT_FA_00910,0,0,leg,0,0,373,454,3,b7493e502a8bab3125c9fbf1848118a5,train
IMG0001822.jpg,D:\projects\MediMind\ai-prediction-service\test-dataset\Bone Facture\FracAtlas\FracAtlas\images\Non_fractured\IMG0001822.jpg,images\Non_fractured\IMG0001822.jpg,FracAtlas,PAT_FA_00911,0,0,shoulder,0,0,373,454,3,cb40c2b0d4d36d6ad4a48c9698bb3b31,train
IMG0001823.jpg,D:\projects\MediMind\ai-prediction-service\test-dataset\Bone Facture\FracAtlas\FracAtlas\images\Non_fractured\IMG0001823.jpg,images\Non_fractured\IMG0001823.jpg,FracAtlas,PAT_FA_00911,0,0,leg,0,0,373,454,3,12227baa404a098680ea9f0c2b730748,train
IMG0001824.jpg,D:\projects\MediMind\ai-prediction-service\test-dataset\Bone Facture\FracAtlas\FracAtlas\images\Non_fractured\IMG0001824.jpg,images\Non_fractured\IMG0001824.jpg,FracAtlas,PAT_FA_00912,0,0,leg,0,0,373,454,3,adeba7bc5a0fecc5d1642f341c7c6835,train
IMG0001825.jpg,D:\projects\MediMind\ai-prediction-service\test-dataset\Bone Facture\FracAtlas\FracAtlas\images\Non_fractured\IMG0001825.jpg,images\Non_fractured\IMG0001825.jpg,FracAtlas,PAT_FA_00912,0,0,hip,0,0,373,454,1,fc17c2818817beacfb7e669dc55198d6,train
IMG0001826.jpg,D:\projects\MediMind\ai-prediction-service\test-dataset\Bone Facture\FracAtlas\FracAtlas\images\Non_fractured\IMG0001826.jpg,images\Non_fractured\IMG0001826.jpg,FracAtlas,PAT_FA_00913,0,0,hip,0,0,454,373,3,43d7319f946dfdf6b9e4f4104d9817ec,train
IMG0001827.jpg,D:\projects\MediMind\ai-prediction-service\test-dataset\Bone Facture\FracAtlas\FracAtlas\images\Non_fractured\IMG0001827.jpg,images\Non_fractured\IMG0001827.jpg,FracAtlas,PAT_FA_00913,0,0,leg,0,0,373,454,3,ed54446db137d508c61ac1583393355c,train
IMG0001832.jpg,D:\projects\MediMind\ai-prediction-service\test-dataset\Bone Facture\FracAtlas\FracAtlas\images\Non_fractured\IMG0001832.jpg,images\Non_fractured\IMG0001832.jpg,FracAtlas,PAT_FA_00916,0,0,hand,0,0,454,373,3,fa285ff958afc8815d4b0a5d6bae243d,train
IMG0001833.jpg,D:\projects\MediMind\ai-prediction-service\test-dataset\Bone Facture\FracAtlas\FracAtlas\images\Non_fractured\IMG0001833.jpg,images\Non_fractured\IMG0001833.jpg,FracAtlas,PAT_FA_00916,0,0,hand,0,0,373,454,1,9ead349481247332655019c2e6e5ad07,train
IMG0001834.jpg,D:\projects\MediMind\ai-prediction-service\test-dataset\Bone Facture\FracAtlas\FracAtlas\images\Non_fractured\IMG0001834.jpg,images\Non_fractured\IMG0001834.jpg,FracAtlas,PAT_FA_00917,0,0,hand,0,0,373,454,3,3580c9dfc659cd89399e8bcc7815d157,train
IMG0001835.jpg,D:\projects\MediMind\ai-prediction-service\test-dataset\Bone Facture\FracAtlas\FracAtlas\images\Non_fractured\IMG0001835.jpg,images\Non_fractured\IMG0001835.jpg,FracAtlas,PAT_FA_00917,0,0,hand,0,0,454,373,3,7afba088f431f36ef7a93a51c2292a33,train
IMG0001836.jpg,D:\projects\MediMind\ai-prediction-service\test-dataset\Bone Facture\FracAtlas\FracAtlas\images\Non_fractured\IMG0001836.jpg,images\Non_fractured\IMG0001836.jpg,FracAtlas,PAT_FA_00918,0,0,hand,0,0,373,454,3,6474459c3a32a29fcddada909819c9c6,train
IMG0001837.jpg,D:\projects\MediMind\ai-prediction-service\test-dataset\Bone Facture\FracAtlas\FracAtlas\images\Non_fractured\IMG0001837.jpg,images\Non_fractured\IMG0001837.jpg,FracAtlas,PAT_FA_00918,0,0,hand,0,0,373,454,3,2f4952bbb9db34299dd54b6ea17c21c2,train
IMG0001838.jpg,D:\projects\MediMind\ai-prediction-service\test-dataset\Bone Facture\FracAtlas\FracAtlas\images\Non_fractured\IMG0001838.jpg,images\Non_fractured\IMG0001838.jpg,FracAtlas,PAT_FA_00919,0,0,leg,0,0,373,454,3,f1a63c1034aa80c41e6fbaec8d750b68,train
IMG0001839.jpg,D:\projects\MediMind\ai-prediction-service\test-dataset\Bone Facture\FracAtlas\FracAtlas\images\Non_fractured\IMG0001839.jpg,images\Non_fractured\IMG0001839.jpg,FracAtlas,PAT_FA_00919,0,0,leg,0,0,373,454,1,7aa3282c71908c486fcd5740a8df2084,train
IMG0001842.jpg,D:\projects\MediMind\ai-prediction-service\test-dataset\Bone Facture\FracAtlas\FracAtlas\images\Non_fractured\IMG0001842.jpg,images\Non_fractured\IMG0001842.jpg,FracAtlas,PAT_FA_00921,0,0,leg,0,0,454,373,3,379a6037fd61366260a047782f993d6f,train
IMG0001843.jpg,D:\projects\MediMind\ai-prediction-service\test-dataset\Bone Facture\FracAtlas\FracAtlas\images\Non_fractured\IMG0001843.jpg,images\Non_fractured\IMG0001843.jpg,FracAtlas,PAT_FA_00921,0,0,leg,0,0,373,454,3,a49be3dfff858ba4c3867ba25796817a,train
IMG0001844.jpg,D:\projects\MediMind\ai-prediction-service\test-dataset\Bone Facture\FracAtlas\FracAtlas\images\Non_fractured\IMG0001844.jpg,images\Non_fractured\IMG0001844.jpg,FracAtlas,PAT_FA_00922,0,0,leg,0,0,373,454,1,f9d0b8ceada2be0f955f0a935f3eef41,train
IMG0001845.jpg,D:\projects\MediMind\ai-prediction-service\test-dataset\Bone Facture\FracAtlas\FracAtlas\images\Non_fractured\IMG0001845.jpg,images\Non_fractured\IMG0001845.jpg,FracAtlas,PAT_FA_00922,0,0,leg,0,0,373,454,1,c01650938d9a9484427eb444eb9ecb9b,train
IMG0001850.jpg,D:\projects\MediMind\ai-prediction-service\test-dataset\Bone Facture\FracAtlas\FracAtlas\images\Non_fractured\IMG0001850.jpg,images\Non_fractured\IMG0001850.jpg,FracAtlas,PAT_FA_00925,0,0,hand,0,0,373,454,3,0abca87b6f23c24025213ce75444cbc8,train
IMG0001851.jpg,D:\projects\MediMind\ai-prediction-service\test-dataset\Bone Facture\FracAtlas\FracAtlas\images\Non_fractured\IMG0001851.jpg,images\Non_fractured\IMG0001851.jpg,FracAtlas,PAT_FA_00925,0,0,leg,0,0,373,454,3,06305aad9f5adffe91b21c8e543378e2,train
IMG0001854.jpg,D:\projects\MediMind\ai-prediction-service\test-dataset\Bone Facture\FracAtlas\FracAtlas\images\Non_fractured\IMG0001854.jpg,images\Non_fractured\IMG0001854.jpg,FracAtlas,PAT_FA_00927,0,0,leg,0,0,454,373,3,f72769cb32e5da2460368dc3fbd2a787,train
IMG0001855.jpg,D:\projects\MediMind\ai-prediction-service\test-dataset\Bone Facture\FracAtlas\FracAtlas\images\Non_fractured\IMG0001855.jpg,images\Non_fractured\IMG0001855.jpg,FracAtlas,PAT_FA_00927,0,0,leg,0,0,454,373,3,4e2182aa5900391b53be3bf19e055c46,train
IMG0001858.jpg,D:\projects\MediMind\ai-prediction-service\test-dataset\Bone Facture\FracAtlas\FracAtlas\images\Non_fractured\IMG0001858.jpg,images\Non_fractured\IMG0001858.jpg,FracAtlas,PAT_FA_00929,0,0,leg,0,0,373,454,3,d95cea80fb7db2b10bd1080167010ca4,train
IMG0001859.jpg,D:\projects\MediMind\ai-prediction-service\test-dataset\Bone Facture\FracAtlas\FracAtlas\images\Non_fractured\IMG0001859.jpg,images\Non_fractured\IMG0001859.jpg,FracAtlas,PAT_FA_00929,0,0,leg,0,0,454,373,3,bc642c9e706851c5b135ba225e5ccce5,train
IMG0001862.jpg,D:\projects\MediMind\ai-prediction-service\test-dataset\Bone Facture\FracAtlas\FracAtlas\images\Non_fractured\IMG0001862.jpg,images\Non_fractured\IMG0001862.jpg,FracAtlas,PAT_FA_00931,0,0,hip,0,0,454,373,3,4c7720fdcfa47e8b3a21c99e23dec04c,train
IMG0001863.jpg,D:\projects\MediMind\ai-prediction-service\test-dataset\Bone Facture\FracAtlas\FracAtlas\images\Non_fractured\IMG0001863.jpg,images\Non_fractured\IMG0001863.jpg,FracAtlas,PAT_FA_00931,0,0,hip,0,0,454,373,3,17f51c2d09b17783ccc8bde50ac3e476,train
IMG0001864.jpg,D:\projects\MediMind\ai-prediction-service\test-dataset\Bone Facture\FracAtlas\FracAtlas\images\Non_fractured\IMG0001864.jpg,images\Non_fractured\IMG0001864.jpg,FracAtlas,PAT_FA_00932,0,0,hip,0,0,373,454,1,c15b942e6d95ee60e3c3b496cfa004d9,train
IMG0001865.jpg,D:\projects\MediMind\ai-prediction-service\test-dataset\Bone Facture\FracAtlas\FracAtlas\images\Non_fractured\IMG0001865.jpg,images\Non_fractured\IMG0001865.jpg,FracAtlas,PAT_FA_00932,0,0,leg,0,0,373,454,3,fa87eeba52914b985344749dce7e9d32,train
IMG0001866.jpg,D:\projects\MediMind\ai-prediction-service\test-dataset\Bone Facture\FracAtlas\FracAtlas\images\Non_fractured\IMG0001866.jpg,images\Non_fractured\IMG0001866.jpg,FracAtlas,PAT_FA_00933,0,0,leg,0,0,373,454,3,ace719eeabeab169183d7f9f48e28de6,train
IMG0001867.jpg,D:\projects\MediMind\ai-prediction-service\test-dataset\Bone Facture\FracAtlas\FracAtlas\images\Fractured\IMG0001867.jpg,images\Fractured\IMG0001867.jpg,FracAtlas,PAT_FA_00933,1,1,leg,1,0,373,454,3,5eedd5921f61cb4a566f91661439673d,train
IMG0001874.jpg,D:\projects\MediMind\ai-prediction-service\test-dataset\Bone Facture\FracAtlas\FracAtlas\images\Non_fractured\IMG0001874.jpg,images\Non_fractured\IMG0001874.jpg,FracAtlas,PAT_FA_00937,0,0,leg,0,0,373,454,3,b0a7bd54240d44b66e1f3bffdeef7be7,train
IMG0001875.jpg,D:\projects\MediMind\ai-prediction-service\test-dataset\Bone Facture\FracAtlas\FracAtlas\images\Non_fractured\IMG0001875.jpg,images\Non_fractured\IMG0001875.jpg,FracAtlas,PAT_FA_00937,0,0,leg,0,0,454,373,3,71187fd6832212b472cd974dad5c2b2d,train
IMG0001876.jpg,D:\projects\MediMind\ai-prediction-service\test-dataset\Bone Facture\FracAtlas\FracAtlas\images\Non_fractured\IMG0001876.jpg,images\Non_fractured\IMG0001876.jpg,FracAtlas,PAT_FA_00938,0,0,leg,0,0,373,454,3,059210e964afc663b70336935941507e,train
IMG0001877.jpg,D:\projects\MediMind\ai-prediction-service\test-dataset\Bone Facture\FracAtlas\FracAtlas\images\Non_fractured\IMG0001877.jpg,images\Non_fractured\IMG0001877.jpg,FracAtlas,PAT_FA_00938,0,0,leg,0,0,454,373,3,477b69b7ef3f45f52392998881cc1c4b,train
IMG0001878.jpg,D:\projects\MediMind\ai-prediction-service\test-dataset\Bone Facture\FracAtlas\FracAtlas\images\Non_fractured\IMG0001878.jpg,images\Non_fractured\IMG0001878.jpg,FracAtlas,PAT_FA_00939,0,0,hip,0,0,373,454,1,9e003f0195a79a74bacb76fc24a5a67d,train
IMG0001879.jpg,D:\projects\MediMind\ai-prediction-service\test-dataset\Bone Facture\FracAtlas\FracAtlas\images\Non_fractured\IMG0001879.jpg,images\Non_fractured\IMG0001879.jpg,FracAtlas,PAT_FA_00939,0,0,hip,0,0,454,373,3,481f651101f5661124dd2a552d911adb,train
IMG0001881.jpg,D:\projects\MediMind\ai-prediction-service\test-dataset\Bone Facture\FracAtlas\FracAtlas\images\Non_fractured\IMG0001881.jpg,images\Non_fractured\IMG0001881.jpg,FracAtlas,PAT_FA_00940,0,0,leg,0,0,373,454,3,4e8ae5cb4ab56f12735a734ab03d0864,train
IMG0001882.jpg,D:\projects\MediMind\ai-prediction-service\test-dataset\Bone Facture\FracAtlas\FracAtlas\images\Non_fractured\IMG0001882.jpg,images\Non_fractured\IMG0001882.jpg,FracAtlas,PAT_FA_00941,0,0,leg,0,0,454,373,3,4972970ad150ea19a9839d5e5f8f0ba1,train
IMG0001883.jpg,D:\projects\MediMind\ai-prediction-service\test-dataset\Bone Facture\FracAtlas\FracAtlas\images\Non_fractured\IMG0001883.jpg,images\Non_fractured\IMG0001883.jpg,FracAtlas,PAT_FA_00941,0,0,hand,0,0,454,373,3,b23947757a425d0e67d45f996286b036,train
IMG0001884.jpg,D:\projects\MediMind\ai-prediction-service\test-dataset\Bone Facture\FracAtlas\FracAtlas\images\Non_fractured\IMG0001884.jpg,images\Non_fractured\IMG0001884.jpg,FracAtlas,PAT_FA_00942,0,0,hand,0,0,373,454,3,1f6377abc84b574d56a8369134c4618e,train
IMG0001885.jpg,D:\projects\MediMind\ai-prediction-service\test-dataset\Bone Facture\FracAtlas\FracAtlas\images\Non_fractured\IMG0001885.jpg,images\Non_fractured\IMG0001885.jpg,FracAtlas,PAT_FA_00942,0,0,hip,0,0,454,373,3,08f253bcd49f016cdfab165d438f9751,train
IMG0001886.jpg,D:\projects\MediMind\ai-prediction-service\test-dataset\Bone Facture\FracAtlas\FracAtlas\images\Non_fractured\IMG0001886.jpg,images\Non_fractured\IMG0001886.jpg,FracAtlas,PAT_FA_00943,0,0,leg,0,0,373,454,3,2bdd948d0a6a82a2a7b2de20c2ece9db,train
IMG0001887.jpg,D:\projects\MediMind\ai-prediction-service\test-dataset\Bone Facture\FracAtlas\FracAtlas\images\Non_fractured\IMG0001887.jpg,images\Non_fractured\IMG0001887.jpg,FracAtlas,PAT_FA_00943,0,0,leg,0,0,373,454,3,182f79721370e429ca3bdd765af1982f,train
IMG0001888.jpg,D:\projects\MediMind\ai-prediction-service\test-dataset\Bone Facture\FracAtlas\FracAtlas\images\Non_fractured\IMG0001888.jpg,images\Non_fractured\IMG0001888.jpg,FracAtlas,PAT_FA_00944,0,0,leg,0,0,454,373,3,d3cdcaf38e08c4495cca8d2c9ca37cef,train
IMG0001889.jpg,D:\projects\MediMind\ai-prediction-service\test-dataset\Bone Facture\FracAtlas\FracAtlas\images\Non_fractured\IMG0001889.jpg,images\Non_fractured\IMG0001889.jpg,FracAtlas,PAT_FA_00944,0,0,leg,0,0,373,454,3,be21f9855e8c4b166b49ce267a7b987f,train
IMG0001890.jpg,D:\projects\MediMind\ai-prediction-service\test-dataset\Bone Facture\FracAtlas\FracAtlas\images\Non_fractured\IMG0001890.jpg,images\Non_fractured\IMG0001890.jpg,FracAtlas,PAT_FA_00945,0,0,leg,0,0,454,373,3,2f698e80ce06ffc33ce89be34ded64a5,train
IMG0001891.jpg,D:\projects\MediMind\ai-prediction-service\test-dataset\Bone Facture\FracAtlas\FracAtlas\images\Non_fractured\IMG0001891.jpg,images\Non_fractured\IMG0001891.jpg,FracAtlas,PAT_FA_00945,0,0,leg,0,1,373,454,3,311c755dafb78d5691988a8ab02504b9,train
IMG0001892.jpg,D:\projects\MediMind\ai-prediction-service\test-dataset\Bone Facture\FracAtlas\FracAtlas\images\Non_fractured\IMG0001892.jpg,images\Non_fractured\IMG0001892.jpg,FracAtlas,PAT_FA_00946,0,0,leg,0,0,373,454,3,a73eee178d79b0e9bac46aa6f5193234,train
IMG0001893.jpg,D:\projects\MediMind\ai-prediction-service\test-dataset\Bone Facture\FracAtlas\FracAtlas\images\Non_fractured\IMG0001893.jpg,images\Non_fractured\IMG0001893.jpg,FracAtlas,PAT_FA_00946,0,0,leg,0,0,373,454,3,8d4fb7e41705be1bca3a32ee9e8840e0,train
IMG0001896.jpg,D:\projects\MediMind\ai-prediction-service\test-dataset\Bone Facture\FracAtlas\FracAtlas\images\Non_fractured\IMG0001896.jpg,images\Non_fractured\IMG0001896.jpg,FracAtlas,PAT_FA_00948,0,0,hip,0,0,454,373,3,a79f6f096e0b685749cb0c853c174198,train
IMG0001902.jpg,D:\projects\MediMind\ai-prediction-service\test-dataset\Bone Facture\FracAtlas\FracAtlas\images\Non_fractured\IMG0001902.jpg,images\Non_fractured\IMG0001902.jpg,FracAtlas,PAT_FA_00951,0,0,hand,0,0,373,454,3,1aca09a8b7a0bbb1312fc032bff26d3e,train
IMG0001903.jpg,D:\projects\MediMind\ai-prediction-service\test-dataset\Bone Facture\FracAtlas\FracAtlas\images\Non_fractured\IMG0001903.jpg,images\Non_fractured\IMG0001903.jpg,FracAtlas,PAT_FA_00951,0,0,hand,0,0,373,454,3,e42d5afa9bf5d944030d7cbdc3339e7e,train
IMG0001906.jpg,D:\projects\MediMind\ai-prediction-service\test-dataset\Bone Facture\FracAtlas\FracAtlas\images\Non_fractured\IMG0001906.jpg,images\Non_fractured\IMG0001906.jpg,FracAtlas,PAT_FA_00953,0,0,hand,0,0,373,454,3,ca59bafce4cedf9782c4563a03286935,train
IMG0001907.jpg,D:\projects\MediMind\ai-prediction-service\test-dataset\Bone Facture\FracAtlas\FracAtlas\images\Non_fractured\IMG0001907.jpg,images\Non_fractured\IMG0001907.jpg,FracAtlas,PAT_FA_00953,0,0,hand,0,0,373,454,3,98d763cd56a7cd8761b42fe52782a2f8,train
IMG0001908.jpg,D:\projects\MediMind\ai-prediction-service\test-dataset\Bone Facture\FracAtlas\FracAtlas\images\Non_fractured\IMG0001908.jpg,images\Non_fractured\IMG0001908.jpg,FracAtlas,PAT_FA_00954,0,0,hand,0,0,373,454,3,b690be024f58d2a098ab3888e3db8c9e,train
IMG0001909.jpg,D:\projects\MediMind\ai-prediction-service\test-dataset\Bone Facture\FracAtlas\FracAtlas\images\Non_fractured\IMG0001909.jpg,images\Non_fractured\IMG0001909.jpg,FracAtlas,PAT_FA_00954,0,0,hand,0,0,454,373,3,401bbdeebc92499edfad5c671bf928d7,train
IMG0001910.jpg,D:\projects\MediMind\ai-prediction-service\test-dataset\Bone Facture\FracAtlas\FracAtlas\images\Non_fractured\IMG0001910.jpg,images\Non_fractured\IMG0001910.jpg,FracAtlas,PAT_FA_00955,0,0,hand,0,0,373,454,1,0c1dcc7ce13fea2735372bd6a731370b,train
IMG0001911.jpg,D:\projects\MediMind\ai-prediction-service\test-dataset\Bone Facture\FracAtlas\FracAtlas\images\Non_fractured\IMG0001911.jpg,images\Non_fractured\IMG0001911.jpg,FracAtlas,PAT_FA_00955,0,0,hand,0,0,373,454,1,2dec15f0f0a57bf5a4643c926e8fc6ba,train
IMG0001914.jpg,D:\projects\MediMind\ai-prediction-service\test-dataset\Bone Facture\FracAtlas\FracAtlas\images\Non_fractured\IMG0001914.jpg,images\Non_fractured\IMG0001914.jpg,FracAtlas,PAT_FA_00957,0,0,hand,0,0,373,454,3,fb85ab7c0d42f3c449ed644d446cc48f,train
IMG0001915.jpg,D:\projects\MediMind\ai-prediction-service\test-dataset\Bone Facture\FracAtlas\FracAtlas\images\Non_fractured\IMG0001915.jpg,images\Non_fractured\IMG0001915.jpg,FracAtlas,PAT_FA_00957,0,0,hand,0,0,454,373,3,11806f33617242cdf1087bd1b5be3993,train
IMG0001916.jpg,D:\projects\MediMind\ai-prediction-service\test-dataset\Bone Facture\FracAtlas\FracAtlas\images\Fractured\IMG0001916.jpg,images\Fractured\IMG0001916.jpg,FracAtlas,PAT_FA_00958,1,1,leg,0,0,373,454,3,1680223b68b82265af2d3a17419f04e6,train
IMG0001917.jpg,D:\projects\MediMind\ai-prediction-service\test-dataset\Bone Facture\FracAtlas\FracAtlas\images\Non_fractured\IMG0001917.jpg,images\Non_fractured\IMG0001917.jpg,FracAtlas,PAT_FA_00958,0,0,leg,0,0,454,373,3,c6d1f0f76db6d47c81e03081e4888090,train
IMG0001918.jpg,D:\projects\MediMind\ai-prediction-service\test-dataset\Bone Facture\FracAtlas\FracAtlas\images\Non_fractured\IMG0001918.jpg,images\Non_fractured\IMG0001918.jpg,FracAtlas,PAT_FA_00959,0,0,hand,0,0,373,454,3,f2674bc4cf94a5ab20f63bd7fad7916a,train
IMG0001919.jpg,D:\projects\MediMind\ai-prediction-service\test-dataset\Bone Facture\FracAtlas\FracAtlas\images\Non_fractured\IMG0001919.jpg,images\Non_fractured\IMG0001919.jpg,FracAtlas,PAT_FA_00959,0,0,hand,0,0,373,454,3,73f61dd82500e40e0f9875e25c846e96,train
IMG0001922.jpg,D:\projects\MediMind\ai-prediction-service\test-dataset\Bone Facture\FracAtlas\FracAtlas\images\Non_fractured\IMG0001922.jpg,images\Non_fractured\IMG0001922.jpg,FracAtlas,PAT_FA_00961,0,0,leg,0,0,373,454,3,b258b9c6328f27aefc855d0e21dd5e53,train
IMG0001923.jpg,D:\projects\MediMind\ai-prediction-service\test-dataset\Bone Facture\FracAtlas\FracAtlas\images\Non_fractured\IMG0001923.jpg,images\Non_fractured\IMG0001923.jpg,FracAtlas,PAT_FA_00961,0,0,hand,0,1,373,454,3,9f083c1e8fc222ce3b657e148ed24f88,train
IMG0001924.jpg,D:\projects\MediMind\ai-prediction-service\test-dataset\Bone Facture\FracAtlas\FracAtlas\images\Non_fractured\IMG0001924.jpg,images\Non_fractured\IMG0001924.jpg,FracAtlas,PAT_FA_00962,0,0,leg,0,0,373,454,3,9e08f876abd755a6ebe4e1d41cb2d7aa,train
IMG0001925.jpg,D:\projects\MediMind\ai-prediction-service\test-dataset\Bone Facture\FracAtlas\FracAtlas\images\Non_fractured\IMG0001925.jpg,images\Non_fractured\IMG0001925.jpg,FracAtlas,PAT_FA_00962,0,0,hip,0,0,454,373,3,5b9cee6609dcf55b992fc56384ae2a81,train
IMG0001928.jpg,D:\projects\MediMind\ai-prediction-service\test-dataset\Bone Facture\FracAtlas\FracAtlas\images\Non_fractured\IMG0001928.jpg,images\Non_fractured\IMG0001928.jpg,FracAtlas,PAT_FA_00964,0,0,hand,0,0,454,373,3,e2b20e9605439a18525015c3dc3cbb47,train
IMG0001929.jpg,D:\projects\MediMind\ai-prediction-service\test-dataset\Bone Facture\FracAtlas\FracAtlas\images\Non_fractured\IMG0001929.jpg,images\Non_fractured\IMG0001929.jpg,FracAtlas,PAT_FA_00964,0,0,leg,0,0,373,454,3,dcefa8b0e7c0a0e5a0db2fe9431a607e,train
IMG0001930.jpg,D:\projects\MediMind\ai-prediction-service\test-dataset\Bone Facture\FracAtlas\FracAtlas\images\Non_fractured\IMG0001930.jpg,images\Non_fractured\IMG0001930.jpg,FracAtlas,PAT_FA_00965,0,0,leg,0,0,373,454,3,718f38ef78fa1ca441643b0796ecf410,train
IMG0001931.jpg,D:\projects\MediMind\ai-prediction-service\test-dataset\Bone Facture\FracAtlas\FracAtlas\images\Non_fractured\IMG0001931.jpg,images\Non_fractured\IMG0001931.jpg,FracAtlas,PAT_FA_00965,0,0,leg,0,0,373,454,1,bebbab93c1e27b1684b6d4b458c7d4c9,train
IMG0001934.jpg,D:\projects\MediMind\ai-prediction-service\test-dataset\Bone Facture\FracAtlas\FracAtlas\images\Fractured\IMG0001934.jpg,images\Fractured\IMG0001934.jpg,FracAtlas,PAT_FA_00967,1,1,hand,0,0,373,454,3,f5d13089bfa4b0b56cc5f86f63ad7594,train
IMG0001935.jpg,D:\projects\MediMind\ai-prediction-service\test-dataset\Bone Facture\FracAtlas\FracAtlas\images\Non_fractured\IMG0001935.jpg,images\Non_fractured\IMG0001935.jpg,FracAtlas,PAT_FA_00967,0,0,hand,0,0,373,454,3,43dbbf4887b7251e25a37e34051cd6a5,train
IMG0001936.jpg,D:\projects\MediMind\ai-prediction-service\test-dataset\Bone Facture\FracAtlas\FracAtlas\images\Non_fractured\IMG0001936.jpg,images\Non_fractured\IMG0001936.jpg,FracAtlas,PAT_FA_00968,0,0,hand,0,0,373,454,3,e4a2b3b729deb0b9730bc9298284c522,train
IMG0001937.jpg,D:\projects\MediMind\ai-prediction-service\test-dataset\Bone Facture\FracAtlas\FracAtlas\images\Non_fractured\IMG0001937.jpg,images\Non_fractured\IMG0001937.jpg,FracAtlas,PAT_FA_00968,0,0,hand,0,0,373,454,3,90ef8c01adc1ae7af8393f68acfb033f,train
IMG0001938.jpg,D:\projects\MediMind\ai-prediction-service\test-dataset\Bone Facture\FracAtlas\FracAtlas\images\Fractured\IMG0001938.jpg,images\Fractured\IMG0001938.jpg,FracAtlas,PAT_FA_00969,1,1,hand,0,0,373,454,3,d78815d11cb7743da2db75bcf8b5694e,train
IMG0001939.jpg,D:\projects\MediMind\ai-prediction-service\test-dataset\Bone Facture\FracAtlas\FracAtlas\images\Fractured\IMG0001939.jpg,images\Fractured\IMG0001939.jpg,FracAtlas,PAT_FA_00969,1,1,hand,0,0,373,454,3,75602b42a760aaa7cea608c1fd59bded,train
IMG0001944.jpg,D:\projects\MediMind\ai-prediction-service\test-dataset\Bone Facture\FracAtlas\FracAtlas\images\Non_fractured\IMG0001944.jpg,images\Non_fractured\IMG0001944.jpg,FracAtlas,PAT_FA_00972,0,0,leg,0,0,373,454,3,d14c8814186b1f58fb9c3cffe568b1bf,train
IMG0001945.jpg,D:\projects\MediMind\ai-prediction-service\test-dataset\Bone Facture\FracAtlas\FracAtlas\images\Non_fractured\IMG0001945.jpg,images\Non_fractured\IMG0001945.jpg,FracAtlas,PAT_FA_00972,0,0,leg,0,0,454,373,3,eae136b858004bd4f8074f508ad72f9a,train
IMG0001946.jpg,D:\projects\MediMind\ai-prediction-service\test-dataset\Bone Facture\FracAtlas\FracAtlas\images\Non_fractured\IMG0001946.jpg,images\Non_fractured\IMG0001946.jpg,FracAtlas,PAT_FA_00973,0,0,hand,0,0,454,373,1,43531ea50342da69aefe944346f3bc3b,train
IMG0001947.jpg,D:\projects\MediMind\ai-prediction-service\test-dataset\Bone Facture\FracAtlas\FracAtlas\images\Non_fractured\IMG0001947.jpg,images\Non_fractured\IMG0001947.jpg,FracAtlas,PAT_FA_00973,0,0,hand,0,0,454,373,3,40fcffbfd91900ce2235b1f5f3936518,train
IMG0001948.jpg,D:\projects\MediMind\ai-prediction-service\test-dataset\Bone Facture\FracAtlas\FracAtlas\images\Fractured\IMG0001948.jpg,images\Fractured\IMG0001948.jpg,FracAtlas,PAT_FA_00974,1,1,hand,0,0,454,373,3,c7337bb00b58fd0d92588e9cd45845a6,train
IMG0001949.jpg,D:\projects\MediMind\ai-prediction-service\test-dataset\Bone Facture\FracAtlas\FracAtlas\images\Non_fractured\IMG0001949.jpg,images\Non_fractured\IMG0001949.jpg,FracAtlas,PAT_FA_00974,0,0,hand,0,0,373,454,3,6099cbed5f7f830e4fbb24a3de305dbe,train
IMG0001950.jpg,D:\projects\MediMind\ai-prediction-service\test-dataset\Bone Facture\FracAtlas\FracAtlas\images\Non_fractured\IMG0001950.jpg,images\Non_fractured\IMG0001950.jpg,FracAtlas,PAT_FA_00975,0,0,leg,0,0,373,454,3,8aa0ec013628a644a00cb2ff56960131,train
IMG0001951.jpg,D:\projects\MediMind\ai-prediction-service\test-dataset\Bone Facture\FracAtlas\FracAtlas\images\Non_fractured\IMG0001951.jpg,images\Non_fractured\IMG0001951.jpg,FracAtlas,PAT_FA_00975,0,0,leg,0,0,454,373,3,f354dc03c6a30fa347b3f46dd106411d,train
IMG0001952.jpg,D:\projects\MediMind\ai-prediction-service\test-dataset\Bone Facture\FracAtlas\FracAtlas\images\Non_fractured\IMG0001952.jpg,images\Non_fractured\IMG0001952.jpg,FracAtlas,PAT_FA_00976,0,0,shoulder,0,0,373,454,3,8a8a24cf5b8cb44d01bbe1d280358c78,train
IMG0001953.jpg,D:\projects\MediMind\ai-prediction-service\test-dataset\Bone Facture\FracAtlas\FracAtlas\images\Non_fractured\IMG0001953.jpg,images\Non_fractured\IMG0001953.jpg,FracAtlas,PAT_FA_00976,0,0,hand,0,0,454,373,3,9bec5cd5790cfa23181da50785f9703c,train
IMG0001960.jpg,D:\projects\MediMind\ai-prediction-service\test-dataset\Bone Facture\FracAtlas\FracAtlas\images\Non_fractured\IMG0001960.jpg,images\Non_fractured\IMG0001960.jpg,FracAtlas,PAT_FA_00980,0,0,leg,0,0,373,454,3,da793b7ea682ce19f32c3f4e991bc415,train
IMG0001961.jpg,D:\projects\MediMind\ai-prediction-service\test-dataset\Bone Facture\FracAtlas\FracAtlas\images\Non_fractured\IMG0001961.jpg,images\Non_fractured\IMG0001961.jpg,FracAtlas,PAT_FA_00980,0,0,leg,0,0,454,373,3,ecdfe33af6e1f61c4094c0d45dbb7f12,train
IMG0001966.jpg,D:\projects\MediMind\ai-prediction-service\test-dataset\Bone Facture\FracAtlas\FracAtlas\images\Non_fractured\IMG0001966.jpg,images\Non_fractured\IMG0001966.jpg,FracAtlas,PAT_FA_00983,0,0,leg,0,0,373,454,3,dab188663d5dd102fa9be181c0afa28b,train
IMG0001967.jpg,D:\projects\MediMind\ai-prediction-service\test-dataset\Bone Facture\FracAtlas\FracAtlas\images\Non_fractured\IMG0001967.jpg,images\Non_fractured\IMG0001967.jpg,FracAtlas,PAT_FA_00983,0,0,leg,0,0,454,373,3,e11091e11e038f43ecc76212e50a7501,train
IMG0001968.jpg,D:\projects\MediMind\ai-prediction-service\test-dataset\Bone Facture\FracAtlas\FracAtlas\images\Non_fractured\IMG0001968.jpg,images\Non_fractured\IMG0001968.jpg,FracAtlas,PAT_FA_00984,0,0,hand,0,0,373,454,3,aa1f010b35b8c3fb37615ee69dd4db88,train
IMG0001969.jpg,D:\projects\MediMind\ai-prediction-service\test-dataset\Bone Facture\FracAtlas\FracAtlas\images\Non_fractured\IMG0001969.jpg,images\Non_fractured\IMG0001969.jpg,FracAtlas,PAT_FA_00984,0,0,hand,0,0,373,454,3,0505997589b78f1c8dbfbc5f812d6894,train
IMG0001970.jpg,D:\projects\MediMind\ai-prediction-service\test-dataset\Bone Facture\FracAtlas\FracAtlas\images\Fractured\IMG0001970.jpg,images\Fractured\IMG0001970.jpg,FracAtlas,PAT_FA_00985,1,1,hand,1,0,373,454,3,9e749c8fed95cd3a17ebd3ac54356208,train
IMG0001971.jpg,D:\projects\MediMind\ai-prediction-service\test-dataset\Bone Facture\FracAtlas\FracAtlas\images\Fractured\IMG0001971.jpg,images\Fractured\IMG0001971.jpg,FracAtlas,PAT_FA_00985,1,1,hand,1,0,373,454,3,e5a7702d49c33ff4b7b81365563de836,train
IMG0001974.jpg,D:\projects\MediMind\ai-prediction-service\test-dataset\Bone Facture\FracAtlas\FracAtlas\images\Non_fractured\IMG0001974.jpg,images\Non_fractured\IMG0001974.jpg,FracAtlas,PAT_FA_00987,0,0,leg,0,1,454,373,3,fb2646ea1669155d13c8dbbd734c3f34,train
IMG0001975.jpg,D:\projects\MediMind\ai-prediction-service\test-dataset\Bone Facture\FracAtlas\FracAtlas\images\Non_fractured\IMG0001975.jpg,images\Non_fractured\IMG0001975.jpg,FracAtlas,PAT_FA_00987,0,0,leg,0,0,373,454,3,e7276ad8db68eaad9abfb648a4056f1e,train
IMG0001976.jpg,D:\projects\MediMind\ai-prediction-service\test-dataset\Bone Facture\FracAtlas\FracAtlas\images\Non_fractured\IMG0001976.jpg,images\Non_fractured\IMG0001976.jpg,FracAtlas,PAT_FA_00988,0,0,leg,0,0,454,373,3,0584402fcb7a00cb78f6da9bef97b8b7,train
IMG0001977.jpg,D:\projects\MediMind\ai-prediction-service\test-dataset\Bone Facture\FracAtlas\FracAtlas\images\Non_fractured\IMG0001977.jpg,images\Non_fractured\IMG0001977.jpg,FracAtlas,PAT_FA_00988,0,0,hand,0,0,373,454,3,f42498d662da578ece0b85e42974f007,train
IMG0001978.jpg,D:\projects\MediMind\ai-prediction-service\test-dataset\Bone Facture\FracAtlas\FracAtlas\images\Non_fractured\IMG0001978.jpg,images\Non_fractured\IMG0001978.jpg,FracAtlas,PAT_FA_00989,0,0,hand,0,0,373,454,3,b58ea50345ca3f784ca8d805dac77d8d,train
IMG0001979.jpg,D:\projects\MediMind\ai-prediction-service\test-dataset\Bone Facture\FracAtlas\FracAtlas\images\Non_fractured\IMG0001979.jpg,images\Non_fractured\IMG0001979.jpg,FracAtlas,PAT_FA_00989,0,0,leg,0,0,373,454,1,46fdf841b8e935da5abd8757e121512d,train
IMG0001980.jpg,D:\projects\MediMind\ai-prediction-service\test-dataset\Bone Facture\FracAtlas\FracAtlas\images\Fractured\IMG0001980.jpg,images\Fractured\IMG0001980.jpg,FracAtlas,PAT_FA_00990,1,1,leg,0,0,373,454,3,7dadf22329f3d59310a46377d9d2b4de,train
IMG0001981.jpg,D:\projects\MediMind\ai-prediction-service\test-dataset\Bone Facture\FracAtlas\FracAtlas\images\Fractured\IMG0001981.jpg,images\Fractured\IMG0001981.jpg,FracAtlas,PAT_FA_00990,1,1,leg,0,0,373,454,3,bf2d780bb620d694178d1b4db78da082,train
IMG0001982.jpg,D:\projects\MediMind\ai-prediction-service\test-dataset\Bone Facture\FracAtlas\FracAtlas\images\Non_fractured\IMG0001982.jpg,images\Non_fractured\IMG0001982.jpg,FracAtlas,PAT_FA_00991,0,0,leg,0,0,373,454,3,e6abbcd7896994c7ff310f5a609cbf01,train
IMG0001983.jpg,D:\projects\MediMind\ai-prediction-service\test-dataset\Bone Facture\FracAtlas\FracAtlas\images\Non_fractured\IMG0001983.jpg,images\Non_fractured\IMG0001983.jpg,FracAtlas,PAT_FA_00991,0,0,leg,0,0,454,373,3,589113d73121138c20f887cf74066e26,train
IMG0001984.jpg,D:\projects\MediMind\ai-prediction-service\test-dataset\Bone Facture\FracAtlas\FracAtlas\images\Non_fractured\IMG0001984.jpg,images\Non_fractured\IMG0001984.jpg,FracAtlas,PAT_FA_00992,0,0,leg,0,1,454,373,3,490bd1aca25c7399984471360b908eb1,train
IMG0001985.jpg,D:\projects\MediMind\ai-prediction-service\test-dataset\Bone Facture\FracAtlas\FracAtlas\images\Non_fractured\IMG0001985.jpg,images\Non_fractured\IMG0001985.jpg,FracAtlas,PAT_FA_00992,0,0,hand,0,0,373,454,3,c9b3198b22b6dc0c574dd22aad869b47,train
IMG0001986.jpg,D:\projects\MediMind\ai-prediction-service\test-dataset\Bone Facture\FracAtlas\FracAtlas\images\Non_fractured\IMG0001986.jpg,images\Non_fractured\IMG0001986.jpg,FracAtlas,PAT_FA_00993,0,0,hand,0,0,373,454,3,cca140b96f3d82f9a74ed3a46b816917,train
IMG0001987.jpg,D:\projects\MediMind\ai-prediction-service\test-dataset\Bone Facture\FracAtlas\FracAtlas\images\Non_fractured\IMG0001987.jpg,images\Non_fractured\IMG0001987.jpg,FracAtlas,PAT_FA_00993,0,0,hand,0,0,373,454,3,b1803c5d0cfdabf4816a065d9b8197a8,train
IMG0001988.jpg,D:\projects\MediMind\ai-prediction-service\test-dataset\Bone Facture\FracAtlas\FracAtlas\images\Non_fractured\IMG0001988.jpg,images\Non_fractured\IMG0001988.jpg,FracAtlas,PAT_FA_00994,0,0,hip,0,0,373,454,1,decfa924c940ff1efc38a18548b73bea,train
IMG0001989.jpg,D:\projects\MediMind\ai-prediction-service\test-dataset\Bone Facture\FracAtlas\FracAtlas\images\Non_fractured\IMG0001989.jpg,images\Non_fractured\IMG0001989.jpg,FracAtlas,PAT_FA_00994,0,0,hip,0,0,454,373,3,42eac5d2edc612311caa456a3cf2bcc7,train
IMG0001992.jpg,D:\projects\MediMind\ai-prediction-service\test-dataset\Bone Facture\FracAtlas\FracAtlas\images\Non_fractured\IMG0001992.jpg,images\Non_fractured\IMG0001992.jpg,FracAtlas,PAT_FA_00996,0,0,leg,0,0,373,454,3,f5a017aad88672e321ffb9ef48b19f4f,train
IMG0001993.jpg,D:\projects\MediMind\ai-prediction-service\test-dataset\Bone Facture\FracAtlas\FracAtlas\images\Non_fractured\IMG0001993.jpg,images\Non_fractured\IMG0001993.jpg,FracAtlas,PAT_FA_00996,0,0,leg,0,0,373,454,3,a40f1facd97aff26de59c6b87c0b013b,train
IMG0001994.jpg,D:\projects\MediMind\ai-prediction-service\test-dataset\Bone Facture\FracAtlas\FracAtlas\images\Non_fractured\IMG0001994.jpg,images\Non_fractured\IMG0001994.jpg,FracAtlas,PAT_FA_00997,0,0,hip,0,0,454,373,3,cbc14da840f358ed4f89ed37e8d7f3a3,train
IMG0001995.jpg,D:\projects\MediMind\ai-prediction-service\test-dataset\Bone Facture\FracAtlas\FracAtlas\images\Non_fractured\IMG0001995.jpg,images\Non_fractured\IMG0001995.jpg,FracAtlas,PAT_FA_00997,0,0,hip,0,0,454,373,3,760f6840d20c7a402618b633fa0b13ec,train
IMG0001996.jpg,D:\projects\MediMind\ai-prediction-service\test-dataset\Bone Facture\FracAtlas\FracAtlas\images\Non_fractured\IMG0001996.jpg,images\Non_fractured\IMG0001996.jpg,FracAtlas,PAT_FA_00998,0,0,hand,0,0,373,454,3,1d1547f7d14ca5b1aaa02ce0fa8ec816,train
IMG0001997.jpg,D:\projects\MediMind\ai-prediction-service\test-dataset\Bone Facture\FracAtlas\FracAtlas\images\Non_fractured\IMG0001997.jpg,images\Non_fractured\IMG0001997.jpg,FracAtlas,PAT_FA_00998,0,0,hand,0,0,373,454,3,ba2e968505c471640f4243549df15c35,train
IMG0002004.jpg,D:\projects\MediMind\ai-prediction-service\test-dataset\Bone Facture\FracAtlas\FracAtlas\images\Non_fractured\IMG0002004.jpg,images\Non_fractured\IMG0002004.jpg,FracAtlas,PAT_FA_01002,0,0,hand,0,0,373,454,3,dd4b2f1905c2cc71a37c6f1f55dc51d7,train
IMG0002005.jpg,D:\projects\MediMind\ai-prediction-service\test-dataset\Bone Facture\FracAtlas\FracAtlas\images\Non_fractured\IMG0002005.jpg,images\Non_fractured\IMG0002005.jpg,FracAtlas,PAT_FA_01002,0,0,shoulder,0,0,373,454,3,403aa808a7268621f4145df770f7c732,train
IMG0002006.jpg,D:\projects\MediMind\ai-prediction-service\test-dataset\Bone Facture\FracAtlas\FracAtlas\images\Non_fractured\IMG0002006.jpg,images\Non_fractured\IMG0002006.jpg,FracAtlas,PAT_FA_01003,0,0,leg,0,0,373,454,1,12a30d722670c2096e0426ef813e1271,train
IMG0002007.jpg,D:\projects\MediMind\ai-prediction-service\test-dataset\Bone Facture\FracAtlas\FracAtlas\images\Non_fractured\IMG0002007.jpg,images\Non_fractured\IMG0002007.jpg,FracAtlas,PAT_FA_01003,0,0,leg,0,0,454,373,3,e9177d0e8e1a7cb3673a74fb42f2c9ff,train
IMG0002008.jpg,D:\projects\MediMind\ai-prediction-service\test-dataset\Bone Facture\FracAtlas\FracAtlas\images\Non_fractured\IMG0002008.jpg,images\Non_fractured\IMG0002008.jpg,FracAtlas,PAT_FA_01004,0,0,leg,0,0,373,454,3,145525b6bb3f4033eb9a9fa40e65574c,train
IMG0002010.jpg,D:\projects\MediMind\ai-prediction-service\test-dataset\Bone Facture\FracAtlas\FracAtlas\images\Non_fractured\IMG0002010.jpg,images\Non_fractured\IMG0002010.jpg,FracAtlas,PAT_FA_01005,0,0,hand,0,1,373,454,3,95949969223b741b4ac8301f77722253,train
IMG0002011.jpg,D:\projects\MediMind\ai-prediction-service\test-dataset\Bone Facture\FracAtlas\FracAtlas\images\Non_fractured\IMG0002011.jpg,images\Non_fractured\IMG0002011.jpg,FracAtlas,PAT_FA_01005,0,0,hand,0,0,373,454,3,7bec1c054c540c8b79b3347f4def3ef1,train
IMG0002014.jpg,D:\projects\MediMind\ai-prediction-service\test-dataset\Bone Facture\FracAtlas\FracAtlas\images\Non_fractured\IMG0002014.jpg,images\Non_fractured\IMG0002014.jpg,FracAtlas,PAT_FA_01007,0,0,hand,0,0,373,454,3,348f805a0a4644e0c625c30b50fa5160,train
IMG0002015.jpg,D:\projects\MediMind\ai-prediction-service\test-dataset\Bone Facture\FracAtlas\FracAtlas\images\Non_fractured\IMG0002015.jpg,images\Non_fractured\IMG0002015.jpg,FracAtlas,PAT_FA_01007,0,0,hip,0,0,454,373,3,13dc12fac876aa803be0786762e3a28d,train
IMG0002016.jpg,D:\projects\MediMind\ai-prediction-service\test-dataset\Bone Facture\FracAtlas\FracAtlas\images\Non_fractured\IMG0002016.jpg,images\Non_fractured\IMG0002016.jpg,FracAtlas,PAT_FA_01008,0,0,leg,0,0,373,454,3,03e859e24e7eb2a17851285480163fb3,train
IMG0002017.jpg,D:\projects\MediMind\ai-prediction-service\test-dataset\Bone Facture\FracAtlas\FracAtlas\images\Non_fractured\IMG0002017.jpg,images\Non_fractured\IMG0002017.jpg,FracAtlas,PAT_FA_01008,0,0,leg,0,0,454,373,3,1fbc972458f0f9cae7bf06e9cbe82908,train
IMG0002018.jpg,D:\projects\MediMind\ai-prediction-service\test-dataset\Bone Facture\FracAtlas\FracAtlas\images\Non_fractured\IMG0002018.jpg,images\Non_fractured\IMG0002018.jpg,FracAtlas,PAT_FA_01009,0,0,leg,0,0,373,454,3,72d4f6fd23c6648f0b0514e9d3dce789,train
IMG0002019.jpg,D:\projects\MediMind\ai-prediction-service\test-dataset\Bone Facture\FracAtlas\FracAtlas\images\Non_fractured\IMG0002019.jpg,images\Non_fractured\IMG0002019.jpg,FracAtlas,PAT_FA_01009,0,0,leg,0,0,454,373,3,1a3bbf2a2b7f3301906063f5fc08f98e,train
IMG0002022.jpg,D:\projects\MediMind\ai-prediction-service\test-dataset\Bone Facture\FracAtlas\FracAtlas\images\Non_fractured\IMG0002022.jpg,images\Non_fractured\IMG0002022.jpg,FracAtlas,PAT_FA_01011,0,0,hip,0,0,454,373,3,f143f7957b4c6e7c7922721c0ef47a9c,train
IMG0002023.jpg,D:\projects\MediMind\ai-prediction-service\test-dataset\Bone Facture\FracAtlas\FracAtlas\images\Non_fractured\IMG0002023.jpg,images\Non_fractured\IMG0002023.jpg,FracAtlas,PAT_FA_01011,0,0,shoulder,0,0,373,454,3,664d6f2907cdf2aab4d5b1c504b309a1,train
IMG0002024.jpg,D:\projects\MediMind\ai-prediction-service\test-dataset\Bone Facture\FracAtlas\FracAtlas\images\Non_fractured\IMG0002024.jpg,images\Non_fractured\IMG0002024.jpg,FracAtlas,PAT_FA_01012,0,0,leg,0,0,373,454,3,8adb1f328b013d91ee97de1008ec0310,train
IMG0002025.jpg,D:\projects\MediMind\ai-prediction-service\test-dataset\Bone Facture\FracAtlas\FracAtlas\images\Non_fractured\IMG0002025.jpg,images\Non_fractured\IMG0002025.jpg,FracAtlas,PAT_FA_01012,0,0,leg,0,0,454,373,3,d5963fed4632400a8cb15c18484a32e1,train
IMG0002026.jpg,D:\projects\MediMind\ai-prediction-service\test-dataset\Bone Facture\FracAtlas\FracAtlas\images\Non_fractured\IMG0002026.jpg,images\Non_fractured\IMG0002026.jpg,FracAtlas,PAT_FA_01013,0,0,hip,0,0,373,454,1,9f16099bfb2fd05647aa6914bd35209b,train
IMG0002027.jpg,D:\projects\MediMind\ai-prediction-service\test-dataset\Bone Facture\FracAtlas\FracAtlas\images\Non_fractured\IMG0002027.jpg,images\Non_fractured\IMG0002027.jpg,FracAtlas,PAT_FA_01013,0,0,hip,0,0,454,373,3,b8cfb59c67e7916b435b15d45e132032,train
IMG0002028.jpg,D:\projects\MediMind\ai-prediction-service\test-dataset\Bone Facture\FracAtlas\FracAtlas\images\Non_fractured\IMG0002028.jpg,images\Non_fractured\IMG0002028.jpg,FracAtlas,PAT_FA_01014,0,0,hip,0,0,454,373,3,c5cf3c07865c1827cfcefea0e2047c52,train
IMG0002029.jpg,D:\projects\MediMind\ai-prediction-service\test-dataset\Bone Facture\FracAtlas\FracAtlas\images\Non_fractured\IMG0002029.jpg,images\Non_fractured\IMG0002029.jpg,FracAtlas,PAT_FA_01014,0,0,leg,0,0,373,454,3,8286795ad395101d2e24485cee3b1b3c,train
IMG0002030.jpg,D:\projects\MediMind\ai-prediction-service\test-dataset\Bone Facture\FracAtlas\FracAtlas\images\Non_fractured\IMG0002030.jpg,images\Non_fractured\IMG0002030.jpg,FracAtlas,PAT_FA_01015,0,0,leg,0,0,373,454,3,7796c9f717da2e4111117edea6288def,train
IMG0002031.jpg,D:\projects\MediMind\ai-prediction-service\test-dataset\Bone Facture\FracAtlas\FracAtlas\images\Non_fractured\IMG0002031.jpg,images\Non_fractured\IMG0002031.jpg,FracAtlas,PAT_FA_01015,0,0,leg,0,0,373,454,3,0ba7fbcfe185ae5309d34e9b13d7fe0e,train
IMG0002034.jpg,D:\projects\MediMind\ai-prediction-service\test-dataset\Bone Facture\FracAtlas\FracAtlas\images\Non_fractured\IMG0002034.jpg,images\Non_fractured\IMG0002034.jpg,FracAtlas,PAT_FA_01017,0,0,hand,0,0,373,454,3,c8cd3d3051dd6c0eb9b816efd27a5d3b,train
IMG0002035.jpg,D:\projects\MediMind\ai-prediction-service\test-dataset\Bone Facture\FracAtlas\FracAtlas\images\Non_fractured\IMG0002035.jpg,images\Non_fractured\IMG0002035.jpg,FracAtlas,PAT_FA_01017,0,0,hand,0,0,373,454,3,1f9e77d26cd450185bc97cae0b3cb25e,train
IMG0002036.jpg,D:\projects\MediMind\ai-prediction-service\test-dataset\Bone Facture\FracAtlas\FracAtlas\images\Fractured\IMG0002036.jpg,images\Fractured\IMG0002036.jpg,FracAtlas,PAT_FA_01018,1,1,leg,1,0,373,454,3,fd089367fa0661f1aa17c6b54e6dea56,train
IMG0002037.jpg,D:\projects\MediMind\ai-prediction-service\test-dataset\Bone Facture\FracAtlas\FracAtlas\images\Fractured\IMG0002037.jpg,images\Fractured\IMG0002037.jpg,FracAtlas,PAT_FA_01018,1,1,leg,1,0,373,454,3,6778673ceb88bb007bd3ec63b953465a,train
IMG0002040.jpg,D:\projects\MediMind\ai-prediction-service\test-dataset\Bone Facture\FracAtlas\FracAtlas\images\Non_fractured\IMG0002040.jpg,images\Non_fractured\IMG0002040.jpg,FracAtlas,PAT_FA_01020,0,0,leg,0,0,373,454,3,83b550b6df95c5c6bb8042c1617000cc,train
IMG0002041.jpg,D:\projects\MediMind\ai-prediction-service\test-dataset\Bone Facture\FracAtlas\FracAtlas\images\Non_fractured\IMG0002041.jpg,images\Non_fractured\IMG0002041.jpg,FracAtlas,PAT_FA_01020,0,0,leg,0,0,373,454,3,8b9c344a9a18b34d06aca4c4926684a3,train
IMG0002042.jpg,D:\projects\MediMind\ai-prediction-service\test-dataset\Bone Facture\FracAtlas\FracAtlas\images\Non_fractured\IMG0002042.jpg,images\Non_fractured\IMG0002042.jpg,FracAtlas,PAT_FA_01021,0,0,leg,0,0,373,454,3,672e79010266f6e6602adb10dd8e42b9,train
IMG0002043.jpg,D:\projects\MediMind\ai-prediction-service\test-dataset\Bone Facture\FracAtlas\FracAtlas\images\Non_fractured\IMG0002043.jpg,images\Non_fractured\IMG0002043.jpg,FracAtlas,PAT_FA_01021,0,0,leg,0,0,454,373,3,324b5ad660892b22948aecdf71ab5acf,train
IMG0002044.jpg,D:\projects\MediMind\ai-prediction-service\test-dataset\Bone Facture\FracAtlas\FracAtlas\images\Non_fractured\IMG0002044.jpg,images\Non_fractured\IMG0002044.jpg,FracAtlas,PAT_FA_01022,0,0,leg,0,0,373,454,1,79061672f85a055d1a3f8c16f8851122,train
IMG0002045.jpg,D:\projects\MediMind\ai-prediction-service\test-dataset\Bone Facture\FracAtlas\FracAtlas\images\Non_fractured\IMG0002045.jpg,images\Non_fractured\IMG0002045.jpg,FracAtlas,PAT_FA_01022,0,0,leg,0,0,454,373,3,52faa9a74f3a4f1acb07702cc4a0c143,train
IMG0002046.jpg,D:\projects\MediMind\ai-prediction-service\test-dataset\Bone Facture\FracAtlas\FracAtlas\images\Non_fractured\IMG0002046.jpg,images\Non_fractured\IMG0002046.jpg,FracAtlas,PAT_FA_01023,0,0,leg,0,0,373,454,3,65fbc20374c7c244208f7b938bff0660,train
IMG0002047.jpg,D:\projects\MediMind\ai-prediction-service\test-dataset\Bone Facture\FracAtlas\FracAtlas\images\Non_fractured\IMG0002047.jpg,images\Non_fractured\IMG0002047.jpg,FracAtlas,PAT_FA_01023,0,0,leg,0,1,373,454,3,6247b9138ada1ed4d3254ee1a716b339,train
IMG0002048.jpg,D:\projects\MediMind\ai-prediction-service\test-dataset\Bone Facture\FracAtlas\FracAtlas\images\Non_fractured\IMG0002048.jpg,images\Non_fractured\IMG0002048.jpg,FracAtlas,PAT_FA_01024,0,0,leg,0,0,373,454,3,d1ab52d584d162801d7d3beb0c49d727,train
IMG0002049.jpg,D:\projects\MediMind\ai-prediction-service\test-dataset\Bone Facture\FracAtlas\FracAtlas\images\Non_fractured\IMG0002049.jpg,images\Non_fractured\IMG0002049.jpg,FracAtlas,PAT_FA_01024,0,0,leg,0,0,454,373,3,abe5b33cc2bc6aeb85c7d56b9f82088a,train
IMG0002050.jpg,D:\projects\MediMind\ai-prediction-service\test-dataset\Bone Facture\FracAtlas\FracAtlas\images\Non_fractured\IMG0002050.jpg,images\Non_fractured\IMG0002050.jpg,FracAtlas,PAT_FA_01025,0,0,leg,0,0,373,454,3,d5a28d199fb277ab0bd227ed209549e4,train
IMG0002051.jpg,D:\projects\MediMind\ai-prediction-service\test-dataset\Bone Facture\FracAtlas\FracAtlas\images\Non_fractured\IMG0002051.jpg,images\Non_fractured\IMG0002051.jpg,FracAtlas,PAT_FA_01025,0,0,leg,0,0,454,373,3,72147478e99f3c050347569ecbf05665,train
IMG0002054.jpg,D:\projects\MediMind\ai-prediction-service\test-dataset\Bone Facture\FracAtlas\FracAtlas\images\Non_fractured\IMG0002054.jpg,images\Non_fractured\IMG0002054.jpg,FracAtlas,PAT_FA_01027,0,0,leg,0,0,373,454,3,479037e60a9554f3a0200f3962059d0f,train
IMG0002055.jpg,D:\projects\MediMind\ai-prediction-service\test-dataset\Bone Facture\FracAtlas\FracAtlas\images\Non_fractured\IMG0002055.jpg,images\Non_fractured\IMG0002055.jpg,FracAtlas,PAT_FA_01027,0,0,leg,0,0,454,373,3,7560de2ef281a6a03e976418c0277936,train
IMG0002056.jpg,D:\projects\MediMind\ai-prediction-service\test-dataset\Bone Facture\FracAtlas\FracAtlas\images\Non_fractured\IMG0002056.jpg,images\Non_fractured\IMG0002056.jpg,FracAtlas,PAT_FA_01028,0,0,leg,0,0,373,454,3,e8199c135f8f1cc48cad6760798642e2,train
IMG0002057.jpg,D:\projects\MediMind\ai-prediction-service\test-dataset\Bone Facture\FracAtlas\FracAtlas\images\Non_fractured\IMG0002057.jpg,images\Non_fractured\IMG0002057.jpg,FracAtlas,PAT_FA_01028,0,0,leg,0,0,454,373,3,13401a8ebeb165302f11af1e38de0771,train
IMG0002058.jpg,D:\projects\MediMind\ai-prediction-service\test-dataset\Bone Facture\FracAtlas\FracAtlas\images\Non_fractured\IMG0002058.jpg,images\Non_fractured\IMG0002058.jpg,FracAtlas,PAT_FA_01029,0,0,leg,0,0,373,454,3,fcc85342be38567f1d55e4ada5fb8448,train
IMG0002059.jpg,D:\projects\MediMind\ai-prediction-service\test-dataset\Bone Facture\FracAtlas\FracAtlas\images\Non_fractured\IMG0002059.jpg,images\Non_fractured\IMG0002059.jpg,FracAtlas,PAT_FA_01029,0,0,leg,0,0,373,454,3,6cf77663dede8fbe4d985ba5d65ad80a,train
IMG0002060.jpg,D:\projects\MediMind\ai-prediction-service\test-dataset\Bone Facture\FracAtlas\FracAtlas\images\Non_fractured\IMG0002060.jpg,images\Non_fractured\IMG0002060.jpg,FracAtlas,PAT_FA_01030,0,0,leg,0,0,373,454,3,dad1017f58748ef0e9099c98844e271e,train
IMG0002061.jpg,D:\projects\MediMind\ai-prediction-service\test-dataset\Bone Facture\FracAtlas\FracAtlas\images\Non_fractured\IMG0002061.jpg,images\Non_fractured\IMG0002061.jpg,FracAtlas,PAT_FA_01030,0,0,leg,0,0,454,373,3,f13fc4ec34dc378af7f3413b35abcd1d,train
IMG0002062.jpg,D:\projects\MediMind\ai-prediction-service\test-dataset\Bone Facture\FracAtlas\FracAtlas\images\Non_fractured\IMG0002062.jpg,images\Non_fractured\IMG0002062.jpg,FracAtlas,PAT_FA_01031,0,0,leg,0,0,373,454,3,9f971021101c87b7fd9cb86a2e10f84e,train
IMG0002063.jpg,D:\projects\MediMind\ai-prediction-service\test-dataset\Bone Facture\FracAtlas\FracAtlas\images\Non_fractured\IMG0002063.jpg,images\Non_fractured\IMG0002063.jpg,FracAtlas,PAT_FA_01031,0,0,leg,0,0,373,454,3,9557cbad84e00c1eaf579a6776ea51d3,train
IMG0002064.jpg,D:\projects\MediMind\ai-prediction-service\test-dataset\Bone Facture\FracAtlas\FracAtlas\images\Non_fractured\IMG0002064.jpg,images\Non_fractured\IMG0002064.jpg,FracAtlas,PAT_FA_01032,0,0,hand,0,0,373,454,1,0cff2ee1c87ed0473df0f74d288bdeb7,train
IMG0002065.jpg,D:\projects\MediMind\ai-prediction-service\test-dataset\Bone Facture\FracAtlas\FracAtlas\images\Non_fractured\IMG0002065.jpg,images\Non_fractured\IMG0002065.jpg,FracAtlas,PAT_FA_01032,0,0,hand,0,0,454,373,3,7e3d0653b3ea819f371014dca797aff7,train
IMG0002072.jpg,D:\projects\MediMind\ai-prediction-service\test-dataset\Bone Facture\FracAtlas\FracAtlas\images\Non_fractured\IMG0002072.jpg,images\Non_fractured\IMG0002072.jpg,FracAtlas,PAT_FA_01036,0,0,hand,0,1,373,454,3,11c205016bd2610d05371deeec661725,train
IMG0002073.jpg,D:\projects\MediMind\ai-prediction-service\test-dataset\Bone Facture\FracAtlas\FracAtlas\images\Non_fractured\IMG0002073.jpg,images\Non_fractured\IMG0002073.jpg,FracAtlas,PAT_FA_01036,0,0,leg,0,0,373,454,3,9f31f5954035adb41929b66974245a91,train
IMG0002074.jpg,D:\projects\MediMind\ai-prediction-service\test-dataset\Bone Facture\FracAtlas\FracAtlas\images\Non_fractured\IMG0002074.jpg,images\Non_fractured\IMG0002074.jpg,FracAtlas,PAT_FA_01037,0,0,leg,0,0,454,373,3,63317ccb70c1637cd27a69a48363cc16,train
IMG0002075.jpg,D:\projects\MediMind\ai-prediction-service\test-dataset\Bone Facture\FracAtlas\FracAtlas\images\Non_fractured\IMG0002075.jpg,images\Non_fractured\IMG0002075.jpg,FracAtlas,PAT_FA_01037,0,0,hand,0,0,373,454,1,b06a0e3cadc1b9b97ae921d8aaee143e,train
IMG0002076.jpg,D:\projects\MediMind\ai-prediction-service\test-dataset\Bone Facture\FracAtlas\FracAtlas\images\Non_fractured\IMG0002076.jpg,images\Non_fractured\IMG0002076.jpg,FracAtlas,PAT_FA_01038,0,0,hand,0,0,454,373,1,0cc91d78ce30727b307a5e68d8d0f8a2,train
IMG0002077.jpg,D:\projects\MediMind\ai-prediction-service\test-dataset\Bone Facture\FracAtlas\FracAtlas\images\Non_fractured\IMG0002077.jpg,images\Non_fractured\IMG0002077.jpg,FracAtlas,PAT_FA_01038,0,0,hand,0,0,373,454,3,bef6995e96169dd66898924de04b6e7e,train
IMG0002078.jpg,D:\projects\MediMind\ai-prediction-service\test-dataset\Bone Facture\FracAtlas\FracAtlas\images\Non_fractured\IMG0002078.jpg,images\Non_fractured\IMG0002078.jpg,FracAtlas,PAT_FA_01039,0,0,leg,0,0,373,454,3,a02cd95444808e0d0b889a086ac9e9a1,train
IMG0002079.jpg,D:\projects\MediMind\ai-prediction-service\test-dataset\Bone Facture\FracAtlas\FracAtlas\images\Non_fractured\IMG0002079.jpg,images\Non_fractured\IMG0002079.jpg,FracAtlas,PAT_FA_01039,0,0,leg,0,0,373,454,3,782bc7693cdf07b0cf3a3772246deda7,train
IMG0002080.jpg,D:\projects\MediMind\ai-prediction-service\test-dataset\Bone Facture\FracAtlas\FracAtlas\images\Non_fractured\IMG0002080.jpg,images\Non_fractured\IMG0002080.jpg,FracAtlas,PAT_FA_01040,0,0,hip,0,0,454,373,3,9615a2e47b46642c0a57d55d51f76edf,train
IMG0002081.jpg,D:\projects\MediMind\ai-prediction-service\test-dataset\Bone Facture\FracAtlas\FracAtlas\images\Non_fractured\IMG0002081.jpg,images\Non_fractured\IMG0002081.jpg,FracAtlas,PAT_FA_01040,0,0,hip,0,0,454,373,3,138e4fc016b98c8aed7baaaa2a5b3100,train
IMG0002084.jpg,D:\projects\MediMind\ai-prediction-service\test-dataset\Bone Facture\FracAtlas\FracAtlas\images\Non_fractured\IMG0002084.jpg,images\Non_fractured\IMG0002084.jpg,FracAtlas,PAT_FA_01042,0,0,hip,0,0,454,373,3,4474bb293bc8c124006f1b321978611d,train
IMG0002085.jpg,D:\projects\MediMind\ai-prediction-service\test-dataset\Bone Facture\FracAtlas\FracAtlas\images\Fractured\IMG0002085.jpg,images\Fractured\IMG0002085.jpg,FracAtlas,PAT_FA_01042,1,1,hand,0,0,373,454,3,cdd9161b14f5a4290a81b893b94a79d4,train
IMG0002086.jpg,D:\projects\MediMind\ai-prediction-service\test-dataset\Bone Facture\FracAtlas\FracAtlas\images\Fractured\IMG0002086.jpg,images\Fractured\IMG0002086.jpg,FracAtlas,PAT_FA_01043,1,1,hand,0,0,373,454,3,8e38a66b3cba9e9e63957c6ad00aa74a,train
IMG0002087.jpg,D:\projects\MediMind\ai-prediction-service\test-dataset\Bone Facture\FracAtlas\FracAtlas\images\Non_fractured\IMG0002087.jpg,images\Non_fractured\IMG0002087.jpg,FracAtlas,PAT_FA_01043,0,0,hand,0,0,373,454,3,8a4e7cc7bf5aac5ccc428e9a8525f8ca,train
IMG0002088.jpg,D:\projects\MediMind\ai-prediction-service\test-dataset\Bone Facture\FracAtlas\FracAtlas\images\Non_fractured\IMG0002088.jpg,images\Non_fractured\IMG0002088.jpg,FracAtlas,PAT_FA_01044,0,0,hand,0,0,373,454,3,225920aff168031c2b72128501f0ef1f,train
IMG0002089.jpg,D:\projects\MediMind\ai-prediction-service\test-dataset\Bone Facture\FracAtlas\FracAtlas\images\Non_fractured\IMG0002089.jpg,images\Non_fractured\IMG0002089.jpg,FracAtlas,PAT_FA_01044,0,0,leg,0,0,373,454,3,332c6857348fdd8d261fe6c9205d5420,train
IMG0002090.jpg,D:\projects\MediMind\ai-prediction-service\test-dataset\Bone Facture\FracAtlas\FracAtlas\images\Non_fractured\IMG0002090.jpg,images\Non_fractured\IMG0002090.jpg,FracAtlas,PAT_FA_01045,0,0,leg,0,0,454,373,3,880e45501e38a8b81cbf0a4f974ab7d2,train
IMG0002091.jpg,D:\projects\MediMind\ai-prediction-service\test-dataset\Bone Facture\FracAtlas\FracAtlas\images\Non_fractured\IMG0002091.jpg,images\Non_fractured\IMG0002091.jpg,FracAtlas,PAT_FA_01045,0,0,leg,0,0,373,454,3,63e119cda8e725e5885b0d3104bc2201,train
IMG0002092.jpg,D:\projects\MediMind\ai-prediction-service\test-dataset\Bone Facture\FracAtlas\FracAtlas\images\Non_fractured\IMG0002092.jpg,images\Non_fractured\IMG0002092.jpg,FracAtlas,PAT_FA_01046,0,0,leg,0,0,454,373,3,8fd5807800efbf20dfed4b219ed5cdef,train
IMG0002095.jpg,D:\projects\MediMind\ai-prediction-service\test-dataset\Bone Facture\FracAtlas\FracAtlas\images\Non_fractured\IMG0002095.jpg,images\Non_fractured\IMG0002095.jpg,FracAtlas,PAT_FA_01047,0,0,leg,0,0,373,454,3,7e7d15461b88f8c439c1767682f2b752,train
IMG0002096.jpg,D:\projects\MediMind\ai-prediction-service\test-dataset\Bone Facture\FracAtlas\FracAtlas\images\Non_fractured\IMG0002096.jpg,images\Non_fractured\IMG0002096.jpg,FracAtlas,PAT_FA_01048,0,0,leg,0,0,454,373,3,5fefcdcd965ddacb17524fa923661c3f,train
IMG0002097.jpg,D:\projects\MediMind\ai-prediction-service\test-dataset\Bone Facture\FracAtlas\FracAtlas\images\Non_fractured\IMG0002097.jpg,images\Non_fractured\IMG0002097.jpg,FracAtlas,PAT_FA_01048,0,0,hand,0,0,373,454,3,d66e169bb84676e1bda1586e9de346cf,train
IMG0002098.jpg,D:\projects\MediMind\ai-prediction-service\test-dataset\Bone Facture\FracAtlas\FracAtlas\images\Non_fractured\IMG0002098.jpg,images\Non_fractured\IMG0002098.jpg,FracAtlas,PAT_FA_01049,0,0,hand,0,0,373,454,3,2abba809e7ff720f5928ea59fa548b49,train
IMG0002099.jpg,D:\projects\MediMind\ai-prediction-service\test-dataset\Bone Facture\FracAtlas\FracAtlas\images\Non_fractured\IMG0002099.jpg,images\Non_fractured\IMG0002099.jpg,FracAtlas,PAT_FA_01049,0,0,hand,0,0,454,373,3,cfbbe3c3c69eb0635a697498a4859612,train
IMG0002100.jpg,D:\projects\MediMind\ai-prediction-service\test-dataset\Bone Facture\FracAtlas\FracAtlas\images\Non_fractured\IMG0002100.jpg,images\Non_fractured\IMG0002100.jpg,FracAtlas,PAT_FA_01050,0,0,hand,0,0,454,373,3,6a22e96e1df25280bb691406dda71adb,train
IMG0002101.jpg,D:\projects\MediMind\ai-prediction-service\test-dataset\Bone Facture\FracAtlas\FracAtlas\images\Non_fractured\IMG0002101.jpg,images\Non_fractured\IMG0002101.jpg,FracAtlas,PAT_FA_01050,0,0,hand,0,0,373,454,3,6c6fd2f6bb95dfc3bd970a9ba3dce37d,train
IMG0002102.jpg,D:\projects\MediMind\ai-prediction-service\test-dataset\Bone Facture\FracAtlas\FracAtlas\images\Non_fractured\IMG0002102.jpg,images\Non_fractured\IMG0002102.jpg,FracAtlas,PAT_FA_01051,0,0,hand,0,0,373,454,3,9234e1e4dae9c093489acb4982c0c41d,train
IMG0002103.jpg,D:\projects\MediMind\ai-prediction-service\test-dataset\Bone Facture\FracAtlas\FracAtlas\images\Non_fractured\IMG0002103.jpg,images\Non_fractured\IMG0002103.jpg,FracAtlas,PAT_FA_01051,0,0,hand,0,0,373,454,1,e2bb47af62ecf480200131874d1c4995,train
IMG0002104.jpg,D:\projects\MediMind\ai-prediction-service\test-dataset\Bone Facture\FracAtlas\FracAtlas\images\Non_fractured\IMG0002104.jpg,images\Non_fractured\IMG0002104.jpg,FracAtlas,PAT_FA_01052,0,0,hand,0,0,373,454,1,d9465a0f1806b0e479d933fe6c34738c,train
IMG0002105.jpg,D:\projects\MediMind\ai-prediction-service\test-dataset\Bone Facture\FracAtlas\FracAtlas\images\Fractured\IMG0002105.jpg,images\Fractured\IMG0002105.jpg,FracAtlas,PAT_FA_01052,1,1,hand,0,0,373,454,3,72876034b8fb4c033404cc8c75815389,train
IMG0002106.jpg,D:\projects\MediMind\ai-prediction-service\test-dataset\Bone Facture\FracAtlas\FracAtlas\images\Fractured\IMG0002106.jpg,images\Fractured\IMG0002106.jpg,FracAtlas,PAT_FA_01053,1,1,hand,0,0,454,373,3,fa05ab02c1056f2511a8c26668655b63,train
IMG0002107.jpg,D:\projects\MediMind\ai-prediction-service\test-dataset\Bone Facture\FracAtlas\FracAtlas\images\Non_fractured\IMG0002107.jpg,images\Non_fractured\IMG0002107.jpg,FracAtlas,PAT_FA_01053,0,0,leg,0,0,373,454,3,567ad05e821491cf0e28d436bc93093e,train
IMG0002108.jpg,D:\projects\MediMind\ai-prediction-service\test-dataset\Bone Facture\FracAtlas\FracAtlas\images\Non_fractured\IMG0002108.jpg,images\Non_fractured\IMG0002108.jpg,FracAtlas,PAT_FA_01054,0,0,leg,0,0,454,373,3,82c24f80c5f10d779bd6272b658b2d26,train
IMG0002109.jpg,D:\projects\MediMind\ai-prediction-service\test-dataset\Bone Facture\FracAtlas\FracAtlas\images\Non_fractured\IMG0002109.jpg,images\Non_fractured\IMG0002109.jpg,FracAtlas,PAT_FA_01054,0,0,hand,0,0,454,373,3,8a94b72a07ed2e0ccd1975f30b811d8a,train
IMG0002110.jpg,D:\projects\MediMind\ai-prediction-service\test-dataset\Bone Facture\FracAtlas\FracAtlas\images\Non_fractured\IMG0002110.jpg,images\Non_fractured\IMG0002110.jpg,FracAtlas,PAT_FA_01055,0,0,hand,0,0,454,373,3,311276a5dc53f111eab4df873a5025db,train
IMG0002111.jpg,D:\projects\MediMind\ai-prediction-service\test-dataset\Bone Facture\FracAtlas\FracAtlas\images\Non_fractured\IMG0002111.jpg,images\Non_fractured\IMG0002111.jpg,FracAtlas,PAT_FA_01055,0,0,leg,0,1,454,373,3,83e3245bf8f50406ab1b5e65f409d0af,train
IMG0002112.jpg,D:\projects\MediMind\ai-prediction-service\test-dataset\Bone Facture\FracAtlas\FracAtlas\images\Non_fractured\IMG0002112.jpg,images\Non_fractured\IMG0002112.jpg,FracAtlas,PAT_FA_01056,0,0,leg,0,0,373,454,3,cd3f451180d26f9bd3b05c5aef73b719,train
IMG0002113.jpg,D:\projects\MediMind\ai-prediction-service\test-dataset\Bone Facture\FracAtlas\FracAtlas\images\Non_fractured\IMG0002113.jpg,images\Non_fractured\IMG0002113.jpg,FracAtlas,PAT_FA_01056,0,0,leg,0,0,373,454,3,149c96611d5ff37d8f26f354281d2b5b,train
IMG0002114.jpg,D:\projects\MediMind\ai-prediction-service\test-dataset\Bone Facture\FracAtlas\FracAtlas\images\Non_fractured\IMG0002114.jpg,images\Non_fractured\IMG0002114.jpg,FracAtlas,PAT_FA_01057,0,0,leg,0,0,373,454,3,99ec55ce233ec17c46cfe8d35794ae62,train
IMG0002115.jpg,D:\projects\MediMind\ai-prediction-service\test-dataset\Bone Facture\FracAtlas\FracAtlas\images\Non_fractured\IMG0002115.jpg,images\Non_fractured\IMG0002115.jpg,FracAtlas,PAT_FA_01057,0,0,leg,0,0,373,454,3,6af44a9b1e7c8fcef53c1cf4dfc1c61a,train
IMG0002116.jpg,D:\projects\MediMind\ai-prediction-service\test-dataset\Bone Facture\FracAtlas\FracAtlas\images\Non_fractured\IMG0002116.jpg,images\Non_fractured\IMG0002116.jpg,FracAtlas,PAT_FA_01058,0,0,hand,0,0,373,454,3,d670518985b3d9356e8fc4c142717ead,train
IMG0002117.jpg,D:\projects\MediMind\ai-prediction-service\test-dataset\Bone Facture\FracAtlas\FracAtlas\images\Non_fractured\IMG0002117.jpg,images\Non_fractured\IMG0002117.jpg,FracAtlas,PAT_FA_01058,0,0,hand,0,0,454,373,3,e07a4cce508ed01be862fa1c4fc46c24,train
IMG0002118.jpg,D:\projects\MediMind\ai-prediction-service\test-dataset\Bone Facture\FracAtlas\FracAtlas\images\Non_fractured\IMG0002118.jpg,images\Non_fractured\IMG0002118.jpg,FracAtlas,PAT_FA_01059,0,0,hand,0,0,373,454,3,1f5b67d8fe0aa110a32ff61e740cf962,train
IMG0002119.jpg,D:\projects\MediMind\ai-prediction-service\test-dataset\Bone Facture\FracAtlas\FracAtlas\images\Non_fractured\IMG0002119.jpg,images\Non_fractured\IMG0002119.jpg,FracAtlas,PAT_FA_01059,0,0,leg,0,1,454,373,3,53e0bd43b7cb08c5307eb91de007e412,train
IMG0002120.jpg,D:\projects\MediMind\ai-prediction-service\test-dataset\Bone Facture\FracAtlas\FracAtlas\images\Non_fractured\IMG0002120.jpg,images\Non_fractured\IMG0002120.jpg,FracAtlas,PAT_FA_01060,0,0,leg,0,0,454,373,3,8489f6b9605bd9e1d18340278afc7420,train
IMG0002121.jpg,D:\projects\MediMind\ai-prediction-service\test-dataset\Bone Facture\FracAtlas\FracAtlas\images\Non_fractured\IMG0002121.jpg,images\Non_fractured\IMG0002121.jpg,FracAtlas,PAT_FA_01060,0,0,leg,0,0,454,373,3,5a4ab0cd7fd57cdf0a10597cce154b03,train
IMG0002122.jpg,D:\projects\MediMind\ai-prediction-service\test-dataset\Bone Facture\FracAtlas\FracAtlas\images\Fractured\IMG0002122.jpg,images\Fractured\IMG0002122.jpg,FracAtlas,PAT_FA_01061,1,1,leg,0,0,373,454,3,9cf345f17a5f6158315334725cba394a,train
IMG0002123.jpg,D:\projects\MediMind\ai-prediction-service\test-dataset\Bone Facture\FracAtlas\FracAtlas\images\Fractured\IMG0002123.jpg,images\Fractured\IMG0002123.jpg,FracAtlas,PAT_FA_01061,1,1,leg,0,0,373,454,3,9f5302655145bc419857bb3ec1b2a981,train
IMG0002126.jpg,D:\projects\MediMind\ai-prediction-service\test-dataset\Bone Facture\FracAtlas\FracAtlas\images\Fractured\IMG0002126.jpg,images\Fractured\IMG0002126.jpg,FracAtlas,PAT_FA_01063,1,1,hand,0,0,373,454,3,e9622c8bbb70755bdc608c48e15725a0,train
IMG0002127.jpg,D:\projects\MediMind\ai-prediction-service\test-dataset\Bone Facture\FracAtlas\FracAtlas\images\Fractured\IMG0002127.jpg,images\Fractured\IMG0002127.jpg,FracAtlas,PAT_FA_01063,1,1,hand,0,0,373,454,3,d1a56d411ac28340fedcbddb82536f0d,train
IMG0002128.jpg,D:\projects\MediMind\ai-prediction-service\test-dataset\Bone Facture\FracAtlas\FracAtlas\images\Non_fractured\IMG0002128.jpg,images\Non_fractured\IMG0002128.jpg,FracAtlas,PAT_FA_01064,0,0,hand,0,0,373,454,3,016bc25765fb40ed114194e6bd50f5ed,train
IMG0002129.jpg,D:\projects\MediMind\ai-prediction-service\test-dataset\Bone Facture\FracAtlas\FracAtlas\images\Non_fractured\IMG0002129.jpg,images\Non_fractured\IMG0002129.jpg,FracAtlas,PAT_FA_01064,0,0,leg,0,0,373,454,3,5e26f99c7ba623d05e258c0843cd554d,train
IMG0002130.jpg,D:\projects\MediMind\ai-prediction-service\test-dataset\Bone Facture\FracAtlas\FracAtlas\images\Non_fractured\IMG0002130.jpg,images\Non_fractured\IMG0002130.jpg,FracAtlas,PAT_FA_01065,0,0,leg,0,0,373,454,3,cb0d808dcbff457fadfa721d80bb6ec0,train
IMG0002131.jpg,D:\projects\MediMind\ai-prediction-service\test-dataset\Bone Facture\FracAtlas\FracAtlas\images\Non_fractured\IMG0002131.jpg,images\Non_fractured\IMG0002131.jpg,FracAtlas,PAT_FA_01065,0,0,hand,0,0,454,373,3,8d54203bab0d0000347bd922978bf395,train
IMG0002140.jpg,D:\projects\MediMind\ai-prediction-service\test-dataset\Bone Facture\FracAtlas\FracAtlas\images\Non_fractured\IMG0002140.jpg,images\Non_fractured\IMG0002140.jpg,FracAtlas,PAT_FA_01070,0,0,leg,0,0,373,454,3,fe815799fa7dbeed6bc201ecc168a1c5,train
IMG0002141.jpg,D:\projects\MediMind\ai-prediction-service\test-dataset\Bone Facture\FracAtlas\FracAtlas\images\Non_fractured\IMG0002141.jpg,images\Non_fractured\IMG0002141.jpg,FracAtlas,PAT_FA_01070,0,0,leg,0,0,454,373,3,747bb32e1772cb15263a22c38e96f456,train
IMG0002148.jpg,D:\projects\MediMind\ai-prediction-service\test-dataset\Bone Facture\FracAtlas\FracAtlas\images\Fractured\IMG0002148.jpg,images\Fractured\IMG0002148.jpg,FracAtlas,PAT_FA_01074,1,1,hand,0,0,373,454,3,83ee33945a2fca7b0bbe63b9b97a1439,train
IMG0002150.jpg,D:\projects\MediMind\ai-prediction-service\test-dataset\Bone Facture\FracAtlas\FracAtlas\images\Non_fractured\IMG0002150.jpg,images\Non_fractured\IMG0002150.jpg,FracAtlas,PAT_FA_01075,0,0,hand,0,0,373,454,1,9e127b7105ee8d67d731fd9b24ba1f2e,train
IMG0002151.jpg,D:\projects\MediMind\ai-prediction-service\test-dataset\Bone Facture\FracAtlas\FracAtlas\images\Non_fractured\IMG0002151.jpg,images\Non_fractured\IMG0002151.jpg,FracAtlas,PAT_FA_01075,0,0,hand,0,0,373,454,3,d8f59db5d0cfb6606b721c5f7c05e197,train
IMG0002152.jpg,D:\projects\MediMind\ai-prediction-service\test-dataset\Bone Facture\FracAtlas\FracAtlas\images\Non_fractured\IMG0002152.jpg,images\Non_fractured\IMG0002152.jpg,FracAtlas,PAT_FA_01076,0,0,hand,0,0,454,373,3,dc16476e53fdde0e4f0fa9b506650117,train
IMG0002153.jpg,D:\projects\MediMind\ai-prediction-service\test-dataset\Bone Facture\FracAtlas\FracAtlas\images\Non_fractured\IMG0002153.jpg,images\Non_fractured\IMG0002153.jpg,FracAtlas,PAT_FA_01076,0,0,hand,0,0,373,454,3,06da458d7dab4d1894fb9864acb10c90,train
IMG0002154.jpg,D:\projects\MediMind\ai-prediction-service\test-dataset\Bone Facture\FracAtlas\FracAtlas\images\Non_fractured\IMG0002154.jpg,images\Non_fractured\IMG0002154.jpg,FracAtlas,PAT_FA_01077,0,0,hand,0,0,454,373,3,7a20d2205f256b0572e3dcc666666bd5,train
IMG0002155.jpg,D:\projects\MediMind\ai-prediction-service\test-dataset\Bone Facture\FracAtlas\FracAtlas\images\Non_fractured\IMG0002155.jpg,images\Non_fractured\IMG0002155.jpg,FracAtlas,PAT_FA_01077,0,0,leg,0,1,454,373,3,0a4b2104c361eb219be3b8f04daf76f8,train
IMG0002156.jpg,D:\projects\MediMind\ai-prediction-service\test-dataset\Bone Facture\FracAtlas\FracAtlas\images\Non_fractured\IMG0002156.jpg,images\Non_fractured\IMG0002156.jpg,FracAtlas,PAT_FA_01078,0,0,hand,0,0,454,373,3,301a12402168c655a0247ef16da1acbe,train
IMG0002157.jpg,D:\projects\MediMind\ai-prediction-service\test-dataset\Bone Facture\FracAtlas\FracAtlas\images\Non_fractured\IMG0002157.jpg,images\Non_fractured\IMG0002157.jpg,FracAtlas,PAT_FA_01078,0,0,hand,0,0,373,454,3,cb885ed10463ae598706174c270a5890,train
IMG0002158.jpg,D:\projects\MediMind\ai-prediction-service\test-dataset\Bone Facture\FracAtlas\FracAtlas\images\Non_fractured\IMG0002158.jpg,images\Non_fractured\IMG0002158.jpg,FracAtlas,PAT_FA_01079,0,0,hand,0,0,373,454,3,0a7395d973f7be9515857fc80abaaf43,train
IMG0002159.jpg,D:\projects\MediMind\ai-prediction-service\test-dataset\Bone Facture\FracAtlas\FracAtlas\images\Non_fractured\IMG0002159.jpg,images\Non_fractured\IMG0002159.jpg,FracAtlas,PAT_FA_01079,0,0,hand,0,0,373,454,3,a5c85e489e13d1ebdfa4725d6935e930,train
IMG0002160.jpg,D:\projects\MediMind\ai-prediction-service\test-dataset\Bone Facture\FracAtlas\FracAtlas\images\Non_fractured\IMG0002160.jpg,images\Non_fractured\IMG0002160.jpg,FracAtlas,PAT_FA_01080,0,0,leg,0,0,373,454,3,52def998270341c28e2d3e222ca69c60,train
IMG0002161.jpg,D:\projects\MediMind\ai-prediction-service\test-dataset\Bone Facture\FracAtlas\FracAtlas\images\Non_fractured\IMG0002161.jpg,images\Non_fractured\IMG0002161.jpg,FracAtlas,PAT_FA_01080,0,0,leg,0,0,373,454,1,36d3dde6e34a05380f44e2b6cb31a248,train
IMG0002162.jpg,D:\projects\MediMind\ai-prediction-service\test-dataset\Bone Facture\FracAtlas\FracAtlas\images\Non_fractured\IMG0002162.jpg,images\Non_fractured\IMG0002162.jpg,FracAtlas,PAT_FA_01081,0,0,leg,0,0,373,454,3,7e770dfddc11a79c6f6fee2c595c868a,train
IMG0002163.jpg,D:\projects\MediMind\ai-prediction-service\test-dataset\Bone Facture\FracAtlas\FracAtlas\images\Non_fractured\IMG0002163.jpg,images\Non_fractured\IMG0002163.jpg,FracAtlas,PAT_FA_01081,0,0,leg,0,0,373,454,3,8523641daa05081e875b078582544a19,train
IMG0002164.jpg,D:\projects\MediMind\ai-prediction-service\test-dataset\Bone Facture\FracAtlas\FracAtlas\images\Non_fractured\IMG0002164.jpg,images\Non_fractured\IMG0002164.jpg,FracAtlas,PAT_FA_01082,0,0,leg,0,0,454,373,3,b62a4f0740f15c956193ee8f805b2a78,train
IMG0002167.jpg,D:\projects\MediMind\ai-prediction-service\test-dataset\Bone Facture\FracAtlas\FracAtlas\images\Non_fractured\IMG0002167.jpg,images\Non_fractured\IMG0002167.jpg,FracAtlas,PAT_FA_01083,0,0,hand,0,0,373,454,3,ccfc31f9d33ff7c1d5da2e7ad0254bfa,train
IMG0002172.jpg,D:\projects\MediMind\ai-prediction-service\test-dataset\Bone Facture\FracAtlas\FracAtlas\images\Non_fractured\IMG0002172.jpg,images\Non_fractured\IMG0002172.jpg,FracAtlas,PAT_FA_01086,0,0,leg,0,1,454,373,3,232ba0e0cd3d2ba466431e45e8281d3e,train
IMG0002173.jpg,D:\projects\MediMind\ai-prediction-service\test-dataset\Bone Facture\FracAtlas\FracAtlas\images\Non_fractured\IMG0002173.jpg,images\Non_fractured\IMG0002173.jpg,FracAtlas,PAT_FA_01086,0,0,leg,0,0,373,454,3,2e54f41d932e4d5b3e71156757079b00,train
IMG0002174.jpg,D:\projects\MediMind\ai-prediction-service\test-dataset\Bone Facture\FracAtlas\FracAtlas\images\Non_fractured\IMG0002174.jpg,images\Non_fractured\IMG0002174.jpg,FracAtlas,PAT_FA_01087,0,0,leg,0,1,454,373,3,63803b5b6d3f4aef3ca3978e0158c005,train
IMG0002175.jpg,D:\projects\MediMind\ai-prediction-service\test-dataset\Bone Facture\FracAtlas\FracAtlas\images\Non_fractured\IMG0002175.jpg,images\Non_fractured\IMG0002175.jpg,FracAtlas,PAT_FA_01087,0,0,leg,0,1,373,454,3,983b7ba0550d1c19c184ea27c5425afc,train
IMG0002178.jpg,D:\projects\MediMind\ai-prediction-service\test-dataset\Bone Facture\FracAtlas\FracAtlas\images\Non_fractured\IMG0002178.jpg,images\Non_fractured\IMG0002178.jpg,FracAtlas,PAT_FA_01089,0,0,hip,0,0,373,454,1,232c89dc2527e099f9ac6c03092a9dc6,train
IMG0002179.jpg,D:\projects\MediMind\ai-prediction-service\test-dataset\Bone Facture\FracAtlas\FracAtlas\images\Non_fractured\IMG0002179.jpg,images\Non_fractured\IMG0002179.jpg,FracAtlas,PAT_FA_01089,0,0,leg,0,1,373,454,3,318fa5a9e439e9d04ca1b962aa1360d8,train
IMG0002180.jpg,D:\projects\MediMind\ai-prediction-service\test-dataset\Bone Facture\FracAtlas\FracAtlas\images\Fractured\IMG0002180.jpg,images\Fractured\IMG0002180.jpg,FracAtlas,PAT_FA_01090,1,1,hip,0,0,373,454,3,1a0d13ffa4cd0340db182390568f7b9e,train
IMG0002181.jpg,D:\projects\MediMind\ai-prediction-service\test-dataset\Bone Facture\FracAtlas\FracAtlas\images\Fractured\IMG0002181.jpg,images\Fractured\IMG0002181.jpg,FracAtlas,PAT_FA_01090,1,1,hand,0,1,373,454,3,a3c6ebe77940a9b33b1d9b23df8fe148,train
IMG0002182.jpg,D:\projects\MediMind\ai-prediction-service\test-dataset\Bone Facture\FracAtlas\FracAtlas\images\Non_fractured\IMG0002182.jpg,images\Non_fractured\IMG0002182.jpg,FracAtlas,PAT_FA_01091,0,0,leg,0,1,454,373,3,6fd23a758ddfdb0a8e176c9823dd498b,train
IMG0002183.jpg,D:\projects\MediMind\ai-prediction-service\test-dataset\Bone Facture\FracAtlas\FracAtlas\images\Non_fractured\IMG0002183.jpg,images\Non_fractured\IMG0002183.jpg,FracAtlas,PAT_FA_01091,0,0,leg,0,1,373,454,3,72bdee66cdbdc81d2e6db1fb14d8834e,train
IMG0002184.jpg,D:\projects\MediMind\ai-prediction-service\test-dataset\Bone Facture\FracAtlas\FracAtlas\images\Non_fractured\IMG0002184.jpg,images\Non_fractured\IMG0002184.jpg,FracAtlas,PAT_FA_01092,0,0,leg,0,1,373,454,3,99b26335a69e966ab05ed36d461e0f7a,train
IMG0002185.jpg,D:\projects\MediMind\ai-prediction-service\test-dataset\Bone Facture\FracAtlas\FracAtlas\images\Non_fractured\IMG0002185.jpg,images\Non_fractured\IMG0002185.jpg,FracAtlas,PAT_FA_01092,0,0,leg,0,1,373,454,3,671744007aa7c28c1a26597eef1988e8,train
IMG0002186.jpg,D:\projects\MediMind\ai-prediction-service\test-dataset\Bone Facture\FracAtlas\FracAtlas\images\Non_fractured\IMG0002186.jpg,images\Non_fractured\IMG0002186.jpg,FracAtlas,PAT_FA_01093,0,0,leg,0,1,454,373,3,262d22cda6019da209bc296f16c5bf5c,train
IMG0002187.jpg,D:\projects\MediMind\ai-prediction-service\test-dataset\Bone Facture\FracAtlas\FracAtlas\images\Non_fractured\IMG0002187.jpg,images\Non_fractured\IMG0002187.jpg,FracAtlas,PAT_FA_01093,0,0,leg,0,1,373,454,3,836b3d5a963975961b7e913460456674,train
IMG0002192.jpg,D:\projects\MediMind\ai-prediction-service\test-dataset\Bone Facture\FracAtlas\FracAtlas\images\Non_fractured\IMG0002192.jpg,images\Non_fractured\IMG0002192.jpg,FracAtlas,PAT_FA_01096,0,0,leg,0,1,373,454,3,f56b11780ef5b0324012df97c68c2f78,train
IMG0002193.jpg,D:\projects\MediMind\ai-prediction-service\test-dataset\Bone Facture\FracAtlas\FracAtlas\images\Non_fractured\IMG0002193.jpg,images\Non_fractured\IMG0002193.jpg,FracAtlas,PAT_FA_01096,0,0,hand,0,0,373,454,1,d97a3486658d7309cc6c21d39f1f5c6c,train
IMG0002194.jpg,D:\projects\MediMind\ai-prediction-service\test-dataset\Bone Facture\FracAtlas\FracAtlas\images\Non_fractured\IMG0002194.jpg,images\Non_fractured\IMG0002194.jpg,FracAtlas,PAT_FA_01097,0,0,hand,0,1,373,454,3,ee39e94ae64990695f24a2da87f06169,train
IMG0002195.jpg,D:\projects\MediMind\ai-prediction-service\test-dataset\Bone Facture\FracAtlas\FracAtlas\images\Non_fractured\IMG0002195.jpg,images\Non_fractured\IMG0002195.jpg,FracAtlas,PAT_FA_01097,0,0,leg,0,1,373,454,3,ed633c3ed1352544624d0c7c6bf4c075,train
IMG0002196.jpg,D:\projects\MediMind\ai-prediction-service\test-dataset\Bone Facture\FracAtlas\FracAtlas\images\Non_fractured\IMG0002196.jpg,images\Non_fractured\IMG0002196.jpg,FracAtlas,PAT_FA_01098,0,0,leg,0,0,373,454,1,daf068f4799db8982ec812e15354107c,train
IMG0002197.jpg,D:\projects\MediMind\ai-prediction-service\test-dataset\Bone Facture\FracAtlas\FracAtlas\images\Non_fractured\IMG0002197.jpg,images\Non_fractured\IMG0002197.jpg,FracAtlas,PAT_FA_01098,0,0,hip,0,0,373,454,3,a7e7ad2c1139c9744dab66d57479f366,train
IMG0002198.jpg,D:\projects\MediMind\ai-prediction-service\test-dataset\Bone Facture\FracAtlas\FracAtlas\images\Non_fractured\IMG0002198.jpg,images\Non_fractured\IMG0002198.jpg,FracAtlas,PAT_FA_01099,0,0,hand,0,0,373,454,3,5e55f0386233ec24fc43140822cd1958,train
IMG0002199.jpg,D:\projects\MediMind\ai-prediction-service\test-dataset\Bone Facture\FracAtlas\FracAtlas\images\Non_fractured\IMG0002199.jpg,images\Non_fractured\IMG0002199.jpg,FracAtlas,PAT_FA_01099,0,0,leg,0,1,454,373,3,0647a832f81893e8cf5bd96da5d046ec,train
IMG0002200.jpg,D:\projects\MediMind\ai-prediction-service\test-dataset\Bone Facture\FracAtlas\FracAtlas\images\Non_fractured\IMG0002200.jpg,images\Non_fractured\IMG0002200.jpg,FracAtlas,PAT_FA_01100,0,0,leg,0,1,454,373,3,b2470cca95e6c07abdac6363e16800c7,train
IMG0002201.jpg,D:\projects\MediMind\ai-prediction-service\test-dataset\Bone Facture\FracAtlas\FracAtlas\images\Non_fractured\IMG0002201.jpg,images\Non_fractured\IMG0002201.jpg,FracAtlas,PAT_FA_01100,0,0,leg,0,0,454,373,3,e437415690ad549f4058108d86f556f5,train
IMG0002202.jpg,D:\projects\MediMind\ai-prediction-service\test-dataset\Bone Facture\FracAtlas\FracAtlas\images\Non_fractured\IMG0002202.jpg,images\Non_fractured\IMG0002202.jpg,FracAtlas,PAT_FA_01101,0,0,leg,0,1,454,373,3,a962e5ae5d386f4708ebb6a2c3ee9bf9,train
IMG0002203.jpg,D:\projects\MediMind\ai-prediction-service\test-dataset\Bone Facture\FracAtlas\FracAtlas\images\Non_fractured\IMG0002203.jpg,images\Non_fractured\IMG0002203.jpg,FracAtlas,PAT_FA_01101,0,0,leg,0,1,373,454,3,906a32ec5976492bcb1f8d82b2e93e6a,train
IMG0002204.jpg,D:\projects\MediMind\ai-prediction-service\test-dataset\Bone Facture\FracAtlas\FracAtlas\images\Non_fractured\IMG0002204.jpg,images\Non_fractured\IMG0002204.jpg,FracAtlas,PAT_FA_01102,0,0,leg,0,1,373,454,3,0bd53dc9a4a4c2ee2249f86686d6b01b,train
IMG0002205.jpg,D:\projects\MediMind\ai-prediction-service\test-dataset\Bone Facture\FracAtlas\FracAtlas\images\Non_fractured\IMG0002205.jpg,images\Non_fractured\IMG0002205.jpg,FracAtlas,PAT_FA_01102,0,0,hand,0,1,373,454,1,001305dec92e7cc4cdee16e9859ed784,train
IMG0002206.jpg,D:\projects\MediMind\ai-prediction-service\test-dataset\Bone Facture\FracAtlas\FracAtlas\images\Non_fractured\IMG0002206.jpg,images\Non_fractured\IMG0002206.jpg,FracAtlas,PAT_FA_01103,0,0,leg,0,1,373,454,3,a398fa27417adad52e96fd2ce10a2f68,train
IMG0002207.jpg,D:\projects\MediMind\ai-prediction-service\test-dataset\Bone Facture\FracAtlas\FracAtlas\images\Non_fractured\IMG0002207.jpg,images\Non_fractured\IMG0002207.jpg,FracAtlas,PAT_FA_01103,0,0,leg,0,1,454,454,3,6c24549994e6063c25bfebf06d07ef54,train
IMG0002208.jpg,D:\projects\MediMind\ai-prediction-service\test-dataset\Bone Facture\FracAtlas\FracAtlas\images\Fractured\IMG0002208.jpg,images\Fractured\IMG0002208.jpg,FracAtlas,PAT_FA_01104,1,1,hand,0,1,373,454,3,630b3b87acace392fcfae56f2329406f,train
IMG0002209.jpg,D:\projects\MediMind\ai-prediction-service\test-dataset\Bone Facture\FracAtlas\FracAtlas\images\Non_fractured\IMG0002209.jpg,images\Non_fractured\IMG0002209.jpg,FracAtlas,PAT_FA_01104,0,0,hand,0,1,373,454,3,5068bcb8fe0bb743ddf16fe18a859034,train
IMG0002210.jpg,D:\projects\MediMind\ai-prediction-service\test-dataset\Bone Facture\FracAtlas\FracAtlas\images\Non_fractured\IMG0002210.jpg,images\Non_fractured\IMG0002210.jpg,FracAtlas,PAT_FA_01105,0,0,hand,0,0,373,454,3,105539ee95e52f7a0ed00faab574c923,train
IMG0002211.jpg,D:\projects\MediMind\ai-prediction-service\test-dataset\Bone Facture\FracAtlas\FracAtlas\images\Non_fractured\IMG0002211.jpg,images\Non_fractured\IMG0002211.jpg,FracAtlas,PAT_FA_01105,0,0,leg,0,1,373,454,3,274502dfe1f18efb6aff3619fae78fce,train
IMG0002216.jpg,D:\projects\MediMind\ai-prediction-service\test-dataset\Bone Facture\FracAtlas\FracAtlas\images\Non_fractured\IMG0002216.jpg,images\Non_fractured\IMG0002216.jpg,FracAtlas,PAT_FA_01108,0,0,hand,0,0,373,454,3,9671bcf896dd76d50cfe3e3d94e8791c,train
IMG0002217.jpg,D:\projects\MediMind\ai-prediction-service\test-dataset\Bone Facture\FracAtlas\FracAtlas\images\Non_fractured\IMG0002217.jpg,images\Non_fractured\IMG0002217.jpg,FracAtlas,PAT_FA_01108,0,0,leg,0,1,373,454,3,7631cfff645c8e923678cefa97ed7252,train
IMG0002218.jpg,D:\projects\MediMind\ai-prediction-service\test-dataset\Bone Facture\FracAtlas\FracAtlas\images\Non_fractured\IMG0002218.jpg,images\Non_fractured\IMG0002218.jpg,FracAtlas,PAT_FA_01109,0,0,hand,0,1,373,454,3,30ab1f7e2d87a80a02608e0921eb0ae1,train
IMG0002219.jpg,D:\projects\MediMind\ai-prediction-service\test-dataset\Bone Facture\FracAtlas\FracAtlas\images\Non_fractured\IMG0002219.jpg,images\Non_fractured\IMG0002219.jpg,FracAtlas,PAT_FA_01109,0,0,hand,0,1,373,454,1,e6dadf352f7050854f7d846b8e143266,train
IMG0002224.jpg,D:\projects\MediMind\ai-prediction-service\test-dataset\Bone Facture\FracAtlas\FracAtlas\images\Non_fractured\IMG0002224.jpg,images\Non_fractured\IMG0002224.jpg,FracAtlas,PAT_FA_01112,0,0,hand,0,0,373,454,3,c2d6bc60857332da4b2a701a0af649be,train
IMG0002225.jpg,D:\projects\MediMind\ai-prediction-service\test-dataset\Bone Facture\FracAtlas\FracAtlas\images\Fractured\IMG0002225.jpg,images\Fractured\IMG0002225.jpg,FracAtlas,PAT_FA_01112,1,1,hand,0,1,373,454,1,d021b94b114d78dcaeb210bb8e608ba2,train
IMG0002226.jpg,D:\projects\MediMind\ai-prediction-service\test-dataset\Bone Facture\FracAtlas\FracAtlas\images\Non_fractured\IMG0002226.jpg,images\Non_fractured\IMG0002226.jpg,FracAtlas,PAT_FA_01113,0,0,hand,0,1,373,454,1,b6ce055e58e83a15f831550e1f786049,train
IMG0002227.jpg,D:\projects\MediMind\ai-prediction-service\test-dataset\Bone Facture\FracAtlas\FracAtlas\images\Non_fractured\IMG0002227.jpg,images\Non_fractured\IMG0002227.jpg,FracAtlas,PAT_FA_01113,0,0,leg,0,1,373,454,3,017589b558c3b51d378782379d422d75,train
IMG0002228.jpg,D:\projects\MediMind\ai-prediction-service\test-dataset\Bone Facture\FracAtlas\FracAtlas\images\Non_fractured\IMG0002228.jpg,images\Non_fractured\IMG0002228.jpg,FracAtlas,PAT_FA_01114,0,0,leg,0,1,454,373,3,01dc8d6d25a5069dad98b8ceeb25d751,train
IMG0002229.jpg,D:\projects\MediMind\ai-prediction-service\test-dataset\Bone Facture\FracAtlas\FracAtlas\images\Non_fractured\IMG0002229.jpg,images\Non_fractured\IMG0002229.jpg,FracAtlas,PAT_FA_01114,0,0,leg,0,1,373,454,1,57187bc2ad50e7d01acb9f7cd0c18369,train
IMG0002230.jpg,D:\projects\MediMind\ai-prediction-service\test-dataset\Bone Facture\FracAtlas\FracAtlas\images\Non_fractured\IMG0002230.jpg,images\Non_fractured\IMG0002230.jpg,FracAtlas,PAT_FA_01115,0,0,hand,0,1,373,454,1,fc6c6f415384655c8d8ecea3495c0620,train
IMG0002231.jpg,D:\projects\MediMind\ai-prediction-service\test-dataset\Bone Facture\FracAtlas\FracAtlas\images\Non_fractured\IMG0002231.jpg,images\Non_fractured\IMG0002231.jpg,FracAtlas,PAT_FA_01115,0,0,leg,0,1,373,454,3,32b30d8bd54cb4485c75db24f867ce10,train
IMG0002232.jpg,D:\projects\MediMind\ai-prediction-service\test-dataset\Bone Facture\FracAtlas\FracAtlas\images\Non_fractured\IMG0002232.jpg,images\Non_fractured\IMG0002232.jpg,FracAtlas,PAT_FA_01116,0,0,leg,0,0,373,454,3,b77af62ec5762722f8ecee46510069aa,train
IMG0002233.jpg,D:\projects\MediMind\ai-prediction-service\test-dataset\Bone Facture\FracAtlas\FracAtlas\images\Non_fractured\IMG0002233.jpg,images\Non_fractured\IMG0002233.jpg,FracAtlas,PAT_FA_01116,0,0,leg,0,1,454,373,3,8b46531a52ac7ccf1849af472f615d0d,train
IMG0002234.jpg,D:\projects\MediMind\ai-prediction-service\test-dataset\Bone Facture\FracAtlas\FracAtlas\images\Non_fractured\IMG0002234.jpg,images\Non_fractured\IMG0002234.jpg,FracAtlas,PAT_FA_01117,0,0,leg,0,1,454,373,3,09fe6193467be09e76898632e6f8941b,train
IMG0002235.jpg,D:\projects\MediMind\ai-prediction-service\test-dataset\Bone Facture\FracAtlas\FracAtlas\images\Non_fractured\IMG0002235.jpg,images\Non_fractured\IMG0002235.jpg,FracAtlas,PAT_FA_01117,0,0,leg,0,1,373,454,1,03f2ef753f3591afc9f10fe65f8abc1b,train
IMG0002240.jpg,D:\projects\MediMind\ai-prediction-service\test-dataset\Bone Facture\FracAtlas\FracAtlas\images\Non_fractured\IMG0002240.jpg,images\Non_fractured\IMG0002240.jpg,FracAtlas,PAT_FA_01120,0,0,leg,0,1,373,454,1,4893f7926804988f003af9adc3bc00c8,train
IMG0002241.jpg,D:\projects\MediMind\ai-prediction-service\test-dataset\Bone Facture\FracAtlas\FracAtlas\images\Non_fractured\IMG0002241.jpg,images\Non_fractured\IMG0002241.jpg,FracAtlas,PAT_FA_01120,0,0,leg,0,0,373,454,3,62293fffbb7a26fec3e178041ed6004d,train
IMG0002242.jpg,D:\projects\MediMind\ai-prediction-service\test-dataset\Bone Facture\FracAtlas\FracAtlas\images\Non_fractured\IMG0002242.jpg,images\Non_fractured\IMG0002242.jpg,FracAtlas,PAT_FA_01121,0,0,hand,0,1,373,454,3,1d24ace5bfcbe069bbe61fed9a73cbc6,train
IMG0002243.jpg,D:\projects\MediMind\ai-prediction-service\test-dataset\Bone Facture\FracAtlas\FracAtlas\images\Non_fractured\IMG0002243.jpg,images\Non_fractured\IMG0002243.jpg,FracAtlas,PAT_FA_01121,0,0,leg,0,0,373,454,1,dd6cbf782a1481d53976c96977152f01,train
IMG0002244.jpg,D:\projects\MediMind\ai-prediction-service\test-dataset\Bone Facture\FracAtlas\FracAtlas\images\Non_fractured\IMG0002244.jpg,images\Non_fractured\IMG0002244.jpg,FracAtlas,PAT_FA_01122,0,0,hip,0,0,373,454,3,eaa6c0cb9316713e6e8a4900063e8611,train
IMG0002245.jpg,D:\projects\MediMind\ai-prediction-service\test-dataset\Bone Facture\FracAtlas\FracAtlas\images\Non_fractured\IMG0002245.jpg,images\Non_fractured\IMG0002245.jpg,FracAtlas,PAT_FA_01122,0,0,leg,0,1,373,454,1,0c853059eca558ab2d55c5ee222206be,train
IMG0002246.jpg,D:\projects\MediMind\ai-prediction-service\test-dataset\Bone Facture\FracAtlas\FracAtlas\images\Non_fractured\IMG0002246.jpg,images\Non_fractured\IMG0002246.jpg,FracAtlas,PAT_FA_01123,0,0,hip,0,0,373,454,3,9127a7f79d0d34db3910424c5cdf8ea3,train
IMG0002247.jpg,D:\projects\MediMind\ai-prediction-service\test-dataset\Bone Facture\FracAtlas\FracAtlas\images\Non_fractured\IMG0002247.jpg,images\Non_fractured\IMG0002247.jpg,FracAtlas,PAT_FA_01123,0,0,leg,0,1,373,454,1,23821b12663a744b0c6b7541a3eb37aa,train
IMG0002250.jpg,D:\projects\MediMind\ai-prediction-service\test-dataset\Bone Facture\FracAtlas\FracAtlas\images\Non_fractured\IMG0002250.jpg,images\Non_fractured\IMG0002250.jpg,FracAtlas,PAT_FA_01125,0,0,leg,0,1,454,373,3,7bcbdabaf5953b4e02fb5e75f590fb89,train
IMG0002251.jpg,D:\projects\MediMind\ai-prediction-service\test-dataset\Bone Facture\FracAtlas\FracAtlas\images\Non_fractured\IMG0002251.jpg,images\Non_fractured\IMG0002251.jpg,FracAtlas,PAT_FA_01125,0,0,leg,0,0,373,454,1,fe0fadf1e3b7108cb8cf3bb2aeaed17a,train
IMG0002252.jpg,D:\projects\MediMind\ai-prediction-service\test-dataset\Bone Facture\FracAtlas\FracAtlas\images\Non_fractured\IMG0002252.jpg,images\Non_fractured\IMG0002252.jpg,FracAtlas,PAT_FA_01126,0,0,leg,0,1,373,454,3,e4d14a77377555e1f499c9c42dfed1e5,train
IMG0002253.jpg,D:\projects\MediMind\ai-prediction-service\test-dataset\Bone Facture\FracAtlas\FracAtlas\images\Non_fractured\IMG0002253.jpg,images\Non_fractured\IMG0002253.jpg,FracAtlas,PAT_FA_01126,0,0,leg,0,1,454,373,3,2d35bae4b76b6a7cbd644825bb0eec47,train
IMG0002258.jpg,D:\projects\MediMind\ai-prediction-service\test-dataset\Bone Facture\FracAtlas\FracAtlas\images\Non_fractured\IMG0002258.jpg,images\Non_fractured\IMG0002258.jpg,FracAtlas,PAT_FA_01129,0,0,leg,0,0,373,454,1,f3b952bc4fb7003b9c5f056f09e2b482,train
IMG0002259.jpg,D:\projects\MediMind\ai-prediction-service\test-dataset\Bone Facture\FracAtlas\FracAtlas\images\Non_fractured\IMG0002259.jpg,images\Non_fractured\IMG0002259.jpg,FracAtlas,PAT_FA_01129,0,0,hand,0,1,454,373,3,e52dc20c96e8553bfd61739640ffd61d,train
IMG0002264.jpg,D:\projects\MediMind\ai-prediction-service\test-dataset\Bone Facture\FracAtlas\FracAtlas\images\Non_fractured\IMG0002264.jpg,images\Non_fractured\IMG0002264.jpg,FracAtlas,PAT_FA_01132,0,0,leg,0,1,373,454,3,f77057c6243567b9b606b45b75335b60,train
IMG0002265.jpg,D:\projects\MediMind\ai-prediction-service\test-dataset\Bone Facture\FracAtlas\FracAtlas\images\Fractured\IMG0002265.jpg,images\Fractured\IMG0002265.jpg,FracAtlas,PAT_FA_01132,1,1,hand,0,1,454,373,3,7d1c287ec15c1d4db63ea08959055360,train
IMG0002270.jpg,D:\projects\MediMind\ai-prediction-service\test-dataset\Bone Facture\FracAtlas\FracAtlas\images\Non_fractured\IMG0002270.jpg,images\Non_fractured\IMG0002270.jpg,FracAtlas,PAT_FA_01135,0,0,leg,0,1,373,454,3,0fe7c11b3ce3b3973c99a9f9e7cc613a,train
IMG0002271.jpg,D:\projects\MediMind\ai-prediction-service\test-dataset\Bone Facture\FracAtlas\FracAtlas\images\Non_fractured\IMG0002271.jpg,images\Non_fractured\IMG0002271.jpg,FracAtlas,PAT_FA_01135,0,0,leg,0,1,373,454,3,df81a54ddcef2de8663a694bd086f7be,train
IMG0002272.jpg,D:\projects\MediMind\ai-prediction-service\test-dataset\Bone Facture\FracAtlas\FracAtlas\images\Fractured\IMG0002272.jpg,images\Fractured\IMG0002272.jpg,FracAtlas,PAT_FA_01136,1,1,hand,0,1,373,454,3,819413c2b3448c809d5001555a7f18d3,train
IMG0002273.jpg,D:\projects\MediMind\ai-prediction-service\test-dataset\Bone Facture\FracAtlas\FracAtlas\images\Non_fractured\IMG0002273.jpg,images\Non_fractured\IMG0002273.jpg,FracAtlas,PAT_FA_01136,0,0,hand,0,1,373,454,3,b3023f469548a0bd6f67eec595f6161f,train
IMG0002274.jpg,D:\projects\MediMind\ai-prediction-service\test-dataset\Bone Facture\FracAtlas\FracAtlas\images\Fractured\IMG0002274.jpg,images\Fractured\IMG0002274.jpg,FracAtlas,PAT_FA_01137,1,1,hand,0,1,373,454,3,d938987c68300d409597c0f79e77f8c7,train
IMG0002275.jpg,D:\projects\MediMind\ai-prediction-service\test-dataset\Bone Facture\FracAtlas\FracAtlas\images\Non_fractured\IMG0002275.jpg,images\Non_fractured\IMG0002275.jpg,FracAtlas,PAT_FA_01137,0,0,leg,0,0,373,454,1,a4b4625d21b3105e164388dae8fe3f0c,train
IMG0002282.jpg,D:\projects\MediMind\ai-prediction-service\test-dataset\Bone Facture\FracAtlas\FracAtlas\images\Non_fractured\IMG0002282.jpg,images\Non_fractured\IMG0002282.jpg,FracAtlas,PAT_FA_01141,0,0,hand,0,1,454,373,3,2f27f71bde19f672e668329e0fd2bd67,train
IMG0002283.jpg,D:\projects\MediMind\ai-prediction-service\test-dataset\Bone Facture\FracAtlas\FracAtlas\images\Non_fractured\IMG0002283.jpg,images\Non_fractured\IMG0002283.jpg,FracAtlas,PAT_FA_01141,0,0,hand,0,1,454,373,3,5ec4f24fb7e7cb741fdbaa0cc03c149b,train
IMG0002284.jpg,D:\projects\MediMind\ai-prediction-service\test-dataset\Bone Facture\FracAtlas\FracAtlas\images\Non_fractured\IMG0002284.jpg,images\Non_fractured\IMG0002284.jpg,FracAtlas,PAT_FA_01142,0,0,hand,0,0,373,454,3,6ae15906cb6112d4020c863c0aec0cdf,train
IMG0002285.jpg,D:\projects\MediMind\ai-prediction-service\test-dataset\Bone Facture\FracAtlas\FracAtlas\images\Non_fractured\IMG0002285.jpg,images\Non_fractured\IMG0002285.jpg,FracAtlas,PAT_FA_01142,0,0,hand,0,1,373,454,3,42770207ca773f667c8a81e35bfc7291,train
IMG0002288.jpg,D:\projects\MediMind\ai-prediction-service\test-dataset\Bone Facture\FracAtlas\FracAtlas\images\Non_fractured\IMG0002288.jpg,images\Non_fractured\IMG0002288.jpg,FracAtlas,PAT_FA_01144,0,0,leg,0,0,373,454,3,8439fd1ea35880bddef210341d3de8be,train
IMG0002289.jpg,D:\projects\MediMind\ai-prediction-service\test-dataset\Bone Facture\FracAtlas\FracAtlas\images\Non_fractured\IMG0002289.jpg,images\Non_fractured\IMG0002289.jpg,FracAtlas,PAT_FA_01144,0,0,leg,0,0,373,454,3,c7da6761aa8aa18c047326b8e351d7d8,train
IMG0002298.jpg,D:\projects\MediMind\ai-prediction-service\test-dataset\Bone Facture\FracAtlas\FracAtlas\images\Fractured\IMG0002298.jpg,images\Fractured\IMG0002298.jpg,FracAtlas,PAT_FA_01149,1,1,hand,0,1,1760,2140,3,8a8e670ea41acaada738e069abaf5d62,train
IMG0002301.jpg,D:\projects\MediMind\ai-prediction-service\test-dataset\Bone Facture\FracAtlas\FracAtlas\images\Fractured\IMG0002301.jpg,images\Fractured\IMG0002301.jpg,FracAtlas,PAT_FA_01150,1,1,leg,0,1,1760,2140,3,d137a0c54bcd128e5d3a79350ebcd013,train
IMG0002304.jpg,D:\projects\MediMind\ai-prediction-service\test-dataset\Bone Facture\FracAtlas\FracAtlas\images\Fractured\IMG0002304.jpg,images\Fractured\IMG0002304.jpg,FracAtlas,PAT_FA_01152,1,1,shoulder,0,0,2304,2880,1,2685017cf632c64142245d362ce1145d,train
IMG0002305.jpg,D:\projects\MediMind\ai-prediction-service\test-dataset\Bone Facture\FracAtlas\FracAtlas\images\Fractured\IMG0002305.jpg,images\Fractured\IMG0002305.jpg,FracAtlas,PAT_FA_01152,1,1,shoulder,0,0,2304,2880,1,fd3ac9d893e6fe626a56e12947ce313c,train
IMG0002306.jpg,D:\projects\MediMind\ai-prediction-service\test-dataset\Bone Facture\FracAtlas\FracAtlas\images\Fractured\IMG0002306.jpg,images\Fractured\IMG0002306.jpg,FracAtlas,PAT_FA_01153,1,1,shoulder,0,0,2304,2880,1,bef8a262e0bd745438b57e28a4a16823,train
IMG0002307.jpg,D:\projects\MediMind\ai-prediction-service\test-dataset\Bone Facture\FracAtlas\FracAtlas\images\Fractured\IMG0002307.jpg,images\Fractured\IMG0002307.jpg,FracAtlas,PAT_FA_01153,1,1,leg,0,0,2304,2880,1,3db3ed851165b6386b9e74a632e54ae4,train
IMG0002308.jpg,D:\projects\MediMind\ai-prediction-service\test-dataset\Bone Facture\FracAtlas\FracAtlas\images\Fractured\IMG0002308.jpg,images\Fractured\IMG0002308.jpg,FracAtlas,PAT_FA_01154,1,1,leg,0,0,2304,2880,1,68c833c306cf6f5b805a44668c9dfc41,train
IMG0002309.jpg,D:\projects\MediMind\ai-prediction-service\test-dataset\Bone Facture\FracAtlas\FracAtlas\images\Fractured\IMG0002309.jpg,images\Fractured\IMG0002309.jpg,FracAtlas,PAT_FA_01154,1,1,hand,0,0,2304,2880,1,eb04b6bdb9db4e6f138f4ebd6f34c34f,train
IMG0002310.jpg,D:\projects\MediMind\ai-prediction-service\test-dataset\Bone Facture\FracAtlas\FracAtlas\images\Fractured\IMG0002310.jpg,images\Fractured\IMG0002310.jpg,FracAtlas,PAT_FA_01155,1,1,hand,0,0,2880,2304,1,30ade145e2237767bba5fee091d6939f,train
IMG0002311.jpg,D:\projects\MediMind\ai-prediction-service\test-dataset\Bone Facture\FracAtlas\FracAtlas\images\Fractured\IMG0002311.jpg,images\Fractured\IMG0002311.jpg,FracAtlas,PAT_FA_01155,1,1,hand,0,0,2304,2880,1,2efde272dee92c8e8c41288669a6701d,train
IMG0002312.jpg,D:\projects\MediMind\ai-prediction-service\test-dataset\Bone Facture\FracAtlas\FracAtlas\images\Fractured\IMG0002312.jpg,images\Fractured\IMG0002312.jpg,FracAtlas,PAT_FA_01156,1,1,hand,0,0,2304,2880,1,43f089c8bd112f55fb2eaf21d241709e,train
IMG0002313.jpg,D:\projects\MediMind\ai-prediction-service\test-dataset\Bone Facture\FracAtlas\FracAtlas\images\Fractured\IMG0002313.jpg,images\Fractured\IMG0002313.jpg,FracAtlas,PAT_FA_01156,1,1,hand,0,0,2304,2880,1,c5ddc7b8764d9aac7e29ef1eac72756a,train
IMG0002314.jpg,D:\projects\MediMind\ai-prediction-service\test-dataset\Bone Facture\FracAtlas\FracAtlas\images\Fractured\IMG0002314.jpg,images\Fractured\IMG0002314.jpg,FracAtlas,PAT_FA_01157,1,1,hand,0,0,1727,2049,3,b08e8262e9336fecfc800603670271b1,train
IMG0002315.jpg,D:\projects\MediMind\ai-prediction-service\test-dataset\Bone Facture\FracAtlas\FracAtlas\images\Fractured\IMG0002315.jpg,images\Fractured\IMG0002315.jpg,FracAtlas,PAT_FA_01157,1,1,hand,0,0,2304,2880,1,df221e74edff46997a92bc10018a3299,train
IMG0002316.jpg,D:\projects\MediMind\ai-prediction-service\test-dataset\Bone Facture\FracAtlas\FracAtlas\images\Fractured\IMG0002316.jpg,images\Fractured\IMG0002316.jpg,FracAtlas,PAT_FA_01158,1,1,hand,0,0,2304,2880,1,86b173103fd04d09a3e67099b4030376,train
IMG0002317.jpg,D:\projects\MediMind\ai-prediction-service\test-dataset\Bone Facture\FracAtlas\FracAtlas\images\Fractured\IMG0002317.jpg,images\Fractured\IMG0002317.jpg,FracAtlas,PAT_FA_01158,1,1,hand,0,0,2304,2880,1,10e80297ae1863cb76762c29dc597600,train
IMG0002318.jpg,D:\projects\MediMind\ai-prediction-service\test-dataset\Bone Facture\FracAtlas\FracAtlas\images\Fractured\IMG0002318.jpg,images\Fractured\IMG0002318.jpg,FracAtlas,PAT_FA_01159,1,1,hand,0,0,2304,2880,1,b4fa3022f9ce550d9a36993043ecf691,train
IMG0002319.jpg,D:\projects\MediMind\ai-prediction-service\test-dataset\Bone Facture\FracAtlas\FracAtlas\images\Fractured\IMG0002319.jpg,images\Fractured\IMG0002319.jpg,FracAtlas,PAT_FA_01159,1,1,hand,0,0,2304,2880,1,9200af2b52a168ac4770aec2bb735fd8,train
IMG0002320.jpg,D:\projects\MediMind\ai-prediction-service\test-dataset\Bone Facture\FracAtlas\FracAtlas\images\Fractured\IMG0002320.jpg,images\Fractured\IMG0002320.jpg,FracAtlas,PAT_FA_01160,1,1,leg,0,0,2304,2880,1,034776ea61d5fe98df24e342e3bd9e03,train
IMG0002321.jpg,D:\projects\MediMind\ai-prediction-service\test-dataset\Bone Facture\FracAtlas\FracAtlas\images\Fractured\IMG0002321.jpg,images\Fractured\IMG0002321.jpg,FracAtlas,PAT_FA_01160,1,1,leg,0,0,2304,2880,1,6041d88024793b66bb57e237222de264,train
IMG0002324.jpg,D:\projects\MediMind\ai-prediction-service\test-dataset\Bone Facture\FracAtlas\FracAtlas\images\Fractured\IMG0002324.jpg,images\Fractured\IMG0002324.jpg,FracAtlas,PAT_FA_01162,1,1,hand,0,0,2304,2880,1,926af52c850d335c8ce20715cdf1fcda,train
IMG0002325.jpg,D:\projects\MediMind\ai-prediction-service\test-dataset\Bone Facture\FracAtlas\FracAtlas\images\Fractured\IMG0002325.jpg,images\Fractured\IMG0002325.jpg,FracAtlas,PAT_FA_01162,1,1,hand,0,0,2304,2880,1,dde36c705236b022060d4be377afeaff,train
IMG0002326.jpg,D:\projects\MediMind\ai-prediction-service\test-dataset\Bone Facture\FracAtlas\FracAtlas\images\Fractured\IMG0002326.jpg,images\Fractured\IMG0002326.jpg,FracAtlas,PAT_FA_01163,1,1,hand,0,0,2304,2880,1,c2d5372ad841047704a2bf91fb041236,train
IMG0002327.jpg,D:\projects\MediMind\ai-prediction-service\test-dataset\Bone Facture\FracAtlas\FracAtlas\images\Fractured\IMG0002327.jpg,images\Fractured\IMG0002327.jpg,FracAtlas,PAT_FA_01163,1,1,hand,0,0,2304,2880,1,d6d47fc4654a25a379c7389dca828929,train
IMG0002328.jpg,D:\projects\MediMind\ai-prediction-service\test-dataset\Bone Facture\FracAtlas\FracAtlas\images\Fractured\IMG0002328.jpg,images\Fractured\IMG0002328.jpg,FracAtlas,PAT_FA_01164,1,1,hand,0,0,2304,2880,1,80a2bf586a7e8bddfd45ca07b577547c,train
IMG0002329.jpg,D:\projects\MediMind\ai-prediction-service\test-dataset\Bone Facture\FracAtlas\FracAtlas\images\Fractured\IMG0002329.jpg,images\Fractured\IMG0002329.jpg,FracAtlas,PAT_FA_01164,1,1,hand,0,0,2304,2880,1,d23c3d9131c978a40ec0cf1dba80dfaa,train
IMG0002332.jpg,D:\projects\MediMind\ai-prediction-service\test-dataset\Bone Facture\FracAtlas\FracAtlas\images\Fractured\IMG0002332.jpg,images\Fractured\IMG0002332.jpg,FracAtlas,PAT_FA_01166,1,1,hand,0,0,2304,2880,1,bdacc5b6c8244be8c3eb3f46e71a166e,train
IMG0002333.jpg,D:\projects\MediMind\ai-prediction-service\test-dataset\Bone Facture\FracAtlas\FracAtlas\images\Fractured\IMG0002333.jpg,images\Fractured\IMG0002333.jpg,FracAtlas,PAT_FA_01166,1,1,hand,0,0,2304,2880,1,a00f9dc59be5fcf2acf8883f21c259b5,train
IMG0002334.jpg,D:\projects\MediMind\ai-prediction-service\test-dataset\Bone Facture\FracAtlas\FracAtlas\images\Fractured\IMG0002334.jpg,images\Fractured\IMG0002334.jpg,FracAtlas,PAT_FA_01167,1,1,hand,0,0,2304,2880,1,7d4e40a55eff67b09819064cca9cb95b,train
IMG0002335.jpg,D:\projects\MediMind\ai-prediction-service\test-dataset\Bone Facture\FracAtlas\FracAtlas\images\Fractured\IMG0002335.jpg,images\Fractured\IMG0002335.jpg,FracAtlas,PAT_FA_01167,1,1,hand,0,0,2304,2880,1,bc3dd6270cb774b3e64573e21cb3e939,train
IMG0002336.jpg,D:\projects\MediMind\ai-prediction-service\test-dataset\Bone Facture\FracAtlas\FracAtlas\images\Fractured\IMG0002336.jpg,images\Fractured\IMG0002336.jpg,FracAtlas,PAT_FA_01168,1,1,hand,0,0,2304,2880,1,461e4025524593a3ec02ec2b76df59ed,train
IMG0002337.jpg,D:\projects\MediMind\ai-prediction-service\test-dataset\Bone Facture\FracAtlas\FracAtlas\images\Fractured\IMG0002337.jpg,images\Fractured\IMG0002337.jpg,FracAtlas,PAT_FA_01168,1,1,hip,0,0,2304,2880,1,320519a1857347c2a7ce746f533b7f32,train
IMG0002338.jpg,D:\projects\MediMind\ai-prediction-service\test-dataset\Bone Facture\FracAtlas\FracAtlas\images\Fractured\IMG0002338.jpg,images\Fractured\IMG0002338.jpg,FracAtlas,PAT_FA_01169,1,1,leg,0,0,2304,2880,1,a8cfbc3caecee9517a9d6dbc9823a44b,train
IMG0002339.jpg,D:\projects\MediMind\ai-prediction-service\test-dataset\Bone Facture\FracAtlas\FracAtlas\images\Fractured\IMG0002339.jpg,images\Fractured\IMG0002339.jpg,FracAtlas,PAT_FA_01169,1,1,leg,0,0,2304,2880,1,3b48d4c1a90cb97d5a1620d0f4d222cd,train
IMG0002340.jpg,D:\projects\MediMind\ai-prediction-service\test-dataset\Bone Facture\FracAtlas\FracAtlas\images\Fractured\IMG0002340.jpg,images\Fractured\IMG0002340.jpg,FracAtlas,PAT_FA_01170,1,1,leg,0,0,2304,2880,1,79860f056f552237e762ad887888d0ec,train
IMG0002341.jpg,D:\projects\MediMind\ai-prediction-service\test-dataset\Bone Facture\FracAtlas\FracAtlas\images\Fractured\IMG0002341.jpg,images\Fractured\IMG0002341.jpg,FracAtlas,PAT_FA_01170,1,1,leg,0,0,2304,2880,1,9399bad0d5bb749ae27420ecb84a28f8,train
IMG0002342.jpg,D:\projects\MediMind\ai-prediction-service\test-dataset\Bone Facture\FracAtlas\FracAtlas\images\Fractured\IMG0002342.jpg,images\Fractured\IMG0002342.jpg,FracAtlas,PAT_FA_01171,1,1,leg,1,0,2304,2880,1,e99abd02bec1414e96ee55296e1351f3,train
IMG0002343.jpg,D:\projects\MediMind\ai-prediction-service\test-dataset\Bone Facture\FracAtlas\FracAtlas\images\Fractured\IMG0002343.jpg,images\Fractured\IMG0002343.jpg,FracAtlas,PAT_FA_01171,1,1,leg,1,0,2304,2880,1,6ab52c33850e6c3a7fb8680065df4728,train
IMG0002344.jpg,D:\projects\MediMind\ai-prediction-service\test-dataset\Bone Facture\FracAtlas\FracAtlas\images\Fractured\IMG0002344.jpg,images\Fractured\IMG0002344.jpg,FracAtlas,PAT_FA_01172,1,1,leg,1,0,2304,2880,1,4db4263c7ded61ebcec02341b705f710,train
IMG0002345.jpg,D:\projects\MediMind\ai-prediction-service\test-dataset\Bone Facture\FracAtlas\FracAtlas\images\Fractured\IMG0002345.jpg,images\Fractured\IMG0002345.jpg,FracAtlas,PAT_FA_01172,1,1,leg,1,0,2304,2880,1,7ebed8516ae8aa00ce48606a8aeb744e,train
IMG0002346.jpg,D:\projects\MediMind\ai-prediction-service\test-dataset\Bone Facture\FracAtlas\FracAtlas\images\Fractured\IMG0002346.jpg,images\Fractured\IMG0002346.jpg,FracAtlas,PAT_FA_01173,1,1,leg,1,0,2304,2880,1,1bc9f361bcf6aa447b56aa26933cccdc,train
IMG0002347.jpg,D:\projects\MediMind\ai-prediction-service\test-dataset\Bone Facture\FracAtlas\FracAtlas\images\Fractured\IMG0002347.jpg,images\Fractured\IMG0002347.jpg,FracAtlas,PAT_FA_01173,1,1,leg,0,0,2304,2880,1,8f2b9c25e26caf4495a76539441e6a6b,train
IMG0002348.jpg,D:\projects\MediMind\ai-prediction-service\test-dataset\Bone Facture\FracAtlas\FracAtlas\images\Fractured\IMG0002348.jpg,images\Fractured\IMG0002348.jpg,FracAtlas,PAT_FA_01174,1,1,leg,0,0,2304,2880,1,f9cab5d41b9dcf1691cf687c29a6118e,train
IMG0002349.jpg,D:\projects\MediMind\ai-prediction-service\test-dataset\Bone Facture\FracAtlas\FracAtlas\images\Fractured\IMG0002349.jpg,images\Fractured\IMG0002349.jpg,FracAtlas,PAT_FA_01174,1,1,hand,0,0,2304,2880,1,e4d1c8da34ea7890267fea5282c27e01,train
IMG0002350.jpg,D:\projects\MediMind\ai-prediction-service\test-dataset\Bone Facture\FracAtlas\FracAtlas\images\Fractured\IMG0002350.jpg,images\Fractured\IMG0002350.jpg,FracAtlas,PAT_FA_01175,1,1,hand,0,0,2304,2880,1,56f8acaa8bb8c33c673dbe09ca89aabd,train
IMG0002351.jpg,D:\projects\MediMind\ai-prediction-service\test-dataset\Bone Facture\FracAtlas\FracAtlas\images\Fractured\IMG0002351.jpg,images\Fractured\IMG0002351.jpg,FracAtlas,PAT_FA_01175,1,1,hand,0,0,2304,2880,1,de1c5a7c6ce22be2271952071cdccfcb,train
IMG0002354.jpg,D:\projects\MediMind\ai-prediction-service\test-dataset\Bone Facture\FracAtlas\FracAtlas\images\Fractured\IMG0002354.jpg,images\Fractured\IMG0002354.jpg,FracAtlas,PAT_FA_01177,1,1,hand,0,0,2304,2880,1,de60e0e22d88f29f71cab1543a31ff42,train
IMG0002355.jpg,D:\projects\MediMind\ai-prediction-service\test-dataset\Bone Facture\FracAtlas\FracAtlas\images\Fractured\IMG0002355.jpg,images\Fractured\IMG0002355.jpg,FracAtlas,PAT_FA_01177,1,1,hand,0,0,2304,2880,1,19d3284a5a7026816044c9e854b5683a,train
IMG0002360.jpg,D:\projects\MediMind\ai-prediction-service\test-dataset\Bone Facture\FracAtlas\FracAtlas\images\Fractured\IMG0002360.jpg,images\Fractured\IMG0002360.jpg,FracAtlas,PAT_FA_01180,1,1,hand,0,0,2304,2880,1,76673d7b400074b5ab30d3bf72ee43f4,train
IMG0002361.jpg,D:\projects\MediMind\ai-prediction-service\test-dataset\Bone Facture\FracAtlas\FracAtlas\images\Fractured\IMG0002361.jpg,images\Fractured\IMG0002361.jpg,FracAtlas,PAT_FA_01180,1,1,hand,0,0,2304,2880,1,3e23f7fc9c38fa4c740e4f321c2f1279,train
IMG0002362.jpg,D:\projects\MediMind\ai-prediction-service\test-dataset\Bone Facture\FracAtlas\FracAtlas\images\Fractured\IMG0002362.jpg,images\Fractured\IMG0002362.jpg,FracAtlas,PAT_FA_01181,1,1,hand,0,0,2304,2880,1,76c2a61e4af68777b665d7e8be09ec9d,train
IMG0002363.jpg,D:\projects\MediMind\ai-prediction-service\test-dataset\Bone Facture\FracAtlas\FracAtlas\images\Fractured\IMG0002363.jpg,images\Fractured\IMG0002363.jpg,FracAtlas,PAT_FA_01181,1,1,hand,0,0,2304,2880,1,20648ab438332e42fccfed948cef0eb9,train
IMG0002364.jpg,D:\projects\MediMind\ai-prediction-service\test-dataset\Bone Facture\FracAtlas\FracAtlas\images\Fractured\IMG0002364.jpg,images\Fractured\IMG0002364.jpg,FracAtlas,PAT_FA_01182,1,1,hand,0,0,2880,2304,1,bb3372784b91a8692f3b4664debf2324,train
IMG0002365.jpg,D:\projects\MediMind\ai-prediction-service\test-dataset\Bone Facture\FracAtlas\FracAtlas\images\Fractured\IMG0002365.jpg,images\Fractured\IMG0002365.jpg,FracAtlas,PAT_FA_01182,1,1,hand,0,0,2880,2304,1,73a1e63d6a0fddab089f8e75ff2c33f7,train
IMG0002366.jpg,D:\projects\MediMind\ai-prediction-service\test-dataset\Bone Facture\FracAtlas\FracAtlas\images\Fractured\IMG0002366.jpg,images\Fractured\IMG0002366.jpg,FracAtlas,PAT_FA_01183,1,1,leg,1,0,2304,2880,1,6cad082cb830d7ea5247822e3b4a2ddc,train
IMG0002367.jpg,D:\projects\MediMind\ai-prediction-service\test-dataset\Bone Facture\FracAtlas\FracAtlas\images\Fractured\IMG0002367.jpg,images\Fractured\IMG0002367.jpg,FracAtlas,PAT_FA_01183,1,1,leg,1,0,2304,2880,1,8fc334a78db00640557171192afe5734,train
IMG0002370.jpg,D:\projects\MediMind\ai-prediction-service\test-dataset\Bone Facture\FracAtlas\FracAtlas\images\Fractured\IMG0002370.jpg,images\Fractured\IMG0002370.jpg,FracAtlas,PAT_FA_01185,1,1,leg,1,0,2304,2880,1,7174dcf1381c20ce3f10f8937288cca6,train
IMG0002371.jpg,D:\projects\MediMind\ai-prediction-service\test-dataset\Bone Facture\FracAtlas\FracAtlas\images\Fractured\IMG0002371.jpg,images\Fractured\IMG0002371.jpg,FracAtlas,PAT_FA_01185,1,1,leg,1,0,2304,2880,1,7918a2f555f5bdb36a9cee9f6b9e2370,train
IMG0002372.jpg,D:\projects\MediMind\ai-prediction-service\test-dataset\Bone Facture\FracAtlas\FracAtlas\images\Fractured\IMG0002372.jpg,images\Fractured\IMG0002372.jpg,FracAtlas,PAT_FA_01186,1,1,leg,1,0,2304,2880,1,db55dcac7cb82ca0a87993f8bce02bd1,train
IMG0002373.jpg,D:\projects\MediMind\ai-prediction-service\test-dataset\Bone Facture\FracAtlas\FracAtlas\images\Fractured\IMG0002373.jpg,images\Fractured\IMG0002373.jpg,FracAtlas,PAT_FA_01186,1,1,leg,1,0,2304,2880,1,223fee235caf9c7e0203806efc7af4ee,train
IMG0002374.jpg,D:\projects\MediMind\ai-prediction-service\test-dataset\Bone Facture\FracAtlas\FracAtlas\images\Fractured\IMG0002374.jpg,images\Fractured\IMG0002374.jpg,FracAtlas,PAT_FA_01187,1,1,leg,1,0,2304,2880,1,2cead935f2afa66ab0ad60618e25d070,train
IMG0002375.jpg,D:\projects\MediMind\ai-prediction-service\test-dataset\Bone Facture\FracAtlas\FracAtlas\images\Fractured\IMG0002375.jpg,images\Fractured\IMG0002375.jpg,FracAtlas,PAT_FA_01187,1,1,hand,0,0,2304,2880,1,bcf68989a915dcb5afa7bd2fbabbca0b,train
IMG0002378.jpg,D:\projects\MediMind\ai-prediction-service\test-dataset\Bone Facture\FracAtlas\FracAtlas\images\Fractured\IMG0002378.jpg,images\Fractured\IMG0002378.jpg,FracAtlas,PAT_FA_01189,1,1,leg,1,1,1760,2140,3,9a7f0dfd2964a8779a5ecb30230a1c3b,train
IMG0002380.jpg,D:\projects\MediMind\ai-prediction-service\test-dataset\Bone Facture\FracAtlas\FracAtlas\images\Fractured\IMG0002380.jpg,images\Fractured\IMG0002380.jpg,FracAtlas,PAT_FA_01190,1,1,hand,0,1,373,454,3,8b60d186521df0d3fa8cc4a6d55cf0ca,train
IMG0002381.jpg,D:\projects\MediMind\ai-prediction-service\test-dataset\Bone Facture\FracAtlas\FracAtlas\images\Fractured\IMG0002381.jpg,images\Fractured\IMG0002381.jpg,FracAtlas,PAT_FA_01190,1,1,hand,0,1,373,454,3,978bf0ba79583650e102492e3ee62dd7,train
IMG0002392.jpg,D:\projects\MediMind\ai-prediction-service\test-dataset\Bone Facture\FracAtlas\FracAtlas\images\Fractured\IMG0002392.jpg,images\Fractured\IMG0002392.jpg,FracAtlas,PAT_FA_01196,1,1,hand,0,1,373,454,3,942f109fc21108ac49200a9a3ab63e7d,train
IMG0002393.jpg,D:\projects\MediMind\ai-prediction-service\test-dataset\Bone Facture\FracAtlas\FracAtlas\images\Fractured\IMG0002393.jpg,images\Fractured\IMG0002393.jpg,FracAtlas,PAT_FA_01196,1,1,hand,0,1,373,454,3,0d0c789cec398927382f1ddc768723a0,train
IMG0002396.jpg,D:\projects\MediMind\ai-prediction-service\test-dataset\Bone Facture\FracAtlas\FracAtlas\images\Fractured\IMG0002396.jpg,images\Fractured\IMG0002396.jpg,FracAtlas,PAT_FA_01198,1,1,hand,0,0,373,214,3,b5ca29bd9f8b46baf9c942fa3d197f3b,train
IMG0002397.jpg,D:\projects\MediMind\ai-prediction-service\test-dataset\Bone Facture\FracAtlas\FracAtlas\images\Fractured\IMG0002397.jpg,images\Fractured\IMG0002397.jpg,FracAtlas,PAT_FA_01198,1,1,hand,0,0,373,454,1,11e09767f9266e2168c560655f68d474,train
IMG0002398.jpg,D:\projects\MediMind\ai-prediction-service\test-dataset\Bone Facture\FracAtlas\FracAtlas\images\Fractured\IMG0002398.jpg,images\Fractured\IMG0002398.jpg,FracAtlas,PAT_FA_01199,1,1,hand,0,1,454,373,3,95dc0f541aac1023ee38d876d141f5a7,train
IMG0002399.jpg,D:\projects\MediMind\ai-prediction-service\test-dataset\Bone Facture\FracAtlas\FracAtlas\images\Fractured\IMG0002399.jpg,images\Fractured\IMG0002399.jpg,FracAtlas,PAT_FA_01199,1,1,leg,1,0,373,454,3,8f442831fc813416ae868f31a5474f39,train
IMG0002400.jpg,D:\projects\MediMind\ai-prediction-service\test-dataset\Bone Facture\FracAtlas\FracAtlas\images\Fractured\IMG0002400.jpg,images\Fractured\IMG0002400.jpg,FracAtlas,PAT_FA_01200,1,1,leg,1,0,373,454,3,442582e3c81f485d9b8d6fe20fe0b3be,train
IMG0002401.jpg,D:\projects\MediMind\ai-prediction-service\test-dataset\Bone Facture\FracAtlas\FracAtlas\images\Fractured\IMG0002401.jpg,images\Fractured\IMG0002401.jpg,FracAtlas,PAT_FA_01200,1,1,leg,1,0,373,454,3,4baf8fd86085d0eabf0d76725fa52679,train
IMG0002402.jpg,D:\projects\MediMind\ai-prediction-service\test-dataset\Bone Facture\FracAtlas\FracAtlas\images\Fractured\IMG0002402.jpg,images\Fractured\IMG0002402.jpg,FracAtlas,PAT_FA_01201,1,1,hand,0,1,373,454,3,60d84bbc8859939bcbf911acd741bda7,train
IMG0002403.jpg,D:\projects\MediMind\ai-prediction-service\test-dataset\Bone Facture\FracAtlas\FracAtlas\images\Fractured\IMG0002403.jpg,images\Fractured\IMG0002403.jpg,FracAtlas,PAT_FA_01201,1,1,leg,1,1,373,454,3,272884d3e46368604836f61d8acca2f7,train
IMG0002404.jpg,D:\projects\MediMind\ai-prediction-service\test-dataset\Bone Facture\FracAtlas\FracAtlas\images\Fractured\IMG0002404.jpg,images\Fractured\IMG0002404.jpg,FracAtlas,PAT_FA_01202,1,1,leg,1,1,373,454,3,4c591d7874871ceeeeacfdb3a065b5d0,train
IMG0002405.jpg,D:\projects\MediMind\ai-prediction-service\test-dataset\Bone Facture\FracAtlas\FracAtlas\images\Fractured\IMG0002405.jpg,images\Fractured\IMG0002405.jpg,FracAtlas,PAT_FA_01202,1,1,hand,0,1,373,454,3,ee52ba5203fe6b35f09370af4c5893ba,train
IMG0002406.jpg,D:\projects\MediMind\ai-prediction-service\test-dataset\Bone Facture\FracAtlas\FracAtlas\images\Fractured\IMG0002406.jpg,images\Fractured\IMG0002406.jpg,FracAtlas,PAT_FA_01203,1,1,leg,0,0,373,454,3,4251b183fd08174f64bbb44d479163d1,train
IMG0002407.jpg,D:\projects\MediMind\ai-prediction-service\test-dataset\Bone Facture\FracAtlas\FracAtlas\images\Fractured\IMG0002407.jpg,images\Fractured\IMG0002407.jpg,FracAtlas,PAT_FA_01203,1,1,leg,0,0,454,373,3,02a2417647170159721f130cc9ff514a,train
IMG0002408.jpg,D:\projects\MediMind\ai-prediction-service\test-dataset\Bone Facture\FracAtlas\FracAtlas\images\Fractured\IMG0002408.jpg,images\Fractured\IMG0002408.jpg,FracAtlas,PAT_FA_01204,1,1,hand,0,0,373,454,3,431f6df1a7511901e5d12bb0f542a735,train
IMG0002409.jpg,D:\projects\MediMind\ai-prediction-service\test-dataset\Bone Facture\FracAtlas\FracAtlas\images\Fractured\IMG0002409.jpg,images\Fractured\IMG0002409.jpg,FracAtlas,PAT_FA_01204,1,1,hand,0,0,373,454,3,e0600761cc0aea684743c4d5a8af805f,train
IMG0002414.jpg,D:\projects\MediMind\ai-prediction-service\test-dataset\Bone Facture\FracAtlas\FracAtlas\images\Fractured\IMG0002414.jpg,images\Fractured\IMG0002414.jpg,FracAtlas,PAT_FA_01207,1,1,hand,0,0,454,373,3,9d1a5d6de930458aa34bd938a1f784fd,train
IMG0002415.jpg,D:\projects\MediMind\ai-prediction-service\test-dataset\Bone Facture\FracAtlas\FracAtlas\images\Fractured\IMG0002415.jpg,images\Fractured\IMG0002415.jpg,FracAtlas,PAT_FA_01207,1,1,hand,0,0,373,454,3,a5fa0cbc355382174f9d9c90d7120ab8,train
IMG0002416.jpg,D:\projects\MediMind\ai-prediction-service\test-dataset\Bone Facture\FracAtlas\FracAtlas\images\Fractured\IMG0002416.jpg,images\Fractured\IMG0002416.jpg,FracAtlas,PAT_FA_01208,1,1,hand,0,0,373,454,3,c42ff6ac1dd17af6fde0ea8b64217562,train
IMG0002417.jpg,D:\projects\MediMind\ai-prediction-service\test-dataset\Bone Facture\FracAtlas\FracAtlas\images\Fractured\IMG0002417.jpg,images\Fractured\IMG0002417.jpg,FracAtlas,PAT_FA_01208,1,1,leg,1,0,373,454,3,16eafe2ed57c574a122a0d5f9d6d4c9d,train
IMG0002418.jpg,D:\projects\MediMind\ai-prediction-service\test-dataset\Bone Facture\FracAtlas\FracAtlas\images\Fractured\IMG0002418.jpg,images\Fractured\IMG0002418.jpg,FracAtlas,PAT_FA_01209,1,1,leg,1,0,373,454,3,70b361f69274723119ec8d53321c2077,train
IMG0002419.jpg,D:\projects\MediMind\ai-prediction-service\test-dataset\Bone Facture\FracAtlas\FracAtlas\images\Fractured\IMG0002419.jpg,images\Fractured\IMG0002419.jpg,FracAtlas,PAT_FA_01209,1,1,hand,0,0,373,454,3,ecb5feb078dc120ba85ccff483df3d4b,train
IMG0002422.jpg,D:\projects\MediMind\ai-prediction-service\test-dataset\Bone Facture\FracAtlas\FracAtlas\images\Fractured\IMG0002422.jpg,images\Fractured\IMG0002422.jpg,FracAtlas,PAT_FA_01211,1,1,hand,0,1,373,454,3,c9119ba0de890c42bbdd793d3b42354d,train
IMG0002423.jpg,D:\projects\MediMind\ai-prediction-service\test-dataset\Bone Facture\FracAtlas\FracAtlas\images\Fractured\IMG0002423.jpg,images\Fractured\IMG0002423.jpg,FracAtlas,PAT_FA_01211,1,1,hand,0,0,373,454,3,689f535c09aaf2b9f9914e8a964dfff1,train
IMG0002426.jpg,D:\projects\MediMind\ai-prediction-service\test-dataset\Bone Facture\FracAtlas\FracAtlas\images\Fractured\IMG0002426.jpg,images\Fractured\IMG0002426.jpg,FracAtlas,PAT_FA_01213,1,1,leg,0,0,373,454,3,66edc98ed46b92affd20af2ffce67aeb,train
IMG0002427.jpg,D:\projects\MediMind\ai-prediction-service\test-dataset\Bone Facture\FracAtlas\FracAtlas\images\Fractured\IMG0002427.jpg,images\Fractured\IMG0002427.jpg,FracAtlas,PAT_FA_01213,1,1,hand,0,0,454,373,3,8b92e1225b84737ef62a975b385ba728,train
IMG0002428.jpg,D:\projects\MediMind\ai-prediction-service\test-dataset\Bone Facture\FracAtlas\FracAtlas\images\Fractured\IMG0002428.jpg,images\Fractured\IMG0002428.jpg,FracAtlas,PAT_FA_01214,1,1,leg,0,0,373,454,3,c037732ebd1c77dce925473d9ef17fe6,train
IMG0002429.jpg,D:\projects\MediMind\ai-prediction-service\test-dataset\Bone Facture\FracAtlas\FracAtlas\images\Fractured\IMG0002429.jpg,images\Fractured\IMG0002429.jpg,FracAtlas,PAT_FA_01214,1,1,leg,0,0,373,454,3,efa6a574ac09d837fd61bce09e06bccc,train
IMG0002430.jpg,D:\projects\MediMind\ai-prediction-service\test-dataset\Bone Facture\FracAtlas\FracAtlas\images\Fractured\IMG0002430.jpg,images\Fractured\IMG0002430.jpg,FracAtlas,PAT_FA_01215,1,1,leg,0,0,373,454,3,567b272c8cd333d4128fe1451fa17073,train
IMG0002431.jpg,D:\projects\MediMind\ai-prediction-service\test-dataset\Bone Facture\FracAtlas\FracAtlas\images\Fractured\IMG0002431.jpg,images\Fractured\IMG0002431.jpg,FracAtlas,PAT_FA_01215,1,1,leg,0,0,373,454,3,5b393a263a8933009af1e1538b7c4e3c,train
IMG0002432.jpg,D:\projects\MediMind\ai-prediction-service\test-dataset\Bone Facture\FracAtlas\FracAtlas\images\Fractured\IMG0002432.jpg,images\Fractured\IMG0002432.jpg,FracAtlas,PAT_FA_01216,1,1,leg,0,1,373,454,3,28c0956bd121bd38b1e0dd08fa06f341,train
IMG0002433.jpg,D:\projects\MediMind\ai-prediction-service\test-dataset\Bone Facture\FracAtlas\FracAtlas\images\Fractured\IMG0002433.jpg,images\Fractured\IMG0002433.jpg,FracAtlas,PAT_FA_01216,1,1,leg,0,0,373,454,3,9855817d81f267ed9ff7e591b0da894d,train
IMG0002434.jpg,D:\projects\MediMind\ai-prediction-service\test-dataset\Bone Facture\FracAtlas\FracAtlas\images\Fractured\IMG0002434.jpg,images\Fractured\IMG0002434.jpg,FracAtlas,PAT_FA_01217,1,1,leg,0,0,454,373,3,4b3f15bda0128e601564260c5603bafb,train
IMG0002435.jpg,D:\projects\MediMind\ai-prediction-service\test-dataset\Bone Facture\FracAtlas\FracAtlas\images\Fractured\IMG0002435.jpg,images\Fractured\IMG0002435.jpg,FracAtlas,PAT_FA_01217,1,1,leg,0,0,373,454,1,1d17d10858d26d77cd6120c6fdd5fc2d,train
IMG0002436.jpg,D:\projects\MediMind\ai-prediction-service\test-dataset\Bone Facture\FracAtlas\FracAtlas\images\Fractured\IMG0002436.jpg,images\Fractured\IMG0002436.jpg,FracAtlas,PAT_FA_01218,1,1,leg,0,0,373,454,1,da1d111cafcdc0f7126a1a02a24e5443,train
IMG0002437.jpg,D:\projects\MediMind\ai-prediction-service\test-dataset\Bone Facture\FracAtlas\FracAtlas\images\Fractured\IMG0002437.jpg,images\Fractured\IMG0002437.jpg,FracAtlas,PAT_FA_01218,1,1,leg,0,0,373,454,3,2a505a282e4036c399290fb7dd652511,train
IMG0002438.jpg,D:\projects\MediMind\ai-prediction-service\test-dataset\Bone Facture\FracAtlas\FracAtlas\images\Fractured\IMG0002438.jpg,images\Fractured\IMG0002438.jpg,FracAtlas,PAT_FA_01219,1,1,leg,0,0,373,454,3,8a0282e70ef66d0dbb48b1ade8dec588,train
IMG0002439.jpg,D:\projects\MediMind\ai-prediction-service\test-dataset\Bone Facture\FracAtlas\FracAtlas\images\Fractured\IMG0002439.jpg,images\Fractured\IMG0002439.jpg,FracAtlas,PAT_FA_01219,1,1,leg,1,0,373,454,3,7dac142b5836a05fbe9f1669a0d683df,train
IMG0002440.jpg,D:\projects\MediMind\ai-prediction-service\test-dataset\Bone Facture\FracAtlas\FracAtlas\images\Fractured\IMG0002440.jpg,images\Fractured\IMG0002440.jpg,FracAtlas,PAT_FA_01220,1,1,leg,1,0,373,454,3,42a63c8215cc56434752348432ddc2bd,train
IMG0002441.jpg,D:\projects\MediMind\ai-prediction-service\test-dataset\Bone Facture\FracAtlas\FracAtlas\images\Fractured\IMG0002441.jpg,images\Fractured\IMG0002441.jpg,FracAtlas,PAT_FA_01220,1,1,hand,0,0,373,454,3,7c2511992d1690447c616ca65f84944d,train
IMG0002442.jpg,D:\projects\MediMind\ai-prediction-service\test-dataset\Bone Facture\FracAtlas\FracAtlas\images\Fractured\IMG0002442.jpg,images\Fractured\IMG0002442.jpg,FracAtlas,PAT_FA_01221,1,1,hand,0,0,373,454,3,5fcd19fe1ddf5ea32b9a33ac6dc5d71b,train
IMG0002443.jpg,D:\projects\MediMind\ai-prediction-service\test-dataset\Bone Facture\FracAtlas\FracAtlas\images\Fractured\IMG0002443.jpg,images\Fractured\IMG0002443.jpg,FracAtlas,PAT_FA_01221,1,1,leg,0,0,373,454,3,c6a0fc79183ee452c55d72d66564d1b6,train
IMG0002444.jpg,D:\projects\MediMind\ai-prediction-service\test-dataset\Bone Facture\FracAtlas\FracAtlas\images\Fractured\IMG0002444.jpg,images\Fractured\IMG0002444.jpg,FracAtlas,PAT_FA_01222,1,1,leg,0,0,373,454,3,37cdd8eabf879f4aa38fff9deb93b9a4,train
IMG0002445.jpg,D:\projects\MediMind\ai-prediction-service\test-dataset\Bone Facture\FracAtlas\FracAtlas\images\Fractured\IMG0002445.jpg,images\Fractured\IMG0002445.jpg,FracAtlas,PAT_FA_01222,1,1,hand,0,0,454,373,1,80750c76f4c8950a4c318daf189ecd79,train
IMG0002450.jpg,D:\projects\MediMind\ai-prediction-service\test-dataset\Bone Facture\FracAtlas\FracAtlas\images\Fractured\IMG0002450.jpg,images\Fractured\IMG0002450.jpg,FracAtlas,PAT_FA_01225,1,1,hand,0,0,373,454,3,a19fbdef74a297365d17c50a6fd699cb,train
IMG0002451.jpg,D:\projects\MediMind\ai-prediction-service\test-dataset\Bone Facture\FracAtlas\FracAtlas\images\Fractured\IMG0002451.jpg,images\Fractured\IMG0002451.jpg,FracAtlas,PAT_FA_01225,1,1,leg,0,0,373,454,3,5a4792a7faeb56859cbced0ce3d1fd61,train
IMG0002454.jpg,D:\projects\MediMind\ai-prediction-service\test-dataset\Bone Facture\FracAtlas\FracAtlas\images\Fractured\IMG0002454.jpg,images\Fractured\IMG0002454.jpg,FracAtlas,PAT_FA_01227,1,1,leg,0,0,373,454,3,952b9fa577e161c91fe2ae1b48f70880,train
IMG0002455.jpg,D:\projects\MediMind\ai-prediction-service\test-dataset\Bone Facture\FracAtlas\FracAtlas\images\Fractured\IMG0002455.jpg,images\Fractured\IMG0002455.jpg,FracAtlas,PAT_FA_01227,1,1,leg,0,0,373,454,1,b4b7fba3e621fbb79e48b7be119371ff,train
IMG0002456.jpg,D:\projects\MediMind\ai-prediction-service\test-dataset\Bone Facture\FracAtlas\FracAtlas\images\Fractured\IMG0002456.jpg,images\Fractured\IMG0002456.jpg,FracAtlas,PAT_FA_01228,1,1,leg,0,0,373,454,3,9416429d20f419d9d21eff58a62c3d53,train
IMG0002457.jpg,D:\projects\MediMind\ai-prediction-service\test-dataset\Bone Facture\FracAtlas\FracAtlas\images\Fractured\IMG0002457.jpg,images\Fractured\IMG0002457.jpg,FracAtlas,PAT_FA_01228,1,1,leg,1,0,373,454,3,b4bc439458289563a7c2c71afee2fd31,train
IMG0002458.jpg,D:\projects\MediMind\ai-prediction-service\test-dataset\Bone Facture\FracAtlas\FracAtlas\images\Fractured\IMG0002458.jpg,images\Fractured\IMG0002458.jpg,FracAtlas,PAT_FA_01229,1,1,leg,0,0,373,454,3,e3b52df4da0ef62fdb2876c0940669fe,train
IMG0002459.jpg,D:\projects\MediMind\ai-prediction-service\test-dataset\Bone Facture\FracAtlas\FracAtlas\images\Fractured\IMG0002459.jpg,images\Fractured\IMG0002459.jpg,FracAtlas,PAT_FA_01229,1,1,leg,0,0,373,454,3,d221b70ad37ed2cb77df88607da75693,train
IMG0002462.jpg,D:\projects\MediMind\ai-prediction-service\test-dataset\Bone Facture\FracAtlas\FracAtlas\images\Fractured\IMG0002462.jpg,images\Fractured\IMG0002462.jpg,FracAtlas,PAT_FA_01231,1,1,leg,0,0,373,454,3,3fb6323b794b0442291ac8f92b61a8c2,train
IMG0002463.jpg,D:\projects\MediMind\ai-prediction-service\test-dataset\Bone Facture\FracAtlas\FracAtlas\images\Fractured\IMG0002463.jpg,images\Fractured\IMG0002463.jpg,FracAtlas,PAT_FA_01231,1,1,hand,0,1,373,454,3,a1a31d16d8bac549ec825216d28d1694,train
IMG0002464.jpg,D:\projects\MediMind\ai-prediction-service\test-dataset\Bone Facture\FracAtlas\FracAtlas\images\Fractured\IMG0002464.jpg,images\Fractured\IMG0002464.jpg,FracAtlas,PAT_FA_01232,1,1,hand,0,1,454,373,3,79b4ad88667e70a1f8692d929bdde5d5,train
IMG0002465.jpg,D:\projects\MediMind\ai-prediction-service\test-dataset\Bone Facture\FracAtlas\FracAtlas\images\Fractured\IMG0002465.jpg,images\Fractured\IMG0002465.jpg,FracAtlas,PAT_FA_01232,1,1,hand,0,0,373,454,3,83d47090b8b4c77ab70d7b13e1f962b4,train
IMG0002468.jpg,D:\projects\MediMind\ai-prediction-service\test-dataset\Bone Facture\FracAtlas\FracAtlas\images\Fractured\IMG0002468.jpg,images\Fractured\IMG0002468.jpg,FracAtlas,PAT_FA_01234,1,1,hand,0,0,454,373,3,5abd502c63ea72852613d2953d452907,train
IMG0002469.jpg,D:\projects\MediMind\ai-prediction-service\test-dataset\Bone Facture\FracAtlas\FracAtlas\images\Fractured\IMG0002469.jpg,images\Fractured\IMG0002469.jpg,FracAtlas,PAT_FA_01234,1,1,hand,0,0,454,373,3,3963ee9f70c8c93a122107829de20a81,train
IMG0002476.jpg,D:\projects\MediMind\ai-prediction-service\test-dataset\Bone Facture\FracAtlas\FracAtlas\images\Fractured\IMG0002476.jpg,images\Fractured\IMG0002476.jpg,FracAtlas,PAT_FA_01238,1,1,leg,0,0,373,454,3,42e8c2e655b6af8c2c352f3730b67e8d,train
IMG0002477.jpg,D:\projects\MediMind\ai-prediction-service\test-dataset\Bone Facture\FracAtlas\FracAtlas\images\Fractured\IMG0002477.jpg,images\Fractured\IMG0002477.jpg,FracAtlas,PAT_FA_01238,1,1,leg,0,0,373,454,3,1f56c6874e8217164fd75e8b4c722200,train
IMG0002484.jpg,D:\projects\MediMind\ai-prediction-service\test-dataset\Bone Facture\FracAtlas\FracAtlas\images\Fractured\IMG0002484.jpg,images\Fractured\IMG0002484.jpg,FracAtlas,PAT_FA_01242,1,1,hand,0,0,373,454,3,20c39f0d9476f1c9ba888f672d52133b,train
IMG0002485.jpg,D:\projects\MediMind\ai-prediction-service\test-dataset\Bone Facture\FracAtlas\FracAtlas\images\Fractured\IMG0002485.jpg,images\Fractured\IMG0002485.jpg,FracAtlas,PAT_FA_01242,1,1,hand,1,0,373,454,3,2d1b77a729f0b7e6e24cf113ab96fa59,train
IMG0002486.jpg,D:\projects\MediMind\ai-prediction-service\test-dataset\Bone Facture\FracAtlas\FracAtlas\images\Fractured\IMG0002486.jpg,images\Fractured\IMG0002486.jpg,FracAtlas,PAT_FA_01243,1,1,hand,0,0,454,373,3,6dd94393c1418eb5ed05e929bb70e10b,train
IMG0002487.jpg,D:\projects\MediMind\ai-prediction-service\test-dataset\Bone Facture\FracAtlas\FracAtlas\images\Fractured\IMG0002487.jpg,images\Fractured\IMG0002487.jpg,FracAtlas,PAT_FA_01243,1,1,hand,0,0,454,373,3,0219997f3f071e47f1f5d5d86f62ed18,train
IMG0002488.jpg,D:\projects\MediMind\ai-prediction-service\test-dataset\Bone Facture\FracAtlas\FracAtlas\images\Fractured\IMG0002488.jpg,images\Fractured\IMG0002488.jpg,FracAtlas,PAT_FA_01244,1,1,hand,1,0,373,454,3,4206b004d3abcd5c0324674c6add94e0,train
IMG0002489.jpg,D:\projects\MediMind\ai-prediction-service\test-dataset\Bone Facture\FracAtlas\FracAtlas\images\Fractured\IMG0002489.jpg,images\Fractured\IMG0002489.jpg,FracAtlas,PAT_FA_01244,1,1,leg,0,0,373,454,3,bf7bcd8e9d38150244f9c9f865eb7752,train
IMG0002492.jpg,D:\projects\MediMind\ai-prediction-service\test-dataset\Bone Facture\FracAtlas\FracAtlas\images\Fractured\IMG0002492.jpg,images\Fractured\IMG0002492.jpg,FracAtlas,PAT_FA_01246,1,1,hand,0,0,373,454,3,a4c2e32705dd3260cfb92cf4e41f51ff,train
IMG0002493.jpg,D:\projects\MediMind\ai-prediction-service\test-dataset\Bone Facture\FracAtlas\FracAtlas\images\Fractured\IMG0002493.jpg,images\Fractured\IMG0002493.jpg,FracAtlas,PAT_FA_01246,1,1,hand,0,0,373,454,3,6d556269a8ff9996cdc8f5bbac9eb3fc,train
IMG0002494.jpg,D:\projects\MediMind\ai-prediction-service\test-dataset\Bone Facture\FracAtlas\FracAtlas\images\Fractured\IMG0002494.jpg,images\Fractured\IMG0002494.jpg,FracAtlas,PAT_FA_01247,1,1,hand,0,0,454,373,3,c4ef6c91938c1e205fa96e701455f1b6,train
IMG0002495.jpg,D:\projects\MediMind\ai-prediction-service\test-dataset\Bone Facture\FracAtlas\FracAtlas\images\Fractured\IMG0002495.jpg,images\Fractured\IMG0002495.jpg,FracAtlas,PAT_FA_01247,1,1,hand,0,0,373,454,3,cdb6f6bff61ed06d6a2dcf1d198d436a,train
IMG0002498.jpg,D:\projects\MediMind\ai-prediction-service\test-dataset\Bone Facture\FracAtlas\FracAtlas\images\Fractured\IMG0002498.jpg,images\Fractured\IMG0002498.jpg,FracAtlas,PAT_FA_01249,1,1,hand,0,0,373,454,3,b8b91b43329dc3feae292f1abe4a785c,train
IMG0002499.jpg,D:\projects\MediMind\ai-prediction-service\test-dataset\Bone Facture\FracAtlas\FracAtlas\images\Fractured\IMG0002499.jpg,images\Fractured\IMG0002499.jpg,FracAtlas,PAT_FA_01249,1,1,hand,0,0,454,373,3,4c20160eb4815a2e598ec2614c6ee967,train
IMG0002500.jpg,D:\projects\MediMind\ai-prediction-service\test-dataset\Bone Facture\FracAtlas\FracAtlas\images\Fractured\IMG0002500.jpg,images\Fractured\IMG0002500.jpg,FracAtlas,PAT_FA_01250,1,1,hand,0,0,373,454,3,c6b45781081c62d940eb9458dcdbb8bb,train
IMG0002501.jpg,D:\projects\MediMind\ai-prediction-service\test-dataset\Bone Facture\FracAtlas\FracAtlas\images\Fractured\IMG0002501.jpg,images\Fractured\IMG0002501.jpg,FracAtlas,PAT_FA_01250,1,1,hand,0,0,373,454,3,4b1ae7c131deaf779b6c76dc273acd16,train
IMG0002502.jpg,D:\projects\MediMind\ai-prediction-service\test-dataset\Bone Facture\FracAtlas\FracAtlas\images\Fractured\IMG0002502.jpg,images\Fractured\IMG0002502.jpg,FracAtlas,PAT_FA_01251,1,1,hand,0,0,454,373,3,0d757d4e712368345a194c560a20da28,train
IMG0002503.jpg,D:\projects\MediMind\ai-prediction-service\test-dataset\Bone Facture\FracAtlas\FracAtlas\images\Fractured\IMG0002503.jpg,images\Fractured\IMG0002503.jpg,FracAtlas,PAT_FA_01251,1,1,hand,0,0,373,454,3,594c6f1ed7d8d3aa4e59eb0cb9cebc45,train
IMG0002504.jpg,D:\projects\MediMind\ai-prediction-service\test-dataset\Bone Facture\FracAtlas\FracAtlas\images\Fractured\IMG0002504.jpg,images\Fractured\IMG0002504.jpg,FracAtlas,PAT_FA_01252,1,1,hand,0,0,373,454,3,3b980321c00f15df82a03da5c40b0682,train
IMG0002505.jpg,D:\projects\MediMind\ai-prediction-service\test-dataset\Bone Facture\FracAtlas\FracAtlas\images\Fractured\IMG0002505.jpg,images\Fractured\IMG0002505.jpg,FracAtlas,PAT_FA_01252,1,1,hand,0,1,373,454,3,ca0e8b82d0b2e994ffc2e260df1b2406,train
IMG0002508.jpg,D:\projects\MediMind\ai-prediction-service\test-dataset\Bone Facture\FracAtlas\FracAtlas\images\Fractured\IMG0002508.jpg,images\Fractured\IMG0002508.jpg,FracAtlas,PAT_FA_01254,1,1,hand,0,1,373,454,3,3e82d99f0e43cc8510552660ed7bd8fe,train
IMG0002509.jpg,D:\projects\MediMind\ai-prediction-service\test-dataset\Bone Facture\FracAtlas\FracAtlas\images\Fractured\IMG0002509.jpg,images\Fractured\IMG0002509.jpg,FracAtlas,PAT_FA_01254,1,1,hip,1,0,454,373,1,40ff600239ee75e89b415a82ffa5a607,train
IMG0002510.jpg,D:\projects\MediMind\ai-prediction-service\test-dataset\Bone Facture\FracAtlas\FracAtlas\images\Fractured\IMG0002510.jpg,images\Fractured\IMG0002510.jpg,FracAtlas,PAT_FA_01255,1,1,leg,1,0,373,454,3,73010dcd5c69251607a40303ddd81ed6,train
IMG0002511.jpg,D:\projects\MediMind\ai-prediction-service\test-dataset\Bone Facture\FracAtlas\FracAtlas\images\Fractured\IMG0002511.jpg,images\Fractured\IMG0002511.jpg,FracAtlas,PAT_FA_01255,1,1,leg,1,0,373,454,1,e20c7c840a196100489d11d53c1e8174,train
IMG0002512.jpg,D:\projects\MediMind\ai-prediction-service\test-dataset\Bone Facture\FracAtlas\FracAtlas\images\Fractured\IMG0002512.jpg,images\Fractured\IMG0002512.jpg,FracAtlas,PAT_FA_01256,1,1,hand,0,0,373,454,1,714e9bbaea32a6412ca06f1efa3e7f50,train
IMG0002513.jpg,D:\projects\MediMind\ai-prediction-service\test-dataset\Bone Facture\FracAtlas\FracAtlas\images\Fractured\IMG0002513.jpg,images\Fractured\IMG0002513.jpg,FracAtlas,PAT_FA_01256,1,1,leg,0,1,373,454,3,c170610309ff2f05c439e352838de680,train
IMG0002520.jpg,D:\projects\MediMind\ai-prediction-service\test-dataset\Bone Facture\FracAtlas\FracAtlas\images\Fractured\IMG0002520.jpg,images\Fractured\IMG0002520.jpg,FracAtlas,PAT_FA_01260,1,1,leg,0,0,373,454,3,d27cab81043a6972dd7e337535b9f0f4,train
IMG0002521.jpg,D:\projects\MediMind\ai-prediction-service\test-dataset\Bone Facture\FracAtlas\FracAtlas\images\Fractured\IMG0002521.jpg,images\Fractured\IMG0002521.jpg,FracAtlas,PAT_FA_01260,1,1,leg,0,0,373,454,3,77529ddedec19fea6a43b3d2b04ce0c0,train
IMG0002522.jpg,D:\projects\MediMind\ai-prediction-service\test-dataset\Bone Facture\FracAtlas\FracAtlas\images\Fractured\IMG0002522.jpg,images\Fractured\IMG0002522.jpg,FracAtlas,PAT_FA_01261,1,1,leg,0,0,373,454,3,db17c81436b049d842b3fa9d2d0355a0,train
IMG0002523.jpg,D:\projects\MediMind\ai-prediction-service\test-dataset\Bone Facture\FracAtlas\FracAtlas\images\Fractured\IMG0002523.jpg,images\Fractured\IMG0002523.jpg,FracAtlas,PAT_FA_01261,1,1,leg,0,0,373,454,3,192f3306979039d32c95bc6c85aaeb45,train
IMG0002524.jpg,D:\projects\MediMind\ai-prediction-service\test-dataset\Bone Facture\FracAtlas\FracAtlas\images\Fractured\IMG0002524.jpg,images\Fractured\IMG0002524.jpg,FracAtlas,PAT_FA_01262,1,1,hand,0,0,373,454,3,be3c7cad02acb6ff761b63de397449a1,train
IMG0002525.jpg,D:\projects\MediMind\ai-prediction-service\test-dataset\Bone Facture\FracAtlas\FracAtlas\images\Fractured\IMG0002525.jpg,images\Fractured\IMG0002525.jpg,FracAtlas,PAT_FA_01262,1,1,hand,0,0,373,454,3,b5d2dad141bdfc13ab93d47053545748,train
IMG0002526.jpg,D:\projects\MediMind\ai-prediction-service\test-dataset\Bone Facture\FracAtlas\FracAtlas\images\Fractured\IMG0002526.jpg,images\Fractured\IMG0002526.jpg,FracAtlas,PAT_FA_01263,1,1,leg,0,0,373,454,3,bfc8e8c0b94087a7bb4522edc7f547b3,train
IMG0002527.jpg,D:\projects\MediMind\ai-prediction-service\test-dataset\Bone Facture\FracAtlas\FracAtlas\images\Fractured\IMG0002527.jpg,images\Fractured\IMG0002527.jpg,FracAtlas,PAT_FA_01263,1,1,leg,0,0,373,454,3,dae9dea36faad2eb9dca7e43b225fb35,train
IMG0002528.jpg,D:\projects\MediMind\ai-prediction-service\test-dataset\Bone Facture\FracAtlas\FracAtlas\images\Fractured\IMG0002528.jpg,images\Fractured\IMG0002528.jpg,FracAtlas,PAT_FA_01264,1,1,leg,0,0,373,454,3,4f4bbf0e8adaa2dd5db8b87a6630a05e,train
IMG0002529.jpg,D:\projects\MediMind\ai-prediction-service\test-dataset\Bone Facture\FracAtlas\FracAtlas\images\Fractured\IMG0002529.jpg,images\Fractured\IMG0002529.jpg,FracAtlas,PAT_FA_01264,1,1,hand,0,0,454,373,1,d8bd41658bb86e6440d960d6a8a925ab,train
IMG0002530.jpg,D:\projects\MediMind\ai-prediction-service\test-dataset\Bone Facture\FracAtlas\FracAtlas\images\Fractured\IMG0002530.jpg,images\Fractured\IMG0002530.jpg,FracAtlas,PAT_FA_01265,1,1,hand,0,0,454,373,3,5770dad8a8cb59ead11ff695c11db569,train
IMG0002531.jpg,D:\projects\MediMind\ai-prediction-service\test-dataset\Bone Facture\FracAtlas\FracAtlas\images\Fractured\IMG0002531.jpg,images\Fractured\IMG0002531.jpg,FracAtlas,PAT_FA_01265,1,1,hand,0,0,373,454,3,2d13487cddfe4aab09dfe739874a31d0,train
IMG0002532.jpg,D:\projects\MediMind\ai-prediction-service\test-dataset\Bone Facture\FracAtlas\FracAtlas\images\Fractured\IMG0002532.jpg,images\Fractured\IMG0002532.jpg,FracAtlas,PAT_FA_01266,1,1,hand,0,0,373,454,3,c1d3c15254e73f54ad2ca1f29fab60dc,train
IMG0002533.jpg,D:\projects\MediMind\ai-prediction-service\test-dataset\Bone Facture\FracAtlas\FracAtlas\images\Fractured\IMG0002533.jpg,images\Fractured\IMG0002533.jpg,FracAtlas,PAT_FA_01266,1,1,leg,0,0,373,454,3,8c5c82bc0d4d2bd0954dc2a8c8fb65bd,train
IMG0002536.jpg,D:\projects\MediMind\ai-prediction-service\test-dataset\Bone Facture\FracAtlas\FracAtlas\images\Fractured\IMG0002536.jpg,images\Fractured\IMG0002536.jpg,FracAtlas,PAT_FA_01268,1,1,leg,0,0,373,454,3,c3d342e41006bd9cf8007b6a359c54a4,train
IMG0002537.jpg,D:\projects\MediMind\ai-prediction-service\test-dataset\Bone Facture\FracAtlas\FracAtlas\images\Fractured\IMG0002537.jpg,images\Fractured\IMG0002537.jpg,FracAtlas,PAT_FA_01268,1,1,leg,0,1,373,454,3,277de385fc98a2067c04623c38c1548a,train
IMG0002538.jpg,D:\projects\MediMind\ai-prediction-service\test-dataset\Bone Facture\FracAtlas\FracAtlas\images\Fractured\IMG0002538.jpg,images\Fractured\IMG0002538.jpg,FracAtlas,PAT_FA_01269,1,1,leg,0,0,373,454,3,de1959bb5eb0b24075f8dd284ddd68a0,train
IMG0002539.jpg,D:\projects\MediMind\ai-prediction-service\test-dataset\Bone Facture\FracAtlas\FracAtlas\images\Fractured\IMG0002539.jpg,images\Fractured\IMG0002539.jpg,FracAtlas,PAT_FA_01269,1,1,leg,0,0,373,454,3,6d597328e98bcf1f44f5c7380db461f5,train
IMG0002540.jpg,D:\projects\MediMind\ai-prediction-service\test-dataset\Bone Facture\FracAtlas\FracAtlas\images\Fractured\IMG0002540.jpg,images\Fractured\IMG0002540.jpg,FracAtlas,PAT_FA_01270,1,1,leg,0,0,373,454,1,ad26d3314f1bfb65d73e1054b38d0fcc,train
IMG0002541.jpg,D:\projects\MediMind\ai-prediction-service\test-dataset\Bone Facture\FracAtlas\FracAtlas\images\Fractured\IMG0002541.jpg,images\Fractured\IMG0002541.jpg,FracAtlas,PAT_FA_01270,1,1,leg,0,0,373,454,3,5acacc4d99fe0516675782fd13c44ed4,train
IMG0002542.jpg,D:\projects\MediMind\ai-prediction-service\test-dataset\Bone Facture\FracAtlas\FracAtlas\images\Fractured\IMG0002542.jpg,images\Fractured\IMG0002542.jpg,FracAtlas,PAT_FA_01271,1,1,leg,0,0,373,454,3,3471f365c8296ba370fcc5442411dd1c,train
IMG0002543.jpg,D:\projects\MediMind\ai-prediction-service\test-dataset\Bone Facture\FracAtlas\FracAtlas\images\Fractured\IMG0002543.jpg,images\Fractured\IMG0002543.jpg,FracAtlas,PAT_FA_01271,1,1,leg,0,0,373,454,1,14fc6a3efe99f84ef5fa2dfe10c88154,train
IMG0002544.jpg,D:\projects\MediMind\ai-prediction-service\test-dataset\Bone Facture\FracAtlas\FracAtlas\images\Fractured\IMG0002544.jpg,images\Fractured\IMG0002544.jpg,FracAtlas,PAT_FA_01272,1,1,hip,0,0,373,454,1,140ccf011e7b240214a4e71525372cb8,train
IMG0002545.jpg,D:\projects\MediMind\ai-prediction-service\test-dataset\Bone Facture\FracAtlas\FracAtlas\images\Fractured\IMG0002545.jpg,images\Fractured\IMG0002545.jpg,FracAtlas,PAT_FA_01272,1,1,leg,0,0,373,454,3,7d7d152ce2a4cbda7a2a862221fd7900,train
IMG0002548.jpg,D:\projects\MediMind\ai-prediction-service\test-dataset\Bone Facture\FracAtlas\FracAtlas\images\Fractured\IMG0002548.jpg,images\Fractured\IMG0002548.jpg,FracAtlas,PAT_FA_01274,1,1,hand,0,0,373,454,3,2e1d3f39f57452fcd4b40b8435d5ce46,train
IMG0002549.jpg,D:\projects\MediMind\ai-prediction-service\test-dataset\Bone Facture\FracAtlas\FracAtlas\images\Fractured\IMG0002549.jpg,images\Fractured\IMG0002549.jpg,FracAtlas,PAT_FA_01274,1,1,leg,0,0,454,373,3,08450a9c93cd819f591f4b936ca0ff44,train
IMG0002550.jpg,D:\projects\MediMind\ai-prediction-service\test-dataset\Bone Facture\FracAtlas\FracAtlas\images\Fractured\IMG0002550.jpg,images\Fractured\IMG0002550.jpg,FracAtlas,PAT_FA_01275,1,1,hip,0,0,373,454,1,56fc9d7343baefef60accbe1271e38bb,train
IMG0002551.jpg,D:\projects\MediMind\ai-prediction-service\test-dataset\Bone Facture\FracAtlas\FracAtlas\images\Fractured\IMG0002551.jpg,images\Fractured\IMG0002551.jpg,FracAtlas,PAT_FA_01275,1,1,hand,0,0,454,373,3,5e7d193a79c236fe0dd91a0a6e07fa08,train
IMG0002552.jpg,D:\projects\MediMind\ai-prediction-service\test-dataset\Bone Facture\FracAtlas\FracAtlas\images\Fractured\IMG0002552.jpg,images\Fractured\IMG0002552.jpg,FracAtlas,PAT_FA_01276,1,1,hand,0,0,454,373,3,fff93fd4f34c217a0effedd27658a539,train
IMG0002553.jpg,D:\projects\MediMind\ai-prediction-service\test-dataset\Bone Facture\FracAtlas\FracAtlas\images\Fractured\IMG0002553.jpg,images\Fractured\IMG0002553.jpg,FracAtlas,PAT_FA_01276,1,1,hand,0,0,454,373,1,84e99b142ad80e246ad34a612fde5243,train
IMG0002556.jpg,D:\projects\MediMind\ai-prediction-service\test-dataset\Bone Facture\FracAtlas\FracAtlas\images\Fractured\IMG0002556.jpg,images\Fractured\IMG0002556.jpg,FracAtlas,PAT_FA_01278,1,1,leg,1,0,373,454,3,8b0d17b5e0be90e8ff6b6557b438447a,train
IMG0002557.jpg,D:\projects\MediMind\ai-prediction-service\test-dataset\Bone Facture\FracAtlas\FracAtlas\images\Fractured\IMG0002557.jpg,images\Fractured\IMG0002557.jpg,FracAtlas,PAT_FA_01278,1,1,leg,0,0,373,454,3,45bcfdb6983856da42611039f695a3d8,train
IMG0002558.jpg,D:\projects\MediMind\ai-prediction-service\test-dataset\Bone Facture\FracAtlas\FracAtlas\images\Fractured\IMG0002558.jpg,images\Fractured\IMG0002558.jpg,FracAtlas,PAT_FA_01279,1,1,leg,0,0,373,454,3,46103e947c20090179d25f16e10191dd,train
IMG0002559.jpg,D:\projects\MediMind\ai-prediction-service\test-dataset\Bone Facture\FracAtlas\FracAtlas\images\Fractured\IMG0002559.jpg,images\Fractured\IMG0002559.jpg,FracAtlas,PAT_FA_01279,1,1,leg,1,1,373,454,3,0c89b9691c338b637bbde9672a2a2ea3,train
IMG0002560.jpg,D:\projects\MediMind\ai-prediction-service\test-dataset\Bone Facture\FracAtlas\FracAtlas\images\Fractured\IMG0002560.jpg,images\Fractured\IMG0002560.jpg,FracAtlas,PAT_FA_01280,1,1,hand,0,1,373,454,3,73a5fad2228315f7d86e9875e1a1e0ac,train
IMG0002561.jpg,D:\projects\MediMind\ai-prediction-service\test-dataset\Bone Facture\FracAtlas\FracAtlas\images\Fractured\IMG0002561.jpg,images\Fractured\IMG0002561.jpg,FracAtlas,PAT_FA_01280,1,1,hand,0,1,373,454,3,9810c8a9b874de2414a04a6a77404214,train
IMG0002562.jpg,D:\projects\MediMind\ai-prediction-service\test-dataset\Bone Facture\FracAtlas\FracAtlas\images\Fractured\IMG0002562.jpg,images\Fractured\IMG0002562.jpg,FracAtlas,PAT_FA_01281,1,1,leg,0,1,373,454,3,99944db18876d10fe8e291c6bf6efbd5,train
IMG0002563.jpg,D:\projects\MediMind\ai-prediction-service\test-dataset\Bone Facture\FracAtlas\FracAtlas\images\Fractured\IMG0002563.jpg,images\Fractured\IMG0002563.jpg,FracAtlas,PAT_FA_01281,1,1,leg,0,1,373,454,3,45c11411bc055406b36a4cd66f0ae81b,train
IMG0002564.jpg,D:\projects\MediMind\ai-prediction-service\test-dataset\Bone Facture\FracAtlas\FracAtlas\images\Fractured\IMG0002564.jpg,images\Fractured\IMG0002564.jpg,FracAtlas,PAT_FA_01282,1,1,hand,0,1,373,454,3,433da99e3aa065b45108d3315706cc3c,train
IMG0002565.jpg,D:\projects\MediMind\ai-prediction-service\test-dataset\Bone Facture\FracAtlas\FracAtlas\images\Fractured\IMG0002565.jpg,images\Fractured\IMG0002565.jpg,FracAtlas,PAT_FA_01282,1,1,hand,0,1,373,454,3,9f46c5399311321440ddf5c0c5766f35,train
IMG0002568.jpg,D:\projects\MediMind\ai-prediction-service\test-dataset\Bone Facture\FracAtlas\FracAtlas\images\Fractured\IMG0002568.jpg,images\Fractured\IMG0002568.jpg,FracAtlas,PAT_FA_01284,1,1,hand,0,1,373,454,1,4a888562b528f8dcfb19383a45fcbe63,train
IMG0002569.jpg,D:\projects\MediMind\ai-prediction-service\test-dataset\Bone Facture\FracAtlas\FracAtlas\images\Fractured\IMG0002569.jpg,images\Fractured\IMG0002569.jpg,FracAtlas,PAT_FA_01284,1,1,hand,0,1,373,454,3,6ecfbb60bd4814d39cf63146f8122a1d,train
IMG0002570.jpg,D:\projects\MediMind\ai-prediction-service\test-dataset\Bone Facture\FracAtlas\FracAtlas\images\Fractured\IMG0002570.jpg,images\Fractured\IMG0002570.jpg,FracAtlas,PAT_FA_01285,1,1,leg,0,1,373,454,3,eccea50c16c66232d376a4f99d6f44c7,train
IMG0002571.jpg,D:\projects\MediMind\ai-prediction-service\test-dataset\Bone Facture\FracAtlas\FracAtlas\images\Fractured\IMG0002571.jpg,images\Fractured\IMG0002571.jpg,FracAtlas,PAT_FA_01285,1,1,leg,1,1,373,454,3,df8e8e6ee53832f843bcf67ba9d712b6,train
IMG0002572.jpg,D:\projects\MediMind\ai-prediction-service\test-dataset\Bone Facture\FracAtlas\FracAtlas\images\Fractured\IMG0002572.jpg,images\Fractured\IMG0002572.jpg,FracAtlas,PAT_FA_01286,1,1,leg,0,1,373,454,3,0bc2ed66419a75460dcab5248e4793e6,train
IMG0002573.jpg,D:\projects\MediMind\ai-prediction-service\test-dataset\Bone Facture\FracAtlas\FracAtlas\images\Fractured\IMG0002573.jpg,images\Fractured\IMG0002573.jpg,FracAtlas,PAT_FA_01286,1,1,hand,0,1,373,454,3,cfb220d9070a9966d053062112571dca,train
IMG0002574.jpg,D:\projects\MediMind\ai-prediction-service\test-dataset\Bone Facture\FracAtlas\FracAtlas\images\Fractured\IMG0002574.jpg,images\Fractured\IMG0002574.jpg,FracAtlas,PAT_FA_01287,1,1,hand,1,1,373,454,3,bae39b45ca7970261aa7f4020c99bd8f,train
IMG0002575.jpg,D:\projects\MediMind\ai-prediction-service\test-dataset\Bone Facture\FracAtlas\FracAtlas\images\Fractured\IMG0002575.jpg,images\Fractured\IMG0002575.jpg,FracAtlas,PAT_FA_01287,1,1,hand,0,1,373,454,3,3b07d4b365dbdc597474df669f349405,train
IMG0002576.jpg,D:\projects\MediMind\ai-prediction-service\test-dataset\Bone Facture\FracAtlas\FracAtlas\images\Fractured\IMG0002576.jpg,images\Fractured\IMG0002576.jpg,FracAtlas,PAT_FA_01288,1,1,hand,0,1,373,454,3,33260681a45c60da82af90c10b6eced7,train
IMG0002577.jpg,D:\projects\MediMind\ai-prediction-service\test-dataset\Bone Facture\FracAtlas\FracAtlas\images\Fractured\IMG0002577.jpg,images\Fractured\IMG0002577.jpg,FracAtlas,PAT_FA_01288,1,1,leg,1,1,373,454,1,3dc57adc03e1aad7f15f8843e8c98d17,train
IMG0002580.jpg,D:\projects\MediMind\ai-prediction-service\test-dataset\Bone Facture\FracAtlas\FracAtlas\images\Fractured\IMG0002580.jpg,images\Fractured\IMG0002580.jpg,FracAtlas,PAT_FA_01290,1,1,hand,0,0,373,454,3,0bd715597a3d26a233ce238bdb11969b,train
IMG0002581.jpg,D:\projects\MediMind\ai-prediction-service\test-dataset\Bone Facture\FracAtlas\FracAtlas\images\Fractured\IMG0002581.jpg,images\Fractured\IMG0002581.jpg,FracAtlas,PAT_FA_01290,1,1,hand,0,1,373,454,3,0d101a43fddf1772ef10f804f9682791,train
IMG0002582.jpg,D:\projects\MediMind\ai-prediction-service\test-dataset\Bone Facture\FracAtlas\FracAtlas\images\Fractured\IMG0002582.jpg,images\Fractured\IMG0002582.jpg,FracAtlas,PAT_FA_01291,1,1,hand,1,0,373,454,3,88ec34cf6b1c976d837b1069ffdd0b62,train
IMG0002583.jpg,D:\projects\MediMind\ai-prediction-service\test-dataset\Bone Facture\FracAtlas\FracAtlas\images\Fractured\IMG0002583.jpg,images\Fractured\IMG0002583.jpg,FracAtlas,PAT_FA_01291,1,1,hand,0,0,373,454,3,7f5ea3ded3c1c22409ef6e08cd594e51,train
IMG0002584.jpg,D:\projects\MediMind\ai-prediction-service\test-dataset\Bone Facture\FracAtlas\FracAtlas\images\Fractured\IMG0002584.jpg,images\Fractured\IMG0002584.jpg,FracAtlas,PAT_FA_01292,1,1,hand,1,0,373,454,3,c8bfe09e28680a4afb6cd42d97e588c7,train
IMG0002585.jpg,D:\projects\MediMind\ai-prediction-service\test-dataset\Bone Facture\FracAtlas\FracAtlas\images\Fractured\IMG0002585.jpg,images\Fractured\IMG0002585.jpg,FracAtlas,PAT_FA_01292,1,1,hand,0,1,373,454,3,dd7db0f112121fec8b0d430f558ee79f,train
IMG0002586.jpg,D:\projects\MediMind\ai-prediction-service\test-dataset\Bone Facture\FracAtlas\FracAtlas\images\Fractured\IMG0002586.jpg,images\Fractured\IMG0002586.jpg,FracAtlas,PAT_FA_01293,1,1,leg,1,1,373,454,1,bbd8fd505d28ad3d66eb0d103c1bb0d2,train
IMG0002587.jpg,D:\projects\MediMind\ai-prediction-service\test-dataset\Bone Facture\FracAtlas\FracAtlas\images\Fractured\IMG0002587.jpg,images\Fractured\IMG0002587.jpg,FracAtlas,PAT_FA_01293,1,1,leg,0,1,373,454,1,aee00343232d473b1df4a9c898727e8a,train
IMG0002590.jpg,D:\projects\MediMind\ai-prediction-service\test-dataset\Bone Facture\FracAtlas\FracAtlas\images\Fractured\IMG0002590.jpg,images\Fractured\IMG0002590.jpg,FracAtlas,PAT_FA_01295,1,1,leg,0,1,454,373,3,3c5e146d9209e98f93468ab005746464,train
IMG0002591.jpg,D:\projects\MediMind\ai-prediction-service\test-dataset\Bone Facture\FracAtlas\FracAtlas\images\Fractured\IMG0002591.jpg,images\Fractured\IMG0002591.jpg,FracAtlas,PAT_FA_01295,1,1,leg,0,1,373,454,3,afeebaacce6a34c53ecf0093f8027f1a,train
IMG0002592.jpg,D:\projects\MediMind\ai-prediction-service\test-dataset\Bone Facture\FracAtlas\FracAtlas\images\Fractured\IMG0002592.jpg,images\Fractured\IMG0002592.jpg,FracAtlas,PAT_FA_01296,1,1,leg,0,1,373,454,3,8c658a32e2ac6ad144647e810cd58fdb,train
IMG0002593.jpg,D:\projects\MediMind\ai-prediction-service\test-dataset\Bone Facture\FracAtlas\FracAtlas\images\Fractured\IMG0002593.jpg,images\Fractured\IMG0002593.jpg,FracAtlas,PAT_FA_01296,1,1,leg,0,1,373,454,3,8f1a5eba17ed480d54d47b92628c78de,train
IMG0002594.jpg,D:\projects\MediMind\ai-prediction-service\test-dataset\Bone Facture\FracAtlas\FracAtlas\images\Fractured\IMG0002594.jpg,images\Fractured\IMG0002594.jpg,FracAtlas,PAT_FA_01297,1,1,leg,1,0,373,454,3,cfadfdb2774dc0fe89b38fbba7eff71d,train
IMG0002595.jpg,D:\projects\MediMind\ai-prediction-service\test-dataset\Bone Facture\FracAtlas\FracAtlas\images\Fractured\IMG0002595.jpg,images\Fractured\IMG0002595.jpg,FracAtlas,PAT_FA_01297,1,1,leg,1,1,373,454,1,e5814f5f49b74769ed5f7750d3b59106,train
IMG0002596.jpg,D:\projects\MediMind\ai-prediction-service\test-dataset\Bone Facture\FracAtlas\FracAtlas\images\Fractured\IMG0002596.jpg,images\Fractured\IMG0002596.jpg,FracAtlas,PAT_FA_01298,1,1,leg,1,0,373,454,3,eb757706cff4a07310de94948c141c5a,train
IMG0002597.jpg,D:\projects\MediMind\ai-prediction-service\test-dataset\Bone Facture\FracAtlas\FracAtlas\images\Fractured\IMG0002597.jpg,images\Fractured\IMG0002597.jpg,FracAtlas,PAT_FA_01298,1,1,hand,0,0,373,454,3,53458e0e31bd0c9431e23de34e8a0e22,train
IMG0002600.jpg,D:\projects\MediMind\ai-prediction-service\test-dataset\Bone Facture\FracAtlas\FracAtlas\images\Fractured\IMG0002600.jpg,images\Fractured\IMG0002600.jpg,FracAtlas,PAT_FA_01300,1,1,hand,0,0,373,454,3,0d9bf77ab7b81881491a68cd0c70a04c,train
IMG0002601.jpg,D:\projects\MediMind\ai-prediction-service\test-dataset\Bone Facture\FracAtlas\FracAtlas\images\Fractured\IMG0002601.jpg,images\Fractured\IMG0002601.jpg,FracAtlas,PAT_FA_01300,1,1,hand,0,0,373,454,3,488132dacc7a6760bf4a436738185072,train
IMG0002602.jpg,D:\projects\MediMind\ai-prediction-service\test-dataset\Bone Facture\FracAtlas\FracAtlas\images\Fractured\IMG0002602.jpg,images\Fractured\IMG0002602.jpg,FracAtlas,PAT_FA_01301,1,1,hand,1,0,373,454,3,853c429cdb2ef912a62cca47678c794a,train
IMG0002603.jpg,D:\projects\MediMind\ai-prediction-service\test-dataset\Bone Facture\FracAtlas\FracAtlas\images\Fractured\IMG0002603.jpg,images\Fractured\IMG0002603.jpg,FracAtlas,PAT_FA_01301,1,1,hand,1,0,373,454,1,decd6802ca854b56027d18bb8ddbe348,train
IMG0002608.jpg,D:\projects\MediMind\ai-prediction-service\test-dataset\Bone Facture\FracAtlas\FracAtlas\images\Fractured\IMG0002608.jpg,images\Fractured\IMG0002608.jpg,FracAtlas,PAT_FA_01304,1,1,hip,1,0,373,454,3,f450fc43e57d675e3c19c7e0d5d45fb5,train
IMG0002609.jpg,D:\projects\MediMind\ai-prediction-service\test-dataset\Bone Facture\FracAtlas\FracAtlas\images\Fractured\IMG0002609.jpg,images\Fractured\IMG0002609.jpg,FracAtlas,PAT_FA_01304,1,1,hand,1,0,373,454,3,7cce229c1f6d8b8b4f350b9a4fe51453,train
IMG0002614.jpg,D:\projects\MediMind\ai-prediction-service\test-dataset\Bone Facture\FracAtlas\FracAtlas\images\Fractured\IMG0002614.jpg,images\Fractured\IMG0002614.jpg,FracAtlas,PAT_FA_01307,1,1,hand,1,0,373,454,3,ebd1b064c3dc2cf9258e758cbcdddf63,train
IMG0002616.jpg,D:\projects\MediMind\ai-prediction-service\test-dataset\Bone Facture\FracAtlas\FracAtlas\images\Non_fractured\IMG0002616.jpg,images\Non_fractured\IMG0002616.jpg,FracAtlas,PAT_FA_01308,0,0,leg,0,0,454,373,3,99f8c3faf8b0de7d8972d8d0b2becb59,train
IMG0002617.jpg,D:\projects\MediMind\ai-prediction-service\test-dataset\Bone Facture\FracAtlas\FracAtlas\images\Fractured\IMG0002617.jpg,images\Fractured\IMG0002617.jpg,FracAtlas,PAT_FA_01308,1,1,leg,0,0,373,454,3,f15e3a71245a2381eb71258fad2814ee,train
IMG0002620.jpg,D:\projects\MediMind\ai-prediction-service\test-dataset\Bone Facture\FracAtlas\FracAtlas\images\Fractured\IMG0002620.jpg,images\Fractured\IMG0002620.jpg,FracAtlas,PAT_FA_01310,1,1,shoulder,0,0,373,454,3,1bed6b7157af8044853da1cba0f5beee,train
IMG0002621.jpg,D:\projects\MediMind\ai-prediction-service\test-dataset\Bone Facture\FracAtlas\FracAtlas\images\Fractured\IMG0002621.jpg,images\Fractured\IMG0002621.jpg,FracAtlas,PAT_FA_01310,1,1,shoulder,0,0,373,454,3,fc735189c7778490a6099242ef0de559,train
IMG0002622.jpg,D:\projects\MediMind\ai-prediction-service\test-dataset\Bone Facture\FracAtlas\FracAtlas\images\Fractured\IMG0002622.jpg,images\Fractured\IMG0002622.jpg,FracAtlas,PAT_FA_01311,1,1,shoulder,0,0,373,454,3,d88220af047b4551fb984bd7b157c4a6,train
IMG0002623.jpg,D:\projects\MediMind\ai-prediction-service\test-dataset\Bone Facture\FracAtlas\FracAtlas\images\Non_fractured\IMG0002623.jpg,images\Non_fractured\IMG0002623.jpg,FracAtlas,PAT_FA_01311,0,0,leg,0,0,373,454,3,dc8cebbaac8d6e757be79949cc96cefa,train
IMG0002624.jpg,D:\projects\MediMind\ai-prediction-service\test-dataset\Bone Facture\FracAtlas\FracAtlas\images\Non_fractured\IMG0002624.jpg,images\Non_fractured\IMG0002624.jpg,FracAtlas,PAT_FA_01312,0,0,leg,0,0,454,373,3,ca1d608225826c8d054bcf5efd803ef4,train
IMG0002625.jpg,D:\projects\MediMind\ai-prediction-service\test-dataset\Bone Facture\FracAtlas\FracAtlas\images\Non_fractured\IMG0002625.jpg,images\Non_fractured\IMG0002625.jpg,FracAtlas,PAT_FA_01312,0,0,hand,0,0,373,454,3,0c4467d7ef44cf5d14099ba0050595ea,train
IMG0002630.jpg,D:\projects\MediMind\ai-prediction-service\test-dataset\Bone Facture\FracAtlas\FracAtlas\images\Non_fractured\IMG0002630.jpg,images\Non_fractured\IMG0002630.jpg,FracAtlas,PAT_FA_01315,0,0,leg,0,0,454,373,3,236c27284289ca02f28502121d3581bd,train
IMG0002631.jpg,D:\projects\MediMind\ai-prediction-service\test-dataset\Bone Facture\FracAtlas\FracAtlas\images\Non_fractured\IMG0002631.jpg,images\Non_fractured\IMG0002631.jpg,FracAtlas,PAT_FA_01315,0,0,leg,0,1,454,373,3,ef446c9179c6b5d5bf891dad36757ffa,train
IMG0002634.jpg,D:\projects\MediMind\ai-prediction-service\test-dataset\Bone Facture\FracAtlas\FracAtlas\images\Non_fractured\IMG0002634.jpg,images\Non_fractured\IMG0002634.jpg,FracAtlas,PAT_FA_01317,0,0,leg,0,0,373,454,3,9dde374f0634f92792a96fea9caf1c40,train
IMG0002635.jpg,D:\projects\MediMind\ai-prediction-service\test-dataset\Bone Facture\FracAtlas\FracAtlas\images\Non_fractured\IMG0002635.jpg,images\Non_fractured\IMG0002635.jpg,FracAtlas,PAT_FA_01317,0,0,leg,0,0,454,373,3,a71847883495437edffefcc59d203b84,train
IMG0002636.jpg,D:\projects\MediMind\ai-prediction-service\test-dataset\Bone Facture\FracAtlas\FracAtlas\images\Non_fractured\IMG0002636.jpg,images\Non_fractured\IMG0002636.jpg,FracAtlas,PAT_FA_01318,0,0,leg,0,0,373,454,3,df04021a321d265652211caa4551da64,train
IMG0002637.jpg,D:\projects\MediMind\ai-prediction-service\test-dataset\Bone Facture\FracAtlas\FracAtlas\images\Non_fractured\IMG0002637.jpg,images\Non_fractured\IMG0002637.jpg,FracAtlas,PAT_FA_01318,0,0,leg,0,0,373,454,3,ce9815d069ca0aa16fc92e8ab11a63fc,train
IMG0002638.jpg,D:\projects\MediMind\ai-prediction-service\test-dataset\Bone Facture\FracAtlas\FracAtlas\images\Non_fractured\IMG0002638.jpg,images\Non_fractured\IMG0002638.jpg,FracAtlas,PAT_FA_01319,0,0,leg,0,0,373,454,1,ceb41aaab21487b57db3782c8c08e602,train
IMG0002639.jpg,D:\projects\MediMind\ai-prediction-service\test-dataset\Bone Facture\FracAtlas\FracAtlas\images\Non_fractured\IMG0002639.jpg,images\Non_fractured\IMG0002639.jpg,FracAtlas,PAT_FA_01319,0,0,leg,0,0,373,454,3,cb28116a930916ae94d228a19389329c,train
IMG0002640.jpg,D:\projects\MediMind\ai-prediction-service\test-dataset\Bone Facture\FracAtlas\FracAtlas\images\Non_fractured\IMG0002640.jpg,images\Non_fractured\IMG0002640.jpg,FracAtlas,PAT_FA_01320,0,0,hand,0,0,373,454,3,083f6d4ba5033df416cdf8f59be4438b,train
IMG0002641.jpg,D:\projects\MediMind\ai-prediction-service\test-dataset\Bone Facture\FracAtlas\FracAtlas\images\Non_fractured\IMG0002641.jpg,images\Non_fractured\IMG0002641.jpg,FracAtlas,PAT_FA_01320,0,0,hand,0,0,454,373,3,eac8367bb875003b7508083200a1fca3,train
IMG0002642.jpg,D:\projects\MediMind\ai-prediction-service\test-dataset\Bone Facture\FracAtlas\FracAtlas\images\Non_fractured\IMG0002642.jpg,images\Non_fractured\IMG0002642.jpg,FracAtlas,PAT_FA_01321,0,0,leg,0,0,373,454,3,3b050e4349b7c21925446a2f007d8a82,train
IMG0002643.jpg,D:\projects\MediMind\ai-prediction-service\test-dataset\Bone Facture\FracAtlas\FracAtlas\images\Non_fractured\IMG0002643.jpg,images\Non_fractured\IMG0002643.jpg,FracAtlas,PAT_FA_01321,0,0,leg,0,0,454,373,3,7f4a1041d4f1264426811982faa13a6c,train
IMG0002644.jpg,D:\projects\MediMind\ai-prediction-service\test-dataset\Bone Facture\FracAtlas\FracAtlas\images\Non_fractured\IMG0002644.jpg,images\Non_fractured\IMG0002644.jpg,FracAtlas,PAT_FA_01322,0,0,hand,0,0,454,373,3,409d84ae7924696a57fb94468d89a3a2,train
IMG0002645.jpg,D:\projects\MediMind\ai-prediction-service\test-dataset\Bone Facture\FracAtlas\FracAtlas\images\Non_fractured\IMG0002645.jpg,images\Non_fractured\IMG0002645.jpg,FracAtlas,PAT_FA_01322,0,0,hand,0,0,373,454,3,96dac5f0edd43dfca39f0d43e2894f3b,train
IMG0002646.jpg,D:\projects\MediMind\ai-prediction-service\test-dataset\Bone Facture\FracAtlas\FracAtlas\images\Fractured\IMG0002646.jpg,images\Fractured\IMG0002646.jpg,FracAtlas,PAT_FA_01323,1,1,hand,0,0,454,373,3,d2b70b682dbe108d7b269dd756ad7772,train
IMG0002647.jpg,D:\projects\MediMind\ai-prediction-service\test-dataset\Bone Facture\FracAtlas\FracAtlas\images\Fractured\IMG0002647.jpg,images\Fractured\IMG0002647.jpg,FracAtlas,PAT_FA_01323,1,1,hand,0,0,454,373,3,726075151f908cef951804cb278c2646,train
IMG0002648.jpg,D:\projects\MediMind\ai-prediction-service\test-dataset\Bone Facture\FracAtlas\FracAtlas\images\Non_fractured\IMG0002648.jpg,images\Non_fractured\IMG0002648.jpg,FracAtlas,PAT_FA_01324,0,0,hand,0,0,454,373,3,2d6f95581c2eb0fcb9b3fb8fae53c52d,train
IMG0002649.jpg,D:\projects\MediMind\ai-prediction-service\test-dataset\Bone Facture\FracAtlas\FracAtlas\images\Non_fractured\IMG0002649.jpg,images\Non_fractured\IMG0002649.jpg,FracAtlas,PAT_FA_01324,0,0,hand,0,0,373,454,3,5cd57c7f8d3a3ede6c08a200adb5c3fa,train
IMG0002650.jpg,D:\projects\MediMind\ai-prediction-service\test-dataset\Bone Facture\FracAtlas\FracAtlas\images\Fractured\IMG0002650.jpg,images\Fractured\IMG0002650.jpg,FracAtlas,PAT_FA_01325,1,1,leg,0,0,373,454,3,2c84aa5f2d5b9370ac1bbe8dedb70f22,train
IMG0002651.jpg,D:\projects\MediMind\ai-prediction-service\test-dataset\Bone Facture\FracAtlas\FracAtlas\images\Fractured\IMG0002651.jpg,images\Fractured\IMG0002651.jpg,FracAtlas,PAT_FA_01325,1,1,leg,0,0,373,454,3,5c6eac45cd2491e1795fb8a0378e6340,train
IMG0002652.jpg,D:\projects\MediMind\ai-prediction-service\test-dataset\Bone Facture\FracAtlas\FracAtlas\images\Fractured\IMG0002652.jpg,images\Fractured\IMG0002652.jpg,FracAtlas,PAT_FA_01326,1,1,hand,0,0,373,454,3,ba29865365731ce1fc0b36d84be3b4fb,train
IMG0002653.jpg,D:\projects\MediMind\ai-prediction-service\test-dataset\Bone Facture\FracAtlas\FracAtlas\images\Fractured\IMG0002653.jpg,images\Fractured\IMG0002653.jpg,FracAtlas,PAT_FA_01326,1,1,hand,0,0,373,454,3,e9659108a53388c7729c0304d3ad1732,train
IMG0002654.jpg,D:\projects\MediMind\ai-prediction-service\test-dataset\Bone Facture\FracAtlas\FracAtlas\images\Non_fractured\IMG0002654.jpg,images\Non_fractured\IMG0002654.jpg,FracAtlas,PAT_FA_01327,0,0,leg,0,0,373,454,3,f8675e608471b12286e687ca897bdcd1,train
IMG0002655.jpg,D:\projects\MediMind\ai-prediction-service\test-dataset\Bone Facture\FracAtlas\FracAtlas\images\Non_fractured\IMG0002655.jpg,images\Non_fractured\IMG0002655.jpg,FracAtlas,PAT_FA_01327,0,0,leg,0,0,373,454,3,620e7c74e9cbc11741b18a9415c64edc,train
IMG0002656.jpg,D:\projects\MediMind\ai-prediction-service\test-dataset\Bone Facture\FracAtlas\FracAtlas\images\Non_fractured\IMG0002656.jpg,images\Non_fractured\IMG0002656.jpg,FracAtlas,PAT_FA_01328,0,0,leg,0,0,373,454,3,25f822fb3fd4304e19311c8bc2ca4e0e,train
IMG0002657.jpg,D:\projects\MediMind\ai-prediction-service\test-dataset\Bone Facture\FracAtlas\FracAtlas\images\Non_fractured\IMG0002657.jpg,images\Non_fractured\IMG0002657.jpg,FracAtlas,PAT_FA_01328,0,0,leg,0,0,454,373,3,2587d811f80cc5272b781a0fb16b1627,train
IMG0002662.jpg,D:\projects\MediMind\ai-prediction-service\test-dataset\Bone Facture\FracAtlas\FracAtlas\images\Non_fractured\IMG0002662.jpg,images\Non_fractured\IMG0002662.jpg,FracAtlas,PAT_FA_01331,0,0,leg,0,0,373,454,3,cc3b37305c561e211ebdb47233ce467b,train
IMG0002663.jpg,D:\projects\MediMind\ai-prediction-service\test-dataset\Bone Facture\FracAtlas\FracAtlas\images\Non_fractured\IMG0002663.jpg,images\Non_fractured\IMG0002663.jpg,FracAtlas,PAT_FA_01331,0,0,leg,0,0,373,454,3,b63f17b4bb8627d0e4a7b3b0d1a6f79a,train
IMG0002666.jpg,D:\projects\MediMind\ai-prediction-service\test-dataset\Bone Facture\FracAtlas\FracAtlas\images\Non_fractured\IMG0002666.jpg,images\Non_fractured\IMG0002666.jpg,FracAtlas,PAT_FA_01333,0,0,leg,0,0,454,373,3,dcf55a9d17dfdbe581908bf343ec03da,train
IMG0002667.jpg,D:\projects\MediMind\ai-prediction-service\test-dataset\Bone Facture\FracAtlas\FracAtlas\images\Non_fractured\IMG0002667.jpg,images\Non_fractured\IMG0002667.jpg,FracAtlas,PAT_FA_01333,0,0,hand,0,0,373,454,3,fb1188f4ec3b96797766d506cf2597e7,train
IMG0002668.jpg,D:\projects\MediMind\ai-prediction-service\test-dataset\Bone Facture\FracAtlas\FracAtlas\images\Fractured\IMG0002668.jpg,images\Fractured\IMG0002668.jpg,FracAtlas,PAT_FA_01334,1,1,hand,0,0,373,454,3,ed8ec6018b60ecf2bd1eb59c8098903e,train
IMG0002669.jpg,D:\projects\MediMind\ai-prediction-service\test-dataset\Bone Facture\FracAtlas\FracAtlas\images\Non_fractured\IMG0002669.jpg,images\Non_fractured\IMG0002669.jpg,FracAtlas,PAT_FA_01334,0,0,hand,0,0,454,373,3,64c5db459866310e289d7e6890460a68,train
IMG0002670.jpg,D:\projects\MediMind\ai-prediction-service\test-dataset\Bone Facture\FracAtlas\FracAtlas\images\Non_fractured\IMG0002670.jpg,images\Non_fractured\IMG0002670.jpg,FracAtlas,PAT_FA_01335,0,0,hand,0,0,454,373,3,603560c674b8065365e91d3d396aa77e,train
IMG0002671.jpg,D:\projects\MediMind\ai-prediction-service\test-dataset\Bone Facture\FracAtlas\FracAtlas\images\Non_fractured\IMG0002671.jpg,images\Non_fractured\IMG0002671.jpg,FracAtlas,PAT_FA_01335,0,0,leg,0,0,373,454,1,69c3221b84fd144e443594a18d138e22,train
IMG0002672.jpg,D:\projects\MediMind\ai-prediction-service\test-dataset\Bone Facture\FracAtlas\FracAtlas\images\Non_fractured\IMG0002672.jpg,images\Non_fractured\IMG0002672.jpg,FracAtlas,PAT_FA_01336,0,0,leg,0,0,454,373,3,9eab8c511a259cec6596f6f8eff039d6,train
IMG0002673.jpg,D:\projects\MediMind\ai-prediction-service\test-dataset\Bone Facture\FracAtlas\FracAtlas\images\Non_fractured\IMG0002673.jpg,images\Non_fractured\IMG0002673.jpg,FracAtlas,PAT_FA_01336,0,0,leg,0,0,373,454,3,dd4db5aafcef692dc14fc834a8906f62,train
IMG0002678.jpg,D:\projects\MediMind\ai-prediction-service\test-dataset\Bone Facture\FracAtlas\FracAtlas\images\Non_fractured\IMG0002678.jpg,images\Non_fractured\IMG0002678.jpg,FracAtlas,PAT_FA_01339,0,0,hand,0,0,454,373,3,dc4b32cdb3e53776942eba961782359f,train
IMG0002679.jpg,D:\projects\MediMind\ai-prediction-service\test-dataset\Bone Facture\FracAtlas\FracAtlas\images\Non_fractured\IMG0002679.jpg,images\Non_fractured\IMG0002679.jpg,FracAtlas,PAT_FA_01339,0,0,hand,0,0,454,373,1,f7cb78211749dc79eee1d149b2b84e36,train
IMG0002680.jpg,D:\projects\MediMind\ai-prediction-service\test-dataset\Bone Facture\FracAtlas\FracAtlas\images\Non_fractured\IMG0002680.jpg,images\Non_fractured\IMG0002680.jpg,FracAtlas,PAT_FA_01340,0,0,leg,0,0,373,454,3,e60ec6d7ac3b436f43737e3d907da28d,train
IMG0002681.jpg,D:\projects\MediMind\ai-prediction-service\test-dataset\Bone Facture\FracAtlas\FracAtlas\images\Non_fractured\IMG0002681.jpg,images\Non_fractured\IMG0002681.jpg,FracAtlas,PAT_FA_01340,0,0,leg,0,0,373,454,3,8cd831ee2cbe2c37c3b6abc7f33c0f6b,train
IMG0002682.jpg,D:\projects\MediMind\ai-prediction-service\test-dataset\Bone Facture\FracAtlas\FracAtlas\images\Non_fractured\IMG0002682.jpg,images\Non_fractured\IMG0002682.jpg,FracAtlas,PAT_FA_01341,0,0,hand,0,0,373,454,3,62ccb75986af510420a1c126cfa6253d,train
IMG0002683.jpg,D:\projects\MediMind\ai-prediction-service\test-dataset\Bone Facture\FracAtlas\FracAtlas\images\Non_fractured\IMG0002683.jpg,images\Non_fractured\IMG0002683.jpg,FracAtlas,PAT_FA_01341,0,0,hand,0,0,373,454,1,8a2915725a19e547c04914f01e5f820b,train
IMG0002684.jpg,D:\projects\MediMind\ai-prediction-service\test-dataset\Bone Facture\FracAtlas\FracAtlas\images\Non_fractured\IMG0002684.jpg,images\Non_fractured\IMG0002684.jpg,FracAtlas,PAT_FA_01342,0,0,hand,0,0,454,373,3,5772e4d76873f6731457618a52f086a4,train
IMG0002685.jpg,D:\projects\MediMind\ai-prediction-service\test-dataset\Bone Facture\FracAtlas\FracAtlas\images\Non_fractured\IMG0002685.jpg,images\Non_fractured\IMG0002685.jpg,FracAtlas,PAT_FA_01342,0,0,leg,0,0,373,454,3,1405ec99eab611de7ff29cec8d921d61,train
IMG0002686.jpg,D:\projects\MediMind\ai-prediction-service\test-dataset\Bone Facture\FracAtlas\FracAtlas\images\Non_fractured\IMG0002686.jpg,images\Non_fractured\IMG0002686.jpg,FracAtlas,PAT_FA_01343,0,0,leg,0,0,454,373,3,16df728207325c3be0795cf334cfd1f3,train
IMG0002687.jpg,D:\projects\MediMind\ai-prediction-service\test-dataset\Bone Facture\FracAtlas\FracAtlas\images\Non_fractured\IMG0002687.jpg,images\Non_fractured\IMG0002687.jpg,FracAtlas,PAT_FA_01343,0,0,leg,0,0,373,454,3,c234540fc4362e81e5cd9f238ef928b0,train
IMG0002690.jpg,D:\projects\MediMind\ai-prediction-service\test-dataset\Bone Facture\FracAtlas\FracAtlas\images\Non_fractured\IMG0002690.jpg,images\Non_fractured\IMG0002690.jpg,FracAtlas,PAT_FA_01345,0,0,leg,0,0,373,454,3,a67b575a336aa99f025238413832fea7,train
IMG0002691.jpg,D:\projects\MediMind\ai-prediction-service\test-dataset\Bone Facture\FracAtlas\FracAtlas\images\Non_fractured\IMG0002691.jpg,images\Non_fractured\IMG0002691.jpg,FracAtlas,PAT_FA_01345,0,0,leg,0,0,373,454,3,49f77f8f5df127410fea8cc674098be4,train
IMG0002692.jpg,D:\projects\MediMind\ai-prediction-service\test-dataset\Bone Facture\FracAtlas\FracAtlas\images\Non_fractured\IMG0002692.jpg,images\Non_fractured\IMG0002692.jpg,FracAtlas,PAT_FA_01346,0,0,shoulder,0,0,373,454,3,cbdb9cc704889f9f9cb5c670218a61c4,train
IMG0002693.jpg,D:\projects\MediMind\ai-prediction-service\test-dataset\Bone Facture\FracAtlas\FracAtlas\images\Non_fractured\IMG0002693.jpg,images\Non_fractured\IMG0002693.jpg,FracAtlas,PAT_FA_01346,0,0,hand,0,0,454,373,3,c4920f78153d8d3a2e8b80002912b9e1,train
IMG0002694.jpg,D:\projects\MediMind\ai-prediction-service\test-dataset\Bone Facture\FracAtlas\FracAtlas\images\Non_fractured\IMG0002694.jpg,images\Non_fractured\IMG0002694.jpg,FracAtlas,PAT_FA_01347,0,0,hand,0,0,373,454,3,3036e32d0abc0407d27937fe3819da9b,train
IMG0002695.jpg,D:\projects\MediMind\ai-prediction-service\test-dataset\Bone Facture\FracAtlas\FracAtlas\images\Non_fractured\IMG0002695.jpg,images\Non_fractured\IMG0002695.jpg,FracAtlas,PAT_FA_01347,0,0,leg,0,1,454,373,3,07dfe9b648bdfed8e0e0406b291b3e25,train
IMG0002696.jpg,D:\projects\MediMind\ai-prediction-service\test-dataset\Bone Facture\FracAtlas\FracAtlas\images\Non_fractured\IMG0002696.jpg,images\Non_fractured\IMG0002696.jpg,FracAtlas,PAT_FA_01348,0,0,hand,0,0,454,373,3,7110a4c90b2bb55863ed4d843a065267,train
IMG0002697.jpg,D:\projects\MediMind\ai-prediction-service\test-dataset\Bone Facture\FracAtlas\FracAtlas\images\Non_fractured\IMG0002697.jpg,images\Non_fractured\IMG0002697.jpg,FracAtlas,PAT_FA_01348,0,0,hand,0,0,454,373,3,ef12c13baf208517a2703217177a7f8d,train
IMG0002700.jpg,D:\projects\MediMind\ai-prediction-service\test-dataset\Bone Facture\FracAtlas\FracAtlas\images\Non_fractured\IMG0002700.jpg,images\Non_fractured\IMG0002700.jpg,FracAtlas,PAT_FA_01350,0,0,leg,0,0,373,454,3,139ca2c52c9248e33a0ea5a26f0f7f6d,train
IMG0002701.jpg,D:\projects\MediMind\ai-prediction-service\test-dataset\Bone Facture\FracAtlas\FracAtlas\images\Fractured\IMG0002701.jpg,images\Fractured\IMG0002701.jpg,FracAtlas,PAT_FA_01350,1,1,hip,0,0,454,373,3,41338aac666ee537dad5f4ea9df301c4,train
IMG0002702.jpg,D:\projects\MediMind\ai-prediction-service\test-dataset\Bone Facture\FracAtlas\FracAtlas\images\Non_fractured\IMG0002702.jpg,images\Non_fractured\IMG0002702.jpg,FracAtlas,PAT_FA_01351,0,0,leg,0,0,454,373,3,30ea1e5b9cf1a957896546218108b305,train
IMG0002703.jpg,D:\projects\MediMind\ai-prediction-service\test-dataset\Bone Facture\FracAtlas\FracAtlas\images\Non_fractured\IMG0002703.jpg,images\Non_fractured\IMG0002703.jpg,FracAtlas,PAT_FA_01351,0,0,leg,0,0,373,454,1,86fdfe9e72d2fb20b43fd0b2af9b4181,train
IMG0002706.jpg,D:\projects\MediMind\ai-prediction-service\test-dataset\Bone Facture\FracAtlas\FracAtlas\images\Non_fractured\IMG0002706.jpg,images\Non_fractured\IMG0002706.jpg,FracAtlas,PAT_FA_01353,0,0,leg,0,0,373,454,3,d979682e37352cdf1319a7f351c6b11b,train
IMG0002707.jpg,D:\projects\MediMind\ai-prediction-service\test-dataset\Bone Facture\FracAtlas\FracAtlas\images\Non_fractured\IMG0002707.jpg,images\Non_fractured\IMG0002707.jpg,FracAtlas,PAT_FA_01353,0,0,leg,0,0,454,373,3,dc4cd79823449466ae05810937e1e0af,train
IMG0002712.jpg,D:\projects\MediMind\ai-prediction-service\test-dataset\Bone Facture\FracAtlas\FracAtlas\images\Non_fractured\IMG0002712.jpg,images\Non_fractured\IMG0002712.jpg,FracAtlas,PAT_FA_01356,0,0,shoulder,0,0,373,454,3,d1ccccdb155420ec1d48b14b0802c5e2,train
IMG0002713.jpg,D:\projects\MediMind\ai-prediction-service\test-dataset\Bone Facture\FracAtlas\FracAtlas\images\Non_fractured\IMG0002713.jpg,images\Non_fractured\IMG0002713.jpg,FracAtlas,PAT_FA_01356,0,0,leg,0,1,454,373,3,f19e61a8e0e82a9c855a09938d2b4373,train
IMG0002716.jpg,D:\projects\MediMind\ai-prediction-service\test-dataset\Bone Facture\FracAtlas\FracAtlas\images\Non_fractured\IMG0002716.jpg,images\Non_fractured\IMG0002716.jpg,FracAtlas,PAT_FA_01358,0,0,hand,0,0,373,454,3,dec1a0d40c0db6dddb29cd44d5bc63d0,train
IMG0002717.jpg,D:\projects\MediMind\ai-prediction-service\test-dataset\Bone Facture\FracAtlas\FracAtlas\images\Non_fractured\IMG0002717.jpg,images\Non_fractured\IMG0002717.jpg,FracAtlas,PAT_FA_01358,0,0,hand,0,0,454,373,3,6bd29ac0c8fddbf2ba8516a6c0fd146b,train
IMG0002720.jpg,D:\projects\MediMind\ai-prediction-service\test-dataset\Bone Facture\FracAtlas\FracAtlas\images\Non_fractured\IMG0002720.jpg,images\Non_fractured\IMG0002720.jpg,FracAtlas,PAT_FA_01360,0,0,leg,0,0,373,454,3,e1393da218c4c70230348308235bdf45,train
IMG0002721.jpg,D:\projects\MediMind\ai-prediction-service\test-dataset\Bone Facture\FracAtlas\FracAtlas\images\Non_fractured\IMG0002721.jpg,images\Non_fractured\IMG0002721.jpg,FracAtlas,PAT_FA_01360,0,0,leg,0,0,373,454,3,d5bcd42a8f19f036e1a5be7644ef74dc,train
IMG0002722.jpg,D:\projects\MediMind\ai-prediction-service\test-dataset\Bone Facture\FracAtlas\FracAtlas\images\Non_fractured\IMG0002722.jpg,images\Non_fractured\IMG0002722.jpg,FracAtlas,PAT_FA_01361,0,0,leg,0,0,454,373,3,66ca0be310d37a6ec4576a9ee8ca1c25,train
IMG0002723.jpg,D:\projects\MediMind\ai-prediction-service\test-dataset\Bone Facture\FracAtlas\FracAtlas\images\Non_fractured\IMG0002723.jpg,images\Non_fractured\IMG0002723.jpg,FracAtlas,PAT_FA_01361,0,0,leg,0,0,373,454,3,23eda504b35c770e01a0f9b099e7053c,train
IMG0002724.jpg,D:\projects\MediMind\ai-prediction-service\test-dataset\Bone Facture\FracAtlas\FracAtlas\images\Non_fractured\IMG0002724.jpg,images\Non_fractured\IMG0002724.jpg,FracAtlas,PAT_FA_01362,0,0,leg,0,0,373,454,3,324f809ede92e9eb059caa6c743d27b0,train
IMG0002725.jpg,D:\projects\MediMind\ai-prediction-service\test-dataset\Bone Facture\FracAtlas\FracAtlas\images\Non_fractured\IMG0002725.jpg,images\Non_fractured\IMG0002725.jpg,FracAtlas,PAT_FA_01362,0,0,leg,0,0,454,373,3,d04ebbe34032d97bce6248125432f04e,train
IMG0002726.jpg,D:\projects\MediMind\ai-prediction-service\test-dataset\Bone Facture\FracAtlas\FracAtlas\images\Non_fractured\IMG0002726.jpg,images\Non_fractured\IMG0002726.jpg,FracAtlas,PAT_FA_01363,0,0,hand,0,0,373,454,3,fd2e83c2972b123edd5c5d9efd99f96d,train
IMG0002727.jpg,D:\projects\MediMind\ai-prediction-service\test-dataset\Bone Facture\FracAtlas\FracAtlas\images\Non_fractured\IMG0002727.jpg,images\Non_fractured\IMG0002727.jpg,FracAtlas,PAT_FA_01363,0,0,hand,0,0,373,454,3,f4c2a180d7b43bcf3513a806213ac2c4,train
IMG0002732.jpg,D:\projects\MediMind\ai-prediction-service\test-dataset\Bone Facture\FracAtlas\FracAtlas\images\Fractured\IMG0002732.jpg,images\Fractured\IMG0002732.jpg,FracAtlas,PAT_FA_01366,1,1,leg,0,0,373,454,3,ff7143f1be85baf043e00c054e3318d7,train
IMG0002733.jpg,D:\projects\MediMind\ai-prediction-service\test-dataset\Bone Facture\FracAtlas\FracAtlas\images\Non_fractured\IMG0002733.jpg,images\Non_fractured\IMG0002733.jpg,FracAtlas,PAT_FA_01366,0,0,leg,0,0,373,454,3,755a6b07ff29bbc8752edc9fae15b02a,train
IMG0002736.jpg,D:\projects\MediMind\ai-prediction-service\test-dataset\Bone Facture\FracAtlas\FracAtlas\images\Non_fractured\IMG0002736.jpg,images\Non_fractured\IMG0002736.jpg,FracAtlas,PAT_FA_01368,0,0,hand,0,0,373,454,3,cc06fe443dd98de7e7626af50929d605,train
IMG0002737.jpg,D:\projects\MediMind\ai-prediction-service\test-dataset\Bone Facture\FracAtlas\FracAtlas\images\Fractured\IMG0002737.jpg,images\Fractured\IMG0002737.jpg,FracAtlas,PAT_FA_01368,1,1,hand,0,0,373,454,3,cf06ca62701ebbd3c5caf533b4a35452,train
IMG0002738.jpg,D:\projects\MediMind\ai-prediction-service\test-dataset\Bone Facture\FracAtlas\FracAtlas\images\Fractured\IMG0002738.jpg,images\Fractured\IMG0002738.jpg,FracAtlas,PAT_FA_01369,1,1,hand,0,0,373,454,3,df78417ea596ead9355397564baf6bc0,train
IMG0002739.jpg,D:\projects\MediMind\ai-prediction-service\test-dataset\Bone Facture\FracAtlas\FracAtlas\images\Non_fractured\IMG0002739.jpg,images\Non_fractured\IMG0002739.jpg,FracAtlas,PAT_FA_01369,0,0,leg,0,0,373,454,3,e44be358f716d753e5e7ace59cd80618,train
IMG0002744.jpg,D:\projects\MediMind\ai-prediction-service\test-dataset\Bone Facture\FracAtlas\FracAtlas\images\Non_fractured\IMG0002744.jpg,images\Non_fractured\IMG0002744.jpg,FracAtlas,PAT_FA_01372,0,0,hand,0,0,373,454,3,4338fd3dd8e1b32447b4ed894833d3d6,train
IMG0002745.jpg,D:\projects\MediMind\ai-prediction-service\test-dataset\Bone Facture\FracAtlas\FracAtlas\images\Fractured\IMG0002745.jpg,images\Fractured\IMG0002745.jpg,FracAtlas,PAT_FA_01372,1,1,hand,0,0,373,454,3,7bd2f035a010267aa2fca97267067a54,train
IMG0002746.jpg,D:\projects\MediMind\ai-prediction-service\test-dataset\Bone Facture\FracAtlas\FracAtlas\images\Fractured\IMG0002746.jpg,images\Fractured\IMG0002746.jpg,FracAtlas,PAT_FA_01373,1,1,hand,0,0,373,454,3,970d41a2d0476e2ca5d248934d05b950,train
IMG0002747.jpg,D:\projects\MediMind\ai-prediction-service\test-dataset\Bone Facture\FracAtlas\FracAtlas\images\Non_fractured\IMG0002747.jpg,images\Non_fractured\IMG0002747.jpg,FracAtlas,PAT_FA_01373,0,0,leg,0,0,373,454,3,f85e0020558e5a00043a30dc46a71590,train
IMG0002748.jpg,D:\projects\MediMind\ai-prediction-service\test-dataset\Bone Facture\FracAtlas\FracAtlas\images\Non_fractured\IMG0002748.jpg,images\Non_fractured\IMG0002748.jpg,FracAtlas,PAT_FA_01374,0,0,leg,0,0,454,373,3,aa51ff47f2a659c831e80440ee8bc5ef,train
IMG0002749.jpg,D:\projects\MediMind\ai-prediction-service\test-dataset\Bone Facture\FracAtlas\FracAtlas\images\Fractured\IMG0002749.jpg,images\Fractured\IMG0002749.jpg,FracAtlas,PAT_FA_01374,1,1,leg,1,0,373,454,3,b6530799238b2064d1a768316b294cc0,train
IMG0002750.jpg,D:\projects\MediMind\ai-prediction-service\test-dataset\Bone Facture\FracAtlas\FracAtlas\images\Fractured\IMG0002750.jpg,images\Fractured\IMG0002750.jpg,FracAtlas,PAT_FA_01375,1,1,leg,1,0,373,454,3,d939c51012bbb2995294a5f1f3630346,train
IMG0002751.jpg,D:\projects\MediMind\ai-prediction-service\test-dataset\Bone Facture\FracAtlas\FracAtlas\images\Non_fractured\IMG0002751.jpg,images\Non_fractured\IMG0002751.jpg,FracAtlas,PAT_FA_01375,0,0,leg,0,0,373,454,3,b6124a945954c6879fffa6a40e9ed487,train
IMG0002752.jpg,D:\projects\MediMind\ai-prediction-service\test-dataset\Bone Facture\FracAtlas\FracAtlas\images\Non_fractured\IMG0002752.jpg,images\Non_fractured\IMG0002752.jpg,FracAtlas,PAT_FA_01376,0,0,leg,0,0,373,454,3,4cb04e3c28a0c3fa75d0473eee795c6e,train
IMG0002753.jpg,D:\projects\MediMind\ai-prediction-service\test-dataset\Bone Facture\FracAtlas\FracAtlas\images\Non_fractured\IMG0002753.jpg,images\Non_fractured\IMG0002753.jpg,FracAtlas,PAT_FA_01376,0,0,leg,0,0,373,454,3,fc3411979ffc48f6b059aca52ad0298a,train
IMG0002754.jpg,D:\projects\MediMind\ai-prediction-service\test-dataset\Bone Facture\FracAtlas\FracAtlas\images\Non_fractured\IMG0002754.jpg,images\Non_fractured\IMG0002754.jpg,FracAtlas,PAT_FA_01377,0,0,leg,0,0,454,373,3,e3d3d329be858f01b0b430d5699f75b3,train
IMG0002755.jpg,D:\projects\MediMind\ai-prediction-service\test-dataset\Bone Facture\FracAtlas\FracAtlas\images\Non_fractured\IMG0002755.jpg,images\Non_fractured\IMG0002755.jpg,FracAtlas,PAT_FA_01377,0,0,leg,0,0,373,454,3,bf64dddb2ad8ff249fb41b247a138731,train
IMG0002756.jpg,D:\projects\MediMind\ai-prediction-service\test-dataset\Bone Facture\FracAtlas\FracAtlas\images\Non_fractured\IMG0002756.jpg,images\Non_fractured\IMG0002756.jpg,FracAtlas,PAT_FA_01378,0,0,leg,0,0,454,373,3,f70bcd9e3687b8e4abc2a8cf6222af69,train
IMG0002757.jpg,D:\projects\MediMind\ai-prediction-service\test-dataset\Bone Facture\FracAtlas\FracAtlas\images\Non_fractured\IMG0002757.jpg,images\Non_fractured\IMG0002757.jpg,FracAtlas,PAT_FA_01378,0,0,leg,0,0,373,454,3,18a64e470774f8fc249a5ba02cb20ba9,train
IMG0002762.jpg,D:\projects\MediMind\ai-prediction-service\test-dataset\Bone Facture\FracAtlas\FracAtlas\images\Non_fractured\IMG0002762.jpg,images\Non_fractured\IMG0002762.jpg,FracAtlas,PAT_FA_01381,0,0,hand,0,0,454,373,3,9ac3a4560c17908777f44ec231c59e5c,train
IMG0002763.jpg,D:\projects\MediMind\ai-prediction-service\test-dataset\Bone Facture\FracAtlas\FracAtlas\images\Non_fractured\IMG0002763.jpg,images\Non_fractured\IMG0002763.jpg,FracAtlas,PAT_FA_01381,0,0,leg,0,0,373,454,3,fc98a699ad22d724968067bbc0911dec,train
IMG0002764.jpg,D:\projects\MediMind\ai-prediction-service\test-dataset\Bone Facture\FracAtlas\FracAtlas\images\Non_fractured\IMG0002764.jpg,images\Non_fractured\IMG0002764.jpg,FracAtlas,PAT_FA_01382,0,0,hand,0,0,373,454,3,e82bada6333b478e6393c5498f41ba28,train
IMG0002765.jpg,D:\projects\MediMind\ai-prediction-service\test-dataset\Bone Facture\FracAtlas\FracAtlas\images\Non_fractured\IMG0002765.jpg,images\Non_fractured\IMG0002765.jpg,FracAtlas,PAT_FA_01382,0,0,hand,0,0,373,454,3,3b3255464171ae5815f6bba6ae825239,train
IMG0002766.jpg,D:\projects\MediMind\ai-prediction-service\test-dataset\Bone Facture\FracAtlas\FracAtlas\images\Non_fractured\IMG0002766.jpg,images\Non_fractured\IMG0002766.jpg,FracAtlas,PAT_FA_01383,0,0,leg,0,0,373,454,3,3b1288e033290c5d2c1f8ee08ef12a59,train
IMG0002767.jpg,D:\projects\MediMind\ai-prediction-service\test-dataset\Bone Facture\FracAtlas\FracAtlas\images\Non_fractured\IMG0002767.jpg,images\Non_fractured\IMG0002767.jpg,FracAtlas,PAT_FA_01383,0,0,leg,0,0,373,454,3,bf5ef4ccc1862f05f9f9fb435c2d8f74,train
IMG0002768.jpg,D:\projects\MediMind\ai-prediction-service\test-dataset\Bone Facture\FracAtlas\FracAtlas\images\Fractured\IMG0002768.jpg,images\Fractured\IMG0002768.jpg,FracAtlas,PAT_FA_01384,1,1,leg,0,0,373,454,3,71eb955b9390fa5516eb135e61a2feef,train
IMG0002769.jpg,D:\projects\MediMind\ai-prediction-service\test-dataset\Bone Facture\FracAtlas\FracAtlas\images\Non_fractured\IMG0002769.jpg,images\Non_fractured\IMG0002769.jpg,FracAtlas,PAT_FA_01384,0,0,leg,0,0,373,454,3,16b6ef838593dff3e3680cfb2ac0cb8d,train
IMG0002774.jpg,D:\projects\MediMind\ai-prediction-service\test-dataset\Bone Facture\FracAtlas\FracAtlas\images\Non_fractured\IMG0002774.jpg,images\Non_fractured\IMG0002774.jpg,FracAtlas,PAT_FA_01387,0,0,leg,0,0,454,373,3,2041bf9754f4034c749acc9341f95335,train
IMG0002775.jpg,D:\projects\MediMind\ai-prediction-service\test-dataset\Bone Facture\FracAtlas\FracAtlas\images\Non_fractured\IMG0002775.jpg,images\Non_fractured\IMG0002775.jpg,FracAtlas,PAT_FA_01387,0,0,leg,0,1,454,373,1,0f5ed38bd49483e004e98401ba7130d2,train
IMG0002776.jpg,D:\projects\MediMind\ai-prediction-service\test-dataset\Bone Facture\FracAtlas\FracAtlas\images\Non_fractured\IMG0002776.jpg,images\Non_fractured\IMG0002776.jpg,FracAtlas,PAT_FA_01388,0,0,hand,0,0,454,373,3,d7b8fadc53bed41ab6cc9908e891ea5f,train
IMG0002777.jpg,D:\projects\MediMind\ai-prediction-service\test-dataset\Bone Facture\FracAtlas\FracAtlas\images\Non_fractured\IMG0002777.jpg,images\Non_fractured\IMG0002777.jpg,FracAtlas,PAT_FA_01388,0,0,hand,0,0,454,373,3,1f749dd6e5724a4f4ece1af3060c79c2,train
IMG0002778.jpg,D:\projects\MediMind\ai-prediction-service\test-dataset\Bone Facture\FracAtlas\FracAtlas\images\Non_fractured\IMG0002778.jpg,images\Non_fractured\IMG0002778.jpg,FracAtlas,PAT_FA_01389,0,0,leg,0,0,373,454,3,f00f48197984b55b4a396c6eaa675b68,train
IMG0002779.jpg,D:\projects\MediMind\ai-prediction-service\test-dataset\Bone Facture\FracAtlas\FracAtlas\images\Non_fractured\IMG0002779.jpg,images\Non_fractured\IMG0002779.jpg,FracAtlas,PAT_FA_01389,0,0,leg,0,0,373,454,3,b0dac90af986a1b8c01f0b73989de5a3,train
IMG0002782.jpg,D:\projects\MediMind\ai-prediction-service\test-dataset\Bone Facture\FracAtlas\FracAtlas\images\Non_fractured\IMG0002782.jpg,images\Non_fractured\IMG0002782.jpg,FracAtlas,PAT_FA_01391,0,0,leg,0,0,373,454,3,7c7532c2dbced83d1824be248d3826f2,train
IMG0002783.jpg,D:\projects\MediMind\ai-prediction-service\test-dataset\Bone Facture\FracAtlas\FracAtlas\images\Non_fractured\IMG0002783.jpg,images\Non_fractured\IMG0002783.jpg,FracAtlas,PAT_FA_01391,0,0,leg,0,0,373,454,3,707f07c13953d59605031115e3dc4b79,train
IMG0002784.jpg,D:\projects\MediMind\ai-prediction-service\test-dataset\Bone Facture\FracAtlas\FracAtlas\images\Non_fractured\IMG0002784.jpg,images\Non_fractured\IMG0002784.jpg,FracAtlas,PAT_FA_01392,0,0,leg,0,0,373,454,3,0cffb1662ef3403cc2aae0899cc9c99a,train
IMG0002785.jpg,D:\projects\MediMind\ai-prediction-service\test-dataset\Bone Facture\FracAtlas\FracAtlas\images\Non_fractured\IMG0002785.jpg,images\Non_fractured\IMG0002785.jpg,FracAtlas,PAT_FA_01392,0,0,leg,0,0,454,373,3,d70abce3fca3042a8be97524f4025084,train
IMG0002786.jpg,D:\projects\MediMind\ai-prediction-service\test-dataset\Bone Facture\FracAtlas\FracAtlas\images\Non_fractured\IMG0002786.jpg,images\Non_fractured\IMG0002786.jpg,FracAtlas,PAT_FA_01393,0,0,leg,0,1,454,373,3,f3105f6c5cd69a5b43bfd367c459c310,train
IMG0002787.jpg,D:\projects\MediMind\ai-prediction-service\test-dataset\Bone Facture\FracAtlas\FracAtlas\images\Non_fractured\IMG0002787.jpg,images\Non_fractured\IMG0002787.jpg,FracAtlas,PAT_FA_01393,0,0,leg,0,0,373,454,3,72c24f62822150de9ab8c53882f96969,train
IMG0002788.jpg,D:\projects\MediMind\ai-prediction-service\test-dataset\Bone Facture\FracAtlas\FracAtlas\images\Non_fractured\IMG0002788.jpg,images\Non_fractured\IMG0002788.jpg,FracAtlas,PAT_FA_01394,0,0,leg,0,0,454,373,1,b46e9ba62048891404675a9d3c52d385,train
IMG0002789.jpg,D:\projects\MediMind\ai-prediction-service\test-dataset\Bone Facture\FracAtlas\FracAtlas\images\Non_fractured\IMG0002789.jpg,images\Non_fractured\IMG0002789.jpg,FracAtlas,PAT_FA_01394,0,0,leg,0,1,373,454,3,9cbbe67828e54752d0bbc0fe8c6d8473,train
IMG0002790.jpg,D:\projects\MediMind\ai-prediction-service\test-dataset\Bone Facture\FracAtlas\FracAtlas\images\Fractured\IMG0002790.jpg,images\Fractured\IMG0002790.jpg,FracAtlas,PAT_FA_01395,1,1,leg,1,0,373,454,3,41d76f80cb411592a95270b4953cd48f,train
IMG0002791.jpg,D:\projects\MediMind\ai-prediction-service\test-dataset\Bone Facture\FracAtlas\FracAtlas\images\Fractured\IMG0002791.jpg,images\Fractured\IMG0002791.jpg,FracAtlas,PAT_FA_01395,1,1,leg,1,0,373,454,3,09315b5a4be9abe071355bcccccf6e81,train
IMG0002792.jpg,D:\projects\MediMind\ai-prediction-service\test-dataset\Bone Facture\FracAtlas\FracAtlas\images\Non_fractured\IMG0002792.jpg,images\Non_fractured\IMG0002792.jpg,FracAtlas,PAT_FA_01396,0,0,leg,0,0,373,454,3,b3bc6248769648e5fffd659c2baf2db3,train
IMG0002793.jpg,D:\projects\MediMind\ai-prediction-service\test-dataset\Bone Facture\FracAtlas\FracAtlas\images\Non_fractured\IMG0002793.jpg,images\Non_fractured\IMG0002793.jpg,FracAtlas,PAT_FA_01396,0,0,leg,0,0,373,454,3,4495264d0b45ba85c79555b18706383b,train
IMG0002796.jpg,D:\projects\MediMind\ai-prediction-service\test-dataset\Bone Facture\FracAtlas\FracAtlas\images\Non_fractured\IMG0002796.jpg,images\Non_fractured\IMG0002796.jpg,FracAtlas,PAT_FA_01398,0,0,leg,0,0,373,454,3,50a8505c40bdc1aceceb16e1d2fa7050,train
IMG0002797.jpg,D:\projects\MediMind\ai-prediction-service\test-dataset\Bone Facture\FracAtlas\FracAtlas\images\Non_fractured\IMG0002797.jpg,images\Non_fractured\IMG0002797.jpg,FracAtlas,PAT_FA_01398,0,0,leg,0,0,373,454,3,e9cf75eef3f95b7a429c81ad191ce733,train
IMG0002798.jpg,D:\projects\MediMind\ai-prediction-service\test-dataset\Bone Facture\FracAtlas\FracAtlas\images\Non_fractured\IMG0002798.jpg,images\Non_fractured\IMG0002798.jpg,FracAtlas,PAT_FA_01399,0,0,leg,0,0,373,454,3,07c4a6eec85c394ecaf28348d801455d,train
IMG0002799.jpg,D:\projects\MediMind\ai-prediction-service\test-dataset\Bone Facture\FracAtlas\FracAtlas\images\Non_fractured\IMG0002799.jpg,images\Non_fractured\IMG0002799.jpg,FracAtlas,PAT_FA_01399,0,0,leg,0,0,373,454,3,4cff54f50ae430102c3389d4f453abca,train
IMG0002802.jpg,D:\projects\MediMind\ai-prediction-service\test-dataset\Bone Facture\FracAtlas\FracAtlas\images\Non_fractured\IMG0002802.jpg,images\Non_fractured\IMG0002802.jpg,FracAtlas,PAT_FA_01401,0,0,leg,0,0,373,454,3,61ee5173c91b0bf8b462b65cde3c66c8,train
IMG0002803.jpg,D:\projects\MediMind\ai-prediction-service\test-dataset\Bone Facture\FracAtlas\FracAtlas\images\Non_fractured\IMG0002803.jpg,images\Non_fractured\IMG0002803.jpg,FracAtlas,PAT_FA_01401,0,0,leg,0,0,373,454,3,8e22f66368584d13f3323f9f8f8f39cf,train
IMG0002804.jpg,D:\projects\MediMind\ai-prediction-service\test-dataset\Bone Facture\FracAtlas\FracAtlas\images\Non_fractured\IMG0002804.jpg,images\Non_fractured\IMG0002804.jpg,FracAtlas,PAT_FA_01402,0,0,leg,0,0,454,373,3,e6bb82051e2183355d79e2e43eceba86,train
IMG0002805.jpg,D:\projects\MediMind\ai-prediction-service\test-dataset\Bone Facture\FracAtlas\FracAtlas\images\Non_fractured\IMG0002805.jpg,images\Non_fractured\IMG0002805.jpg,FracAtlas,PAT_FA_01402,0,0,leg,0,0,373,454,3,f30a5f63016226d265fbc0e71dff3316,train
IMG0002806.jpg,D:\projects\MediMind\ai-prediction-service\test-dataset\Bone Facture\FracAtlas\FracAtlas\images\Non_fractured\IMG0002806.jpg,images\Non_fractured\IMG0002806.jpg,FracAtlas,PAT_FA_01403,0,0,leg,0,0,454,373,3,a93bf8663cef74f83778fffc24e44cdf,train
IMG0002807.jpg,D:\projects\MediMind\ai-prediction-service\test-dataset\Bone Facture\FracAtlas\FracAtlas\images\Non_fractured\IMG0002807.jpg,images\Non_fractured\IMG0002807.jpg,FracAtlas,PAT_FA_01403,0,0,hand,0,0,373,454,3,50d9e50d1447ab16da6eb2fc7b878488,train
IMG0002808.jpg,D:\projects\MediMind\ai-prediction-service\test-dataset\Bone Facture\FracAtlas\FracAtlas\images\Non_fractured\IMG0002808.jpg,images\Non_fractured\IMG0002808.jpg,FracAtlas,PAT_FA_01404,0,0,hand,0,0,373,454,3,90b546c9fadc37713bc52d4a9eda23c9,train
IMG0002809.jpg,D:\projects\MediMind\ai-prediction-service\test-dataset\Bone Facture\FracAtlas\FracAtlas\images\Fractured\IMG0002809.jpg,images\Fractured\IMG0002809.jpg,FracAtlas,PAT_FA_01404,1,1,hand,0,0,373,454,3,55f662e27b5ec5d24094f118e41225b0,train
IMG0002810.jpg,D:\projects\MediMind\ai-prediction-service\test-dataset\Bone Facture\FracAtlas\FracAtlas\images\Fractured\IMG0002810.jpg,images\Fractured\IMG0002810.jpg,FracAtlas,PAT_FA_01405,1,1,hand,0,0,373,454,3,037a59b268db317982d4dcbce65c637d,train
IMG0002811.jpg,D:\projects\MediMind\ai-prediction-service\test-dataset\Bone Facture\FracAtlas\FracAtlas\images\Non_fractured\IMG0002811.jpg,images\Non_fractured\IMG0002811.jpg,FracAtlas,PAT_FA_01405,0,0,leg,0,0,373,454,3,370e78fdc0864d47b8e00fd6617969d2,train
IMG0002814.jpg,D:\projects\MediMind\ai-prediction-service\test-dataset\Bone Facture\FracAtlas\FracAtlas\images\Non_fractured\IMG0002814.jpg,images\Non_fractured\IMG0002814.jpg,FracAtlas,PAT_FA_01407,0,0,leg,0,0,373,454,3,4129f471e58a10a8d92775f80640bc54,train
IMG0002815.jpg,D:\projects\MediMind\ai-prediction-service\test-dataset\Bone Facture\FracAtlas\FracAtlas\images\Non_fractured\IMG0002815.jpg,images\Non_fractured\IMG0002815.jpg,FracAtlas,PAT_FA_01407,0,0,leg,0,0,454,373,3,c7025d8d9e31a1fdd9233d0f5d24d4a4,train
IMG0002816.jpg,D:\projects\MediMind\ai-prediction-service\test-dataset\Bone Facture\FracAtlas\FracAtlas\images\Non_fractured\IMG0002816.jpg,images\Non_fractured\IMG0002816.jpg,FracAtlas,PAT_FA_01408,0,0,leg,0,0,373,454,1,447f6dacf446012bfb26fe3cc5096633,train
IMG0002817.jpg,D:\projects\MediMind\ai-prediction-service\test-dataset\Bone Facture\FracAtlas\FracAtlas\images\Non_fractured\IMG0002817.jpg,images\Non_fractured\IMG0002817.jpg,FracAtlas,PAT_FA_01408,0,0,hip,0,0,373,454,3,2eba143275d955528dbc20aeaf16e16c,train
IMG0002818.jpg,D:\projects\MediMind\ai-prediction-service\test-dataset\Bone Facture\FracAtlas\FracAtlas\images\Non_fractured\IMG0002818.jpg,images\Non_fractured\IMG0002818.jpg,FracAtlas,PAT_FA_01409,0,0,hip,0,0,373,454,3,220f6e1579f83ec987944e78b677ca28,train
IMG0002819.jpg,D:\projects\MediMind\ai-prediction-service\test-dataset\Bone Facture\FracAtlas\FracAtlas\images\Non_fractured\IMG0002819.jpg,images\Non_fractured\IMG0002819.jpg,FracAtlas,PAT_FA_01409,0,0,leg,0,0,373,454,3,6603cbb6bbef05518abc7372f676697e,train
IMG0002820.jpg,D:\projects\MediMind\ai-prediction-service\test-dataset\Bone Facture\FracAtlas\FracAtlas\images\Non_fractured\IMG0002820.jpg,images\Non_fractured\IMG0002820.jpg,FracAtlas,PAT_FA_01410,0,0,leg,0,0,373,454,3,346ee852239757343a220d7dca113a0a,train
IMG0002821.jpg,D:\projects\MediMind\ai-prediction-service\test-dataset\Bone Facture\FracAtlas\FracAtlas\images\Non_fractured\IMG0002821.jpg,images\Non_fractured\IMG0002821.jpg,FracAtlas,PAT_FA_01410,0,0,hand,0,0,373,454,1,5bcfe5f957124d9599c595e21f46a56a,train
IMG0002824.jpg,D:\projects\MediMind\ai-prediction-service\test-dataset\Bone Facture\FracAtlas\FracAtlas\images\Non_fractured\IMG0002824.jpg,images\Non_fractured\IMG0002824.jpg,FracAtlas,PAT_FA_01412,0,0,leg,0,0,373,454,3,13e4aebeff82e7d935834282f3bdb4ca,train
IMG0002825.jpg,D:\projects\MediMind\ai-prediction-service\test-dataset\Bone Facture\FracAtlas\FracAtlas\images\Non_fractured\IMG0002825.jpg,images\Non_fractured\IMG0002825.jpg,FracAtlas,PAT_FA_01412,0,0,leg,0,0,373,454,3,d56c72beded231e55083764b9941e57b,train
IMG0002826.jpg,D:\projects\MediMind\ai-prediction-service\test-dataset\Bone Facture\FracAtlas\FracAtlas\images\Non_fractured\IMG0002826.jpg,images\Non_fractured\IMG0002826.jpg,FracAtlas,PAT_FA_01413,0,0,leg,0,0,373,454,3,316ef5ad9b00d1c0cd28fba3982f95bc,train
IMG0002827.jpg,D:\projects\MediMind\ai-prediction-service\test-dataset\Bone Facture\FracAtlas\FracAtlas\images\Non_fractured\IMG0002827.jpg,images\Non_fractured\IMG0002827.jpg,FracAtlas,PAT_FA_01413,0,0,leg,0,0,373,454,3,438f8acc61ca87816a9ca37af2007ee9,train
IMG0002828.jpg,D:\projects\MediMind\ai-prediction-service\test-dataset\Bone Facture\FracAtlas\FracAtlas\images\Non_fractured\IMG0002828.jpg,images\Non_fractured\IMG0002828.jpg,FracAtlas,PAT_FA_01414,0,0,leg,0,0,373,454,3,11242cfda443481b9550c405cdb3347b,train
IMG0002829.jpg,D:\projects\MediMind\ai-prediction-service\test-dataset\Bone Facture\FracAtlas\FracAtlas\images\Non_fractured\IMG0002829.jpg,images\Non_fractured\IMG0002829.jpg,FracAtlas,PAT_FA_01414,0,0,leg,0,0,373,454,3,87136f2baa27cfaa7bfea203f064780f,train
IMG0002832.jpg,D:\projects\MediMind\ai-prediction-service\test-dataset\Bone Facture\FracAtlas\FracAtlas\images\Fractured\IMG0002832.jpg,images\Fractured\IMG0002832.jpg,FracAtlas,PAT_FA_01416,1,1,hand,0,0,373,454,3,53be10f75b922ededeccb07fc1f6a4b8,train
IMG0002833.jpg,D:\projects\MediMind\ai-prediction-service\test-dataset\Bone Facture\FracAtlas\FracAtlas\images\Fractured\IMG0002833.jpg,images\Fractured\IMG0002833.jpg,FracAtlas,PAT_FA_01416,1,1,hand,0,0,373,454,3,f63d7586d569e32b1edad8f46590a9d7,train
IMG0002836.jpg,D:\projects\MediMind\ai-prediction-service\test-dataset\Bone Facture\FracAtlas\FracAtlas\images\Non_fractured\IMG0002836.jpg,images\Non_fractured\IMG0002836.jpg,FracAtlas,PAT_FA_01418,0,0,hand,0,0,373,454,3,4f452aa56ded095fd029a9a26b20a463,train
IMG0002837.jpg,D:\projects\MediMind\ai-prediction-service\test-dataset\Bone Facture\FracAtlas\FracAtlas\images\Non_fractured\IMG0002837.jpg,images\Non_fractured\IMG0002837.jpg,FracAtlas,PAT_FA_01418,0,0,leg,0,0,373,454,3,b0ef0c97e0ddb3d089c6c7004d0d55a7,train
IMG0002840.jpg,D:\projects\MediMind\ai-prediction-service\test-dataset\Bone Facture\FracAtlas\FracAtlas\images\Fractured\IMG0002840.jpg,images\Fractured\IMG0002840.jpg,FracAtlas,PAT_FA_01420,1,1,leg,0,0,373,454,3,85f8aef40b63c1dc4205f1e1e0bc782e,train
IMG0002841.jpg,D:\projects\MediMind\ai-prediction-service\test-dataset\Bone Facture\FracAtlas\FracAtlas\images\Non_fractured\IMG0002841.jpg,images\Non_fractured\IMG0002841.jpg,FracAtlas,PAT_FA_01420,0,0,leg,0,0,373,454,3,751a0bf8bf2091b3adc9ce04942dead4,train
IMG0002842.jpg,D:\projects\MediMind\ai-prediction-service\test-dataset\Bone Facture\FracAtlas\FracAtlas\images\Non_fractured\IMG0002842.jpg,images\Non_fractured\IMG0002842.jpg,FracAtlas,PAT_FA_01421,0,0,leg,0,0,373,454,3,5d1c52992ee4dbbe7198090794e54a67,train
IMG0002843.jpg,D:\projects\MediMind\ai-prediction-service\test-dataset\Bone Facture\FracAtlas\FracAtlas\images\Non_fractured\IMG0002843.jpg,images\Non_fractured\IMG0002843.jpg,FracAtlas,PAT_FA_01421,0,0,leg,0,0,373,454,3,b28153e8ac0c99123bec446e324697b7,train
IMG0002844.jpg,D:\projects\MediMind\ai-prediction-service\test-dataset\Bone Facture\FracAtlas\FracAtlas\images\Non_fractured\IMG0002844.jpg,images\Non_fractured\IMG0002844.jpg,FracAtlas,PAT_FA_01422,0,0,leg,0,0,373,454,3,dafe7918fbcb877bb2242d12a536b75b,train
IMG0002845.jpg,D:\projects\MediMind\ai-prediction-service\test-dataset\Bone Facture\FracAtlas\FracAtlas\images\Non_fractured\IMG0002845.jpg,images\Non_fractured\IMG0002845.jpg,FracAtlas,PAT_FA_01422,0,0,leg,0,0,454,373,3,1b48970bf8acdece121dac2e29d5df73,train
IMG0002846.jpg,D:\projects\MediMind\ai-prediction-service\test-dataset\Bone Facture\FracAtlas\FracAtlas\images\Fractured\IMG0002846.jpg,images\Fractured\IMG0002846.jpg,FracAtlas,PAT_FA_01423,1,1,leg,0,0,373,454,1,f0c7a4d00704e86fc005dde08ee4475f,train
IMG0002847.jpg,D:\projects\MediMind\ai-prediction-service\test-dataset\Bone Facture\FracAtlas\FracAtlas\images\Fractured\IMG0002847.jpg,images\Fractured\IMG0002847.jpg,FracAtlas,PAT_FA_01423,1,1,leg,0,0,373,454,1,a207d5ff618b471964e70b0de6bd4fee,train
IMG0002850.jpg,D:\projects\MediMind\ai-prediction-service\test-dataset\Bone Facture\FracAtlas\FracAtlas\images\Non_fractured\IMG0002850.jpg,images\Non_fractured\IMG0002850.jpg,FracAtlas,PAT_FA_01425,0,0,leg,0,0,373,454,3,2e7c38b683f40f347af5317ae7d5a0c7,train
IMG0002851.jpg,D:\projects\MediMind\ai-prediction-service\test-dataset\Bone Facture\FracAtlas\FracAtlas\images\Non_fractured\IMG0002851.jpg,images\Non_fractured\IMG0002851.jpg,FracAtlas,PAT_FA_01425,0,0,leg,0,0,454,373,3,8718721c3fffad885637d5c50b3b2379,train
IMG0002852.jpg,D:\projects\MediMind\ai-prediction-service\test-dataset\Bone Facture\FracAtlas\FracAtlas\images\Non_fractured\IMG0002852.jpg,images\Non_fractured\IMG0002852.jpg,FracAtlas,PAT_FA_01426,0,0,leg,0,1,454,373,3,b96573642aba33b8a2f86c7e0170c86f,train
IMG0002853.jpg,D:\projects\MediMind\ai-prediction-service\test-dataset\Bone Facture\FracAtlas\FracAtlas\images\Non_fractured\IMG0002853.jpg,images\Non_fractured\IMG0002853.jpg,FracAtlas,PAT_FA_01426,0,0,leg,0,1,454,373,3,9242b9d7e29b5711e5169ca6cc7b30d2,train
IMG0002854.jpg,D:\projects\MediMind\ai-prediction-service\test-dataset\Bone Facture\FracAtlas\FracAtlas\images\Non_fractured\IMG0002854.jpg,images\Non_fractured\IMG0002854.jpg,FracAtlas,PAT_FA_01427,0,0,leg,0,0,373,454,3,3d938962dfc51c4e1283176edbe16468,train
IMG0002855.jpg,D:\projects\MediMind\ai-prediction-service\test-dataset\Bone Facture\FracAtlas\FracAtlas\images\Non_fractured\IMG0002855.jpg,images\Non_fractured\IMG0002855.jpg,FracAtlas,PAT_FA_01427,0,0,leg,0,0,454,373,3,6cd24d8fb3118363b5d4a43b946c9d33,train
IMG0002858.jpg,D:\projects\MediMind\ai-prediction-service\test-dataset\Bone Facture\FracAtlas\FracAtlas\images\Non_fractured\IMG0002858.jpg,images\Non_fractured\IMG0002858.jpg,FracAtlas,PAT_FA_01429,0,0,hand,0,0,454,373,3,892d01f7fc0edad02f12c841a41c9f5a,train
IMG0002859.jpg,D:\projects\MediMind\ai-prediction-service\test-dataset\Bone Facture\FracAtlas\FracAtlas\images\Non_fractured\IMG0002859.jpg,images\Non_fractured\IMG0002859.jpg,FracAtlas,PAT_FA_01429,0,0,leg,0,0,373,454,3,e473a2eb6ef35df5570fa85c4408421b,train
IMG0002860.jpg,D:\projects\MediMind\ai-prediction-service\test-dataset\Bone Facture\FracAtlas\FracAtlas\images\Non_fractured\IMG0002860.jpg,images\Non_fractured\IMG0002860.jpg,FracAtlas,PAT_FA_01430,0,0,leg,0,0,454,373,3,bb9472bc69579a46acaa01bdf35fbebb,train
IMG0002861.jpg,D:\projects\MediMind\ai-prediction-service\test-dataset\Bone Facture\FracAtlas\FracAtlas\images\Non_fractured\IMG0002861.jpg,images\Non_fractured\IMG0002861.jpg,FracAtlas,PAT_FA_01430,0,0,leg,0,0,373,454,3,e72eaffebffd8ff96c4da7fec176b1ed,train
IMG0002862.jpg,D:\projects\MediMind\ai-prediction-service\test-dataset\Bone Facture\FracAtlas\FracAtlas\images\Non_fractured\IMG0002862.jpg,images\Non_fractured\IMG0002862.jpg,FracAtlas,PAT_FA_01431,0,0,leg,0,0,373,454,3,6ac0bf8ea35f3400267970aa1139845a,train
IMG0002863.jpg,D:\projects\MediMind\ai-prediction-service\test-dataset\Bone Facture\FracAtlas\FracAtlas\images\Non_fractured\IMG0002863.jpg,images\Non_fractured\IMG0002863.jpg,FracAtlas,PAT_FA_01431,0,0,leg,0,0,373,454,3,a647603fcbddb90772ec286521860795,train
IMG0002866.jpg,D:\projects\MediMind\ai-prediction-service\test-dataset\Bone Facture\FracAtlas\FracAtlas\images\Non_fractured\IMG0002866.jpg,images\Non_fractured\IMG0002866.jpg,FracAtlas,PAT_FA_01433,0,0,hand,0,0,454,373,3,8cb4bda81ea5a64ef775981143dcafe2,train
IMG0002867.jpg,D:\projects\MediMind\ai-prediction-service\test-dataset\Bone Facture\FracAtlas\FracAtlas\images\Non_fractured\IMG0002867.jpg,images\Non_fractured\IMG0002867.jpg,FracAtlas,PAT_FA_01433,0,0,hand,0,0,454,373,3,e3be320a5159b483509ca5db6e229373,train
IMG0002868.jpg,D:\projects\MediMind\ai-prediction-service\test-dataset\Bone Facture\FracAtlas\FracAtlas\images\Non_fractured\IMG0002868.jpg,images\Non_fractured\IMG0002868.jpg,FracAtlas,PAT_FA_01434,0,0,leg,0,0,373,454,3,7f15bd07fac135870197a160fc760a72,train
IMG0002869.jpg,D:\projects\MediMind\ai-prediction-service\test-dataset\Bone Facture\FracAtlas\FracAtlas\images\Non_fractured\IMG0002869.jpg,images\Non_fractured\IMG0002869.jpg,FracAtlas,PAT_FA_01434,0,0,leg,0,0,373,454,3,ffa6e0dc381570d1c20535272c612a33,train
IMG0002874.jpg,D:\projects\MediMind\ai-prediction-service\test-dataset\Bone Facture\FracAtlas\FracAtlas\images\Non_fractured\IMG0002874.jpg,images\Non_fractured\IMG0002874.jpg,FracAtlas,PAT_FA_01437,0,0,leg,0,0,373,454,3,68dd0e8bf87c506a6f37b2e391d148c1,train
IMG0002875.jpg,D:\projects\MediMind\ai-prediction-service\test-dataset\Bone Facture\FracAtlas\FracAtlas\images\Non_fractured\IMG0002875.jpg,images\Non_fractured\IMG0002875.jpg,FracAtlas,PAT_FA_01437,0,0,hand,0,0,454,373,3,d2d154c9b6afab524c3b39784f2b0403,train
IMG0002876.jpg,D:\projects\MediMind\ai-prediction-service\test-dataset\Bone Facture\FracAtlas\FracAtlas\images\Non_fractured\IMG0002876.jpg,images\Non_fractured\IMG0002876.jpg,FracAtlas,PAT_FA_01438,0,0,hand,0,0,373,454,3,a7df26c5904c9f227c6745c6c83d7e4e,train
IMG0002877.jpg,D:\projects\MediMind\ai-prediction-service\test-dataset\Bone Facture\FracAtlas\FracAtlas\images\Non_fractured\IMG0002877.jpg,images\Non_fractured\IMG0002877.jpg,FracAtlas,PAT_FA_01438,0,0,leg,0,0,373,454,3,70412a39fe03ecfb5fa181187e186ae9,train
IMG0002882.jpg,D:\projects\MediMind\ai-prediction-service\test-dataset\Bone Facture\FracAtlas\FracAtlas\images\Non_fractured\IMG0002882.jpg,images\Non_fractured\IMG0002882.jpg,FracAtlas,PAT_FA_01441,0,0,hand,0,0,454,373,3,3f6560b0ec58cfe459129b6fb73193ab,train
IMG0002883.jpg,D:\projects\MediMind\ai-prediction-service\test-dataset\Bone Facture\FracAtlas\FracAtlas\images\Non_fractured\IMG0002883.jpg,images\Non_fractured\IMG0002883.jpg,FracAtlas,PAT_FA_01441,0,0,hand,0,0,373,454,3,34b50537df17f0c8e26e515ce8826163,train
IMG0002884.jpg,D:\projects\MediMind\ai-prediction-service\test-dataset\Bone Facture\FracAtlas\FracAtlas\images\Non_fractured\IMG0002884.jpg,images\Non_fractured\IMG0002884.jpg,FracAtlas,PAT_FA_01442,0,0,hand,0,0,373,454,3,8b62ad18e6de7fbc0de8a1dfb4523eb4,train
IMG0002885.jpg,D:\projects\MediMind\ai-prediction-service\test-dataset\Bone Facture\FracAtlas\FracAtlas\images\Fractured\IMG0002885.jpg,images\Fractured\IMG0002885.jpg,FracAtlas,PAT_FA_01442,1,1,hand,0,0,373,454,3,e40e7f2b7252883f120c0b71a0064a5d,train
IMG0002886.jpg,D:\projects\MediMind\ai-prediction-service\test-dataset\Bone Facture\FracAtlas\FracAtlas\images\Fractured\IMG0002886.jpg,images\Fractured\IMG0002886.jpg,FracAtlas,PAT_FA_01443,1,1,hand,0,0,373,454,3,25f170947061c5eba9f60b2dfa194606,train
IMG0002887.jpg,D:\projects\MediMind\ai-prediction-service\test-dataset\Bone Facture\FracAtlas\FracAtlas\images\Non_fractured\IMG0002887.jpg,images\Non_fractured\IMG0002887.jpg,FracAtlas,PAT_FA_01443,0,0,leg,0,0,373,454,3,6ac287ee5ca0156a5019b4a1e28f9935,train
IMG0002892.jpg,D:\projects\MediMind\ai-prediction-service\test-dataset\Bone Facture\FracAtlas\FracAtlas\images\Non_fractured\IMG0002892.jpg,images\Non_fractured\IMG0002892.jpg,FracAtlas,PAT_FA_01446,0,0,leg,0,0,373,454,3,202dbe8b3ab039422ec2cce17ca4a6e1,train
IMG0002893.jpg,D:\projects\MediMind\ai-prediction-service\test-dataset\Bone Facture\FracAtlas\FracAtlas\images\Non_fractured\IMG0002893.jpg,images\Non_fractured\IMG0002893.jpg,FracAtlas,PAT_FA_01446,0,0,leg,0,0,373,454,3,b6db9ca146c00a3223d62aca99a6efb0,train
IMG0002894.jpg,D:\projects\MediMind\ai-prediction-service\test-dataset\Bone Facture\FracAtlas\FracAtlas\images\Non_fractured\IMG0002894.jpg,images\Non_fractured\IMG0002894.jpg,FracAtlas,PAT_FA_01447,0,0,leg,0,0,373,454,3,e1c16a4037e2483fa463993d07f8e506,train
IMG0002895.jpg,D:\projects\MediMind\ai-prediction-service\test-dataset\Bone Facture\FracAtlas\FracAtlas\images\Non_fractured\IMG0002895.jpg,images\Non_fractured\IMG0002895.jpg,FracAtlas,PAT_FA_01447,0,0,leg,0,0,373,454,3,fc165eb7bb9b1f8d7e1ddedd89c3cfe2,train
IMG0002896.jpg,D:\projects\MediMind\ai-prediction-service\test-dataset\Bone Facture\FracAtlas\FracAtlas\images\Non_fractured\IMG0002896.jpg,images\Non_fractured\IMG0002896.jpg,FracAtlas,PAT_FA_01448,0,0,leg,0,0,454,373,3,38b152963856b0ea499f7d2108aca2fa,train
IMG0002897.jpg,D:\projects\MediMind\ai-prediction-service\test-dataset\Bone Facture\FracAtlas\FracAtlas\images\Non_fractured\IMG0002897.jpg,images\Non_fractured\IMG0002897.jpg,FracAtlas,PAT_FA_01448,0,0,hand,0,0,373,454,1,b7f5749ebb7d6c2f40d0bd7846e67081,train
IMG0002898.jpg,D:\projects\MediMind\ai-prediction-service\test-dataset\Bone Facture\FracAtlas\FracAtlas\images\Non_fractured\IMG0002898.jpg,images\Non_fractured\IMG0002898.jpg,FracAtlas,PAT_FA_01449,0,0,leg,0,0,373,454,3,b89de163c6978d6933355416fc0526f1,train
IMG0002899.jpg,D:\projects\MediMind\ai-prediction-service\test-dataset\Bone Facture\FracAtlas\FracAtlas\images\Non_fractured\IMG0002899.jpg,images\Non_fractured\IMG0002899.jpg,FracAtlas,PAT_FA_01449,0,0,leg,0,0,373,454,3,a006c832d81806a05516057e90f34936,train
IMG0002906.jpg,D:\projects\MediMind\ai-prediction-service\test-dataset\Bone Facture\FracAtlas\FracAtlas\images\Non_fractured\IMG0002906.jpg,images\Non_fractured\IMG0002906.jpg,FracAtlas,PAT_FA_01453,0,0,leg,0,0,373,454,3,5e17e4e2f9bdebc65c84d63d5e37349b,train
IMG0002907.jpg,D:\projects\MediMind\ai-prediction-service\test-dataset\Bone Facture\FracAtlas\FracAtlas\images\Non_fractured\IMG0002907.jpg,images\Non_fractured\IMG0002907.jpg,FracAtlas,PAT_FA_01453,0,0,leg,0,0,373,454,3,36dfd8deeb27196e89f5077ceef1dfb3,train
IMG0002908.jpg,D:\projects\MediMind\ai-prediction-service\test-dataset\Bone Facture\FracAtlas\FracAtlas\images\Non_fractured\IMG0002908.jpg,images\Non_fractured\IMG0002908.jpg,FracAtlas,PAT_FA_01454,0,0,hand,0,0,373,454,3,10d86b4151af62ee92ecc770d99c54b7,train
IMG0002909.jpg,D:\projects\MediMind\ai-prediction-service\test-dataset\Bone Facture\FracAtlas\FracAtlas\images\Non_fractured\IMG0002909.jpg,images\Non_fractured\IMG0002909.jpg,FracAtlas,PAT_FA_01454,0,0,leg,0,0,373,454,3,a1fbc55f5f77039a95e6d9fc478a40f0,train
IMG0002912.jpg,D:\projects\MediMind\ai-prediction-service\test-dataset\Bone Facture\FracAtlas\FracAtlas\images\Non_fractured\IMG0002912.jpg,images\Non_fractured\IMG0002912.jpg,FracAtlas,PAT_FA_01456,0,0,hand,0,0,373,454,3,a1220c39dc700ae5640d0172149316fa,train
IMG0002913.jpg,D:\projects\MediMind\ai-prediction-service\test-dataset\Bone Facture\FracAtlas\FracAtlas\images\Non_fractured\IMG0002913.jpg,images\Non_fractured\IMG0002913.jpg,FracAtlas,PAT_FA_01456,0,0,hand,0,0,373,454,3,0390036d228ed748e79993b24f4026aa,train
IMG0002916.jpg,D:\projects\MediMind\ai-prediction-service\test-dataset\Bone Facture\FracAtlas\FracAtlas\images\Non_fractured\IMG0002916.jpg,images\Non_fractured\IMG0002916.jpg,FracAtlas,PAT_FA_01458,0,0,hand,0,0,454,373,3,ee8d8e05b145b8063cffb61e479ecc9c,train
IMG0002917.jpg,D:\projects\MediMind\ai-prediction-service\test-dataset\Bone Facture\FracAtlas\FracAtlas\images\Non_fractured\IMG0002917.jpg,images\Non_fractured\IMG0002917.jpg,FracAtlas,PAT_FA_01458,0,0,hand,0,0,373,454,3,831d511c42587b1dbb6daded8f316f75,train
IMG0002920.jpg,D:\projects\MediMind\ai-prediction-service\test-dataset\Bone Facture\FracAtlas\FracAtlas\images\Non_fractured\IMG0002920.jpg,images\Non_fractured\IMG0002920.jpg,FracAtlas,PAT_FA_01460,0,0,leg,0,0,373,454,3,8470a0fd147b51b654bf8a646dc93739,train
IMG0002921.jpg,D:\projects\MediMind\ai-prediction-service\test-dataset\Bone Facture\FracAtlas\FracAtlas\images\Non_fractured\IMG0002921.jpg,images\Non_fractured\IMG0002921.jpg,FracAtlas,PAT_FA_01460,0,0,leg,0,0,454,373,3,fcfc911898b602e05d6e40f7ed0982c1,train
IMG0002922.jpg,D:\projects\MediMind\ai-prediction-service\test-dataset\Bone Facture\FracAtlas\FracAtlas\images\Non_fractured\IMG0002922.jpg,images\Non_fractured\IMG0002922.jpg,FracAtlas,PAT_FA_01461,0,0,hand,0,0,373,454,1,05d3e712ce651617cecedc34a4f875d4,train
IMG0002923.jpg,D:\projects\MediMind\ai-prediction-service\test-dataset\Bone Facture\FracAtlas\FracAtlas\images\Non_fractured\IMG0002923.jpg,images\Non_fractured\IMG0002923.jpg,FracAtlas,PAT_FA_01461,0,0,leg,0,0,373,454,3,2232987a9474dd788b6748e8badb4f14,train
IMG0002924.jpg,D:\projects\MediMind\ai-prediction-service\test-dataset\Bone Facture\FracAtlas\FracAtlas\images\Non_fractured\IMG0002924.jpg,images\Non_fractured\IMG0002924.jpg,FracAtlas,PAT_FA_01462,0,0,leg,0,0,373,454,3,9b5c0af49583c8a7bb5ed09ef30a13a3,train
IMG0002925.jpg,D:\projects\MediMind\ai-prediction-service\test-dataset\Bone Facture\FracAtlas\FracAtlas\images\Non_fractured\IMG0002925.jpg,images\Non_fractured\IMG0002925.jpg,FracAtlas,PAT_FA_01462,0,0,leg,0,1,454,373,3,0339d053fcecc019bdfe0ddf10ebcaa0,train
IMG0002930.jpg,D:\projects\MediMind\ai-prediction-service\test-dataset\Bone Facture\FracAtlas\FracAtlas\images\Non_fractured\IMG0002930.jpg,images\Non_fractured\IMG0002930.jpg,FracAtlas,PAT_FA_01465,0,0,leg,0,0,373,454,3,eab87e0baa1abf3c300ec66cc7382cdd,train
IMG0002931.jpg,D:\projects\MediMind\ai-prediction-service\test-dataset\Bone Facture\FracAtlas\FracAtlas\images\Non_fractured\IMG0002931.jpg,images\Non_fractured\IMG0002931.jpg,FracAtlas,PAT_FA_01465,0,0,leg,0,0,454,373,3,e0eedb7b41603e5579bade0fa4caf7c0,train
IMG0002936.jpg,D:\projects\MediMind\ai-prediction-service\test-dataset\Bone Facture\FracAtlas\FracAtlas\images\Non_fractured\IMG0002936.jpg,images\Non_fractured\IMG0002936.jpg,FracAtlas,PAT_FA_01468,0,0,leg,0,0,373,454,3,914cdf86eaf0bec7c6564da2c920598f,train
IMG0002937.jpg,D:\projects\MediMind\ai-prediction-service\test-dataset\Bone Facture\FracAtlas\FracAtlas\images\Non_fractured\IMG0002937.jpg,images\Non_fractured\IMG0002937.jpg,FracAtlas,PAT_FA_01468,0,0,leg,0,0,373,454,3,f56149f112014824200afa3102c5b321,train
IMG0002944.jpg,D:\projects\MediMind\ai-prediction-service\test-dataset\Bone Facture\FracAtlas\FracAtlas\images\Non_fractured\IMG0002944.jpg,images\Non_fractured\IMG0002944.jpg,FracAtlas,PAT_FA_01472,0,0,leg,0,1,454,373,3,a9e1ed08680401fc1fcc95a8cbe950b5,train
IMG0002945.jpg,D:\projects\MediMind\ai-prediction-service\test-dataset\Bone Facture\FracAtlas\FracAtlas\images\Fractured\IMG0002945.jpg,images\Fractured\IMG0002945.jpg,FracAtlas,PAT_FA_01472,1,1,leg,0,0,373,454,3,da02c91c7cd7574764ca6da05dd23f9a,train
IMG0002946.jpg,D:\projects\MediMind\ai-prediction-service\test-dataset\Bone Facture\FracAtlas\FracAtlas\images\Fractured\IMG0002946.jpg,images\Fractured\IMG0002946.jpg,FracAtlas,PAT_FA_01473,1,1,leg,0,0,373,454,3,a5ba83ecde258ceadd05f977f88d5957,train
IMG0002947.jpg,D:\projects\MediMind\ai-prediction-service\test-dataset\Bone Facture\FracAtlas\FracAtlas\images\Non_fractured\IMG0002947.jpg,images\Non_fractured\IMG0002947.jpg,FracAtlas,PAT_FA_01473,0,0,hand,0,0,454,373,3,b10e1b0082acd1c7a0c55b270a5edf0c,train
IMG0002948.jpg,D:\projects\MediMind\ai-prediction-service\test-dataset\Bone Facture\FracAtlas\FracAtlas\images\Non_fractured\IMG0002948.jpg,images\Non_fractured\IMG0002948.jpg,FracAtlas,PAT_FA_01474,0,0,hand,0,0,454,373,3,7732aa63d853a66793351943226a23e6,train
IMG0002949.jpg,D:\projects\MediMind\ai-prediction-service\test-dataset\Bone Facture\FracAtlas\FracAtlas\images\Non_fractured\IMG0002949.jpg,images\Non_fractured\IMG0002949.jpg,FracAtlas,PAT_FA_01474,0,0,hand,0,0,373,454,3,1ecf6b7a7a160978c8745ce904000e32,train
IMG0002950.jpg,D:\projects\MediMind\ai-prediction-service\test-dataset\Bone Facture\FracAtlas\FracAtlas\images\Non_fractured\IMG0002950.jpg,images\Non_fractured\IMG0002950.jpg,FracAtlas,PAT_FA_01475,0,0,hand,0,0,373,454,3,398cbe3a33d57e17df4128705dee27cb,train
IMG0002951.jpg,D:\projects\MediMind\ai-prediction-service\test-dataset\Bone Facture\FracAtlas\FracAtlas\images\Non_fractured\IMG0002951.jpg,images\Non_fractured\IMG0002951.jpg,FracAtlas,PAT_FA_01475,0,0,hand,0,0,373,454,3,18f6235e546462b629c1564b9d855124,train
IMG0002952.jpg,D:\projects\MediMind\ai-prediction-service\test-dataset\Bone Facture\FracAtlas\FracAtlas\images\Non_fractured\IMG0002952.jpg,images\Non_fractured\IMG0002952.jpg,FracAtlas,PAT_FA_01476,0,0,hand,0,0,373,454,3,ad4f283d5956d3172227c6f1be206600,train
IMG0002953.jpg,D:\projects\MediMind\ai-prediction-service\test-dataset\Bone Facture\FracAtlas\FracAtlas\images\Non_fractured\IMG0002953.jpg,images\Non_fractured\IMG0002953.jpg,FracAtlas,PAT_FA_01476,0,0,leg,0,0,373,454,3,67c06e0586f71d87b38f23d5d4f47a31,train
IMG0002956.jpg,D:\projects\MediMind\ai-prediction-service\test-dataset\Bone Facture\FracAtlas\FracAtlas\images\Non_fractured\IMG0002956.jpg,images\Non_fractured\IMG0002956.jpg,FracAtlas,PAT_FA_01478,0,0,hand,0,0,373,454,3,fa4e8335747c4332bf97925021dab9a9,train
IMG0002957.jpg,D:\projects\MediMind\ai-prediction-service\test-dataset\Bone Facture\FracAtlas\FracAtlas\images\Non_fractured\IMG0002957.jpg,images\Non_fractured\IMG0002957.jpg,FracAtlas,PAT_FA_01478,0,0,leg,0,0,373,454,3,e45bb3ad9c2e9bd9b81053ecb9f15441,train
IMG0002958.jpg,D:\projects\MediMind\ai-prediction-service\test-dataset\Bone Facture\FracAtlas\FracAtlas\images\Non_fractured\IMG0002958.jpg,images\Non_fractured\IMG0002958.jpg,FracAtlas,PAT_FA_01479,0,0,leg,0,0,373,454,3,1c94c3831ef981ec25cc59977bd7e894,train
IMG0002959.jpg,D:\projects\MediMind\ai-prediction-service\test-dataset\Bone Facture\FracAtlas\FracAtlas\images\Non_fractured\IMG0002959.jpg,images\Non_fractured\IMG0002959.jpg,FracAtlas,PAT_FA_01479,0,0,leg,0,0,373,454,3,0e63f5d24e4cdcdec8d8007cea90dffc,train
IMG0002960.jpg,D:\projects\MediMind\ai-prediction-service\test-dataset\Bone Facture\FracAtlas\FracAtlas\images\Non_fractured\IMG0002960.jpg,images\Non_fractured\IMG0002960.jpg,FracAtlas,PAT_FA_01480,0,0,leg,0,0,373,454,3,8e38f9b56a205edd8ec7bd3c7c375316,train
IMG0002961.jpg,D:\projects\MediMind\ai-prediction-service\test-dataset\Bone Facture\FracAtlas\FracAtlas\images\Non_fractured\IMG0002961.jpg,images\Non_fractured\IMG0002961.jpg,FracAtlas,PAT_FA_01480,0,0,hand,0,0,373,454,3,7f16d3fb93eb47d5d7bf41272927110c,train
IMG0002964.jpg,D:\projects\MediMind\ai-prediction-service\test-dataset\Bone Facture\FracAtlas\FracAtlas\images\Non_fractured\IMG0002964.jpg,images\Non_fractured\IMG0002964.jpg,FracAtlas,PAT_FA_01482,0,0,leg,0,0,373,454,3,d2d36ccaf48fa4224a296a51667f5208,train
IMG0002965.jpg,D:\projects\MediMind\ai-prediction-service\test-dataset\Bone Facture\FracAtlas\FracAtlas\images\Non_fractured\IMG0002965.jpg,images\Non_fractured\IMG0002965.jpg,FracAtlas,PAT_FA_01482,0,0,hand,0,0,373,454,3,a9acfce2f5453948b250accbaf141294,train
IMG0002966.jpg,D:\projects\MediMind\ai-prediction-service\test-dataset\Bone Facture\FracAtlas\FracAtlas\images\Non_fractured\IMG0002966.jpg,images\Non_fractured\IMG0002966.jpg,FracAtlas,PAT_FA_01483,0,0,hand,0,0,373,454,3,3d9ac278ca42a709691e355452f3ff54,train
IMG0002967.jpg,D:\projects\MediMind\ai-prediction-service\test-dataset\Bone Facture\FracAtlas\FracAtlas\images\Non_fractured\IMG0002967.jpg,images\Non_fractured\IMG0002967.jpg,FracAtlas,PAT_FA_01483,0,0,hand,0,0,373,454,3,ee64ff051912f78cf14638c96d20c621,train
IMG0002968.jpg,D:\projects\MediMind\ai-prediction-service\test-dataset\Bone Facture\FracAtlas\FracAtlas\images\Non_fractured\IMG0002968.jpg,images\Non_fractured\IMG0002968.jpg,FracAtlas,PAT_FA_01484,0,0,leg,0,0,373,454,3,bcad97593467ac41e781fd7e250a1a3c,train
IMG0002969.jpg,D:\projects\MediMind\ai-prediction-service\test-dataset\Bone Facture\FracAtlas\FracAtlas\images\Non_fractured\IMG0002969.jpg,images\Non_fractured\IMG0002969.jpg,FracAtlas,PAT_FA_01484,0,0,leg,0,0,454,373,3,be239333363e93a219976d302b112a3f,train
IMG0002970.jpg,D:\projects\MediMind\ai-prediction-service\test-dataset\Bone Facture\FracAtlas\FracAtlas\images\Fractured\IMG0002970.jpg,images\Fractured\IMG0002970.jpg,FracAtlas,PAT_FA_01485,1,1,leg,0,0,373,454,3,de674618ff508f979dab0f8d9afd6f99,train
IMG0002971.jpg,D:\projects\MediMind\ai-prediction-service\test-dataset\Bone Facture\FracAtlas\FracAtlas\images\Fractured\IMG0002971.jpg,images\Fractured\IMG0002971.jpg,FracAtlas,PAT_FA_01485,1,1,leg,0,0,454,373,3,d0d6d1419e1b030a260cfbd7340dbc80,train
IMG0002974.jpg,D:\projects\MediMind\ai-prediction-service\test-dataset\Bone Facture\FracAtlas\FracAtlas\images\Non_fractured\IMG0002974.jpg,images\Non_fractured\IMG0002974.jpg,FracAtlas,PAT_FA_01487,0,0,hand,0,0,373,454,3,15ac1a5d29056279035a7fc9b20606f2,train
IMG0002975.jpg,D:\projects\MediMind\ai-prediction-service\test-dataset\Bone Facture\FracAtlas\FracAtlas\images\Non_fractured\IMG0002975.jpg,images\Non_fractured\IMG0002975.jpg,FracAtlas,PAT_FA_01487,0,0,leg,0,0,373,454,3,69e60f5f8f7244eac8b31ed7bd07555d,train
IMG0002976.jpg,D:\projects\MediMind\ai-prediction-service\test-dataset\Bone Facture\FracAtlas\FracAtlas\images\Non_fractured\IMG0002976.jpg,images\Non_fractured\IMG0002976.jpg,FracAtlas,PAT_FA_01488,0,0,leg,0,0,454,373,3,cf47903eba198666fa8db2c9df146216,train
IMG0002977.jpg,D:\projects\MediMind\ai-prediction-service\test-dataset\Bone Facture\FracAtlas\FracAtlas\images\Non_fractured\IMG0002977.jpg,images\Non_fractured\IMG0002977.jpg,FracAtlas,PAT_FA_01488,0,0,leg,0,0,373,454,3,da39b2a350558e1b94cfb413ad14484e,train
IMG0002978.jpg,D:\projects\MediMind\ai-prediction-service\test-dataset\Bone Facture\FracAtlas\FracAtlas\images\Non_fractured\IMG0002978.jpg,images\Non_fractured\IMG0002978.jpg,FracAtlas,PAT_FA_01489,0,0,leg,0,0,454,373,3,9424a08b851c4d323f6839a2a79abaa6,train
IMG0002979.jpg,D:\projects\MediMind\ai-prediction-service\test-dataset\Bone Facture\FracAtlas\FracAtlas\images\Fractured\IMG0002979.jpg,images\Fractured\IMG0002979.jpg,FracAtlas,PAT_FA_01489,1,1,hand,0,0,373,454,3,7e164d57ca558e9343400c41c374bd0a,train
IMG0002980.jpg,D:\projects\MediMind\ai-prediction-service\test-dataset\Bone Facture\FracAtlas\FracAtlas\images\Fractured\IMG0002980.jpg,images\Fractured\IMG0002980.jpg,FracAtlas,PAT_FA_01490,1,1,hand,0,0,373,454,3,d279bf701e8fd7acd9ec0523339b0046,train
IMG0002981.jpg,D:\projects\MediMind\ai-prediction-service\test-dataset\Bone Facture\FracAtlas\FracAtlas\images\Non_fractured\IMG0002981.jpg,images\Non_fractured\IMG0002981.jpg,FracAtlas,PAT_FA_01490,0,0,hand,0,0,373,454,3,fa7b83ba27bfd9f8dedf81d457fff058,train
IMG0002982.jpg,D:\projects\MediMind\ai-prediction-service\test-dataset\Bone Facture\FracAtlas\FracAtlas\images\Non_fractured\IMG0002982.jpg,images\Non_fractured\IMG0002982.jpg,FracAtlas,PAT_FA_01491,0,0,shoulder,0,0,373,454,3,2d088d5130f9afef720aad8e88c11caa,train
IMG0002983.jpg,D:\projects\MediMind\ai-prediction-service\test-dataset\Bone Facture\FracAtlas\FracAtlas\images\Non_fractured\IMG0002983.jpg,images\Non_fractured\IMG0002983.jpg,FracAtlas,PAT_FA_01491,0,0,leg,0,0,373,454,3,ab1c1fd8c826bc088d6b2a69d56a63ca,train
IMG0002984.jpg,D:\projects\MediMind\ai-prediction-service\test-dataset\Bone Facture\FracAtlas\FracAtlas\images\Non_fractured\IMG0002984.jpg,images\Non_fractured\IMG0002984.jpg,FracAtlas,PAT_FA_01492,0,0,leg,0,0,454,373,3,8ea5e9fcf4ceca4344e3aa745e677713,train
IMG0002985.jpg,D:\projects\MediMind\ai-prediction-service\test-dataset\Bone Facture\FracAtlas\FracAtlas\images\Non_fractured\IMG0002985.jpg,images\Non_fractured\IMG0002985.jpg,FracAtlas,PAT_FA_01492,0,0,leg,0,0,373,454,3,deb1ef5bf912d7b68d6545156bc12d0f,train
IMG0002990.jpg,D:\projects\MediMind\ai-prediction-service\test-dataset\Bone Facture\FracAtlas\FracAtlas\images\Non_fractured\IMG0002990.jpg,images\Non_fractured\IMG0002990.jpg,FracAtlas,PAT_FA_01495,0,0,leg,0,0,373,454,3,2ae9616ae14cccc850ac21574c89617e,train
IMG0002991.jpg,D:\projects\MediMind\ai-prediction-service\test-dataset\Bone Facture\FracAtlas\FracAtlas\images\Non_fractured\IMG0002991.jpg,images\Non_fractured\IMG0002991.jpg,FracAtlas,PAT_FA_01495,0,0,leg,0,0,373,454,3,fb23b6d4bd0410a36117369785a7011a,train
IMG0002992.jpg,D:\projects\MediMind\ai-prediction-service\test-dataset\Bone Facture\FracAtlas\FracAtlas\images\Non_fractured\IMG0002992.jpg,images\Non_fractured\IMG0002992.jpg,FracAtlas,PAT_FA_01496,0,0,leg,0,0,373,454,3,d5f40735ec33a53e0988d8c81ee8d3a5,train
IMG0002993.jpg,D:\projects\MediMind\ai-prediction-service\test-dataset\Bone Facture\FracAtlas\FracAtlas\images\Non_fractured\IMG0002993.jpg,images\Non_fractured\IMG0002993.jpg,FracAtlas,PAT_FA_01496,0,0,leg,0,0,454,373,3,bf3d03ac9e00bd2ae9d86d1efcdb2df9,train
IMG0002994.jpg,D:\projects\MediMind\ai-prediction-service\test-dataset\Bone Facture\FracAtlas\FracAtlas\images\Non_fractured\IMG0002994.jpg,images\Non_fractured\IMG0002994.jpg,FracAtlas,PAT_FA_01497,0,0,hand,0,0,373,454,1,5cbfb5a98b63f3bffc4d8123ec31a3d5,train
IMG0002995.jpg,D:\projects\MediMind\ai-prediction-service\test-dataset\Bone Facture\FracAtlas\FracAtlas\images\Non_fractured\IMG0002995.jpg,images\Non_fractured\IMG0002995.jpg,FracAtlas,PAT_FA_01497,0,0,leg,0,0,373,454,3,caeae769fcda62d31dfcdbc586e6bb33,train
IMG0002996.jpg,D:\projects\MediMind\ai-prediction-service\test-dataset\Bone Facture\FracAtlas\FracAtlas\images\Non_fractured\IMG0002996.jpg,images\Non_fractured\IMG0002996.jpg,FracAtlas,PAT_FA_01498,0,0,leg,0,0,373,454,1,ada79123b351ffb120768a6cf1f99f6a,train
IMG0002997.jpg,D:\projects\MediMind\ai-prediction-service\test-dataset\Bone Facture\FracAtlas\FracAtlas\images\Non_fractured\IMG0002997.jpg,images\Non_fractured\IMG0002997.jpg,FracAtlas,PAT_FA_01498,0,0,leg,0,0,373,454,3,b7f2f40c3d0f6136f1e54192f0ebb256,train
IMG0002998.jpg,D:\projects\MediMind\ai-prediction-service\test-dataset\Bone Facture\FracAtlas\FracAtlas\images\Fractured\IMG0002998.jpg,images\Fractured\IMG0002998.jpg,FracAtlas,PAT_FA_01499,1,1,hand,0,0,373,454,3,a411b21b88e35bd5bde98f34930a50ed,train
IMG0002999.jpg,D:\projects\MediMind\ai-prediction-service\test-dataset\Bone Facture\FracAtlas\FracAtlas\images\Fractured\IMG0002999.jpg,images\Fractured\IMG0002999.jpg,FracAtlas,PAT_FA_01499,1,1,hand,0,0,373,454,3,fe1acc41678d3c790edd03ec39b6221a,train
IMG0003000.jpg,D:\projects\MediMind\ai-prediction-service\test-dataset\Bone Facture\FracAtlas\FracAtlas\images\Fractured\IMG0003000.jpg,images\Fractured\IMG0003000.jpg,FracAtlas,PAT_FA_01500,1,1,hand,0,0,373,454,3,f71fa58eba3bd10b72c5e8f4508a856b,train
IMG0003001.jpg,D:\projects\MediMind\ai-prediction-service\test-dataset\Bone Facture\FracAtlas\FracAtlas\images\Fractured\IMG0003001.jpg,images\Fractured\IMG0003001.jpg,FracAtlas,PAT_FA_01500,1,1,hand,0,0,373,454,3,cb99cd04ca8b9d3e93c7716c01cc7db2,train
IMG0003002.jpg,D:\projects\MediMind\ai-prediction-service\test-dataset\Bone Facture\FracAtlas\FracAtlas\images\Non_fractured\IMG0003002.jpg,images\Non_fractured\IMG0003002.jpg,FracAtlas,PAT_FA_01501,0,0,hand,0,0,373,454,3,0fe11224f9fc475049c767d2e4116a2a,train
IMG0003003.jpg,D:\projects\MediMind\ai-prediction-service\test-dataset\Bone Facture\FracAtlas\FracAtlas\images\Non_fractured\IMG0003003.jpg,images\Non_fractured\IMG0003003.jpg,FracAtlas,PAT_FA_01501,0,0,hand,0,0,373,454,3,aef94fb64a7a6c0bf4bfbac68136a9c9,train
IMG0003004.jpg,D:\projects\MediMind\ai-prediction-service\test-dataset\Bone Facture\FracAtlas\FracAtlas\images\Non_fractured\IMG0003004.jpg,images\Non_fractured\IMG0003004.jpg,FracAtlas,PAT_FA_01502,0,0,leg,0,0,373,454,1,ba679fefc0a0ca0ca94132e7b498d1a2,train
IMG0003005.jpg,D:\projects\MediMind\ai-prediction-service\test-dataset\Bone Facture\FracAtlas\FracAtlas\images\Non_fractured\IMG0003005.jpg,images\Non_fractured\IMG0003005.jpg,FracAtlas,PAT_FA_01502,0,0,leg,0,0,373,454,3,836d69d695ca69222c1a6a2416984d34,train
IMG0003006.jpg,D:\projects\MediMind\ai-prediction-service\test-dataset\Bone Facture\FracAtlas\FracAtlas\images\Non_fractured\IMG0003006.jpg,images\Non_fractured\IMG0003006.jpg,FracAtlas,PAT_FA_01503,0,0,leg,0,0,454,373,3,0ed9dd4c391c6ba6bb03298cac6af993,train
IMG0003007.jpg,D:\projects\MediMind\ai-prediction-service\test-dataset\Bone Facture\FracAtlas\FracAtlas\images\Non_fractured\IMG0003007.jpg,images\Non_fractured\IMG0003007.jpg,FracAtlas,PAT_FA_01503,0,0,hand,0,0,373,454,3,99fb1f611d9805949084ad7e024d3c1f,train
IMG0003008.jpg,D:\projects\MediMind\ai-prediction-service\test-dataset\Bone Facture\FracAtlas\FracAtlas\images\Non_fractured\IMG0003008.jpg,images\Non_fractured\IMG0003008.jpg,FracAtlas,PAT_FA_01504,0,0,leg,0,0,373,454,3,092a3c91a5dee0a370281a6365ee60aa,train
IMG0003009.jpg,D:\projects\MediMind\ai-prediction-service\test-dataset\Bone Facture\FracAtlas\FracAtlas\images\Non_fractured\IMG0003009.jpg,images\Non_fractured\IMG0003009.jpg,FracAtlas,PAT_FA_01504,0,0,leg,0,0,373,454,3,25760d4b92ba75ab622b73e000abd4e8,train
IMG0003012.jpg,D:\projects\MediMind\ai-prediction-service\test-dataset\Bone Facture\FracAtlas\FracAtlas\images\Non_fractured\IMG0003012.jpg,images\Non_fractured\IMG0003012.jpg,FracAtlas,PAT_FA_01506,0,0,hand,0,0,373,454,3,7eaf0d63c21a170f7069237ebd7397e7,train
IMG0003013.jpg,D:\projects\MediMind\ai-prediction-service\test-dataset\Bone Facture\FracAtlas\FracAtlas\images\Non_fractured\IMG0003013.jpg,images\Non_fractured\IMG0003013.jpg,FracAtlas,PAT_FA_01506,0,0,leg,0,0,373,454,3,e5fdc028d5a7d1fba40932047bffaf27,train
IMG0003014.jpg,D:\projects\MediMind\ai-prediction-service\test-dataset\Bone Facture\FracAtlas\FracAtlas\images\Non_fractured\IMG0003014.jpg,images\Non_fractured\IMG0003014.jpg,FracAtlas,PAT_FA_01507,0,0,leg,0,0,454,373,3,cdcc0b23998d281eb787b44af137e970,train
IMG0003015.jpg,D:\projects\MediMind\ai-prediction-service\test-dataset\Bone Facture\FracAtlas\FracAtlas\images\Non_fractured\IMG0003015.jpg,images\Non_fractured\IMG0003015.jpg,FracAtlas,PAT_FA_01507,0,0,leg,0,0,373,454,3,7c1814cf8ea6547b7b27d1feca239073,train
IMG0003022.jpg,D:\projects\MediMind\ai-prediction-service\test-dataset\Bone Facture\FracAtlas\FracAtlas\images\Non_fractured\IMG0003022.jpg,images\Non_fractured\IMG0003022.jpg,FracAtlas,PAT_FA_01511,0,0,hand,0,0,373,454,3,d6ff11dbe518907368dc44a2dd2bf4ae,train
IMG0003023.jpg,D:\projects\MediMind\ai-prediction-service\test-dataset\Bone Facture\FracAtlas\FracAtlas\images\Non_fractured\IMG0003023.jpg,images\Non_fractured\IMG0003023.jpg,FracAtlas,PAT_FA_01511,0,0,shoulder,0,0,373,454,3,c79e2043690770dc2cf2e49ff79e7707,train
IMG0003026.jpg,D:\projects\MediMind\ai-prediction-service\test-dataset\Bone Facture\FracAtlas\FracAtlas\images\Non_fractured\IMG0003026.jpg,images\Non_fractured\IMG0003026.jpg,FracAtlas,PAT_FA_01513,0,0,leg,0,0,373,454,3,e012ffd8051cd86fa14a0d6faddd4882,train
IMG0003027.jpg,D:\projects\MediMind\ai-prediction-service\test-dataset\Bone Facture\FracAtlas\FracAtlas\images\Non_fractured\IMG0003027.jpg,images\Non_fractured\IMG0003027.jpg,FracAtlas,PAT_FA_01513,0,0,leg,0,0,454,373,3,6fb6a81e3859fc39684a10060fea700c,train
IMG0003028.jpg,D:\projects\MediMind\ai-prediction-service\test-dataset\Bone Facture\FracAtlas\FracAtlas\images\Non_fractured\IMG0003028.jpg,images\Non_fractured\IMG0003028.jpg,FracAtlas,PAT_FA_01514,0,0,leg,0,1,454,373,3,2c6f67800d9bb959668a87e1b596e8b3,train
IMG0003029.jpg,D:\projects\MediMind\ai-prediction-service\test-dataset\Bone Facture\FracAtlas\FracAtlas\images\Non_fractured\IMG0003029.jpg,images\Non_fractured\IMG0003029.jpg,FracAtlas,PAT_FA_01514,0,0,leg,0,0,373,454,3,68912619c2002957eea6d9e434de0e0b,train
IMG0003030.jpg,D:\projects\MediMind\ai-prediction-service\test-dataset\Bone Facture\FracAtlas\FracAtlas\images\Non_fractured\IMG0003030.jpg,images\Non_fractured\IMG0003030.jpg,FracAtlas,PAT_FA_01515,0,0,leg,0,0,454,373,3,3738126c055fc4edcad7a8f4eb7efee3,train
IMG0003031.jpg,D:\projects\MediMind\ai-prediction-service\test-dataset\Bone Facture\FracAtlas\FracAtlas\images\Non_fractured\IMG0003031.jpg,images\Non_fractured\IMG0003031.jpg,FracAtlas,PAT_FA_01515,0,0,shoulder,0,0,373,454,3,c7aab3832666bf957c3d45ef196b180c,train
IMG0003032.jpg,D:\projects\MediMind\ai-prediction-service\test-dataset\Bone Facture\FracAtlas\FracAtlas\images\Non_fractured\IMG0003032.jpg,images\Non_fractured\IMG0003032.jpg,FracAtlas,PAT_FA_01516,0,0,shoulder,0,0,373,454,3,528381d2ab8e0dbe22d597ab4b3a218f,train
IMG0003033.jpg,D:\projects\MediMind\ai-prediction-service\test-dataset\Bone Facture\FracAtlas\FracAtlas\images\Non_fractured\IMG0003033.jpg,images\Non_fractured\IMG0003033.jpg,FracAtlas,PAT_FA_01516,0,0,leg,0,1,454,373,3,787a96f897dc92c86b17588cb3f779b5,train
IMG0003036.jpg,D:\projects\MediMind\ai-prediction-service\test-dataset\Bone Facture\FracAtlas\FracAtlas\images\Non_fractured\IMG0003036.jpg,images\Non_fractured\IMG0003036.jpg,FracAtlas,PAT_FA_01518,0,0,leg,0,0,373,454,3,d0bc6e24a301fd0d994cdef2d663f479,train
IMG0003037.jpg,D:\projects\MediMind\ai-prediction-service\test-dataset\Bone Facture\FracAtlas\FracAtlas\images\Non_fractured\IMG0003037.jpg,images\Non_fractured\IMG0003037.jpg,FracAtlas,PAT_FA_01518,0,0,leg,0,0,373,454,3,a124e1a6161bd0324d362bababcb8533,train
IMG0003038.jpg,D:\projects\MediMind\ai-prediction-service\test-dataset\Bone Facture\FracAtlas\FracAtlas\images\Non_fractured\IMG0003038.jpg,images\Non_fractured\IMG0003038.jpg,FracAtlas,PAT_FA_01519,0,0,leg,0,0,373,454,3,1637f6b92a0cab3a9793b6bc5f57c843,train
IMG0003039.jpg,D:\projects\MediMind\ai-prediction-service\test-dataset\Bone Facture\FracAtlas\FracAtlas\images\Non_fractured\IMG0003039.jpg,images\Non_fractured\IMG0003039.jpg,FracAtlas,PAT_FA_01519,0,0,leg,0,0,454,373,3,d1fb0ba209a7105a28c063c77b3a54b7,train
IMG0003040.jpg,D:\projects\MediMind\ai-prediction-service\test-dataset\Bone Facture\FracAtlas\FracAtlas\images\Non_fractured\IMG0003040.jpg,images\Non_fractured\IMG0003040.jpg,FracAtlas,PAT_FA_01520,0,0,hand,0,0,373,454,3,94da5f601f4b691adedaad7bcd6882c8,train
IMG0003041.jpg,D:\projects\MediMind\ai-prediction-service\test-dataset\Bone Facture\FracAtlas\FracAtlas\images\Non_fractured\IMG0003041.jpg,images\Non_fractured\IMG0003041.jpg,FracAtlas,PAT_FA_01520,0,0,hand,0,0,373,454,3,3030e591ea380f0356be2b3d11d52763,train
IMG0003046.jpg,D:\projects\MediMind\ai-prediction-service\test-dataset\Bone Facture\FracAtlas\FracAtlas\images\Non_fractured\IMG0003046.jpg,images\Non_fractured\IMG0003046.jpg,FracAtlas,PAT_FA_01523,0,0,hand,0,0,373,454,3,337842cfa8b758368b43d5c41f5e4fcb,train
IMG0003047.jpg,D:\projects\MediMind\ai-prediction-service\test-dataset\Bone Facture\FracAtlas\FracAtlas\images\Non_fractured\IMG0003047.jpg,images\Non_fractured\IMG0003047.jpg,FracAtlas,PAT_FA_01523,0,0,hand,0,0,373,454,3,6d57731edd1bc01d08fa0e6d798fc537,train
IMG0003050.jpg,D:\projects\MediMind\ai-prediction-service\test-dataset\Bone Facture\FracAtlas\FracAtlas\images\Non_fractured\IMG0003050.jpg,images\Non_fractured\IMG0003050.jpg,FracAtlas,PAT_FA_01525,0,0,leg,0,0,373,454,3,fed287beb8ba6bb80ee37aaa883e43b5,train
IMG0003051.jpg,D:\projects\MediMind\ai-prediction-service\test-dataset\Bone Facture\FracAtlas\FracAtlas\images\Non_fractured\IMG0003051.jpg,images\Non_fractured\IMG0003051.jpg,FracAtlas,PAT_FA_01525,0,0,leg,0,0,454,373,3,7c08aaadacf5bd01984d278515ae1383,train
IMG0003054.jpg,D:\projects\MediMind\ai-prediction-service\test-dataset\Bone Facture\FracAtlas\FracAtlas\images\Non_fractured\IMG0003054.jpg,images\Non_fractured\IMG0003054.jpg,FracAtlas,PAT_FA_01527,0,0,leg,0,0,373,454,3,7eb07d229027a8c98e63a721bce7f3e6,train
IMG0003055.jpg,D:\projects\MediMind\ai-prediction-service\test-dataset\Bone Facture\FracAtlas\FracAtlas\images\Non_fractured\IMG0003055.jpg,images\Non_fractured\IMG0003055.jpg,FracAtlas,PAT_FA_01527,0,0,leg,0,0,373,454,3,11826a608d4e986a244f32ded677728f,train
IMG0003056.jpg,D:\projects\MediMind\ai-prediction-service\test-dataset\Bone Facture\FracAtlas\FracAtlas\images\Non_fractured\IMG0003056.jpg,images\Non_fractured\IMG0003056.jpg,FracAtlas,PAT_FA_01528,0,0,leg,0,0,373,454,3,4b716a46abf7b87376759424582a97ab,train
IMG0003057.jpg,D:\projects\MediMind\ai-prediction-service\test-dataset\Bone Facture\FracAtlas\FracAtlas\images\Non_fractured\IMG0003057.jpg,images\Non_fractured\IMG0003057.jpg,FracAtlas,PAT_FA_01528,0,0,leg,0,0,454,373,3,1865566056a4fc0a20b4215356a3aca5,train
IMG0003058.jpg,D:\projects\MediMind\ai-prediction-service\test-dataset\Bone Facture\FracAtlas\FracAtlas\images\Non_fractured\IMG0003058.jpg,images\Non_fractured\IMG0003058.jpg,FracAtlas,PAT_FA_01529,0,0,leg,0,0,373,454,3,3355056c9a9552c5940d74f4fd88ffe4,train
IMG0003059.jpg,D:\projects\MediMind\ai-prediction-service\test-dataset\Bone Facture\FracAtlas\FracAtlas\images\Non_fractured\IMG0003059.jpg,images\Non_fractured\IMG0003059.jpg,FracAtlas,PAT_FA_01529,0,0,leg,0,0,373,454,3,7a002b339fc6a7c10b2484161532b3fd,train
IMG0003060.jpg,D:\projects\MediMind\ai-prediction-service\test-dataset\Bone Facture\FracAtlas\FracAtlas\images\Non_fractured\IMG0003060.jpg,images\Non_fractured\IMG0003060.jpg,FracAtlas,PAT_FA_01530,0,0,hand,0,0,373,454,1,9274d2d17e68ecea2f0d6b51ef87662b,train
IMG0003061.jpg,D:\projects\MediMind\ai-prediction-service\test-dataset\Bone Facture\FracAtlas\FracAtlas\images\Non_fractured\IMG0003061.jpg,images\Non_fractured\IMG0003061.jpg,FracAtlas,PAT_FA_01530,0,0,hand,0,0,373,454,3,6c1b28c0dee76ced8e2e3e14ad7d5e1f,train
IMG0003062.jpg,D:\projects\MediMind\ai-prediction-service\test-dataset\Bone Facture\FracAtlas\FracAtlas\images\Non_fractured\IMG0003062.jpg,images\Non_fractured\IMG0003062.jpg,FracAtlas,PAT_FA_01531,0,0,hand,0,0,373,454,3,b2d53796990195b4279d8cca6b295e60,train
IMG0003063.jpg,D:\projects\MediMind\ai-prediction-service\test-dataset\Bone Facture\FracAtlas\FracAtlas\images\Non_fractured\IMG0003063.jpg,images\Non_fractured\IMG0003063.jpg,FracAtlas,PAT_FA_01531,0,0,hand,0,0,373,454,3,15c8b4d63197b57e52f0c4b9a15a5cd8,train
IMG0003064.jpg,D:\projects\MediMind\ai-prediction-service\test-dataset\Bone Facture\FracAtlas\FracAtlas\images\Non_fractured\IMG0003064.jpg,images\Non_fractured\IMG0003064.jpg,FracAtlas,PAT_FA_01532,0,0,hand,0,0,454,373,3,73f2337e2edc4032c2ec613127024f91,train
IMG0003065.jpg,D:\projects\MediMind\ai-prediction-service\test-dataset\Bone Facture\FracAtlas\FracAtlas\images\Non_fractured\IMG0003065.jpg,images\Non_fractured\IMG0003065.jpg,FracAtlas,PAT_FA_01532,0,0,hand,0,0,373,454,3,4624d26148b74e531a1fcfce9e780a67,train
IMG0003070.jpg,D:\projects\MediMind\ai-prediction-service\test-dataset\Bone Facture\FracAtlas\FracAtlas\images\Fractured\IMG0003070.jpg,images\Fractured\IMG0003070.jpg,FracAtlas,PAT_FA_01535,1,1,hand,0,0,373,454,3,218a5ea90159fb143bbb64ca7e99da94,train
IMG0003071.jpg,D:\projects\MediMind\ai-prediction-service\test-dataset\Bone Facture\FracAtlas\FracAtlas\images\Non_fractured\IMG0003071.jpg,images\Non_fractured\IMG0003071.jpg,FracAtlas,PAT_FA_01535,0,0,hand,0,0,373,454,3,0c5c099ce6b420304022ac3d22a0864f,train
IMG0003072.jpg,D:\projects\MediMind\ai-prediction-service\test-dataset\Bone Facture\FracAtlas\FracAtlas\images\Non_fractured\IMG0003072.jpg,images\Non_fractured\IMG0003072.jpg,FracAtlas,PAT_FA_01536,0,0,hand,0,0,373,454,3,e1bdf0502b2684eddbae782f112742de,train
IMG0003073.jpg,D:\projects\MediMind\ai-prediction-service\test-dataset\Bone Facture\FracAtlas\FracAtlas\images\Non_fractured\IMG0003073.jpg,images\Non_fractured\IMG0003073.jpg,FracAtlas,PAT_FA_01536,0,0,leg,0,0,454,373,3,406a24bde18ecd2bd40ad6d2a96f4862,train
IMG0003074.jpg,D:\projects\MediMind\ai-prediction-service\test-dataset\Bone Facture\FracAtlas\FracAtlas\images\Non_fractured\IMG0003074.jpg,images\Non_fractured\IMG0003074.jpg,FracAtlas,PAT_FA_01537,0,0,leg,0,0,454,373,3,97eddef646d0c967f800688daad50e46,train
IMG0003075.jpg,D:\projects\MediMind\ai-prediction-service\test-dataset\Bone Facture\FracAtlas\FracAtlas\images\Non_fractured\IMG0003075.jpg,images\Non_fractured\IMG0003075.jpg,FracAtlas,PAT_FA_01537,0,0,hand,0,0,373,454,3,632e6156a97e921a946b9bbf33465188,train
IMG0003076.jpg,D:\projects\MediMind\ai-prediction-service\test-dataset\Bone Facture\FracAtlas\FracAtlas\images\Non_fractured\IMG0003076.jpg,images\Non_fractured\IMG0003076.jpg,FracAtlas,PAT_FA_01538,0,0,hand,0,0,373,454,3,3a5a2cdb43b9bbaf25a323df0cdffd5c,train
IMG0003077.jpg,D:\projects\MediMind\ai-prediction-service\test-dataset\Bone Facture\FracAtlas\FracAtlas\images\Fractured\IMG0003077.jpg,images\Fractured\IMG0003077.jpg,FracAtlas,PAT_FA_01538,1,1,leg,0,0,373,454,3,217973690663c3335e695b2c105d5262,train
IMG0003078.jpg,D:\projects\MediMind\ai-prediction-service\test-dataset\Bone Facture\FracAtlas\FracAtlas\images\Non_fractured\IMG0003078.jpg,images\Non_fractured\IMG0003078.jpg,FracAtlas,PAT_FA_01539,0,0,leg,0,0,454,373,3,7d00b704ac474211796e5700c9a0a860,train
IMG0003079.jpg,D:\projects\MediMind\ai-prediction-service\test-dataset\Bone Facture\FracAtlas\FracAtlas\images\Non_fractured\IMG0003079.jpg,images\Non_fractured\IMG0003079.jpg,FracAtlas,PAT_FA_01539,0,0,hand,0,0,373,454,1,fc1690b1d37fd75617c94bdcee7b6a0d,train
IMG0003080.jpg,D:\projects\MediMind\ai-prediction-service\test-dataset\Bone Facture\FracAtlas\FracAtlas\images\Non_fractured\IMG0003080.jpg,images\Non_fractured\IMG0003080.jpg,FracAtlas,PAT_FA_01540,0,0,hand,0,0,373,454,3,60b78a5919c359dc0a0b0b901e13285a,train
IMG0003081.jpg,D:\projects\MediMind\ai-prediction-service\test-dataset\Bone Facture\FracAtlas\FracAtlas\images\Non_fractured\IMG0003081.jpg,images\Non_fractured\IMG0003081.jpg,FracAtlas,PAT_FA_01540,0,0,hand,0,0,373,454,3,04a716df3b5717a9923458b2d53d0454,train
IMG0003082.jpg,D:\projects\MediMind\ai-prediction-service\test-dataset\Bone Facture\FracAtlas\FracAtlas\images\Non_fractured\IMG0003082.jpg,images\Non_fractured\IMG0003082.jpg,FracAtlas,PAT_FA_01541,0,0,leg,0,0,373,454,3,c3b44f3b8a0759b6696768942264a3b8,train
IMG0003083.jpg,D:\projects\MediMind\ai-prediction-service\test-dataset\Bone Facture\FracAtlas\FracAtlas\images\Non_fractured\IMG0003083.jpg,images\Non_fractured\IMG0003083.jpg,FracAtlas,PAT_FA_01541,0,0,leg,0,0,373,454,3,0208a50ff629ca9c22bbb29aa734a3e9,train
IMG0003086.jpg,D:\projects\MediMind\ai-prediction-service\test-dataset\Bone Facture\FracAtlas\FracAtlas\images\Non_fractured\IMG0003086.jpg,images\Non_fractured\IMG0003086.jpg,FracAtlas,PAT_FA_01543,0,0,leg,0,0,373,454,3,ab5a61248bd4ac61149fc558fd44ff16,train
IMG0003087.jpg,D:\projects\MediMind\ai-prediction-service\test-dataset\Bone Facture\FracAtlas\FracAtlas\images\Non_fractured\IMG0003087.jpg,images\Non_fractured\IMG0003087.jpg,FracAtlas,PAT_FA_01543,0,0,leg,0,0,373,454,3,422707c29c00b0e79d91aa283b3800fd,train
IMG0003090.jpg,D:\projects\MediMind\ai-prediction-service\test-dataset\Bone Facture\FracAtlas\FracAtlas\images\Non_fractured\IMG0003090.jpg,images\Non_fractured\IMG0003090.jpg,FracAtlas,PAT_FA_01545,0,0,hand,0,0,373,454,3,b336bfa641585d0f9adefa20bfa967fa,train
IMG0003091.jpg,D:\projects\MediMind\ai-prediction-service\test-dataset\Bone Facture\FracAtlas\FracAtlas\images\Non_fractured\IMG0003091.jpg,images\Non_fractured\IMG0003091.jpg,FracAtlas,PAT_FA_01545,0,0,leg,0,0,373,454,3,b4d60b06adb3466befb7e49bd306cc66,train
IMG0003092.jpg,D:\projects\MediMind\ai-prediction-service\test-dataset\Bone Facture\FracAtlas\FracAtlas\images\Non_fractured\IMG0003092.jpg,images\Non_fractured\IMG0003092.jpg,FracAtlas,PAT_FA_01546,0,0,leg,0,0,454,373,3,48ce3073fbde062d330dbb8f2a5c6514,train
IMG0003093.jpg,D:\projects\MediMind\ai-prediction-service\test-dataset\Bone Facture\FracAtlas\FracAtlas\images\Fractured\IMG0003093.jpg,images\Fractured\IMG0003093.jpg,FracAtlas,PAT_FA_01546,1,1,hand,0,0,373,454,3,22dbb4d5f583f03a839540cfb3b9ed35,train
IMG0003094.jpg,D:\projects\MediMind\ai-prediction-service\test-dataset\Bone Facture\FracAtlas\FracAtlas\images\Fractured\IMG0003094.jpg,images\Fractured\IMG0003094.jpg,FracAtlas,PAT_FA_01547,1,1,hand,0,0,373,454,3,86d99d014f301596be5489631f78f9a9,train
IMG0003095.jpg,D:\projects\MediMind\ai-prediction-service\test-dataset\Bone Facture\FracAtlas\FracAtlas\images\Non_fractured\IMG0003095.jpg,images\Non_fractured\IMG0003095.jpg,FracAtlas,PAT_FA_01547,0,0,hand,0,0,373,454,3,93fda83b342b82863b65e7850d7f8d2b,train
IMG0003096.jpg,D:\projects\MediMind\ai-prediction-service\test-dataset\Bone Facture\FracAtlas\FracAtlas\images\Non_fractured\IMG0003096.jpg,images\Non_fractured\IMG0003096.jpg,FracAtlas,PAT_FA_01548,0,0,hand,0,0,373,454,3,c50946fad005adceb13ad7e028f5e4e5,train
IMG0003097.jpg,D:\projects\MediMind\ai-prediction-service\test-dataset\Bone Facture\FracAtlas\FracAtlas\images\Non_fractured\IMG0003097.jpg,images\Non_fractured\IMG0003097.jpg,FracAtlas,PAT_FA_01548,0,0,hand,0,0,373,454,3,4f551fc82d6047383e25e012975386f6,train
IMG0003100.jpg,D:\projects\MediMind\ai-prediction-service\test-dataset\Bone Facture\FracAtlas\FracAtlas\images\Non_fractured\IMG0003100.jpg,images\Non_fractured\IMG0003100.jpg,FracAtlas,PAT_FA_01550,0,0,leg,0,0,373,454,3,badcbae9f8466c66ad327377fa440afa,train
IMG0003101.jpg,D:\projects\MediMind\ai-prediction-service\test-dataset\Bone Facture\FracAtlas\FracAtlas\images\Fractured\IMG0003101.jpg,images\Fractured\IMG0003101.jpg,FracAtlas,PAT_FA_01550,1,1,hand,0,0,373,454,3,30b4860ccb516f6077a92a81d72a0a14,train
IMG0003102.jpg,D:\projects\MediMind\ai-prediction-service\test-dataset\Bone Facture\FracAtlas\FracAtlas\images\Fractured\IMG0003102.jpg,images\Fractured\IMG0003102.jpg,FracAtlas,PAT_FA_01551,1,1,hand,0,0,373,454,3,331049a14f903a8627877de027a95859,train
IMG0003103.jpg,D:\projects\MediMind\ai-prediction-service\test-dataset\Bone Facture\FracAtlas\FracAtlas\images\Non_fractured\IMG0003103.jpg,images\Non_fractured\IMG0003103.jpg,FracAtlas,PAT_FA_01551,0,0,hand,0,0,373,454,3,c222ca82340bcbacf51e721ea0d79fc9,train
IMG0003106.jpg,D:\projects\MediMind\ai-prediction-service\test-dataset\Bone Facture\FracAtlas\FracAtlas\images\Non_fractured\IMG0003106.jpg,images\Non_fractured\IMG0003106.jpg,FracAtlas,PAT_FA_01553,0,0,leg,0,0,454,373,3,211844ea51112e1b808f380e8177d803,train
IMG0003107.jpg,D:\projects\MediMind\ai-prediction-service\test-dataset\Bone Facture\FracAtlas\FracAtlas\images\Non_fractured\IMG0003107.jpg,images\Non_fractured\IMG0003107.jpg,FracAtlas,PAT_FA_01553,0,0,leg,0,0,373,454,3,50f029670298ac5e2d3222fa7237f3fa,train
IMG0003108.jpg,D:\projects\MediMind\ai-prediction-service\test-dataset\Bone Facture\FracAtlas\FracAtlas\images\Non_fractured\IMG0003108.jpg,images\Non_fractured\IMG0003108.jpg,FracAtlas,PAT_FA_01554,0,0,leg,0,0,373,454,3,9771d6c6ef8a8cd428828fab27cddd1b,train
IMG0003109.jpg,D:\projects\MediMind\ai-prediction-service\test-dataset\Bone Facture\FracAtlas\FracAtlas\images\Non_fractured\IMG0003109.jpg,images\Non_fractured\IMG0003109.jpg,FracAtlas,PAT_FA_01554,0,0,hand,0,0,373,454,3,2eef998aebe79373c5fbfbdb80b80539,train
IMG0003110.jpg,D:\projects\MediMind\ai-prediction-service\test-dataset\Bone Facture\FracAtlas\FracAtlas\images\Non_fractured\IMG0003110.jpg,images\Non_fractured\IMG0003110.jpg,FracAtlas,PAT_FA_01555,0,0,hand,0,0,373,454,3,75d28cc090c6acce45c4a10836829aaa,train
IMG0003111.jpg,D:\projects\MediMind\ai-prediction-service\test-dataset\Bone Facture\FracAtlas\FracAtlas\images\Fractured\IMG0003111.jpg,images\Fractured\IMG0003111.jpg,FracAtlas,PAT_FA_01555,1,1,hand,0,0,373,454,3,c1038423682819946d0f82ab54a6f785,train
IMG0003112.jpg,D:\projects\MediMind\ai-prediction-service\test-dataset\Bone Facture\FracAtlas\FracAtlas\images\Fractured\IMG0003112.jpg,images\Fractured\IMG0003112.jpg,FracAtlas,PAT_FA_01556,1,1,hand,0,0,373,454,3,7ff10570adf411bf612760f3a5514cca,train
IMG0003113.jpg,D:\projects\MediMind\ai-prediction-service\test-dataset\Bone Facture\FracAtlas\FracAtlas\images\Non_fractured\IMG0003113.jpg,images\Non_fractured\IMG0003113.jpg,FracAtlas,PAT_FA_01556,0,0,hand,0,0,373,454,3,0270e4ebf554e70f839f46e634808ade,train
IMG0003114.jpg,D:\projects\MediMind\ai-prediction-service\test-dataset\Bone Facture\FracAtlas\FracAtlas\images\Non_fractured\IMG0003114.jpg,images\Non_fractured\IMG0003114.jpg,FracAtlas,PAT_FA_01557,0,0,hand,0,0,373,454,3,9ff6d3db046a3466f3a9f31fe8525f3f,train
IMG0003115.jpg,D:\projects\MediMind\ai-prediction-service\test-dataset\Bone Facture\FracAtlas\FracAtlas\images\Non_fractured\IMG0003115.jpg,images\Non_fractured\IMG0003115.jpg,FracAtlas,PAT_FA_01557,0,0,leg,0,0,373,454,3,2a69145e2efe3b4cab990e9633311d3a,train
IMG0003116.jpg,D:\projects\MediMind\ai-prediction-service\test-dataset\Bone Facture\FracAtlas\FracAtlas\images\Non_fractured\IMG0003116.jpg,images\Non_fractured\IMG0003116.jpg,FracAtlas,PAT_FA_01558,0,0,hand,0,1,454,373,3,eaad9b5f4c8f597d02736686dde41d3e,train
IMG0003117.jpg,D:\projects\MediMind\ai-prediction-service\test-dataset\Bone Facture\FracAtlas\FracAtlas\images\Non_fractured\IMG0003117.jpg,images\Non_fractured\IMG0003117.jpg,FracAtlas,PAT_FA_01558,0,0,hand,0,1,454,373,3,de99b61265c379584129704d3428753e,train
IMG0003120.jpg,D:\projects\MediMind\ai-prediction-service\test-dataset\Bone Facture\FracAtlas\FracAtlas\images\Non_fractured\IMG0003120.jpg,images\Non_fractured\IMG0003120.jpg,FracAtlas,PAT_FA_01560,0,0,hand,0,0,373,454,3,368735e9ccec79e296c421747dcb1541,train
IMG0003121.jpg,D:\projects\MediMind\ai-prediction-service\test-dataset\Bone Facture\FracAtlas\FracAtlas\images\Fractured\IMG0003121.jpg,images\Fractured\IMG0003121.jpg,FracAtlas,PAT_FA_01560,1,1,hand,0,0,373,454,3,93169be1e4d512c88e325dbf32bc34ab,train
IMG0003122.jpg,D:\projects\MediMind\ai-prediction-service\test-dataset\Bone Facture\FracAtlas\FracAtlas\images\Non_fractured\IMG0003122.jpg,images\Non_fractured\IMG0003122.jpg,FracAtlas,PAT_FA_01561,0,0,leg,0,0,373,454,3,d28bd677c4e023f372bd132e3e4b94e8,train
IMG0003123.jpg,D:\projects\MediMind\ai-prediction-service\test-dataset\Bone Facture\FracAtlas\FracAtlas\images\Non_fractured\IMG0003123.jpg,images\Non_fractured\IMG0003123.jpg,FracAtlas,PAT_FA_01561,0,0,leg,0,0,373,454,3,c4794ecf7d8316a0e74eb75ce0d81592,train
IMG0003124.jpg,D:\projects\MediMind\ai-prediction-service\test-dataset\Bone Facture\FracAtlas\FracAtlas\images\Non_fractured\IMG0003124.jpg,images\Non_fractured\IMG0003124.jpg,FracAtlas,PAT_FA_01562,0,0,hand,0,0,373,454,3,16934eb40ec387b5d0e09db914b7480c,train
IMG0003125.jpg,D:\projects\MediMind\ai-prediction-service\test-dataset\Bone Facture\FracAtlas\FracAtlas\images\Non_fractured\IMG0003125.jpg,images\Non_fractured\IMG0003125.jpg,FracAtlas,PAT_FA_01562,0,0,hand,0,0,454,373,3,50fa5f9017ff24d6490e317fbf1e5218,train
IMG0003126.jpg,D:\projects\MediMind\ai-prediction-service\test-dataset\Bone Facture\FracAtlas\FracAtlas\images\Non_fractured\IMG0003126.jpg,images\Non_fractured\IMG0003126.jpg,FracAtlas,PAT_FA_01563,0,0,hand,0,0,373,454,3,ac38c91396e98adaf29aab77c2e00167,train
IMG0003127.jpg,D:\projects\MediMind\ai-prediction-service\test-dataset\Bone Facture\FracAtlas\FracAtlas\images\Non_fractured\IMG0003127.jpg,images\Non_fractured\IMG0003127.jpg,FracAtlas,PAT_FA_01563,0,0,hand,0,0,373,454,3,433fc25b490016241c157bc20404e21d,train
IMG0003128.jpg,D:\projects\MediMind\ai-prediction-service\test-dataset\Bone Facture\FracAtlas\FracAtlas\images\Non_fractured\IMG0003128.jpg,images\Non_fractured\IMG0003128.jpg,FracAtlas,PAT_FA_01564,0,0,leg,0,0,373,454,3,dbd01cfcfad7e32f334f0791bd8ebec5,train
IMG0003129.jpg,D:\projects\MediMind\ai-prediction-service\test-dataset\Bone Facture\FracAtlas\FracAtlas\images\Non_fractured\IMG0003129.jpg,images\Non_fractured\IMG0003129.jpg,FracAtlas,PAT_FA_01564,0,0,leg,0,0,373,454,3,6e59d87d922051d609d7dbb0b1df19dd,train
IMG0003130.jpg,D:\projects\MediMind\ai-prediction-service\test-dataset\Bone Facture\FracAtlas\FracAtlas\images\Fractured\IMG0003130.jpg,images\Fractured\IMG0003130.jpg,FracAtlas,PAT_FA_01565,1,1,leg,0,0,373,454,3,052fddfc4b4fe3efe12d8f4e112abba3,train
IMG0003131.jpg,D:\projects\MediMind\ai-prediction-service\test-dataset\Bone Facture\FracAtlas\FracAtlas\images\Fractured\IMG0003131.jpg,images\Fractured\IMG0003131.jpg,FracAtlas,PAT_FA_01565,1,1,leg,0,0,373,454,1,befa219e7489a674622d52edc289ddb2,train
IMG0003132.jpg,D:\projects\MediMind\ai-prediction-service\test-dataset\Bone Facture\FracAtlas\FracAtlas\images\Fractured\IMG0003132.jpg,images\Fractured\IMG0003132.jpg,FracAtlas,PAT_FA_01566,1,1,leg,0,0,454,373,3,ab1174a5ebe3cd63364b1d3a050679bf,train
IMG0003133.jpg,D:\projects\MediMind\ai-prediction-service\test-dataset\Bone Facture\FracAtlas\FracAtlas\images\Non_fractured\IMG0003133.jpg,images\Non_fractured\IMG0003133.jpg,FracAtlas,PAT_FA_01566,0,0,hand,0,0,373,454,3,1eeb6c98c911d5fb5a8e3a4fe50cc9ae,train
IMG0003134.jpg,D:\projects\MediMind\ai-prediction-service\test-dataset\Bone Facture\FracAtlas\FracAtlas\images\Non_fractured\IMG0003134.jpg,images\Non_fractured\IMG0003134.jpg,FracAtlas,PAT_FA_01567,0,0,hand,0,0,454,373,3,72d28c1052938a274c3ba9cc6cb5c7a3,train
IMG0003135.jpg,D:\projects\MediMind\ai-prediction-service\test-dataset\Bone Facture\FracAtlas\FracAtlas\images\Non_fractured\IMG0003135.jpg,images\Non_fractured\IMG0003135.jpg,FracAtlas,PAT_FA_01567,0,0,hand,0,0,373,454,3,f8983f5fb1fc8570d39c47f486ab9f14,train
IMG0003136.jpg,D:\projects\MediMind\ai-prediction-service\test-dataset\Bone Facture\FracAtlas\FracAtlas\images\Non_fractured\IMG0003136.jpg,images\Non_fractured\IMG0003136.jpg,FracAtlas,PAT_FA_01568,0,0,hand,0,0,373,454,3,18fb922c11267e3fc77fe5dfa2aeaf99,train
IMG0003137.jpg,D:\projects\MediMind\ai-prediction-service\test-dataset\Bone Facture\FracAtlas\FracAtlas\images\Non_fractured\IMG0003137.jpg,images\Non_fractured\IMG0003137.jpg,FracAtlas,PAT_FA_01568,0,0,leg,0,0,373,454,3,8dd1bf2fe50774ed2292d6e77f42e92c,train
IMG0003138.jpg,D:\projects\MediMind\ai-prediction-service\test-dataset\Bone Facture\FracAtlas\FracAtlas\images\Non_fractured\IMG0003138.jpg,images\Non_fractured\IMG0003138.jpg,FracAtlas,PAT_FA_01569,0,0,leg,0,0,373,454,3,73653f1bba6ea36edf0895222841e6cc,train
IMG0003139.jpg,D:\projects\MediMind\ai-prediction-service\test-dataset\Bone Facture\FracAtlas\FracAtlas\images\Non_fractured\IMG0003139.jpg,images\Non_fractured\IMG0003139.jpg,FracAtlas,PAT_FA_01569,0,0,leg,0,0,373,454,3,6bd47ebc3958002d3dd96791e90b3910,train
IMG0003140.jpg,D:\projects\MediMind\ai-prediction-service\test-dataset\Bone Facture\FracAtlas\FracAtlas\images\Non_fractured\IMG0003140.jpg,images\Non_fractured\IMG0003140.jpg,FracAtlas,PAT_FA_01570,0,0,leg,0,0,373,454,3,3cf5bc5712f8f4452bf173d83bd132e8,train
IMG0003141.jpg,D:\projects\MediMind\ai-prediction-service\test-dataset\Bone Facture\FracAtlas\FracAtlas\images\Non_fractured\IMG0003141.jpg,images\Non_fractured\IMG0003141.jpg,FracAtlas,PAT_FA_01570,0,0,leg,0,1,454,373,3,c56ca78c419faaac0cd29447b7db64c6,train
IMG0003142.jpg,D:\projects\MediMind\ai-prediction-service\test-dataset\Bone Facture\FracAtlas\FracAtlas\images\Non_fractured\IMG0003142.jpg,images\Non_fractured\IMG0003142.jpg,FracAtlas,PAT_FA_01571,0,0,leg,0,0,454,373,3,2ba7b2aca6195b12c10f267959e951ca,train
IMG0003143.jpg,D:\projects\MediMind\ai-prediction-service\test-dataset\Bone Facture\FracAtlas\FracAtlas\images\Non_fractured\IMG0003143.jpg,images\Non_fractured\IMG0003143.jpg,FracAtlas,PAT_FA_01571,0,0,leg,0,0,454,373,3,3684e67976098029a97eed20eb734a89,train
IMG0003144.jpg,D:\projects\MediMind\ai-prediction-service\test-dataset\Bone Facture\FracAtlas\FracAtlas\images\Non_fractured\IMG0003144.jpg,images\Non_fractured\IMG0003144.jpg,FracAtlas,PAT_FA_01572,0,0,leg,0,0,373,454,3,09e6d8da2f8328d642416a30556a0d25,train
IMG0003145.jpg,D:\projects\MediMind\ai-prediction-service\test-dataset\Bone Facture\FracAtlas\FracAtlas\images\Non_fractured\IMG0003145.jpg,images\Non_fractured\IMG0003145.jpg,FracAtlas,PAT_FA_01572,0,0,leg,0,0,373,454,3,a7144f7f74ceaff3d2a1a9221420af2b,train
IMG0003146.jpg,D:\projects\MediMind\ai-prediction-service\test-dataset\Bone Facture\FracAtlas\FracAtlas\images\Fractured\IMG0003146.jpg,images\Fractured\IMG0003146.jpg,FracAtlas,PAT_FA_01573,1,1,leg,0,0,373,454,3,5954dcd715684b1efce449feade055ef,train
IMG0003147.jpg,D:\projects\MediMind\ai-prediction-service\test-dataset\Bone Facture\FracAtlas\FracAtlas\images\Fractured\IMG0003147.jpg,images\Fractured\IMG0003147.jpg,FracAtlas,PAT_FA_01573,1,1,leg,0,0,373,454,3,84e0f64779ee24837f2bb6cfbfa51d46,train
IMG0003148.jpg,D:\projects\MediMind\ai-prediction-service\test-dataset\Bone Facture\FracAtlas\FracAtlas\images\Non_fractured\IMG0003148.jpg,images\Non_fractured\IMG0003148.jpg,FracAtlas,PAT_FA_01574,0,0,hand,0,0,373,454,3,234527bc5d019b6b33bfab18db05f6e9,train
IMG0003149.jpg,D:\projects\MediMind\ai-prediction-service\test-dataset\Bone Facture\FracAtlas\FracAtlas\images\Non_fractured\IMG0003149.jpg,images\Non_fractured\IMG0003149.jpg,FracAtlas,PAT_FA_01574,0,0,hand,0,0,454,373,3,2e0dce14c7538c0b85533526b331e0a1,train
IMG0003150.jpg,D:\projects\MediMind\ai-prediction-service\test-dataset\Bone Facture\FracAtlas\FracAtlas\images\Non_fractured\IMG0003150.jpg,images\Non_fractured\IMG0003150.jpg,FracAtlas,PAT_FA_01575,0,0,hand,0,1,454,373,3,cbcccaa573afa118801cbdd27c700a05,train
IMG0003151.jpg,D:\projects\MediMind\ai-prediction-service\test-dataset\Bone Facture\FracAtlas\FracAtlas\images\Non_fractured\IMG0003151.jpg,images\Non_fractured\IMG0003151.jpg,FracAtlas,PAT_FA_01575,0,0,leg,0,1,454,373,3,4a878c2dde1436d9d62b69158dc6ae21,train
IMG0003152.jpg,D:\projects\MediMind\ai-prediction-service\test-dataset\Bone Facture\FracAtlas\FracAtlas\images\Non_fractured\IMG0003152.jpg,images\Non_fractured\IMG0003152.jpg,FracAtlas,PAT_FA_01576,0,0,leg,0,0,373,454,3,feb0ac432e19a172728022daaefe32fc,train
IMG0003153.jpg,D:\projects\MediMind\ai-prediction-service\test-dataset\Bone Facture\FracAtlas\FracAtlas\images\Non_fractured\IMG0003153.jpg,images\Non_fractured\IMG0003153.jpg,FracAtlas,PAT_FA_01576,0,0,leg,0,0,373,454,1,84d526f41cfa89a30cc6b9447b9cb74a,train
IMG0003156.jpg,D:\projects\MediMind\ai-prediction-service\test-dataset\Bone Facture\FracAtlas\FracAtlas\images\Non_fractured\IMG0003156.jpg,images\Non_fractured\IMG0003156.jpg,FracAtlas,PAT_FA_01578,0,0,hand,0,1,454,373,3,b0be74bcdab67cea24279c5391c60dc5,train
IMG0003157.jpg,D:\projects\MediMind\ai-prediction-service\test-dataset\Bone Facture\FracAtlas\FracAtlas\images\Fractured\IMG0003157.jpg,images\Fractured\IMG0003157.jpg,FracAtlas,PAT_FA_01578,1,1,hand,0,0,373,454,1,e26e444e9675cbe53f32a758d66ccbbe,train
IMG0003158.jpg,D:\projects\MediMind\ai-prediction-service\test-dataset\Bone Facture\FracAtlas\FracAtlas\images\Non_fractured\IMG0003158.jpg,images\Non_fractured\IMG0003158.jpg,FracAtlas,PAT_FA_01579,0,0,leg,0,0,373,454,3,9eaae6081bed0bf6c56dc8d4d8e88475,train
IMG0003159.jpg,D:\projects\MediMind\ai-prediction-service\test-dataset\Bone Facture\FracAtlas\FracAtlas\images\Non_fractured\IMG0003159.jpg,images\Non_fractured\IMG0003159.jpg,FracAtlas,PAT_FA_01579,0,0,leg,0,0,454,373,3,308f6707a3977e701e3f190abc9f31e2,train
IMG0003160.jpg,D:\projects\MediMind\ai-prediction-service\test-dataset\Bone Facture\FracAtlas\FracAtlas\images\Non_fractured\IMG0003160.jpg,images\Non_fractured\IMG0003160.jpg,FracAtlas,PAT_FA_01580,0,0,leg,0,0,373,454,3,93fa3e03fba48d632e624021b20a3a5f,train
IMG0003161.jpg,D:\projects\MediMind\ai-prediction-service\test-dataset\Bone Facture\FracAtlas\FracAtlas\images\Non_fractured\IMG0003161.jpg,images\Non_fractured\IMG0003161.jpg,FracAtlas,PAT_FA_01580,0,0,leg,0,0,373,454,3,5ff57825e193680b45e4050c9f829f17,train
IMG0003164.jpg,D:\projects\MediMind\ai-prediction-service\test-dataset\Bone Facture\FracAtlas\FracAtlas\images\Fractured\IMG0003164.jpg,images\Fractured\IMG0003164.jpg,FracAtlas,PAT_FA_01582,1,1,hand,0,0,373,454,3,0f989feb3c47b943d2547fc574973b91,train
IMG0003165.jpg,D:\projects\MediMind\ai-prediction-service\test-dataset\Bone Facture\FracAtlas\FracAtlas\images\Fractured\IMG0003165.jpg,images\Fractured\IMG0003165.jpg,FracAtlas,PAT_FA_01582,1,1,hand,0,0,373,454,3,8dbaa1b8af99b54b6ccebfd9d42ca4f4,train
IMG0003166.jpg,D:\projects\MediMind\ai-prediction-service\test-dataset\Bone Facture\FracAtlas\FracAtlas\images\Non_fractured\IMG0003166.jpg,images\Non_fractured\IMG0003166.jpg,FracAtlas,PAT_FA_01583,0,0,leg,0,1,373,454,3,4d7be43c29b6fe5c2a7165682bb68d11,train
IMG0003167.jpg,D:\projects\MediMind\ai-prediction-service\test-dataset\Bone Facture\FracAtlas\FracAtlas\images\Non_fractured\IMG0003167.jpg,images\Non_fractured\IMG0003167.jpg,FracAtlas,PAT_FA_01583,0,0,leg,0,0,373,454,3,656d129e6eb3c6a32fbb49f806d7353e,train
IMG0003170.jpg,D:\projects\MediMind\ai-prediction-service\test-dataset\Bone Facture\FracAtlas\FracAtlas\images\Non_fractured\IMG0003170.jpg,images\Non_fractured\IMG0003170.jpg,FracAtlas,PAT_FA_01585,0,0,leg,0,0,454,373,3,efb4709d5d3bdc2424c9a83090d6779b,train
IMG0003171.jpg,D:\projects\MediMind\ai-prediction-service\test-dataset\Bone Facture\FracAtlas\FracAtlas\images\Fractured\IMG0003171.jpg,images\Fractured\IMG0003171.jpg,FracAtlas,PAT_FA_01585,1,1,hand,0,0,373,454,3,21a3329b292646a9c1fba2c1a42d1af1,train
IMG0003172.jpg,D:\projects\MediMind\ai-prediction-service\test-dataset\Bone Facture\FracAtlas\FracAtlas\images\Fractured\IMG0003172.jpg,images\Fractured\IMG0003172.jpg,FracAtlas,PAT_FA_01586,1,1,hand,0,0,373,454,3,06e1e2bdcd033c952615f73cf62780e0,train
IMG0003173.jpg,D:\projects\MediMind\ai-prediction-service\test-dataset\Bone Facture\FracAtlas\FracAtlas\images\Non_fractured\IMG0003173.jpg,images\Non_fractured\IMG0003173.jpg,FracAtlas,PAT_FA_01586,0,0,hand,0,0,373,454,3,0f706d5007837fc2d9f61fff4417a1f1,train
IMG0003174.jpg,D:\projects\MediMind\ai-prediction-service\test-dataset\Bone Facture\FracAtlas\FracAtlas\images\Non_fractured\IMG0003174.jpg,images\Non_fractured\IMG0003174.jpg,FracAtlas,PAT_FA_01587,0,0,hand,0,0,454,373,3,557e9177fbe98994500a00c8b07671cf,train
IMG0003175.jpg,D:\projects\MediMind\ai-prediction-service\test-dataset\Bone Facture\FracAtlas\FracAtlas\images\Non_fractured\IMG0003175.jpg,images\Non_fractured\IMG0003175.jpg,FracAtlas,PAT_FA_01587,0,0,leg,0,1,454,373,3,16eb2230eb16f0c6380b87573db670aa,train
IMG0003176.jpg,D:\projects\MediMind\ai-prediction-service\test-dataset\Bone Facture\FracAtlas\FracAtlas\images\Non_fractured\IMG0003176.jpg,images\Non_fractured\IMG0003176.jpg,FracAtlas,PAT_FA_01588,0,0,leg,0,0,373,454,3,0b96ccf2af634ef2b3e18a8c99bf2e2c,train
IMG0003177.jpg,D:\projects\MediMind\ai-prediction-service\test-dataset\Bone Facture\FracAtlas\FracAtlas\images\Non_fractured\IMG0003177.jpg,images\Non_fractured\IMG0003177.jpg,FracAtlas,PAT_FA_01588,0,0,leg,0,0,454,373,3,962f4cf577d3ebc6eee29b41568c21e0,train
IMG0003178.jpg,D:\projects\MediMind\ai-prediction-service\test-dataset\Bone Facture\FracAtlas\FracAtlas\images\Non_fractured\IMG0003178.jpg,images\Non_fractured\IMG0003178.jpg,FracAtlas,PAT_FA_01589,0,0,leg,0,0,373,454,3,a0ad103ce9de52eebaa88e8bdc698742,train
IMG0003179.jpg,D:\projects\MediMind\ai-prediction-service\test-dataset\Bone Facture\FracAtlas\FracAtlas\images\Non_fractured\IMG0003179.jpg,images\Non_fractured\IMG0003179.jpg,FracAtlas,PAT_FA_01589,0,0,leg,0,0,373,454,3,89f75c9da250d0ae1d259e3bb1704a06,train
IMG0003180.jpg,D:\projects\MediMind\ai-prediction-service\test-dataset\Bone Facture\FracAtlas\FracAtlas\images\Non_fractured\IMG0003180.jpg,images\Non_fractured\IMG0003180.jpg,FracAtlas,PAT_FA_01590,0,0,leg,0,1,454,373,3,32c0e130e2aba795e16fcbe848a921e2,train
IMG0003181.jpg,D:\projects\MediMind\ai-prediction-service\test-dataset\Bone Facture\FracAtlas\FracAtlas\images\Non_fractured\IMG0003181.jpg,images\Non_fractured\IMG0003181.jpg,FracAtlas,PAT_FA_01590,0,0,leg,0,0,373,454,3,059406951436f7d924951d1f6be32505,train
IMG0003188.jpg,D:\projects\MediMind\ai-prediction-service\test-dataset\Bone Facture\FracAtlas\FracAtlas\images\Non_fractured\IMG0003188.jpg,images\Non_fractured\IMG0003188.jpg,FracAtlas,PAT_FA_01594,0,0,leg,0,0,373,454,3,b03124a43e3f3480b79062eb76a57cb9,train
IMG0003189.jpg,D:\projects\MediMind\ai-prediction-service\test-dataset\Bone Facture\FracAtlas\FracAtlas\images\Non_fractured\IMG0003189.jpg,images\Non_fractured\IMG0003189.jpg,FracAtlas,PAT_FA_01594,0,0,leg,0,0,373,454,3,ddfbdb014b3e108b286ab0132aa52589,train
IMG0003192.jpg,D:\projects\MediMind\ai-prediction-service\test-dataset\Bone Facture\FracAtlas\FracAtlas\images\Non_fractured\IMG0003192.jpg,images\Non_fractured\IMG0003192.jpg,FracAtlas,PAT_FA_01596,0,0,hand,0,0,454,373,3,d9095b6e5bb5152a924d61036b8bdbfc,train
IMG0003193.jpg,D:\projects\MediMind\ai-prediction-service\test-dataset\Bone Facture\FracAtlas\FracAtlas\images\Non_fractured\IMG0003193.jpg,images\Non_fractured\IMG0003193.jpg,FracAtlas,PAT_FA_01596,0,0,leg,0,0,373,454,3,59207bb01cf068cde328639bb2d6b78b,train
IMG0003194.jpg,D:\projects\MediMind\ai-prediction-service\test-dataset\Bone Facture\FracAtlas\FracAtlas\images\Non_fractured\IMG0003194.jpg,images\Non_fractured\IMG0003194.jpg,FracAtlas,PAT_FA_01597,0,0,leg,0,0,373,454,3,970285f681f63b0f0736ef79344009e7,train
IMG0003195.jpg,D:\projects\MediMind\ai-prediction-service\test-dataset\Bone Facture\FracAtlas\FracAtlas\images\Non_fractured\IMG0003195.jpg,images\Non_fractured\IMG0003195.jpg,FracAtlas,PAT_FA_01597,0,0,hand,0,0,373,454,3,d01f347411611c264b5316844fbfe192,train
IMG0003196.jpg,D:\projects\MediMind\ai-prediction-service\test-dataset\Bone Facture\FracAtlas\FracAtlas\images\Non_fractured\IMG0003196.jpg,images\Non_fractured\IMG0003196.jpg,FracAtlas,PAT_FA_01598,0,0,hand,0,0,454,373,3,6860b521580c1aba7b3f49ec67fb47a7,train
IMG0003197.jpg,D:\projects\MediMind\ai-prediction-service\test-dataset\Bone Facture\FracAtlas\FracAtlas\images\Non_fractured\IMG0003197.jpg,images\Non_fractured\IMG0003197.jpg,FracAtlas,PAT_FA_01598,0,0,leg,0,0,373,454,3,ecb3a3765f7f79c30f4353d2596f4cf2,train
IMG0003198.jpg,D:\projects\MediMind\ai-prediction-service\test-dataset\Bone Facture\FracAtlas\FracAtlas\images\Non_fractured\IMG0003198.jpg,images\Non_fractured\IMG0003198.jpg,FracAtlas,PAT_FA_01599,0,0,leg,0,0,454,373,3,56f2a1445f21a68ae8ff7856614b6b28,train
IMG0003199.jpg,D:\projects\MediMind\ai-prediction-service\test-dataset\Bone Facture\FracAtlas\FracAtlas\images\Fractured\IMG0003199.jpg,images\Fractured\IMG0003199.jpg,FracAtlas,PAT_FA_01599,1,1,hand,0,0,454,373,3,09cf55315c47d410954b0fcd9deeadb8,train
IMG0003204.jpg,D:\projects\MediMind\ai-prediction-service\test-dataset\Bone Facture\FracAtlas\FracAtlas\images\Non_fractured\IMG0003204.jpg,images\Non_fractured\IMG0003204.jpg,FracAtlas,PAT_FA_01602,0,0,hand,0,0,373,454,3,6ef780288dc89c2dfec85ccceb50d862,train
IMG0003205.jpg,D:\projects\MediMind\ai-prediction-service\test-dataset\Bone Facture\FracAtlas\FracAtlas\images\Non_fractured\IMG0003205.jpg,images\Non_fractured\IMG0003205.jpg,FracAtlas,PAT_FA_01602,0,0,leg,0,0,373,454,3,7d880b97229d708e83294bf2a00579ff,train
IMG0003210.jpg,D:\projects\MediMind\ai-prediction-service\test-dataset\Bone Facture\FracAtlas\FracAtlas\images\Non_fractured\IMG0003210.jpg,images\Non_fractured\IMG0003210.jpg,FracAtlas,PAT_FA_01605,0,0,leg,0,0,454,373,3,0e6518edef4975fe047b31944ac1b6f5,train
IMG0003211.jpg,D:\projects\MediMind\ai-prediction-service\test-dataset\Bone Facture\FracAtlas\FracAtlas\images\Non_fractured\IMG0003211.jpg,images\Non_fractured\IMG0003211.jpg,FracAtlas,PAT_FA_01605,0,0,hand,0,0,373,454,3,dc2b74339b14a9f4659aa969d70cce89,train
IMG0003212.jpg,D:\projects\MediMind\ai-prediction-service\test-dataset\Bone Facture\FracAtlas\FracAtlas\images\Non_fractured\IMG0003212.jpg,images\Non_fractured\IMG0003212.jpg,FracAtlas,PAT_FA_01606,0,0,hand,0,0,373,454,3,bab65f880ed79dc7b18eb699771eef39,train
IMG0003213.jpg,D:\projects\MediMind\ai-prediction-service\test-dataset\Bone Facture\FracAtlas\FracAtlas\images\Fractured\IMG0003213.jpg,images\Fractured\IMG0003213.jpg,FracAtlas,PAT_FA_01606,1,1,hand,0,0,373,454,3,cc7e2081c8b8954f1b70951ff0c67ee2,train
IMG0003214.jpg,D:\projects\MediMind\ai-prediction-service\test-dataset\Bone Facture\FracAtlas\FracAtlas\images\Fractured\IMG0003214.jpg,images\Fractured\IMG0003214.jpg,FracAtlas,PAT_FA_01607,1,1,hand,0,0,454,373,3,a5e32b8ae3ef1d3980d8fe934ab19224,train
IMG0003215.jpg,D:\projects\MediMind\ai-prediction-service\test-dataset\Bone Facture\FracAtlas\FracAtlas\images\Non_fractured\IMG0003215.jpg,images\Non_fractured\IMG0003215.jpg,FracAtlas,PAT_FA_01607,0,0,hand,0,0,373,454,3,6e60c207398f4c7ec0c76dc8d189f8aa,train
IMG0003216.jpg,D:\projects\MediMind\ai-prediction-service\test-dataset\Bone Facture\FracAtlas\FracAtlas\images\Non_fractured\IMG0003216.jpg,images\Non_fractured\IMG0003216.jpg,FracAtlas,PAT_FA_01608,0,0,hand,0,0,454,373,3,080dccc7bdd32396ab61d462d7a80975,train
IMG0003217.jpg,D:\projects\MediMind\ai-prediction-service\test-dataset\Bone Facture\FracAtlas\FracAtlas\images\Fractured\IMG0003217.jpg,images\Fractured\IMG0003217.jpg,FracAtlas,PAT_FA_01608,1,1,hand,0,0,373,454,3,00f4ad6908550919dc712bebfb0d7f1b,train
IMG0003220.jpg,D:\projects\MediMind\ai-prediction-service\test-dataset\Bone Facture\FracAtlas\FracAtlas\images\Fractured\IMG0003220.jpg,images\Fractured\IMG0003220.jpg,FracAtlas,PAT_FA_01610,1,1,leg,0,0,373,454,3,860aa1cece7ab0590618923fee937358,train
IMG0003221.jpg,D:\projects\MediMind\ai-prediction-service\test-dataset\Bone Facture\FracAtlas\FracAtlas\images\Non_fractured\IMG0003221.jpg,images\Non_fractured\IMG0003221.jpg,FracAtlas,PAT_FA_01610,0,0,hand,0,0,373,454,3,cd8a5871143d3c5913dd2c3fbd986d49,train
IMG0003222.jpg,D:\projects\MediMind\ai-prediction-service\test-dataset\Bone Facture\FracAtlas\FracAtlas\images\Non_fractured\IMG0003222.jpg,images\Non_fractured\IMG0003222.jpg,FracAtlas,PAT_FA_01611,0,0,leg,0,0,373,454,3,1444adf7ad0ec0897b20c8a5b860ccde,train
IMG0003223.jpg,D:\projects\MediMind\ai-prediction-service\test-dataset\Bone Facture\FracAtlas\FracAtlas\images\Non_fractured\IMG0003223.jpg,images\Non_fractured\IMG0003223.jpg,FracAtlas,PAT_FA_01611,0,0,leg,0,0,454,373,3,35198d6a7ba6dc0fb9c6ad2b2793d46a,train
IMG0003224.jpg,D:\projects\MediMind\ai-prediction-service\test-dataset\Bone Facture\FracAtlas\FracAtlas\images\Non_fractured\IMG0003224.jpg,images\Non_fractured\IMG0003224.jpg,FracAtlas,PAT_FA_01612,0,0,hand,0,0,373,454,3,77e5a7d951f498a7e4a16bf07a0173f9,train
IMG0003225.jpg,D:\projects\MediMind\ai-prediction-service\test-dataset\Bone Facture\FracAtlas\FracAtlas\images\Non_fractured\IMG0003225.jpg,images\Non_fractured\IMG0003225.jpg,FracAtlas,PAT_FA_01612,0,0,hand,0,0,454,373,3,a9ab5a7b4f1dbe9f1562dd65227110ba,train
IMG0003226.jpg,D:\projects\MediMind\ai-prediction-service\test-dataset\Bone Facture\FracAtlas\FracAtlas\images\Non_fractured\IMG0003226.jpg,images\Non_fractured\IMG0003226.jpg,FracAtlas,PAT_FA_01613,0,0,leg,0,0,373,454,3,ff6493902745f3dd71c92e654c2c22d7,train
IMG0003227.jpg,D:\projects\MediMind\ai-prediction-service\test-dataset\Bone Facture\FracAtlas\FracAtlas\images\Non_fractured\IMG0003227.jpg,images\Non_fractured\IMG0003227.jpg,FracAtlas,PAT_FA_01613,0,0,leg,0,0,454,373,3,836a269f7f884f14c4873f909804e680,train
IMG0003228.jpg,D:\projects\MediMind\ai-prediction-service\test-dataset\Bone Facture\FracAtlas\FracAtlas\images\Non_fractured\IMG0003228.jpg,images\Non_fractured\IMG0003228.jpg,FracAtlas,PAT_FA_01614,0,0,leg,0,1,454,373,3,d5388eb15c3616da34f4edbfe608dab8,train
IMG0003229.jpg,D:\projects\MediMind\ai-prediction-service\test-dataset\Bone Facture\FracAtlas\FracAtlas\images\Non_fractured\IMG0003229.jpg,images\Non_fractured\IMG0003229.jpg,FracAtlas,PAT_FA_01614,0,0,leg,0,0,454,373,3,991a0181b45ae9a1d292a9d3115d6e77,train
IMG0003230.jpg,D:\projects\MediMind\ai-prediction-service\test-dataset\Bone Facture\FracAtlas\FracAtlas\images\Non_fractured\IMG0003230.jpg,images\Non_fractured\IMG0003230.jpg,FracAtlas,PAT_FA_01615,0,0,leg,0,0,454,373,3,c8bd3adf32447cee89646828f68d36dd,train
IMG0003231.jpg,D:\projects\MediMind\ai-prediction-service\test-dataset\Bone Facture\FracAtlas\FracAtlas\images\Non_fractured\IMG0003231.jpg,images\Non_fractured\IMG0003231.jpg,FracAtlas,PAT_FA_01615,0,0,leg,0,0,373,454,3,eaae7dbc998d51ab234e075256501286,train
IMG0003232.jpg,D:\projects\MediMind\ai-prediction-service\test-dataset\Bone Facture\FracAtlas\FracAtlas\images\Non_fractured\IMG0003232.jpg,images\Non_fractured\IMG0003232.jpg,FracAtlas,PAT_FA_01616,0,0,leg,0,0,373,454,3,3543bd69c49bb9056ff97b0c53841597,train
IMG0003233.jpg,D:\projects\MediMind\ai-prediction-service\test-dataset\Bone Facture\FracAtlas\FracAtlas\images\Fractured\IMG0003233.jpg,images\Fractured\IMG0003233.jpg,FracAtlas,PAT_FA_01616,1,1,hand,0,0,373,454,3,ff58d27d1830eb1f7052c5b3e7cf6e3a,train
IMG0003234.jpg,D:\projects\MediMind\ai-prediction-service\test-dataset\Bone Facture\FracAtlas\FracAtlas\images\Fractured\IMG0003234.jpg,images\Fractured\IMG0003234.jpg,FracAtlas,PAT_FA_01617,1,1,hand,0,0,373,454,3,72aa3ee6fc03b72a620058aff10418a1,train
IMG0003235.jpg,D:\projects\MediMind\ai-prediction-service\test-dataset\Bone Facture\FracAtlas\FracAtlas\images\Non_fractured\IMG0003235.jpg,images\Non_fractured\IMG0003235.jpg,FracAtlas,PAT_FA_01617,0,0,shoulder,0,0,373,454,1,1e168f807c5596bf40bbcfe875d97d68,train
IMG0003238.jpg,D:\projects\MediMind\ai-prediction-service\test-dataset\Bone Facture\FracAtlas\FracAtlas\images\Non_fractured\IMG0003238.jpg,images\Non_fractured\IMG0003238.jpg,FracAtlas,PAT_FA_01619,0,0,leg,0,0,373,454,3,8854b64dc291acc89a83d835b002bfb4,train
IMG0003239.jpg,D:\projects\MediMind\ai-prediction-service\test-dataset\Bone Facture\FracAtlas\FracAtlas\images\Non_fractured\IMG0003239.jpg,images\Non_fractured\IMG0003239.jpg,FracAtlas,PAT_FA_01619,0,0,leg,0,0,454,373,3,ff9b79292bd4a627aa89b1392b34e755,train
IMG0003244.jpg,D:\projects\MediMind\ai-prediction-service\test-dataset\Bone Facture\FracAtlas\FracAtlas\images\Non_fractured\IMG0003244.jpg,images\Non_fractured\IMG0003244.jpg,FracAtlas,PAT_FA_01622,0,0,leg,0,0,373,454,3,0354c66e8a68f221d79738d514453b60,train
IMG0003245.jpg,D:\projects\MediMind\ai-prediction-service\test-dataset\Bone Facture\FracAtlas\FracAtlas\images\Non_fractured\IMG0003245.jpg,images\Non_fractured\IMG0003245.jpg,FracAtlas,PAT_FA_01622,0,0,leg,0,0,373,454,3,cfce16000026b2491f1c329929d2841c,train
IMG0003246.jpg,D:\projects\MediMind\ai-prediction-service\test-dataset\Bone Facture\FracAtlas\FracAtlas\images\Non_fractured\IMG0003246.jpg,images\Non_fractured\IMG0003246.jpg,FracAtlas,PAT_FA_01623,0,0,hand,0,0,373,454,3,3e48efff56d89d791f4d88a66b496074,train
IMG0003247.jpg,D:\projects\MediMind\ai-prediction-service\test-dataset\Bone Facture\FracAtlas\FracAtlas\images\Non_fractured\IMG0003247.jpg,images\Non_fractured\IMG0003247.jpg,FracAtlas,PAT_FA_01623,0,0,hand,0,0,373,454,3,2442603716203bda050e404fccb3028f,train
IMG0003248.jpg,D:\projects\MediMind\ai-prediction-service\test-dataset\Bone Facture\FracAtlas\FracAtlas\images\Non_fractured\IMG0003248.jpg,images\Non_fractured\IMG0003248.jpg,FracAtlas,PAT_FA_01624,0,0,leg,0,0,373,454,3,7cadf8f6c49066d6996cf62c8a3e23aa,train
IMG0003249.jpg,D:\projects\MediMind\ai-prediction-service\test-dataset\Bone Facture\FracAtlas\FracAtlas\images\Non_fractured\IMG0003249.jpg,images\Non_fractured\IMG0003249.jpg,FracAtlas,PAT_FA_01624,0,0,leg,0,0,454,373,3,e2e6e33e7727e1748651fdd03627b920,train
IMG0003250.jpg,D:\projects\MediMind\ai-prediction-service\test-dataset\Bone Facture\FracAtlas\FracAtlas\images\Non_fractured\IMG0003250.jpg,images\Non_fractured\IMG0003250.jpg,FracAtlas,PAT_FA_01625,0,0,hip,0,0,373,454,1,854d9d4d701afff7e2bad0a06ac20053,train
IMG0003251.jpg,D:\projects\MediMind\ai-prediction-service\test-dataset\Bone Facture\FracAtlas\FracAtlas\images\Non_fractured\IMG0003251.jpg,images\Non_fractured\IMG0003251.jpg,FracAtlas,PAT_FA_01625,0,0,leg,0,1,454,373,3,b1501fce7f976c6990471ae1c54c4c09,train
IMG0003252.jpg,D:\projects\MediMind\ai-prediction-service\test-dataset\Bone Facture\FracAtlas\FracAtlas\images\Non_fractured\IMG0003252.jpg,images\Non_fractured\IMG0003252.jpg,FracAtlas,PAT_FA_01626,0,0,leg,0,0,454,373,3,e15893b1de76a0b0aeb47440a2a8963b,train
IMG0003253.jpg,D:\projects\MediMind\ai-prediction-service\test-dataset\Bone Facture\FracAtlas\FracAtlas\images\Non_fractured\IMG0003253.jpg,images\Non_fractured\IMG0003253.jpg,FracAtlas,PAT_FA_01626,0,0,leg,0,0,454,373,3,cad6cbc610dcf7d232b2f6c4c886a9e3,train
IMG0003254.jpg,D:\projects\MediMind\ai-prediction-service\test-dataset\Bone Facture\FracAtlas\FracAtlas\images\Fractured\IMG0003254.jpg,images\Fractured\IMG0003254.jpg,FracAtlas,PAT_FA_01627,1,1,leg,0,0,373,454,3,256c8bd6fde98092ffa6b96422869392,train
IMG0003255.jpg,D:\projects\MediMind\ai-prediction-service\test-dataset\Bone Facture\FracAtlas\FracAtlas\images\Fractured\IMG0003255.jpg,images\Fractured\IMG0003255.jpg,FracAtlas,PAT_FA_01627,1,1,leg,0,0,373,454,3,4db9bfa9976888a82b71d5311de0f90c,train
IMG0003258.jpg,D:\projects\MediMind\ai-prediction-service\test-dataset\Bone Facture\FracAtlas\FracAtlas\images\Non_fractured\IMG0003258.jpg,images\Non_fractured\IMG0003258.jpg,FracAtlas,PAT_FA_01629,0,0,hand,0,0,373,454,3,469e3124e347fc3988e376cbeb93658e,train
IMG0003259.jpg,D:\projects\MediMind\ai-prediction-service\test-dataset\Bone Facture\FracAtlas\FracAtlas\images\Non_fractured\IMG0003259.jpg,images\Non_fractured\IMG0003259.jpg,FracAtlas,PAT_FA_01629,0,0,hand,0,0,373,454,3,247a1d6b73a8980f9ce5074853730dfc,train
IMG0003266.jpg,D:\projects\MediMind\ai-prediction-service\test-dataset\Bone Facture\FracAtlas\FracAtlas\images\Fractured\IMG0003266.jpg,images\Fractured\IMG0003266.jpg,FracAtlas,PAT_FA_01633,1,1,hand,0,0,373,454,3,45f2082e2832cb5963dc9c46c60e6397,train
IMG0003267.jpg,D:\projects\MediMind\ai-prediction-service\test-dataset\Bone Facture\FracAtlas\FracAtlas\images\Fractured\IMG0003267.jpg,images\Fractured\IMG0003267.jpg,FracAtlas,PAT_FA_01633,1,1,hand,0,0,373,454,3,0713a686decae841e379dd6c056d52d1,train
IMG0003268.jpg,D:\projects\MediMind\ai-prediction-service\test-dataset\Bone Facture\FracAtlas\FracAtlas\images\Non_fractured\IMG0003268.jpg,images\Non_fractured\IMG0003268.jpg,FracAtlas,PAT_FA_01634,0,0,leg,0,0,373,454,3,3328600f48ee7fc66d089b05808bf552,train
IMG0003269.jpg,D:\projects\MediMind\ai-prediction-service\test-dataset\Bone Facture\FracAtlas\FracAtlas\images\Non_fractured\IMG0003269.jpg,images\Non_fractured\IMG0003269.jpg,FracAtlas,PAT_FA_01634,0,0,leg,0,0,454,373,3,ff8e37a61d7c461eab438715212594e6,train
IMG0003270.jpg,D:\projects\MediMind\ai-prediction-service\test-dataset\Bone Facture\FracAtlas\FracAtlas\images\Non_fractured\IMG0003270.jpg,images\Non_fractured\IMG0003270.jpg,FracAtlas,PAT_FA_01635,0,0,hand,0,0,373,454,3,6b239bd19a4e89d4412b2cc607d9eaf0,train
IMG0003271.jpg,D:\projects\MediMind\ai-prediction-service\test-dataset\Bone Facture\FracAtlas\FracAtlas\images\Non_fractured\IMG0003271.jpg,images\Non_fractured\IMG0003271.jpg,FracAtlas,PAT_FA_01635,0,0,hand,0,0,373,454,3,01ad24557f8bd097fdeea29e76cfdbaf,train
IMG0003274.jpg,D:\projects\MediMind\ai-prediction-service\test-dataset\Bone Facture\FracAtlas\FracAtlas\images\Non_fractured\IMG0003274.jpg,images\Non_fractured\IMG0003274.jpg,FracAtlas,PAT_FA_01637,0,0,leg,0,0,373,454,3,843a2e9050d892dd3fbf5c5bf8628611,train
IMG0003275.jpg,D:\projects\MediMind\ai-prediction-service\test-dataset\Bone Facture\FracAtlas\FracAtlas\images\Non_fractured\IMG0003275.jpg,images\Non_fractured\IMG0003275.jpg,FracAtlas,PAT_FA_01637,0,0,leg,0,0,373,454,3,e436d9d626bd96930c61496a5f48a46d,train
IMG0003276.jpg,D:\projects\MediMind\ai-prediction-service\test-dataset\Bone Facture\FracAtlas\FracAtlas\images\Non_fractured\IMG0003276.jpg,images\Non_fractured\IMG0003276.jpg,FracAtlas,PAT_FA_01638,0,0,leg,0,0,373,454,3,240238423e3eb3bf88b10a81e82c7552,train
IMG0003277.jpg,D:\projects\MediMind\ai-prediction-service\test-dataset\Bone Facture\FracAtlas\FracAtlas\images\Non_fractured\IMG0003277.jpg,images\Non_fractured\IMG0003277.jpg,FracAtlas,PAT_FA_01638,0,0,hand,0,0,373,454,3,da6d87601b36135943f98631eb701a58,train
IMG0003278.jpg,D:\projects\MediMind\ai-prediction-service\test-dataset\Bone Facture\FracAtlas\FracAtlas\images\Non_fractured\IMG0003278.jpg,images\Non_fractured\IMG0003278.jpg,FracAtlas,PAT_FA_01639,0,0,hand,0,0,373,454,3,ffb04105dca3c73dbd559ad536a70416,train
IMG0003279.jpg,D:\projects\MediMind\ai-prediction-service\test-dataset\Bone Facture\FracAtlas\FracAtlas\images\Fractured\IMG0003279.jpg,images\Fractured\IMG0003279.jpg,FracAtlas,PAT_FA_01639,1,1,hand,0,0,373,454,3,cfde0dbff96c4d22479d4e90cc3778fe,train
IMG0003280.jpg,D:\projects\MediMind\ai-prediction-service\test-dataset\Bone Facture\FracAtlas\FracAtlas\images\Fractured\IMG0003280.jpg,images\Fractured\IMG0003280.jpg,FracAtlas,PAT_FA_01640,1,1,hand,0,0,373,454,3,901658dd2bfca8d150edeffe884f50a8,train
IMG0003281.jpg,D:\projects\MediMind\ai-prediction-service\test-dataset\Bone Facture\FracAtlas\FracAtlas\images\Non_fractured\IMG0003281.jpg,images\Non_fractured\IMG0003281.jpg,FracAtlas,PAT_FA_01640,0,0,leg,0,0,373,454,3,174726f2455ad743a4347a1c09740ccf,train
IMG0003284.jpg,D:\projects\MediMind\ai-prediction-service\test-dataset\Bone Facture\FracAtlas\FracAtlas\images\Non_fractured\IMG0003284.jpg,images\Non_fractured\IMG0003284.jpg,FracAtlas,PAT_FA_01642,0,0,hand,0,0,454,373,3,ee1fb0b855f4bc17b533fe04e9dfbd47,train
IMG0003285.jpg,D:\projects\MediMind\ai-prediction-service\test-dataset\Bone Facture\FracAtlas\FracAtlas\images\Non_fractured\IMG0003285.jpg,images\Non_fractured\IMG0003285.jpg,FracAtlas,PAT_FA_01642,0,0,leg,0,0,373,454,3,ee190cbae616c4cd1449a4c5442cb561,train
IMG0003286.jpg,D:\projects\MediMind\ai-prediction-service\test-dataset\Bone Facture\FracAtlas\FracAtlas\images\Non_fractured\IMG0003286.jpg,images\Non_fractured\IMG0003286.jpg,FracAtlas,PAT_FA_01643,0,0,leg,0,0,373,454,3,10eadcfaea7bc3c6247c349c7bfd8f6b,train
IMG0003289.jpg,D:\projects\MediMind\ai-prediction-service\test-dataset\Bone Facture\FracAtlas\FracAtlas\images\Non_fractured\IMG0003289.jpg,images\Non_fractured\IMG0003289.jpg,FracAtlas,PAT_FA_01644,0,0,leg,0,0,373,454,3,cea24e121b330debf91a47e2d9fc75cc,train
IMG0003290.jpg,D:\projects\MediMind\ai-prediction-service\test-dataset\Bone Facture\FracAtlas\FracAtlas\images\Non_fractured\IMG0003290.jpg,images\Non_fractured\IMG0003290.jpg,FracAtlas,PAT_FA_01645,0,0,leg,0,0,454,373,3,7e95c0d1e6d7ad4d50d75d746e82af8c,train
IMG0003292.jpg,D:\projects\MediMind\ai-prediction-service\test-dataset\Bone Facture\FracAtlas\FracAtlas\images\Non_fractured\IMG0003292.jpg,images\Non_fractured\IMG0003292.jpg,FracAtlas,PAT_FA_01646,0,0,hand,0,0,373,454,3,501314d9f74cc377243071f49bb3a321,train
IMG0003293.jpg,D:\projects\MediMind\ai-prediction-service\test-dataset\Bone Facture\FracAtlas\FracAtlas\images\Fractured\IMG0003293.jpg,images\Fractured\IMG0003293.jpg,FracAtlas,PAT_FA_01646,1,1,hand,0,0,373,454,3,97577d881f4fda2033c51eb143967908,train
IMG0003294.jpg,D:\projects\MediMind\ai-prediction-service\test-dataset\Bone Facture\FracAtlas\FracAtlas\images\Fractured\IMG0003294.jpg,images\Fractured\IMG0003294.jpg,FracAtlas,PAT_FA_01647,1,1,hand,0,0,373,454,3,4267a8f8b540e8a6762b41edf21780bd,train
IMG0003295.jpg,D:\projects\MediMind\ai-prediction-service\test-dataset\Bone Facture\FracAtlas\FracAtlas\images\Non_fractured\IMG0003295.jpg,images\Non_fractured\IMG0003295.jpg,FracAtlas,PAT_FA_01647,0,0,hand,0,0,373,454,3,3c63586fa808c17fd70f5c23db8db098,train
IMG0003296.jpg,D:\projects\MediMind\ai-prediction-service\test-dataset\Bone Facture\FracAtlas\FracAtlas\images\Non_fractured\IMG0003296.jpg,images\Non_fractured\IMG0003296.jpg,FracAtlas,PAT_FA_01648,0,0,hand,0,0,373,454,3,2111dfba0710344506464e1df5722f9c,train
IMG0003297.jpg,D:\projects\MediMind\ai-prediction-service\test-dataset\Bone Facture\FracAtlas\FracAtlas\images\Fractured\IMG0003297.jpg,images\Fractured\IMG0003297.jpg,FracAtlas,PAT_FA_01648,1,1,leg,0,0,373,454,3,b6697021c614c3700e983dcf5bf339fc,train
IMG0003298.jpg,D:\projects\MediMind\ai-prediction-service\test-dataset\Bone Facture\FracAtlas\FracAtlas\images\Fractured\IMG0003298.jpg,images\Fractured\IMG0003298.jpg,FracAtlas,PAT_FA_01649,1,1,hand,0,0,373,454,3,9f036af57a59f9b0f9d4f4c44c67ea37,train
IMG0003299.jpg,D:\projects\MediMind\ai-prediction-service\test-dataset\Bone Facture\FracAtlas\FracAtlas\images\Non_fractured\IMG0003299.jpg,images\Non_fractured\IMG0003299.jpg,FracAtlas,PAT_FA_01649,0,0,leg,0,0,373,454,3,64fa0257f6b3cb0c1b9d8f8521ec1185,train
IMG0003304.jpg,D:\projects\MediMind\ai-prediction-service\test-dataset\Bone Facture\FracAtlas\FracAtlas\images\Non_fractured\IMG0003304.jpg,images\Non_fractured\IMG0003304.jpg,FracAtlas,PAT_FA_01652,0,0,leg,0,0,373,454,3,adfbb25b32d4a8b2f377eb874c115fcd,train
IMG0003305.jpg,D:\projects\MediMind\ai-prediction-service\test-dataset\Bone Facture\FracAtlas\FracAtlas\images\Non_fractured\IMG0003305.jpg,images\Non_fractured\IMG0003305.jpg,FracAtlas,PAT_FA_01652,0,0,leg,0,0,373,454,3,7538fb29b43096c998b1b3df8f2d381b,train
IMG0003306.jpg,D:\projects\MediMind\ai-prediction-service\test-dataset\Bone Facture\FracAtlas\FracAtlas\images\Non_fractured\IMG0003306.jpg,images\Non_fractured\IMG0003306.jpg,FracAtlas,PAT_FA_01653,0,0,leg,0,0,373,454,3,70f36b86ec484b9caa8368ecf4c0ec80,train
IMG0003307.jpg,D:\projects\MediMind\ai-prediction-service\test-dataset\Bone Facture\FracAtlas\FracAtlas\images\Non_fractured\IMG0003307.jpg,images\Non_fractured\IMG0003307.jpg,FracAtlas,PAT_FA_01653,0,0,hand,0,0,373,454,3,331bf99316d6084c9ab929c3843f98ec,train
IMG0003310.jpg,D:\projects\MediMind\ai-prediction-service\test-dataset\Bone Facture\FracAtlas\FracAtlas\images\Fractured\IMG0003310.jpg,images\Fractured\IMG0003310.jpg,FracAtlas,PAT_FA_01655,1,1,hand,0,0,373,454,3,3e64cad161ef6431898ac4d54692257f,train
IMG0003311.jpg,D:\projects\MediMind\ai-prediction-service\test-dataset\Bone Facture\FracAtlas\FracAtlas\images\Fractured\IMG0003311.jpg,images\Fractured\IMG0003311.jpg,FracAtlas,PAT_FA_01655,1,1,hand,0,0,373,454,3,4866499632d06ee454819ece18ade3a7,train
IMG0003312.jpg,D:\projects\MediMind\ai-prediction-service\test-dataset\Bone Facture\FracAtlas\FracAtlas\images\Fractured\IMG0003312.jpg,images\Fractured\IMG0003312.jpg,FracAtlas,PAT_FA_01656,1,1,hand,0,0,373,454,3,4fe81d78dded1e6fe2c708dc257b3290,train
IMG0003313.jpg,D:\projects\MediMind\ai-prediction-service\test-dataset\Bone Facture\FracAtlas\FracAtlas\images\Fractured\IMG0003313.jpg,images\Fractured\IMG0003313.jpg,FracAtlas,PAT_FA_01656,1,1,hand,0,0,373,454,3,8d9055c61f179ecc381e620029e2f63d,train
IMG0003314.jpg,D:\projects\MediMind\ai-prediction-service\test-dataset\Bone Facture\FracAtlas\FracAtlas\images\Non_fractured\IMG0003314.jpg,images\Non_fractured\IMG0003314.jpg,FracAtlas,PAT_FA_01657,0,0,leg,0,0,373,454,3,c21690269b10d11a68b6cdd928b3e2ae,train
IMG0003315.jpg,D:\projects\MediMind\ai-prediction-service\test-dataset\Bone Facture\FracAtlas\FracAtlas\images\Non_fractured\IMG0003315.jpg,images\Non_fractured\IMG0003315.jpg,FracAtlas,PAT_FA_01657,0,0,leg,0,0,373,454,3,618014c61a0e86787c2270e601607fdc,train
IMG0003318.jpg,D:\projects\MediMind\ai-prediction-service\test-dataset\Bone Facture\FracAtlas\FracAtlas\images\Non_fractured\IMG0003318.jpg,images\Non_fractured\IMG0003318.jpg,FracAtlas,PAT_FA_01659,0,0,leg,0,0,373,454,3,be7a632d62fef1cdf422d146e08a4070,train
IMG0003319.jpg,D:\projects\MediMind\ai-prediction-service\test-dataset\Bone Facture\FracAtlas\FracAtlas\images\Non_fractured\IMG0003319.jpg,images\Non_fractured\IMG0003319.jpg,FracAtlas,PAT_FA_01659,0,0,leg,0,0,454,373,3,64ce0013976520851774a6c056d3c1cd,train
IMG0003324.jpg,D:\projects\MediMind\ai-prediction-service\test-dataset\Bone Facture\FracAtlas\FracAtlas\images\Non_fractured\IMG0003324.jpg,images\Non_fractured\IMG0003324.jpg,FracAtlas,PAT_FA_01662,0,0,hand,0,0,373,454,3,fca2c69c75c6523f24449d2e8c6b801c,train
IMG0003325.jpg,D:\projects\MediMind\ai-prediction-service\test-dataset\Bone Facture\FracAtlas\FracAtlas\images\Non_fractured\IMG0003325.jpg,images\Non_fractured\IMG0003325.jpg,FracAtlas,PAT_FA_01662,0,0,hand,0,0,373,454,3,efb45bd62dec4e3391ab3c91c5539851,train
IMG0003326.jpg,D:\projects\MediMind\ai-prediction-service\test-dataset\Bone Facture\FracAtlas\FracAtlas\images\Non_fractured\IMG0003326.jpg,images\Non_fractured\IMG0003326.jpg,FracAtlas,PAT_FA_01663,0,0,hand,0,0,454,373,3,1ae2cc0a4afdb838b8afcb50c547adc7,train
IMG0003327.jpg,D:\projects\MediMind\ai-prediction-service\test-dataset\Bone Facture\FracAtlas\FracAtlas\images\Non_fractured\IMG0003327.jpg,images\Non_fractured\IMG0003327.jpg,FracAtlas,PAT_FA_01663,0,0,hand,0,0,373,454,3,a327886e02a449551a5f269f6544852c,train
IMG0003332.jpg,D:\projects\MediMind\ai-prediction-service\test-dataset\Bone Facture\FracAtlas\FracAtlas\images\Fractured\IMG0003332.jpg,images\Fractured\IMG0003332.jpg,FracAtlas,PAT_FA_01666,1,1,leg,0,0,373,454,3,e3e1b23cdb2457378fafaaff1941003f,train
IMG0003333.jpg,D:\projects\MediMind\ai-prediction-service\test-dataset\Bone Facture\FracAtlas\FracAtlas\images\Non_fractured\IMG0003333.jpg,images\Non_fractured\IMG0003333.jpg,FracAtlas,PAT_FA_01666,0,0,hand,0,0,454,373,3,c26cf563d821843499031e335e47dac7,train
IMG0003334.jpg,D:\projects\MediMind\ai-prediction-service\test-dataset\Bone Facture\FracAtlas\FracAtlas\images\Non_fractured\IMG0003334.jpg,images\Non_fractured\IMG0003334.jpg,FracAtlas,PAT_FA_01667,0,0,hand,0,0,454,373,3,a84337cebc9ef0aff5defdcb06ed82f1,train
IMG0003335.jpg,D:\projects\MediMind\ai-prediction-service\test-dataset\Bone Facture\FracAtlas\FracAtlas\images\Non_fractured\IMG0003335.jpg,images\Non_fractured\IMG0003335.jpg,FracAtlas,PAT_FA_01667,0,0,shoulder,0,0,373,454,3,3b4bb89ead68f733ac72fc83aec37a39,train
IMG0003336.jpg,D:\projects\MediMind\ai-prediction-service\test-dataset\Bone Facture\FracAtlas\FracAtlas\images\Non_fractured\IMG0003336.jpg,images\Non_fractured\IMG0003336.jpg,FracAtlas,PAT_FA_01668,0,0,shoulder,0,0,373,454,3,c32f4d735227c0a9d5e651c02766a501,train
IMG0003337.jpg,D:\projects\MediMind\ai-prediction-service\test-dataset\Bone Facture\FracAtlas\FracAtlas\images\Non_fractured\IMG0003337.jpg,images\Non_fractured\IMG0003337.jpg,FracAtlas,PAT_FA_01668,0,0,leg,0,0,373,454,3,6c63b15ae8324928a17463f2c40e6b5f,train
IMG0003340.jpg,D:\projects\MediMind\ai-prediction-service\test-dataset\Bone Facture\FracAtlas\FracAtlas\images\Non_fractured\IMG0003340.jpg,images\Non_fractured\IMG0003340.jpg,FracAtlas,PAT_FA_01670,0,0,leg,0,0,454,373,3,25452674abef2b0535a264c5d1af9927,train
IMG0003341.jpg,D:\projects\MediMind\ai-prediction-service\test-dataset\Bone Facture\FracAtlas\FracAtlas\images\Fractured\IMG0003341.jpg,images\Fractured\IMG0003341.jpg,FracAtlas,PAT_FA_01670,1,1,hip,0,0,454,373,3,a6ee6e188b8053fea1a9e1428602c8fb,train
IMG0003342.jpg,D:\projects\MediMind\ai-prediction-service\test-dataset\Bone Facture\FracAtlas\FracAtlas\images\Fractured\IMG0003342.jpg,images\Fractured\IMG0003342.jpg,FracAtlas,PAT_FA_01671,1,1,hip,0,0,373,454,3,cc54e35467e75f9bd78bb07233297aff,train
IMG0003343.jpg,D:\projects\MediMind\ai-prediction-service\test-dataset\Bone Facture\FracAtlas\FracAtlas\images\Non_fractured\IMG0003343.jpg,images\Non_fractured\IMG0003343.jpg,FracAtlas,PAT_FA_01671,0,0,leg,0,1,454,373,3,4e9a6d6c0241dd5ee044590d370d547e,train
IMG0003346.jpg,D:\projects\MediMind\ai-prediction-service\test-dataset\Bone Facture\FracAtlas\FracAtlas\images\Non_fractured\IMG0003346.jpg,images\Non_fractured\IMG0003346.jpg,FracAtlas,PAT_FA_01673,0,0,shoulder,0,0,373,454,3,b2a06e72c5632abfac5ce2d929ce7c34,train
IMG0003347.jpg,D:\projects\MediMind\ai-prediction-service\test-dataset\Bone Facture\FracAtlas\FracAtlas\images\Non_fractured\IMG0003347.jpg,images\Non_fractured\IMG0003347.jpg,FracAtlas,PAT_FA_01673,0,0,leg,0,0,373,454,3,1e36b923d995701a777d178c1e032ef1,train
IMG0003348.jpg,D:\projects\MediMind\ai-prediction-service\test-dataset\Bone Facture\FracAtlas\FracAtlas\images\Non_fractured\IMG0003348.jpg,images\Non_fractured\IMG0003348.jpg,FracAtlas,PAT_FA_01674,0,0,hand,0,0,373,454,3,8dd5b6341de16aaa60f2bbb721bae35a,train
IMG0003349.jpg,D:\projects\MediMind\ai-prediction-service\test-dataset\Bone Facture\FracAtlas\FracAtlas\images\Non_fractured\IMG0003349.jpg,images\Non_fractured\IMG0003349.jpg,FracAtlas,PAT_FA_01674,0,0,hand,0,0,373,454,3,bc7b05834c4e9ef611676caf43287ad0,train
IMG0003350.jpg,D:\projects\MediMind\ai-prediction-service\test-dataset\Bone Facture\FracAtlas\FracAtlas\images\Non_fractured\IMG0003350.jpg,images\Non_fractured\IMG0003350.jpg,FracAtlas,PAT_FA_01675,0,0,hand,0,0,373,454,3,5a680e33adb880613a978c3ce7c22217,train
IMG0003351.jpg,D:\projects\MediMind\ai-prediction-service\test-dataset\Bone Facture\FracAtlas\FracAtlas\images\Non_fractured\IMG0003351.jpg,images\Non_fractured\IMG0003351.jpg,FracAtlas,PAT_FA_01675,0,0,hand,0,0,373,454,1,4564de24ec77f0b450fb361cf419a0a7,train
IMG0003352.jpg,D:\projects\MediMind\ai-prediction-service\test-dataset\Bone Facture\FracAtlas\FracAtlas\images\Non_fractured\IMG0003352.jpg,images\Non_fractured\IMG0003352.jpg,FracAtlas,PAT_FA_01676,0,0,hand,0,0,373,454,3,1d0c1f36d3e18ade8be86adb85d6727e,train
IMG0003353.jpg,D:\projects\MediMind\ai-prediction-service\test-dataset\Bone Facture\FracAtlas\FracAtlas\images\Non_fractured\IMG0003353.jpg,images\Non_fractured\IMG0003353.jpg,FracAtlas,PAT_FA_01676,0,0,shoulder,0,0,373,454,3,07a3ea2a8a40544ec90f894b90a0fecd,train
IMG0003354.jpg,D:\projects\MediMind\ai-prediction-service\test-dataset\Bone Facture\FracAtlas\FracAtlas\images\Non_fractured\IMG0003354.jpg,images\Non_fractured\IMG0003354.jpg,FracAtlas,PAT_FA_01677,0,0,hand,0,0,373,454,3,f2093d1443be07f5ad4b37c4b6a2e008,train
IMG0003355.jpg,D:\projects\MediMind\ai-prediction-service\test-dataset\Bone Facture\FracAtlas\FracAtlas\images\Non_fractured\IMG0003355.jpg,images\Non_fractured\IMG0003355.jpg,FracAtlas,PAT_FA_01677,0,0,hand,0,0,454,373,3,8279ff4d404786043d7aeb18041a5c1b,train
IMG0003358.jpg,D:\projects\MediMind\ai-prediction-service\test-dataset\Bone Facture\FracAtlas\FracAtlas\images\Non_fractured\IMG0003358.jpg,images\Non_fractured\IMG0003358.jpg,FracAtlas,PAT_FA_01679,0,0,leg,0,0,373,454,3,3f400c45b7c6f70181f2b557d48d3e83,train
IMG0003359.jpg,D:\projects\MediMind\ai-prediction-service\test-dataset\Bone Facture\FracAtlas\FracAtlas\images\Non_fractured\IMG0003359.jpg,images\Non_fractured\IMG0003359.jpg,FracAtlas,PAT_FA_01679,0,0,leg,0,0,373,454,3,fbae25533531b54323dbdc7814b290da,train
IMG0003360.jpg,D:\projects\MediMind\ai-prediction-service\test-dataset\Bone Facture\FracAtlas\FracAtlas\images\Non_fractured\IMG0003360.jpg,images\Non_fractured\IMG0003360.jpg,FracAtlas,PAT_FA_01680,0,0,leg,0,0,373,454,3,cfd62d6a2af14dbcf56abf9888086564,train
IMG0003361.jpg,D:\projects\MediMind\ai-prediction-service\test-dataset\Bone Facture\FracAtlas\FracAtlas\images\Non_fractured\IMG0003361.jpg,images\Non_fractured\IMG0003361.jpg,FracAtlas,PAT_FA_01680,0,0,leg,0,0,454,373,3,179c8fd4ee76195fed61131ea9de716b,train
IMG0003362.jpg,D:\projects\MediMind\ai-prediction-service\test-dataset\Bone Facture\FracAtlas\FracAtlas\images\Non_fractured\IMG0003362.jpg,images\Non_fractured\IMG0003362.jpg,FracAtlas,PAT_FA_01681,0,0,leg,0,0,373,454,3,ed8fe73c81199e05efa6a1b684c2a686,train
IMG0003363.jpg,D:\projects\MediMind\ai-prediction-service\test-dataset\Bone Facture\FracAtlas\FracAtlas\images\Non_fractured\IMG0003363.jpg,images\Non_fractured\IMG0003363.jpg,FracAtlas,PAT_FA_01681,0,0,leg,0,0,373,454,3,b6fdf60ac380fd8361cb25276a4998c9,train
IMG0003366.jpg,D:\projects\MediMind\ai-prediction-service\test-dataset\Bone Facture\FracAtlas\FracAtlas\images\Non_fractured\IMG0003366.jpg,images\Non_fractured\IMG0003366.jpg,FracAtlas,PAT_FA_01683,0,0,leg,0,0,373,454,3,cbdb1200d0ec0f271111b146c0f482f0,train
IMG0003367.jpg,D:\projects\MediMind\ai-prediction-service\test-dataset\Bone Facture\FracAtlas\FracAtlas\images\Non_fractured\IMG0003367.jpg,images\Non_fractured\IMG0003367.jpg,FracAtlas,PAT_FA_01683,0,0,leg,0,0,373,454,3,525f4af650d0ec249b589c8022d667f9,train
IMG0003368.jpg,D:\projects\MediMind\ai-prediction-service\test-dataset\Bone Facture\FracAtlas\FracAtlas\images\Non_fractured\IMG0003368.jpg,images\Non_fractured\IMG0003368.jpg,FracAtlas,PAT_FA_01684,0,0,leg,0,0,373,454,3,b280297c9fc936756446a7feae93f88d,train
IMG0003369.jpg,D:\projects\MediMind\ai-prediction-service\test-dataset\Bone Facture\FracAtlas\FracAtlas\images\Non_fractured\IMG0003369.jpg,images\Non_fractured\IMG0003369.jpg,FracAtlas,PAT_FA_01684,0,0,leg,0,0,373,454,3,bcf84730fdf3204f2059721bed2e976b,train
IMG0003370.jpg,D:\projects\MediMind\ai-prediction-service\test-dataset\Bone Facture\FracAtlas\FracAtlas\images\Non_fractured\IMG0003370.jpg,images\Non_fractured\IMG0003370.jpg,FracAtlas,PAT_FA_01685,0,0,leg,0,0,454,373,3,bdbf54fdb40e35c738ebcfb1544a91dd,train
IMG0003371.jpg,D:\projects\MediMind\ai-prediction-service\test-dataset\Bone Facture\FracAtlas\FracAtlas\images\Non_fractured\IMG0003371.jpg,images\Non_fractured\IMG0003371.jpg,FracAtlas,PAT_FA_01685,0,0,hand,0,0,373,454,3,9a9a9fa86aed50e71d981b8cf7d2b3c5,train
IMG0003372.jpg,D:\projects\MediMind\ai-prediction-service\test-dataset\Bone Facture\FracAtlas\FracAtlas\images\Non_fractured\IMG0003372.jpg,images\Non_fractured\IMG0003372.jpg,FracAtlas,PAT_FA_01686,0,0,hand,0,0,373,454,3,d6d757778f8f5155c59c7cd606f51f56,train
IMG0003373.jpg,D:\projects\MediMind\ai-prediction-service\test-dataset\Bone Facture\FracAtlas\FracAtlas\images\Fractured\IMG0003373.jpg,images\Fractured\IMG0003373.jpg,FracAtlas,PAT_FA_01686,1,1,hand,0,0,373,454,3,c587709388670c3d92c91fd38f9be4f0,train
IMG0003376.jpg,D:\projects\MediMind\ai-prediction-service\test-dataset\Bone Facture\FracAtlas\FracAtlas\images\Fractured\IMG0003376.jpg,images\Fractured\IMG0003376.jpg,FracAtlas,PAT_FA_01688,1,1,hand,0,0,373,454,3,5b582c9dc0cdae80af2a930de6a7e77d,train
IMG0003377.jpg,D:\projects\MediMind\ai-prediction-service\test-dataset\Bone Facture\FracAtlas\FracAtlas\images\Non_fractured\IMG0003377.jpg,images\Non_fractured\IMG0003377.jpg,FracAtlas,PAT_FA_01688,0,0,leg,0,0,373,454,3,d4f04865d97b654e399c6e62a3bd327e,train
IMG0003378.jpg,D:\projects\MediMind\ai-prediction-service\test-dataset\Bone Facture\FracAtlas\FracAtlas\images\Non_fractured\IMG0003378.jpg,images\Non_fractured\IMG0003378.jpg,FracAtlas,PAT_FA_01689,0,0,leg,0,0,373,454,3,f85baf9e26b74dd5b15c271eee6f0252,train
IMG0003379.jpg,D:\projects\MediMind\ai-prediction-service\test-dataset\Bone Facture\FracAtlas\FracAtlas\images\Non_fractured\IMG0003379.jpg,images\Non_fractured\IMG0003379.jpg,FracAtlas,PAT_FA_01689,0,0,leg,0,0,373,454,3,7fc35f59ee693fcae7dd06c6a462f60d,train
IMG0003380.jpg,D:\projects\MediMind\ai-prediction-service\test-dataset\Bone Facture\FracAtlas\FracAtlas\images\Non_fractured\IMG0003380.jpg,images\Non_fractured\IMG0003380.jpg,FracAtlas,PAT_FA_01690,0,0,leg,0,0,373,454,3,f38074df3548a8cfe205b643ba448e0d,train
IMG0003381.jpg,D:\projects\MediMind\ai-prediction-service\test-dataset\Bone Facture\FracAtlas\FracAtlas\images\Fractured\IMG0003381.jpg,images\Fractured\IMG0003381.jpg,FracAtlas,PAT_FA_01690,1,1,hand,0,0,373,454,1,58176b1e9963d36dabbce237e52675e4,train
IMG0003382.jpg,D:\projects\MediMind\ai-prediction-service\test-dataset\Bone Facture\FracAtlas\FracAtlas\images\Fractured\IMG0003382.jpg,images\Fractured\IMG0003382.jpg,FracAtlas,PAT_FA_01691,1,1,hand,0,0,373,454,3,f0a9adde4daf2fcd2f2a5f68c51dfeb0,train
IMG0003383.jpg,D:\projects\MediMind\ai-prediction-service\test-dataset\Bone Facture\FracAtlas\FracAtlas\images\Fractured\IMG0003383.jpg,images\Fractured\IMG0003383.jpg,FracAtlas,PAT_FA_01691,1,1,hand,0,0,373,454,3,a73e57bad5e74710627d1b53160ddfd3,train
IMG0003384.jpg,D:\projects\MediMind\ai-prediction-service\test-dataset\Bone Facture\FracAtlas\FracAtlas\images\Non_fractured\IMG0003384.jpg,images\Non_fractured\IMG0003384.jpg,FracAtlas,PAT_FA_01692,0,0,leg,0,0,373,454,3,8ff7fdb406a3c63893be344ea9d0a658,train
IMG0003385.jpg,D:\projects\MediMind\ai-prediction-service\test-dataset\Bone Facture\FracAtlas\FracAtlas\images\Non_fractured\IMG0003385.jpg,images\Non_fractured\IMG0003385.jpg,FracAtlas,PAT_FA_01692,0,0,leg,0,0,454,373,3,d39644df27bc73f6de7161d82c1e6a98,train
IMG0003386.jpg,D:\projects\MediMind\ai-prediction-service\test-dataset\Bone Facture\FracAtlas\FracAtlas\images\Non_fractured\IMG0003386.jpg,images\Non_fractured\IMG0003386.jpg,FracAtlas,PAT_FA_01693,0,0,leg,0,0,373,454,3,d61f03f045ae7800589bd451fcfabaa4,train
IMG0003387.jpg,D:\projects\MediMind\ai-prediction-service\test-dataset\Bone Facture\FracAtlas\FracAtlas\images\Non_fractured\IMG0003387.jpg,images\Non_fractured\IMG0003387.jpg,FracAtlas,PAT_FA_01693,0,0,leg,0,0,454,373,3,207e5c987cba4ae5f43ef4aa72cef80a,train
IMG0003388.jpg,D:\projects\MediMind\ai-prediction-service\test-dataset\Bone Facture\FracAtlas\FracAtlas\images\Non_fractured\IMG0003388.jpg,images\Non_fractured\IMG0003388.jpg,FracAtlas,PAT_FA_01694,0,0,leg,0,0,373,454,3,b63353cc82fa9fb66ca038d35452fff8,train
IMG0003389.jpg,D:\projects\MediMind\ai-prediction-service\test-dataset\Bone Facture\FracAtlas\FracAtlas\images\Non_fractured\IMG0003389.jpg,images\Non_fractured\IMG0003389.jpg,FracAtlas,PAT_FA_01694,0,0,leg,0,0,373,454,3,a7d6004cf71e533d033f0a6d3cd57f27,train
IMG0003390.jpg,D:\projects\MediMind\ai-prediction-service\test-dataset\Bone Facture\FracAtlas\FracAtlas\images\Non_fractured\IMG0003390.jpg,images\Non_fractured\IMG0003390.jpg,FracAtlas,PAT_FA_01695,0,0,hand,0,0,373,454,3,f4bd4596c10af8ab3cb931512dc4e17a,train
IMG0003391.jpg,D:\projects\MediMind\ai-prediction-service\test-dataset\Bone Facture\FracAtlas\FracAtlas\images\Non_fractured\IMG0003391.jpg,images\Non_fractured\IMG0003391.jpg,FracAtlas,PAT_FA_01695,0,0,hand,0,0,373,454,3,76e63151f92cff8c69c4f2de84cd2238,train
IMG0003392.jpg,D:\projects\MediMind\ai-prediction-service\test-dataset\Bone Facture\FracAtlas\FracAtlas\images\Non_fractured\IMG0003392.jpg,images\Non_fractured\IMG0003392.jpg,FracAtlas,PAT_FA_01696,0,0,hand,0,0,373,454,3,c3c53694ff3da05fa75c5a8f25b159f7,train
IMG0003393.jpg,D:\projects\MediMind\ai-prediction-service\test-dataset\Bone Facture\FracAtlas\FracAtlas\images\Non_fractured\IMG0003393.jpg,images\Non_fractured\IMG0003393.jpg,FracAtlas,PAT_FA_01696,0,0,hand,0,0,373,454,3,5f5155187f765e9254bb81354e003e7b,train
IMG0003394.jpg,D:\projects\MediMind\ai-prediction-service\test-dataset\Bone Facture\FracAtlas\FracAtlas\images\Fractured\IMG0003394.jpg,images\Fractured\IMG0003394.jpg,FracAtlas,PAT_FA_01697,1,1,hand,0,0,373,454,3,bbce30339b6486614071cad03f89b2e1,train
IMG0003395.jpg,D:\projects\MediMind\ai-prediction-service\test-dataset\Bone Facture\FracAtlas\FracAtlas\images\Fractured\IMG0003395.jpg,images\Fractured\IMG0003395.jpg,FracAtlas,PAT_FA_01697,1,1,hand,0,0,373,454,3,b8c86d363995b54e39ac0245332c662a,train
IMG0003400.jpg,D:\projects\MediMind\ai-prediction-service\test-dataset\Bone Facture\FracAtlas\FracAtlas\images\Non_fractured\IMG0003400.jpg,images\Non_fractured\IMG0003400.jpg,FracAtlas,PAT_FA_01700,0,0,hand,0,0,373,454,3,c91a7435665b13b8592d2405548bcb64,train
IMG0003401.jpg,D:\projects\MediMind\ai-prediction-service\test-dataset\Bone Facture\FracAtlas\FracAtlas\images\Non_fractured\IMG0003401.jpg,images\Non_fractured\IMG0003401.jpg,FracAtlas,PAT_FA_01700,0,0,hand,0,0,373,454,3,056cb82cab665c79e434c4429e32ecba,train
IMG0003404.jpg,D:\projects\MediMind\ai-prediction-service\test-dataset\Bone Facture\FracAtlas\FracAtlas\images\Non_fractured\IMG0003404.jpg,images\Non_fractured\IMG0003404.jpg,FracAtlas,PAT_FA_01702,0,0,leg,0,0,373,454,3,7e2888fb734a0915c005451a29ad9a3b,train
IMG0003405.jpg,D:\projects\MediMind\ai-prediction-service\test-dataset\Bone Facture\FracAtlas\FracAtlas\images\Non_fractured\IMG0003405.jpg,images\Non_fractured\IMG0003405.jpg,FracAtlas,PAT_FA_01702,0,0,leg,0,0,454,373,3,97fdb9cdf8befccb8d1b206f3c8d3104,train
IMG0003406.jpg,D:\projects\MediMind\ai-prediction-service\test-dataset\Bone Facture\FracAtlas\FracAtlas\images\Non_fractured\IMG0003406.jpg,images\Non_fractured\IMG0003406.jpg,FracAtlas,PAT_FA_01703,0,0,leg,0,0,373,454,3,b9cd240d8d00a5c9f2120ba286348c56,train
IMG0003407.jpg,D:\projects\MediMind\ai-prediction-service\test-dataset\Bone Facture\FracAtlas\FracAtlas\images\Non_fractured\IMG0003407.jpg,images\Non_fractured\IMG0003407.jpg,FracAtlas,PAT_FA_01703,0,0,leg,0,0,373,454,3,1c16b93d9705c346a5b7a3d8a9abb55c,train
IMG0003408.jpg,D:\projects\MediMind\ai-prediction-service\test-dataset\Bone Facture\FracAtlas\FracAtlas\images\Non_fractured\IMG0003408.jpg,images\Non_fractured\IMG0003408.jpg,FracAtlas,PAT_FA_01704,0,0,leg,0,0,373,454,3,71f0d1ea3a1d33faf27521f01acfae23,train
IMG0003409.jpg,D:\projects\MediMind\ai-prediction-service\test-dataset\Bone Facture\FracAtlas\FracAtlas\images\Non_fractured\IMG0003409.jpg,images\Non_fractured\IMG0003409.jpg,FracAtlas,PAT_FA_01704,0,0,leg,0,0,373,454,3,16df8cf837179158e4e86e737978520a,train
IMG0003410.jpg,D:\projects\MediMind\ai-prediction-service\test-dataset\Bone Facture\FracAtlas\FracAtlas\images\Non_fractured\IMG0003410.jpg,images\Non_fractured\IMG0003410.jpg,FracAtlas,PAT_FA_01705,0,0,leg,0,0,373,454,3,f29e8b1722a26e369419644a78dd6da9,train
IMG0003411.jpg,D:\projects\MediMind\ai-prediction-service\test-dataset\Bone Facture\FracAtlas\FracAtlas\images\Non_fractured\IMG0003411.jpg,images\Non_fractured\IMG0003411.jpg,FracAtlas,PAT_FA_01705,0,0,leg,0,0,454,373,3,2692c47d482062ba383679f3736a79c5,train
IMG0003412.jpg,D:\projects\MediMind\ai-prediction-service\test-dataset\Bone Facture\FracAtlas\FracAtlas\images\Non_fractured\IMG0003412.jpg,images\Non_fractured\IMG0003412.jpg,FracAtlas,PAT_FA_01706,0,0,hand,0,0,373,454,3,3953d5e59d827c68d811535755fcf396,train
IMG0003413.jpg,D:\projects\MediMind\ai-prediction-service\test-dataset\Bone Facture\FracAtlas\FracAtlas\images\Non_fractured\IMG0003413.jpg,images\Non_fractured\IMG0003413.jpg,FracAtlas,PAT_FA_01706,0,0,hand,0,0,373,454,3,319a39fae8f4389dca1f142b023b2120,train
IMG0003416.jpg,D:\projects\MediMind\ai-prediction-service\test-dataset\Bone Facture\FracAtlas\FracAtlas\images\Non_fractured\IMG0003416.jpg,images\Non_fractured\IMG0003416.jpg,FracAtlas,PAT_FA_01708,0,0,leg,0,0,373,454,3,4f666f4bc8e854577118bd33c0bd556f,train
IMG0003417.jpg,D:\projects\MediMind\ai-prediction-service\test-dataset\Bone Facture\FracAtlas\FracAtlas\images\Non_fractured\IMG0003417.jpg,images\Non_fractured\IMG0003417.jpg,FracAtlas,PAT_FA_01708,0,0,leg,0,0,373,454,3,699b854fa1d84a596ed48df919af5a7d,train
IMG0003422.jpg,D:\projects\MediMind\ai-prediction-service\test-dataset\Bone Facture\FracAtlas\FracAtlas\images\Non_fractured\IMG0003422.jpg,images\Non_fractured\IMG0003422.jpg,FracAtlas,PAT_FA_01711,0,0,hand,0,0,373,454,3,c8140dbc5cc4eea9524611257bc5e79f,train
IMG0003423.jpg,D:\projects\MediMind\ai-prediction-service\test-dataset\Bone Facture\FracAtlas\FracAtlas\images\Non_fractured\IMG0003423.jpg,images\Non_fractured\IMG0003423.jpg,FracAtlas,PAT_FA_01711,0,0,hand,0,0,373,454,3,15ff9db275a720bc525618ab434885a1,train
IMG0003424.jpg,D:\projects\MediMind\ai-prediction-service\test-dataset\Bone Facture\FracAtlas\FracAtlas\images\Non_fractured\IMG0003424.jpg,images\Non_fractured\IMG0003424.jpg,FracAtlas,PAT_FA_01712,0,0,shoulder,0,0,373,454,3,77f5ada6551a7d0d2b64aa1ec7f98b9c,train
IMG0003425.jpg,D:\projects\MediMind\ai-prediction-service\test-dataset\Bone Facture\FracAtlas\FracAtlas\images\Non_fractured\IMG0003425.jpg,images\Non_fractured\IMG0003425.jpg,FracAtlas,PAT_FA_01712,0,0,leg,0,0,373,454,1,de75c7b336f2a06ece7df84effac10d3,train
IMG0003426.jpg,D:\projects\MediMind\ai-prediction-service\test-dataset\Bone Facture\FracAtlas\FracAtlas\images\Non_fractured\IMG0003426.jpg,images\Non_fractured\IMG0003426.jpg,FracAtlas,PAT_FA_01713,0,0,leg,0,0,373,454,3,1f9d7dd22e46f549b322592a1d1b36d6,train
IMG0003427.jpg,D:\projects\MediMind\ai-prediction-service\test-dataset\Bone Facture\FracAtlas\FracAtlas\images\Non_fractured\IMG0003427.jpg,images\Non_fractured\IMG0003427.jpg,FracAtlas,PAT_FA_01713,0,0,leg,0,0,373,454,1,a1e9c6a8a27c1a5f446c5c85f51962c2,train
IMG0003430.jpg,D:\projects\MediMind\ai-prediction-service\test-dataset\Bone Facture\FracAtlas\FracAtlas\images\Non_fractured\IMG0003430.jpg,images\Non_fractured\IMG0003430.jpg,FracAtlas,PAT_FA_01715,0,0,leg,0,0,454,373,3,c5a6e02da84797d9ed4e11292a2bdfe1,train
IMG0003436.jpg,D:\projects\MediMind\ai-prediction-service\test-dataset\Bone Facture\FracAtlas\FracAtlas\images\Non_fractured\IMG0003436.jpg,images\Non_fractured\IMG0003436.jpg,FracAtlas,PAT_FA_01718,0,0,hand,0,0,373,454,3,65e2a13a216910279ba212e2d4fd5f07,train
IMG0003437.jpg,D:\projects\MediMind\ai-prediction-service\test-dataset\Bone Facture\FracAtlas\FracAtlas\images\Non_fractured\IMG0003437.jpg,images\Non_fractured\IMG0003437.jpg,FracAtlas,PAT_FA_01718,0,0,leg,0,0,373,454,3,9ba1ce910030f3a505f8845c2f6b12f6,train
IMG0003440.jpg,D:\projects\MediMind\ai-prediction-service\test-dataset\Bone Facture\FracAtlas\FracAtlas\images\Non_fractured\IMG0003440.jpg,images\Non_fractured\IMG0003440.jpg,FracAtlas,PAT_FA_01720,0,0,leg,0,1,454,373,3,eddcb50ea57c56d19b362f3eec29c6fa,train
IMG0003441.jpg,D:\projects\MediMind\ai-prediction-service\test-dataset\Bone Facture\FracAtlas\FracAtlas\images\Non_fractured\IMG0003441.jpg,images\Non_fractured\IMG0003441.jpg,FracAtlas,PAT_FA_01720,0,0,leg,0,0,373,454,3,f1856b8a39a98218c636f740c308ed59,train
IMG0003444.jpg,D:\projects\MediMind\ai-prediction-service\test-dataset\Bone Facture\FracAtlas\FracAtlas\images\Non_fractured\IMG0003444.jpg,images\Non_fractured\IMG0003444.jpg,FracAtlas,PAT_FA_01722,0,0,hand,0,0,373,454,3,88f41aaf31fdf42c3a0d3e04fdd77eaa,train
IMG0003445.jpg,D:\projects\MediMind\ai-prediction-service\test-dataset\Bone Facture\FracAtlas\FracAtlas\images\Non_fractured\IMG0003445.jpg,images\Non_fractured\IMG0003445.jpg,FracAtlas,PAT_FA_01722,0,0,shoulder,0,0,373,454,3,2a991514d282693b452f7ba81d1d174a,train
IMG0003446.jpg,D:\projects\MediMind\ai-prediction-service\test-dataset\Bone Facture\FracAtlas\FracAtlas\images\Non_fractured\IMG0003446.jpg,images\Non_fractured\IMG0003446.jpg,FracAtlas,PAT_FA_01723,0,0,leg,0,0,373,454,3,3ac36b90c891f53f14537ca5c58623b6,train
IMG0003447.jpg,D:\projects\MediMind\ai-prediction-service\test-dataset\Bone Facture\FracAtlas\FracAtlas\images\Non_fractured\IMG0003447.jpg,images\Non_fractured\IMG0003447.jpg,FracAtlas,PAT_FA_01723,0,0,hand,0,0,373,454,3,b815289aae1208f9565d2e6c80f61714,train
IMG0003448.jpg,D:\projects\MediMind\ai-prediction-service\test-dataset\Bone Facture\FracAtlas\FracAtlas\images\Non_fractured\IMG0003448.jpg,images\Non_fractured\IMG0003448.jpg,FracAtlas,PAT_FA_01724,0,0,hand,0,0,373,454,3,5d7c73a5048309e567e52fa46b0fb685,train
IMG0003449.jpg,D:\projects\MediMind\ai-prediction-service\test-dataset\Bone Facture\FracAtlas\FracAtlas\images\Non_fractured\IMG0003449.jpg,images\Non_fractured\IMG0003449.jpg,FracAtlas,PAT_FA_01724,0,0,hand,0,0,373,454,3,250c11e99f1765309f569889a4bb1f23,train
IMG0003450.jpg,D:\projects\MediMind\ai-prediction-service\test-dataset\Bone Facture\FracAtlas\FracAtlas\images\Non_fractured\IMG0003450.jpg,images\Non_fractured\IMG0003450.jpg,FracAtlas,PAT_FA_01725,0,0,hand,0,0,454,373,3,f7cf5bdb899bb82d435772bd0b3ed6d0,train
IMG0003451.jpg,D:\projects\MediMind\ai-prediction-service\test-dataset\Bone Facture\FracAtlas\FracAtlas\images\Non_fractured\IMG0003451.jpg,images\Non_fractured\IMG0003451.jpg,FracAtlas,PAT_FA_01725,0,0,hand,0,0,373,454,3,011a730dc50b6047e21f791dc5a6914c,train
IMG0003452.jpg,D:\projects\MediMind\ai-prediction-service\test-dataset\Bone Facture\FracAtlas\FracAtlas\images\Non_fractured\IMG0003452.jpg,images\Non_fractured\IMG0003452.jpg,FracAtlas,PAT_FA_01726,0,0,hand,0,0,373,454,1,c1439b080ac65b41dd39dcf55e365367,train
IMG0003453.jpg,D:\projects\MediMind\ai-prediction-service\test-dataset\Bone Facture\FracAtlas\FracAtlas\images\Non_fractured\IMG0003453.jpg,images\Non_fractured\IMG0003453.jpg,FracAtlas,PAT_FA_01726,0,0,hand,0,0,373,454,3,b78dc2cc9cd15ee4756d2952d45467dd,train
IMG0003454.jpg,D:\projects\MediMind\ai-prediction-service\test-dataset\Bone Facture\FracAtlas\FracAtlas\images\Non_fractured\IMG0003454.jpg,images\Non_fractured\IMG0003454.jpg,FracAtlas,PAT_FA_01727,0,0,hand,0,0,373,454,3,805e1e9040d59394f617579c270c54fe,train
IMG0003455.jpg,D:\projects\MediMind\ai-prediction-service\test-dataset\Bone Facture\FracAtlas\FracAtlas\images\Non_fractured\IMG0003455.jpg,images\Non_fractured\IMG0003455.jpg,FracAtlas,PAT_FA_01727,0,0,hand,0,0,373,454,3,88265727ac3e6ce9c356e6fdf339df39,train
IMG0003458.jpg,D:\projects\MediMind\ai-prediction-service\test-dataset\Bone Facture\FracAtlas\FracAtlas\images\Fractured\IMG0003458.jpg,images\Fractured\IMG0003458.jpg,FracAtlas,PAT_FA_01729,1,1,leg,0,0,373,454,3,e91254af47bda154f07bca7080d2e57a,train
IMG0003459.jpg,D:\projects\MediMind\ai-prediction-service\test-dataset\Bone Facture\FracAtlas\FracAtlas\images\Fractured\IMG0003459.jpg,images\Fractured\IMG0003459.jpg,FracAtlas,PAT_FA_01729,1,1,leg,0,0,373,454,3,791af0edd914bc6d2610d59026463e86,train
IMG0003460.jpg,D:\projects\MediMind\ai-prediction-service\test-dataset\Bone Facture\FracAtlas\FracAtlas\images\Non_fractured\IMG0003460.jpg,images\Non_fractured\IMG0003460.jpg,FracAtlas,PAT_FA_01730,0,0,leg,0,0,373,454,3,24f3a4bdd3192857d8bec6dc982585b6,train
IMG0003461.jpg,D:\projects\MediMind\ai-prediction-service\test-dataset\Bone Facture\FracAtlas\FracAtlas\images\Non_fractured\IMG0003461.jpg,images\Non_fractured\IMG0003461.jpg,FracAtlas,PAT_FA_01730,0,0,leg,0,0,454,373,3,5e00586b57997ca83796aec536c5dabc,train
IMG0003462.jpg,D:\projects\MediMind\ai-prediction-service\test-dataset\Bone Facture\FracAtlas\FracAtlas\images\Non_fractured\IMG0003462.jpg,images\Non_fractured\IMG0003462.jpg,FracAtlas,PAT_FA_01731,0,0,hand,0,0,454,373,3,2da5ff36f76c240e0628c9d581e7ff40,train
IMG0003463.jpg,D:\projects\MediMind\ai-prediction-service\test-dataset\Bone Facture\FracAtlas\FracAtlas\images\Non_fractured\IMG0003463.jpg,images\Non_fractured\IMG0003463.jpg,FracAtlas,PAT_FA_01731,0,0,hand,0,0,373,454,3,05cd2a7a6897259784b1408da69dc64e,train
IMG0003466.jpg,D:\projects\MediMind\ai-prediction-service\test-dataset\Bone Facture\FracAtlas\FracAtlas\images\Fractured\IMG0003466.jpg,images\Fractured\IMG0003466.jpg,FracAtlas,PAT_FA_01733,1,1,leg,0,0,373,454,3,02d0aa8082cd50aeff79262fce95c315,train
IMG0003467.jpg,D:\projects\MediMind\ai-prediction-service\test-dataset\Bone Facture\FracAtlas\FracAtlas\images\Fractured\IMG0003467.jpg,images\Fractured\IMG0003467.jpg,FracAtlas,PAT_FA_01733,1,1,leg,0,0,373,454,3,40135323b659d5a54081d23f6535140b,train
IMG0003468.jpg,D:\projects\MediMind\ai-prediction-service\test-dataset\Bone Facture\FracAtlas\FracAtlas\images\Non_fractured\IMG0003468.jpg,images\Non_fractured\IMG0003468.jpg,FracAtlas,PAT_FA_01734,0,0,leg,0,0,373,454,3,f90c991b61a4c864233e122d9f996960,train
IMG0003469.jpg,D:\projects\MediMind\ai-prediction-service\test-dataset\Bone Facture\FracAtlas\FracAtlas\images\Non_fractured\IMG0003469.jpg,images\Non_fractured\IMG0003469.jpg,FracAtlas,PAT_FA_01734,0,0,leg,0,0,373,454,3,4a95a05f212a98f7ba94a7a680e05f88,train
IMG0003470.jpg,D:\projects\MediMind\ai-prediction-service\test-dataset\Bone Facture\FracAtlas\FracAtlas\images\Non_fractured\IMG0003470.jpg,images\Non_fractured\IMG0003470.jpg,FracAtlas,PAT_FA_01735,0,0,leg,0,0,373,454,3,322b0f43e2ac257ca97e08d72f3e4c8c,train
IMG0003471.jpg,D:\projects\MediMind\ai-prediction-service\test-dataset\Bone Facture\FracAtlas\FracAtlas\images\Non_fractured\IMG0003471.jpg,images\Non_fractured\IMG0003471.jpg,FracAtlas,PAT_FA_01735,0,0,leg,0,0,454,373,3,2b6b204d583849556a714c40675a15b8,train
IMG0003472.jpg,D:\projects\MediMind\ai-prediction-service\test-dataset\Bone Facture\FracAtlas\FracAtlas\images\Non_fractured\IMG0003472.jpg,images\Non_fractured\IMG0003472.jpg,FracAtlas,PAT_FA_01736,0,0,leg,0,0,373,454,3,a4a77992a8138e85765ac6ec786fcb75,train
IMG0003473.jpg,D:\projects\MediMind\ai-prediction-service\test-dataset\Bone Facture\FracAtlas\FracAtlas\images\Non_fractured\IMG0003473.jpg,images\Non_fractured\IMG0003473.jpg,FracAtlas,PAT_FA_01736,0,0,leg,0,0,454,373,3,5de4b72f9e00c24b05849b00560a69cc,train
IMG0003474.jpg,D:\projects\MediMind\ai-prediction-service\test-dataset\Bone Facture\FracAtlas\FracAtlas\images\Non_fractured\IMG0003474.jpg,images\Non_fractured\IMG0003474.jpg,FracAtlas,PAT_FA_01737,0,0,hand,0,0,373,454,3,44a095b7b1a45af26bbf24730199f6ef,train
IMG0003475.jpg,D:\projects\MediMind\ai-prediction-service\test-dataset\Bone Facture\FracAtlas\FracAtlas\images\Non_fractured\IMG0003475.jpg,images\Non_fractured\IMG0003475.jpg,FracAtlas,PAT_FA_01737,0,0,hand,0,0,454,373,3,63468a6c2f96f50107e39a81ee79d6f0,train
IMG0003477.jpg,D:\projects\MediMind\ai-prediction-service\test-dataset\Bone Facture\FracAtlas\FracAtlas\images\Fractured\IMG0003477.jpg,images\Fractured\IMG0003477.jpg,FracAtlas,PAT_FA_01738,1,1,hand,0,0,373,454,3,2a46896ca621c05c674ea7d3b2cf4241,train
IMG0003480.jpg,D:\projects\MediMind\ai-prediction-service\test-dataset\Bone Facture\FracAtlas\FracAtlas\images\Non_fractured\IMG0003480.jpg,images\Non_fractured\IMG0003480.jpg,FracAtlas,PAT_FA_01740,0,0,hand,0,0,373,454,3,dc5d5e84e775886f634783b3b19d5341,train
IMG0003481.jpg,D:\projects\MediMind\ai-prediction-service\test-dataset\Bone Facture\FracAtlas\FracAtlas\images\Non_fractured\IMG0003481.jpg,images\Non_fractured\IMG0003481.jpg,FracAtlas,PAT_FA_01740,0,0,hand,0,0,373,454,3,0b213cae5f80012f1fa4c04a2b8f94df,train
IMG0003482.jpg,D:\projects\MediMind\ai-prediction-service\test-dataset\Bone Facture\FracAtlas\FracAtlas\images\Non_fractured\IMG0003482.jpg,images\Non_fractured\IMG0003482.jpg,FracAtlas,PAT_FA_01741,0,0,hand,0,0,373,454,3,1da96bef4c41866b7170bf84bb8f2d83,train
IMG0003483.jpg,D:\projects\MediMind\ai-prediction-service\test-dataset\Bone Facture\FracAtlas\FracAtlas\images\Non_fractured\IMG0003483.jpg,images\Non_fractured\IMG0003483.jpg,FracAtlas,PAT_FA_01741,0,0,leg,0,0,373,454,3,5e4adeadb5f4f17bbeeae72e6dd85b49,train
IMG0003484.jpg,D:\projects\MediMind\ai-prediction-service\test-dataset\Bone Facture\FracAtlas\FracAtlas\images\Non_fractured\IMG0003484.jpg,images\Non_fractured\IMG0003484.jpg,FracAtlas,PAT_FA_01742,0,0,leg,0,0,373,454,3,20bf307fc5b88675c655df424c2e62fe,train
IMG0003485.jpg,D:\projects\MediMind\ai-prediction-service\test-dataset\Bone Facture\FracAtlas\FracAtlas\images\Non_fractured\IMG0003485.jpg,images\Non_fractured\IMG0003485.jpg,FracAtlas,PAT_FA_01742,0,0,hand,0,0,373,454,3,4b04823b39e5d25cad3032d6c4b36f8c,train
IMG0003486.jpg,D:\projects\MediMind\ai-prediction-service\test-dataset\Bone Facture\FracAtlas\FracAtlas\images\Non_fractured\IMG0003486.jpg,images\Non_fractured\IMG0003486.jpg,FracAtlas,PAT_FA_01743,0,0,hand,0,0,373,454,3,e5673af8c8ccedc08b7f9c7c570391fa,train
IMG0003487.jpg,D:\projects\MediMind\ai-prediction-service\test-dataset\Bone Facture\FracAtlas\FracAtlas\images\Non_fractured\IMG0003487.jpg,images\Non_fractured\IMG0003487.jpg,FracAtlas,PAT_FA_01743,0,0,leg,0,1,373,454,3,f5c5f9fa650c32c8e06f889a24d7fc9f,train
IMG0003488.jpg,D:\projects\MediMind\ai-prediction-service\test-dataset\Bone Facture\FracAtlas\FracAtlas\images\Non_fractured\IMG0003488.jpg,images\Non_fractured\IMG0003488.jpg,FracAtlas,PAT_FA_01744,0,0,leg,0,0,373,454,3,156faf038715390575daf33fb1b27881,train
IMG0003489.jpg,D:\projects\MediMind\ai-prediction-service\test-dataset\Bone Facture\FracAtlas\FracAtlas\images\Non_fractured\IMG0003489.jpg,images\Non_fractured\IMG0003489.jpg,FracAtlas,PAT_FA_01744,0,0,leg,0,0,373,454,3,395b43441eb7db636ab504db74a29ec0,train
IMG0003494.jpg,D:\projects\MediMind\ai-prediction-service\test-dataset\Bone Facture\FracAtlas\FracAtlas\images\Non_fractured\IMG0003494.jpg,images\Non_fractured\IMG0003494.jpg,FracAtlas,PAT_FA_01747,0,0,leg,0,0,373,454,3,a3cb1dbea66560d7af78dc72820eea53,train
IMG0003495.jpg,D:\projects\MediMind\ai-prediction-service\test-dataset\Bone Facture\FracAtlas\FracAtlas\images\Non_fractured\IMG0003495.jpg,images\Non_fractured\IMG0003495.jpg,FracAtlas,PAT_FA_01747,0,0,hand,0,0,373,454,3,be0c0ae4c5064c7bee0218e1ed7b6f55,train
IMG0003498.jpg,D:\projects\MediMind\ai-prediction-service\test-dataset\Bone Facture\FracAtlas\FracAtlas\images\Non_fractured\IMG0003498.jpg,images\Non_fractured\IMG0003498.jpg,FracAtlas,PAT_FA_01749,0,0,leg,0,0,373,454,3,e4fdf3c4fb9d3d6dad79ed7e7139b4e6,train
IMG0003499.jpg,D:\projects\MediMind\ai-prediction-service\test-dataset\Bone Facture\FracAtlas\FracAtlas\images\Non_fractured\IMG0003499.jpg,images\Non_fractured\IMG0003499.jpg,FracAtlas,PAT_FA_01749,0,0,leg,0,0,373,454,1,01a8d0603c7a52968cb1b7047cc36d10,train
IMG0003500.jpg,D:\projects\MediMind\ai-prediction-service\test-dataset\Bone Facture\FracAtlas\FracAtlas\images\Non_fractured\IMG0003500.jpg,images\Non_fractured\IMG0003500.jpg,FracAtlas,PAT_FA_01750,0,0,leg,0,0,373,454,3,fb1f46047b1184aca89973491588697f,train
IMG0003501.jpg,D:\projects\MediMind\ai-prediction-service\test-dataset\Bone Facture\FracAtlas\FracAtlas\images\Non_fractured\IMG0003501.jpg,images\Non_fractured\IMG0003501.jpg,FracAtlas,PAT_FA_01750,0,0,leg,0,0,373,454,3,d1e0390cb20ec2a8b8738a0aee43025e,train
IMG0003508.jpg,D:\projects\MediMind\ai-prediction-service\test-dataset\Bone Facture\FracAtlas\FracAtlas\images\Non_fractured\IMG0003508.jpg,images\Non_fractured\IMG0003508.jpg,FracAtlas,PAT_FA_01754,0,0,leg,0,0,454,373,3,d248f34a2d9b1fbbfea0f7d773e52752,train
IMG0003509.jpg,D:\projects\MediMind\ai-prediction-service\test-dataset\Bone Facture\FracAtlas\FracAtlas\images\Fractured\IMG0003509.jpg,images\Fractured\IMG0003509.jpg,FracAtlas,PAT_FA_01754,1,1,hand,0,0,373,454,3,297def96a3d5524093f6869d1571b346,train
IMG0003522.jpg,D:\projects\MediMind\ai-prediction-service\test-dataset\Bone Facture\FracAtlas\FracAtlas\images\Non_fractured\IMG0003522.jpg,images\Non_fractured\IMG0003522.jpg,FracAtlas,PAT_FA_01761,0,0,leg,0,0,454,373,3,fac5d4dc166d5f581aece6ba6f8411bb,train
IMG0003523.jpg,D:\projects\MediMind\ai-prediction-service\test-dataset\Bone Facture\FracAtlas\FracAtlas\images\Fractured\IMG0003523.jpg,images\Fractured\IMG0003523.jpg,FracAtlas,PAT_FA_01761,1,1,leg,0,0,373,454,3,6b8d32d349e353a35e47466a92275269,train
IMG0003524.jpg,D:\projects\MediMind\ai-prediction-service\test-dataset\Bone Facture\FracAtlas\FracAtlas\images\Fractured\IMG0003524.jpg,images\Fractured\IMG0003524.jpg,FracAtlas,PAT_FA_01762,1,1,leg,0,0,373,454,3,e9797b5ffe8f411bd82ddaf03dac197c,train
IMG0003525.jpg,D:\projects\MediMind\ai-prediction-service\test-dataset\Bone Facture\FracAtlas\FracAtlas\images\Non_fractured\IMG0003525.jpg,images\Non_fractured\IMG0003525.jpg,FracAtlas,PAT_FA_01762,0,0,hip,0,0,454,373,3,b6f4a125348fd92bdf6639f2b44a05b8,train
IMG0003528.jpg,D:\projects\MediMind\ai-prediction-service\test-dataset\Bone Facture\FracAtlas\FracAtlas\images\Non_fractured\IMG0003528.jpg,images\Non_fractured\IMG0003528.jpg,FracAtlas,PAT_FA_01764,0,0,leg,0,0,373,454,3,8ffd03b485947d5e77c2282c43aaede3,train
IMG0003529.jpg,D:\projects\MediMind\ai-prediction-service\test-dataset\Bone Facture\FracAtlas\FracAtlas\images\Non_fractured\IMG0003529.jpg,images\Non_fractured\IMG0003529.jpg,FracAtlas,PAT_FA_01764,0,0,hand,0,0,373,454,3,d9cad8daa2f3fd5859f322a6684fea8c,train
IMG0003530.jpg,D:\projects\MediMind\ai-prediction-service\test-dataset\Bone Facture\FracAtlas\FracAtlas\images\Non_fractured\IMG0003530.jpg,images\Non_fractured\IMG0003530.jpg,FracAtlas,PAT_FA_01765,0,0,hand,0,0,454,373,3,128245ddaeb1bd2e98e37087dd9d4385,train
IMG0003531.jpg,D:\projects\MediMind\ai-prediction-service\test-dataset\Bone Facture\FracAtlas\FracAtlas\images\Non_fractured\IMG0003531.jpg,images\Non_fractured\IMG0003531.jpg,FracAtlas,PAT_FA_01765,0,0,leg,0,0,373,454,3,ae1bb5bb97ba5c1067544c7b3410163a,train
IMG0003532.jpg,D:\projects\MediMind\ai-prediction-service\test-dataset\Bone Facture\FracAtlas\FracAtlas\images\Non_fractured\IMG0003532.jpg,images\Non_fractured\IMG0003532.jpg,FracAtlas,PAT_FA_01766,0,0,leg,0,0,373,454,3,bd8ddc035448ab83590167852d0cf3a0,train
IMG0003533.jpg,D:\projects\MediMind\ai-prediction-service\test-dataset\Bone Facture\FracAtlas\FracAtlas\images\Non_fractured\IMG0003533.jpg,images\Non_fractured\IMG0003533.jpg,FracAtlas,PAT_FA_01766,0,0,leg,0,0,373,454,3,15242c236a139acd28d3602f551d3fc4,train
IMG0003534.jpg,D:\projects\MediMind\ai-prediction-service\test-dataset\Bone Facture\FracAtlas\FracAtlas\images\Non_fractured\IMG0003534.jpg,images\Non_fractured\IMG0003534.jpg,FracAtlas,PAT_FA_01767,0,0,leg,0,0,454,373,3,4751f90674266d3790c7348b38249fb9,train
IMG0003535.jpg,D:\projects\MediMind\ai-prediction-service\test-dataset\Bone Facture\FracAtlas\FracAtlas\images\Non_fractured\IMG0003535.jpg,images\Non_fractured\IMG0003535.jpg,FracAtlas,PAT_FA_01767,0,0,leg,0,0,373,454,3,14444336fbfb9f72a043a15e03a3979e,train
IMG0003536.jpg,D:\projects\MediMind\ai-prediction-service\test-dataset\Bone Facture\FracAtlas\FracAtlas\images\Non_fractured\IMG0003536.jpg,images\Non_fractured\IMG0003536.jpg,FracAtlas,PAT_FA_01768,0,0,leg,0,0,373,454,3,cf9d75cb564c0f779c627a00a1135773,train
IMG0003537.jpg,D:\projects\MediMind\ai-prediction-service\test-dataset\Bone Facture\FracAtlas\FracAtlas\images\Non_fractured\IMG0003537.jpg,images\Non_fractured\IMG0003537.jpg,FracAtlas,PAT_FA_01768,0,0,hand,0,0,373,454,3,089d6051ba4744a2b6fb8ef1334d7a85,train
IMG0003538.jpg,D:\projects\MediMind\ai-prediction-service\test-dataset\Bone Facture\FracAtlas\FracAtlas\images\Non_fractured\IMG0003538.jpg,images\Non_fractured\IMG0003538.jpg,FracAtlas,PAT_FA_01769,0,0,hand,0,0,373,454,3,4018051d30f3f3ea866cf5cdcb0308b3,train
IMG0003539.jpg,D:\projects\MediMind\ai-prediction-service\test-dataset\Bone Facture\FracAtlas\FracAtlas\images\Non_fractured\IMG0003539.jpg,images\Non_fractured\IMG0003539.jpg,FracAtlas,PAT_FA_01769,0,0,leg,0,0,373,454,3,a4458bf597ba31fd57301dd46f0c295f,train
IMG0003540.jpg,D:\projects\MediMind\ai-prediction-service\test-dataset\Bone Facture\FracAtlas\FracAtlas\images\Non_fractured\IMG0003540.jpg,images\Non_fractured\IMG0003540.jpg,FracAtlas,PAT_FA_01770,0,0,leg,0,0,454,373,3,404f1c0679f079a3e3be674550f8a0f1,train
IMG0003541.jpg,D:\projects\MediMind\ai-prediction-service\test-dataset\Bone Facture\FracAtlas\FracAtlas\images\Non_fractured\IMG0003541.jpg,images\Non_fractured\IMG0003541.jpg,FracAtlas,PAT_FA_01770,0,0,leg,0,0,373,454,3,a336462d8b1553ec7a3f10ce698fdcb7,train
IMG0003542.jpg,D:\projects\MediMind\ai-prediction-service\test-dataset\Bone Facture\FracAtlas\FracAtlas\images\Non_fractured\IMG0003542.jpg,images\Non_fractured\IMG0003542.jpg,FracAtlas,PAT_FA_01771,0,0,leg,0,0,373,454,3,18ed17ae60f1f21159c03c5fc5d8744a,train
IMG0003543.jpg,D:\projects\MediMind\ai-prediction-service\test-dataset\Bone Facture\FracAtlas\FracAtlas\images\Non_fractured\IMG0003543.jpg,images\Non_fractured\IMG0003543.jpg,FracAtlas,PAT_FA_01771,0,0,leg,0,0,373,454,3,c0e264bf840536755f9282601073190f,train
IMG0003544.jpg,D:\projects\MediMind\ai-prediction-service\test-dataset\Bone Facture\FracAtlas\FracAtlas\images\Non_fractured\IMG0003544.jpg,images\Non_fractured\IMG0003544.jpg,FracAtlas,PAT_FA_01772,0,0,leg,0,0,373,454,3,513c23134482a1446798ec0a45603035,train
IMG0003545.jpg,D:\projects\MediMind\ai-prediction-service\test-dataset\Bone Facture\FracAtlas\FracAtlas\images\Fractured\IMG0003545.jpg,images\Fractured\IMG0003545.jpg,FracAtlas,PAT_FA_01772,1,1,leg,0,0,373,454,3,c849b0c0cfe0d61aa13ffd8fca8af496,train
IMG0003546.jpg,D:\projects\MediMind\ai-prediction-service\test-dataset\Bone Facture\FracAtlas\FracAtlas\images\Non_fractured\IMG0003546.jpg,images\Non_fractured\IMG0003546.jpg,FracAtlas,PAT_FA_01773,0,0,leg,0,0,373,454,3,8ce298e981204e7136f3b8cb39da1245,train
IMG0003547.jpg,D:\projects\MediMind\ai-prediction-service\test-dataset\Bone Facture\FracAtlas\FracAtlas\images\Non_fractured\IMG0003547.jpg,images\Non_fractured\IMG0003547.jpg,FracAtlas,PAT_FA_01773,0,0,leg,0,0,373,454,3,26f0f7b289acd172b8f92edf0b94bca5,train
IMG0003554.jpg,D:\projects\MediMind\ai-prediction-service\test-dataset\Bone Facture\FracAtlas\FracAtlas\images\Non_fractured\IMG0003554.jpg,images\Non_fractured\IMG0003554.jpg,FracAtlas,PAT_FA_01777,0,0,hand,0,0,373,454,3,abbe1ce60feb3c264fd8fb3ae0c264bd,train
IMG0003555.jpg,D:\projects\MediMind\ai-prediction-service\test-dataset\Bone Facture\FracAtlas\FracAtlas\images\Non_fractured\IMG0003555.jpg,images\Non_fractured\IMG0003555.jpg,FracAtlas,PAT_FA_01777,0,0,hand,0,0,373,454,3,2e29c71faa81420eaf2434e41259e01b,train
IMG0003556.jpg,D:\projects\MediMind\ai-prediction-service\test-dataset\Bone Facture\FracAtlas\FracAtlas\images\Non_fractured\IMG0003556.jpg,images\Non_fractured\IMG0003556.jpg,FracAtlas,PAT_FA_01778,0,0,hand,0,0,373,454,3,6a768ecb7c6efaa98361b68bfb4987e7,train
IMG0003557.jpg,D:\projects\MediMind\ai-prediction-service\test-dataset\Bone Facture\FracAtlas\FracAtlas\images\Non_fractured\IMG0003557.jpg,images\Non_fractured\IMG0003557.jpg,FracAtlas,PAT_FA_01778,0,0,leg,0,0,373,454,3,fe111125c4d80fa2549825896fcf4a63,train
IMG0003558.jpg,D:\projects\MediMind\ai-prediction-service\test-dataset\Bone Facture\FracAtlas\FracAtlas\images\Non_fractured\IMG0003558.jpg,images\Non_fractured\IMG0003558.jpg,FracAtlas,PAT_FA_01779,0,0,leg,0,0,454,373,3,3ed21fecde2c86e55b4951df683fa2f9,train
IMG0003559.jpg,D:\projects\MediMind\ai-prediction-service\test-dataset\Bone Facture\FracAtlas\FracAtlas\images\Non_fractured\IMG0003559.jpg,images\Non_fractured\IMG0003559.jpg,FracAtlas,PAT_FA_01779,0,0,leg,0,0,373,454,3,17b1aea9d23af522febfa3b06d6faa7b,train
IMG0003560.jpg,D:\projects\MediMind\ai-prediction-service\test-dataset\Bone Facture\FracAtlas\FracAtlas\images\Non_fractured\IMG0003560.jpg,images\Non_fractured\IMG0003560.jpg,FracAtlas,PAT_FA_01780,0,0,hand,0,0,373,454,3,aa78cccb59d61874fd37e3c3c2467185,train
IMG0003561.jpg,D:\projects\MediMind\ai-prediction-service\test-dataset\Bone Facture\FracAtlas\FracAtlas\images\Non_fractured\IMG0003561.jpg,images\Non_fractured\IMG0003561.jpg,FracAtlas,PAT_FA_01780,0,0,hand,0,0,373,454,3,2d10b5f168f13e5df01e926b2c0700b6,train
IMG0003562.jpg,D:\projects\MediMind\ai-prediction-service\test-dataset\Bone Facture\FracAtlas\FracAtlas\images\Non_fractured\IMG0003562.jpg,images\Non_fractured\IMG0003562.jpg,FracAtlas,PAT_FA_01781,0,0,leg,0,0,373,454,3,99484a4ec5e7b0b94d368f92a670cfc0,train
IMG0003563.jpg,D:\projects\MediMind\ai-prediction-service\test-dataset\Bone Facture\FracAtlas\FracAtlas\images\Non_fractured\IMG0003563.jpg,images\Non_fractured\IMG0003563.jpg,FracAtlas,PAT_FA_01781,0,0,leg,0,0,373,454,3,27da6429f1d8013520add559b9138bdc,train
IMG0003564.jpg,D:\projects\MediMind\ai-prediction-service\test-dataset\Bone Facture\FracAtlas\FracAtlas\images\Fractured\IMG0003564.jpg,images\Fractured\IMG0003564.jpg,FracAtlas,PAT_FA_01782,1,1,hand,0,0,373,454,3,50459cbe81c13a30849f76dab5db3bf7,train
IMG0003565.jpg,D:\projects\MediMind\ai-prediction-service\test-dataset\Bone Facture\FracAtlas\FracAtlas\images\Fractured\IMG0003565.jpg,images\Fractured\IMG0003565.jpg,FracAtlas,PAT_FA_01782,1,1,hand,0,0,373,454,3,c99b1fb8454cb60ef84ea7eecc051e5f,train
IMG0003570.jpg,D:\projects\MediMind\ai-prediction-service\test-dataset\Bone Facture\FracAtlas\FracAtlas\images\Non_fractured\IMG0003570.jpg,images\Non_fractured\IMG0003570.jpg,FracAtlas,PAT_FA_01785,0,0,hand,0,0,373,454,3,b88f733a6e42d3c06b17e9a1769352bf,train
IMG0003571.jpg,D:\projects\MediMind\ai-prediction-service\test-dataset\Bone Facture\FracAtlas\FracAtlas\images\Non_fractured\IMG0003571.jpg,images\Non_fractured\IMG0003571.jpg,FracAtlas,PAT_FA_01785,0,0,shoulder,0,0,373,454,3,4f180e379c3ebebae5df8574c13f6971,train
IMG0003574.jpg,D:\projects\MediMind\ai-prediction-service\test-dataset\Bone Facture\FracAtlas\FracAtlas\images\Non_fractured\IMG0003574.jpg,images\Non_fractured\IMG0003574.jpg,FracAtlas,PAT_FA_01787,0,0,leg,0,0,373,454,3,83a2aee459b8d986f013463979a7e774,train
IMG0003575.jpg,D:\projects\MediMind\ai-prediction-service\test-dataset\Bone Facture\FracAtlas\FracAtlas\images\Non_fractured\IMG0003575.jpg,images\Non_fractured\IMG0003575.jpg,FracAtlas,PAT_FA_01787,0,0,leg,0,0,454,373,3,21e42c8931061cc24132eb9a3f5deff6,train
IMG0003576.jpg,D:\projects\MediMind\ai-prediction-service\test-dataset\Bone Facture\FracAtlas\FracAtlas\images\Non_fractured\IMG0003576.jpg,images\Non_fractured\IMG0003576.jpg,FracAtlas,PAT_FA_01788,0,0,leg,0,0,373,454,3,8c5453f70bc42814f18b7e925a347d40,train
IMG0003577.jpg,D:\projects\MediMind\ai-prediction-service\test-dataset\Bone Facture\FracAtlas\FracAtlas\images\Non_fractured\IMG0003577.jpg,images\Non_fractured\IMG0003577.jpg,FracAtlas,PAT_FA_01788,0,0,hand,0,0,373,454,3,3f83f0c8f18f3d1767c95badd0cd98b4,train
IMG0003578.jpg,D:\projects\MediMind\ai-prediction-service\test-dataset\Bone Facture\FracAtlas\FracAtlas\images\Non_fractured\IMG0003578.jpg,images\Non_fractured\IMG0003578.jpg,FracAtlas,PAT_FA_01789,0,0,hand,0,0,373,454,3,2ce8c326771877c6e5aa8a04d5eba972,train
IMG0003579.jpg,D:\projects\MediMind\ai-prediction-service\test-dataset\Bone Facture\FracAtlas\FracAtlas\images\Non_fractured\IMG0003579.jpg,images\Non_fractured\IMG0003579.jpg,FracAtlas,PAT_FA_01789,0,0,hand,0,0,373,454,3,cb7197cc4ac7bb1c57095a4da472a9b4,train
IMG0003584.jpg,D:\projects\MediMind\ai-prediction-service\test-dataset\Bone Facture\FracAtlas\FracAtlas\images\Non_fractured\IMG0003584.jpg,images\Non_fractured\IMG0003584.jpg,FracAtlas,PAT_FA_01792,0,0,leg,0,0,373,454,3,0aa0c67ab2a818dab1602b15f3bd824b,train
IMG0003585.jpg,D:\projects\MediMind\ai-prediction-service\test-dataset\Bone Facture\FracAtlas\FracAtlas\images\Non_fractured\IMG0003585.jpg,images\Non_fractured\IMG0003585.jpg,FracAtlas,PAT_FA_01792,0,0,leg,0,0,373,454,3,198ef6d0ba1a4b99119978af46563448,train
IMG0003590.jpg,D:\projects\MediMind\ai-prediction-service\test-dataset\Bone Facture\FracAtlas\FracAtlas\images\Non_fractured\IMG0003590.jpg,images\Non_fractured\IMG0003590.jpg,FracAtlas,PAT_FA_01795,0,0,hand,0,0,373,454,3,d4abc66ac0afd32356b5090f52615455,train
IMG0003591.jpg,D:\projects\MediMind\ai-prediction-service\test-dataset\Bone Facture\FracAtlas\FracAtlas\images\Non_fractured\IMG0003591.jpg,images\Non_fractured\IMG0003591.jpg,FracAtlas,PAT_FA_01795,0,0,leg,0,1,454,373,3,16bbc1b55da2ac84015cde693d0959ed,train
IMG0003594.jpg,D:\projects\MediMind\ai-prediction-service\test-dataset\Bone Facture\FracAtlas\FracAtlas\images\Non_fractured\IMG0003594.jpg,images\Non_fractured\IMG0003594.jpg,FracAtlas,PAT_FA_01797,0,0,hand,0,0,373,454,3,9fd727b1008541934c18d33d6e7e1b94,train
IMG0003595.jpg,D:\projects\MediMind\ai-prediction-service\test-dataset\Bone Facture\FracAtlas\FracAtlas\images\Non_fractured\IMG0003595.jpg,images\Non_fractured\IMG0003595.jpg,FracAtlas,PAT_FA_01797,0,0,hand,0,0,454,373,3,028f77d5625755b3ba3ee99c3614a39b,train
IMG0003598.jpg,D:\projects\MediMind\ai-prediction-service\test-dataset\Bone Facture\FracAtlas\FracAtlas\images\Non_fractured\IMG0003598.jpg,images\Non_fractured\IMG0003598.jpg,FracAtlas,PAT_FA_01799,0,0,leg,0,0,373,454,3,7f1bd7378d2c98f5d2928d4fbf963a93,train
IMG0003599.jpg,D:\projects\MediMind\ai-prediction-service\test-dataset\Bone Facture\FracAtlas\FracAtlas\images\Non_fractured\IMG0003599.jpg,images\Non_fractured\IMG0003599.jpg,FracAtlas,PAT_FA_01799,0,0,hand,0,0,373,454,3,da7b0c8240364c3ad8e3d129879ad675,train
IMG0003600.jpg,D:\projects\MediMind\ai-prediction-service\test-dataset\Bone Facture\FracAtlas\FracAtlas\images\Non_fractured\IMG0003600.jpg,images\Non_fractured\IMG0003600.jpg,FracAtlas,PAT_FA_01800,0,0,hand,0,0,373,454,3,3da8cadbc99b6b7417c2d3ee6c8aa0b4,train
IMG0003601.jpg,D:\projects\MediMind\ai-prediction-service\test-dataset\Bone Facture\FracAtlas\FracAtlas\images\Non_fractured\IMG0003601.jpg,images\Non_fractured\IMG0003601.jpg,FracAtlas,PAT_FA_01800,0,0,leg,0,1,454,373,3,7c06f1a636416fb001b3d383618d8c3f,train
IMG0003602.jpg,D:\projects\MediMind\ai-prediction-service\test-dataset\Bone Facture\FracAtlas\FracAtlas\images\Non_fractured\IMG0003602.jpg,images\Non_fractured\IMG0003602.jpg,FracAtlas,PAT_FA_01801,0,0,leg,0,0,454,373,3,060f154775d5d81c041bd0a391fae7b8,train
IMG0003603.jpg,D:\projects\MediMind\ai-prediction-service\test-dataset\Bone Facture\FracAtlas\FracAtlas\images\Non_fractured\IMG0003603.jpg,images\Non_fractured\IMG0003603.jpg,FracAtlas,PAT_FA_01801,0,0,leg,0,0,454,373,3,002b6305032d888fbc7a6da931a28468,train
IMG0003616.jpg,D:\projects\MediMind\ai-prediction-service\test-dataset\Bone Facture\FracAtlas\FracAtlas\images\Non_fractured\IMG0003616.jpg,images\Non_fractured\IMG0003616.jpg,FracAtlas,PAT_FA_01808,0,0,shoulder,0,0,373,454,3,d74ae245acd0fa99fba3ae804db7e9ab,train
IMG0003617.jpg,D:\projects\MediMind\ai-prediction-service\test-dataset\Bone Facture\FracAtlas\FracAtlas\images\Non_fractured\IMG0003617.jpg,images\Non_fractured\IMG0003617.jpg,FracAtlas,PAT_FA_01808,0,0,leg,0,0,373,454,3,36e0fa8fb7124ff00b9b3736caf89e10,train
IMG0003618.jpg,D:\projects\MediMind\ai-prediction-service\test-dataset\Bone Facture\FracAtlas\FracAtlas\images\Non_fractured\IMG0003618.jpg,images\Non_fractured\IMG0003618.jpg,FracAtlas,PAT_FA_01809,0,0,leg,0,0,373,454,3,e6e0d673c885349e1701413a8aa0e92f,train
IMG0003619.jpg,D:\projects\MediMind\ai-prediction-service\test-dataset\Bone Facture\FracAtlas\FracAtlas\images\Fractured\IMG0003619.jpg,images\Fractured\IMG0003619.jpg,FracAtlas,PAT_FA_01809,1,1,hand,0,0,373,454,3,910243c752afd9d26bf13166b3ba9949,train
IMG0003620.jpg,D:\projects\MediMind\ai-prediction-service\test-dataset\Bone Facture\FracAtlas\FracAtlas\images\Fractured\IMG0003620.jpg,images\Fractured\IMG0003620.jpg,FracAtlas,PAT_FA_01810,1,1,hand,0,0,373,454,3,32f243d13a56ae062436301a64276eef,train
IMG0003621.jpg,D:\projects\MediMind\ai-prediction-service\test-dataset\Bone Facture\FracAtlas\FracAtlas\images\Non_fractured\IMG0003621.jpg,images\Non_fractured\IMG0003621.jpg,FracAtlas,PAT_FA_01810,0,0,leg,0,0,373,454,3,fb4a084e206520c128b008d4c7b65428,train
IMG0003626.jpg,D:\projects\MediMind\ai-prediction-service\test-dataset\Bone Facture\FracAtlas\FracAtlas\images\Fractured\IMG0003626.jpg,images\Fractured\IMG0003626.jpg,FracAtlas,PAT_FA_01813,1,1,leg,0,0,373,454,3,ba8d5d9fc6990a7cad75f0b59673d4c3,train
IMG0003627.jpg,D:\projects\MediMind\ai-prediction-service\test-dataset\Bone Facture\FracAtlas\FracAtlas\images\Non_fractured\IMG0003627.jpg,images\Non_fractured\IMG0003627.jpg,FracAtlas,PAT_FA_01813,0,0,leg,0,0,373,454,3,43ec5c7f6725f457dcd7c5a60122027d,train
IMG0003630.jpg,D:\projects\MediMind\ai-prediction-service\test-dataset\Bone Facture\FracAtlas\FracAtlas\images\Non_fractured\IMG0003630.jpg,images\Non_fractured\IMG0003630.jpg,FracAtlas,PAT_FA_01815,0,0,hand,0,0,373,454,3,1947d6c694a8d3df13c73dedc34d3ab6,train
IMG0003631.jpg,D:\projects\MediMind\ai-prediction-service\test-dataset\Bone Facture\FracAtlas\FracAtlas\images\Non_fractured\IMG0003631.jpg,images\Non_fractured\IMG0003631.jpg,FracAtlas,PAT_FA_01815,0,0,leg,0,0,373,454,3,1930bd8b71bd2ebd9ba1c92fc935e48a,train
IMG0003634.jpg,D:\projects\MediMind\ai-prediction-service\test-dataset\Bone Facture\FracAtlas\FracAtlas\images\Non_fractured\IMG0003634.jpg,images\Non_fractured\IMG0003634.jpg,FracAtlas,PAT_FA_01817,0,0,hand,0,0,373,454,3,0c09cc9e76f85ce6cea4bcda5563639e,train
IMG0003635.jpg,D:\projects\MediMind\ai-prediction-service\test-dataset\Bone Facture\FracAtlas\FracAtlas\images\Non_fractured\IMG0003635.jpg,images\Non_fractured\IMG0003635.jpg,FracAtlas,PAT_FA_01817,0,0,leg,0,0,373,454,3,88f51b9a584e2d3a7b792abfb0badb9a,train
IMG0003638.jpg,D:\projects\MediMind\ai-prediction-service\test-dataset\Bone Facture\FracAtlas\FracAtlas\images\Non_fractured\IMG0003638.jpg,images\Non_fractured\IMG0003638.jpg,FracAtlas,PAT_FA_01819,0,0,hand,0,0,454,373,3,85c09c6b0ce6fc38d1f0e6f847195198,train
IMG0003639.jpg,D:\projects\MediMind\ai-prediction-service\test-dataset\Bone Facture\FracAtlas\FracAtlas\images\Non_fractured\IMG0003639.jpg,images\Non_fractured\IMG0003639.jpg,FracAtlas,PAT_FA_01819,0,0,hand,0,0,373,454,3,823083c049c6d233c0acc7cb1a01f8db,train
IMG0003640.jpg,D:\projects\MediMind\ai-prediction-service\test-dataset\Bone Facture\FracAtlas\FracAtlas\images\Non_fractured\IMG0003640.jpg,images\Non_fractured\IMG0003640.jpg,FracAtlas,PAT_FA_01820,0,0,leg,0,0,373,454,3,90803859c84545cbf99132743f3be44d,train
IMG0003641.jpg,D:\projects\MediMind\ai-prediction-service\test-dataset\Bone Facture\FracAtlas\FracAtlas\images\Non_fractured\IMG0003641.jpg,images\Non_fractured\IMG0003641.jpg,FracAtlas,PAT_FA_01820,0,0,leg,0,0,454,373,3,291a7fbea3596439fbfb4f2e740f4f66,train
IMG0003642.jpg,D:\projects\MediMind\ai-prediction-service\test-dataset\Bone Facture\FracAtlas\FracAtlas\images\Non_fractured\IMG0003642.jpg,images\Non_fractured\IMG0003642.jpg,FracAtlas,PAT_FA_01821,0,0,leg,0,0,373,454,3,e5b76e503f42e225f12d6bb31555ccfb,train
IMG0003643.jpg,D:\projects\MediMind\ai-prediction-service\test-dataset\Bone Facture\FracAtlas\FracAtlas\images\Non_fractured\IMG0003643.jpg,images\Non_fractured\IMG0003643.jpg,FracAtlas,PAT_FA_01821,0,0,hand,0,0,373,454,3,f9808c117d351b627a3e0eed49fe258c,train
IMG0003644.jpg,D:\projects\MediMind\ai-prediction-service\test-dataset\Bone Facture\FracAtlas\FracAtlas\images\Non_fractured\IMG0003644.jpg,images\Non_fractured\IMG0003644.jpg,FracAtlas,PAT_FA_01822,0,0,hand,0,0,373,454,3,9b51d3d0eea4d4558292e58e35ed67da,train
IMG0003645.jpg,D:\projects\MediMind\ai-prediction-service\test-dataset\Bone Facture\FracAtlas\FracAtlas\images\Non_fractured\IMG0003645.jpg,images\Non_fractured\IMG0003645.jpg,FracAtlas,PAT_FA_01822,0,0,hand,0,0,373,454,3,4cb70e22ebbead90881a82a30537f565,train
IMG0003646.jpg,D:\projects\MediMind\ai-prediction-service\test-dataset\Bone Facture\FracAtlas\FracAtlas\images\Non_fractured\IMG0003646.jpg,images\Non_fractured\IMG0003646.jpg,FracAtlas,PAT_FA_01823,0,0,hand,0,0,373,454,3,7c2fd5a94613aaa48cac13e997c26ee7,train
IMG0003647.jpg,D:\projects\MediMind\ai-prediction-service\test-dataset\Bone Facture\FracAtlas\FracAtlas\images\Non_fractured\IMG0003647.jpg,images\Non_fractured\IMG0003647.jpg,FracAtlas,PAT_FA_01823,0,0,hand,0,0,454,373,3,72a32c3ed7180fd5ac0a74b751862600,train
IMG0003648.jpg,D:\projects\MediMind\ai-prediction-service\test-dataset\Bone Facture\FracAtlas\FracAtlas\images\Non_fractured\IMG0003648.jpg,images\Non_fractured\IMG0003648.jpg,FracAtlas,PAT_FA_01824,0,0,leg,0,0,373,454,3,13b4e326c66c83a1c601711cef168801,train
IMG0003649.jpg,D:\projects\MediMind\ai-prediction-service\test-dataset\Bone Facture\FracAtlas\FracAtlas\images\Non_fractured\IMG0003649.jpg,images\Non_fractured\IMG0003649.jpg,FracAtlas,PAT_FA_01824,0,0,leg,0,0,454,373,3,feb31d189c4cde5e52ff8dff12b0e016,train
IMG0003656.jpg,D:\projects\MediMind\ai-prediction-service\test-dataset\Bone Facture\FracAtlas\FracAtlas\images\Non_fractured\IMG0003656.jpg,images\Non_fractured\IMG0003656.jpg,FracAtlas,PAT_FA_01828,0,0,hand,0,0,373,454,3,f70de03f0d3abf5c31183ee06e51fd8a,train
IMG0003657.jpg,D:\projects\MediMind\ai-prediction-service\test-dataset\Bone Facture\FracAtlas\FracAtlas\images\Non_fractured\IMG0003657.jpg,images\Non_fractured\IMG0003657.jpg,FracAtlas,PAT_FA_01828,0,0,leg,0,0,373,454,3,49f370902ca0d680a7ee03d12f8b6979,train
IMG0003658.jpg,D:\projects\MediMind\ai-prediction-service\test-dataset\Bone Facture\FracAtlas\FracAtlas\images\Non_fractured\IMG0003658.jpg,images\Non_fractured\IMG0003658.jpg,FracAtlas,PAT_FA_01829,0,0,leg,0,0,373,454,3,c786411c55445bd7aefd1c498306bc18,train
IMG0003659.jpg,D:\projects\MediMind\ai-prediction-service\test-dataset\Bone Facture\FracAtlas\FracAtlas\images\Non_fractured\IMG0003659.jpg,images\Non_fractured\IMG0003659.jpg,FracAtlas,PAT_FA_01829,0,0,shoulder,0,0,373,454,3,89bcf7b320db1135f5afaea8bb3f87fb,train
IMG0003660.jpg,D:\projects\MediMind\ai-prediction-service\test-dataset\Bone Facture\FracAtlas\FracAtlas\images\Non_fractured\IMG0003660.jpg,images\Non_fractured\IMG0003660.jpg,FracAtlas,PAT_FA_01830,0,0,hand,0,0,373,454,3,f369ed6a6342d8b0139dc54888dd3944,train
IMG0003661.jpg,D:\projects\MediMind\ai-prediction-service\test-dataset\Bone Facture\FracAtlas\FracAtlas\images\Non_fractured\IMG0003661.jpg,images\Non_fractured\IMG0003661.jpg,FracAtlas,PAT_FA_01830,0,0,hand,0,0,454,373,3,85c83d03be1afcab1519749ad80e23f2,train
IMG0003662.jpg,D:\projects\MediMind\ai-prediction-service\test-dataset\Bone Facture\FracAtlas\FracAtlas\images\Non_fractured\IMG0003662.jpg,images\Non_fractured\IMG0003662.jpg,FracAtlas,PAT_FA_01831,0,0,hand,0,0,373,454,3,b1ddbcde59ae86d22dc1b9af9d7ca079,train
IMG0003663.jpg,D:\projects\MediMind\ai-prediction-service\test-dataset\Bone Facture\FracAtlas\FracAtlas\images\Non_fractured\IMG0003663.jpg,images\Non_fractured\IMG0003663.jpg,FracAtlas,PAT_FA_01831,0,0,hand,0,0,373,454,3,ac35e0607e94f5c715bec2e79e55602b,train
IMG0003664.jpg,D:\projects\MediMind\ai-prediction-service\test-dataset\Bone Facture\FracAtlas\FracAtlas\images\Non_fractured\IMG0003664.jpg,images\Non_fractured\IMG0003664.jpg,FracAtlas,PAT_FA_01832,0,0,leg,0,0,373,454,3,978f390ebd9c812422b7e3102fcb22c5,train
IMG0003665.jpg,D:\projects\MediMind\ai-prediction-service\test-dataset\Bone Facture\FracAtlas\FracAtlas\images\Non_fractured\IMG0003665.jpg,images\Non_fractured\IMG0003665.jpg,FracAtlas,PAT_FA_01832,0,0,leg,0,0,373,454,3,6c98d98da396e71a5e6c92d9cbea002c,train
IMG0003668.jpg,D:\projects\MediMind\ai-prediction-service\test-dataset\Bone Facture\FracAtlas\FracAtlas\images\Non_fractured\IMG0003668.jpg,images\Non_fractured\IMG0003668.jpg,FracAtlas,PAT_FA_01834,0,0,hand,0,0,373,454,3,7fb979ae1b3013953689c1384d7fbce1,train
IMG0003669.jpg,D:\projects\MediMind\ai-prediction-service\test-dataset\Bone Facture\FracAtlas\FracAtlas\images\Non_fractured\IMG0003669.jpg,images\Non_fractured\IMG0003669.jpg,FracAtlas,PAT_FA_01834,0,0,leg,0,0,373,454,3,a2d509712d93af53ad6a537c8adae53b,train
IMG0003672.jpg,D:\projects\MediMind\ai-prediction-service\test-dataset\Bone Facture\FracAtlas\FracAtlas\images\Non_fractured\IMG0003672.jpg,images\Non_fractured\IMG0003672.jpg,FracAtlas,PAT_FA_01836,0,0,leg,0,0,373,454,1,ca4f15cf32b652c0fb37713e6ed38fe8,train
IMG0003673.jpg,D:\projects\MediMind\ai-prediction-service\test-dataset\Bone Facture\FracAtlas\FracAtlas\images\Non_fractured\IMG0003673.jpg,images\Non_fractured\IMG0003673.jpg,FracAtlas,PAT_FA_01836,0,0,leg,0,0,373,454,3,285142a07574989a70894dbd0ad7565c,train
IMG0003674.jpg,D:\projects\MediMind\ai-prediction-service\test-dataset\Bone Facture\FracAtlas\FracAtlas\images\Non_fractured\IMG0003674.jpg,images\Non_fractured\IMG0003674.jpg,FracAtlas,PAT_FA_01837,0,0,leg,0,0,373,454,3,ec0a1f7d84eac4b30a31a4efd05c4234,train
IMG0003675.jpg,D:\projects\MediMind\ai-prediction-service\test-dataset\Bone Facture\FracAtlas\FracAtlas\images\Non_fractured\IMG0003675.jpg,images\Non_fractured\IMG0003675.jpg,FracAtlas,PAT_FA_01837,0,0,leg,0,0,373,454,3,1ba84b652ed940ad1bfd7c6000b39e12,train
IMG0003684.jpg,D:\projects\MediMind\ai-prediction-service\test-dataset\Bone Facture\FracAtlas\FracAtlas\images\Non_fractured\IMG0003684.jpg,images\Non_fractured\IMG0003684.jpg,FracAtlas,PAT_FA_01842,0,0,leg,0,0,373,454,3,f99ebae959588c4738ccb1b1166cb92e,train
IMG0003685.jpg,D:\projects\MediMind\ai-prediction-service\test-dataset\Bone Facture\FracAtlas\FracAtlas\images\Fractured\IMG0003685.jpg,images\Fractured\IMG0003685.jpg,FracAtlas,PAT_FA_01842,1,1,leg,0,0,373,454,1,615d0c31ed5c2c592319817062253f65,train
IMG0003688.jpg,D:\projects\MediMind\ai-prediction-service\test-dataset\Bone Facture\FracAtlas\FracAtlas\images\Non_fractured\IMG0003688.jpg,images\Non_fractured\IMG0003688.jpg,FracAtlas,PAT_FA_01844,0,0,leg,0,0,454,373,3,f7b84794d286d2978f0d820d7d23b09b,train
IMG0003689.jpg,D:\projects\MediMind\ai-prediction-service\test-dataset\Bone Facture\FracAtlas\FracAtlas\images\Non_fractured\IMG0003689.jpg,images\Non_fractured\IMG0003689.jpg,FracAtlas,PAT_FA_01844,0,0,hand,0,0,373,454,3,85eeaa1ac846e552e33ad9589f5653f0,train
IMG0003690.jpg,D:\projects\MediMind\ai-prediction-service\test-dataset\Bone Facture\FracAtlas\FracAtlas\images\Non_fractured\IMG0003690.jpg,images\Non_fractured\IMG0003690.jpg,FracAtlas,PAT_FA_01845,0,0,shoulder,0,0,373,454,3,ddb353720f9b1acc7d8ae4a291b3426d,train
IMG0003691.jpg,D:\projects\MediMind\ai-prediction-service\test-dataset\Bone Facture\FracAtlas\FracAtlas\images\Non_fractured\IMG0003691.jpg,images\Non_fractured\IMG0003691.jpg,FracAtlas,PAT_FA_01845,0,0,leg,0,0,373,454,3,ce2853ca62c1c3a1079f6a0bc2a1ac1f,train
IMG0003692.jpg,D:\projects\MediMind\ai-prediction-service\test-dataset\Bone Facture\FracAtlas\FracAtlas\images\Non_fractured\IMG0003692.jpg,images\Non_fractured\IMG0003692.jpg,FracAtlas,PAT_FA_01846,0,0,leg,0,0,454,373,3,be6aef995f8d204f16b2a146fc36c1d7,train
IMG0003693.jpg,D:\projects\MediMind\ai-prediction-service\test-dataset\Bone Facture\FracAtlas\FracAtlas\images\Non_fractured\IMG0003693.jpg,images\Non_fractured\IMG0003693.jpg,FracAtlas,PAT_FA_01846,0,0,leg,0,0,373,454,3,02ba56b80b8934695e6d80654e0e5969,train
IMG0003696.jpg,D:\projects\MediMind\ai-prediction-service\test-dataset\Bone Facture\FracAtlas\FracAtlas\images\Non_fractured\IMG0003696.jpg,images\Non_fractured\IMG0003696.jpg,FracAtlas,PAT_FA_01848,0,0,leg,0,0,373,454,3,3dbbedb20f7eae68e69146a310a0368a,train
IMG0003697.jpg,D:\projects\MediMind\ai-prediction-service\test-dataset\Bone Facture\FracAtlas\FracAtlas\images\Non_fractured\IMG0003697.jpg,images\Non_fractured\IMG0003697.jpg,FracAtlas,PAT_FA_01848,0,0,leg,0,0,373,454,3,b6d8cf341a6cc7c6f0825ed98a2ff059,train
IMG0003698.jpg,D:\projects\MediMind\ai-prediction-service\test-dataset\Bone Facture\FracAtlas\FracAtlas\images\Non_fractured\IMG0003698.jpg,images\Non_fractured\IMG0003698.jpg,FracAtlas,PAT_FA_01849,0,0,leg,0,0,454,373,3,d0dbdd331cca273f7f22eb8e2efa4e5a,train
IMG0003699.jpg,D:\projects\MediMind\ai-prediction-service\test-dataset\Bone Facture\FracAtlas\FracAtlas\images\Non_fractured\IMG0003699.jpg,images\Non_fractured\IMG0003699.jpg,FracAtlas,PAT_FA_01849,0,0,hand,0,0,454,373,3,f1263debe79537bd2e45ff1ee9eb127f,train
IMG0003702.jpg,D:\projects\MediMind\ai-prediction-service\test-dataset\Bone Facture\FracAtlas\FracAtlas\images\Non_fractured\IMG0003702.jpg,images\Non_fractured\IMG0003702.jpg,FracAtlas,PAT_FA_01851,0,0,leg,0,0,373,454,3,26672e08fb0d87dcbc44106495223c87,train
IMG0003703.jpg,D:\projects\MediMind\ai-prediction-service\test-dataset\Bone Facture\FracAtlas\FracAtlas\images\Fractured\IMG0003703.jpg,images\Fractured\IMG0003703.jpg,FracAtlas,PAT_FA_01851,1,1,leg,0,0,373,454,3,79f6c17f75df4db67ba4f64f797b7749,train
IMG0003706.jpg,D:\projects\MediMind\ai-prediction-service\test-dataset\Bone Facture\FracAtlas\FracAtlas\images\Non_fractured\IMG0003706.jpg,images\Non_fractured\IMG0003706.jpg,FracAtlas,PAT_FA_01853,0,0,hand,0,0,373,454,3,46dda79355609eef7cdd504292512e62,train
IMG0003707.jpg,D:\projects\MediMind\ai-prediction-service\test-dataset\Bone Facture\FracAtlas\FracAtlas\images\Non_fractured\IMG0003707.jpg,images\Non_fractured\IMG0003707.jpg,FracAtlas,PAT_FA_01853,0,0,leg,0,0,373,454,3,11151c0b71eaf81e1b6d11b4fb7e9598,train
IMG0003708.jpg,D:\projects\MediMind\ai-prediction-service\test-dataset\Bone Facture\FracAtlas\FracAtlas\images\Non_fractured\IMG0003708.jpg,images\Non_fractured\IMG0003708.jpg,FracAtlas,PAT_FA_01854,0,0,leg,0,0,373,454,3,a311810b272ca74fe9b2b14d1117a504,train
IMG0003709.jpg,D:\projects\MediMind\ai-prediction-service\test-dataset\Bone Facture\FracAtlas\FracAtlas\images\Non_fractured\IMG0003709.jpg,images\Non_fractured\IMG0003709.jpg,FracAtlas,PAT_FA_01854,0,0,leg,0,0,373,454,3,df0187d9e70a65edd76a7eb3943973e7,train
IMG0003710.jpg,D:\projects\MediMind\ai-prediction-service\test-dataset\Bone Facture\FracAtlas\FracAtlas\images\Non_fractured\IMG0003710.jpg,images\Non_fractured\IMG0003710.jpg,FracAtlas,PAT_FA_01855,0,0,leg,0,0,373,454,3,6d2320c24b42bced726f9da736103a1e,train
IMG0003711.jpg,D:\projects\MediMind\ai-prediction-service\test-dataset\Bone Facture\FracAtlas\FracAtlas\images\Non_fractured\IMG0003711.jpg,images\Non_fractured\IMG0003711.jpg,FracAtlas,PAT_FA_01855,0,0,leg,0,0,373,454,3,49bc19e2dadeeda16f2f3e39c9301ae4,train
IMG0003712.jpg,D:\projects\MediMind\ai-prediction-service\test-dataset\Bone Facture\FracAtlas\FracAtlas\images\Fractured\IMG0003712.jpg,images\Fractured\IMG0003712.jpg,FracAtlas,PAT_FA_01856,1,1,hand,0,0,373,454,3,063e8aa83d435ae9a4455dc3b792db37,train
IMG0003713.jpg,D:\projects\MediMind\ai-prediction-service\test-dataset\Bone Facture\FracAtlas\FracAtlas\images\Fractured\IMG0003713.jpg,images\Fractured\IMG0003713.jpg,FracAtlas,PAT_FA_01856,1,1,hand,0,0,373,454,3,857bb9920231ff03203ec99fec103606,train
IMG0003714.jpg,D:\projects\MediMind\ai-prediction-service\test-dataset\Bone Facture\FracAtlas\FracAtlas\images\Non_fractured\IMG0003714.jpg,images\Non_fractured\IMG0003714.jpg,FracAtlas,PAT_FA_01857,0,0,leg,0,0,373,454,3,cc6f07d6ce3a14b74325380e22d6103f,train
IMG0003715.jpg,D:\projects\MediMind\ai-prediction-service\test-dataset\Bone Facture\FracAtlas\FracAtlas\images\Non_fractured\IMG0003715.jpg,images\Non_fractured\IMG0003715.jpg,FracAtlas,PAT_FA_01857,0,0,leg,0,0,454,373,3,d7d07392a26218664be308299137ed3c,train
IMG0003718.jpg,D:\projects\MediMind\ai-prediction-service\test-dataset\Bone Facture\FracAtlas\FracAtlas\images\Non_fractured\IMG0003718.jpg,images\Non_fractured\IMG0003718.jpg,FracAtlas,PAT_FA_01859,0,0,leg,0,0,454,373,3,1a8fc9e4649ce1a9f407fcc6b3fb19f7,train
IMG0003719.jpg,D:\projects\MediMind\ai-prediction-service\test-dataset\Bone Facture\FracAtlas\FracAtlas\images\Non_fractured\IMG0003719.jpg,images\Non_fractured\IMG0003719.jpg,FracAtlas,PAT_FA_01859,0,0,leg,0,0,373,454,3,ca5414eb1ca6a52f444e2428b553c8fa,train
IMG0003722.jpg,D:\projects\MediMind\ai-prediction-service\test-dataset\Bone Facture\FracAtlas\FracAtlas\images\Non_fractured\IMG0003722.jpg,images\Non_fractured\IMG0003722.jpg,FracAtlas,PAT_FA_01861,0,0,leg,0,0,373,454,3,afc19964b583dccbb6c0e036a475eeef,train
IMG0003723.jpg,D:\projects\MediMind\ai-prediction-service\test-dataset\Bone Facture\FracAtlas\FracAtlas\images\Non_fractured\IMG0003723.jpg,images\Non_fractured\IMG0003723.jpg,FracAtlas,PAT_FA_01861,0,0,leg,0,0,454,373,3,eb6b4f0d5f084c6cbf15c5cd324c7fca,train
IMG0003724.jpg,D:\projects\MediMind\ai-prediction-service\test-dataset\Bone Facture\FracAtlas\FracAtlas\images\Non_fractured\IMG0003724.jpg,images\Non_fractured\IMG0003724.jpg,FracAtlas,PAT_FA_01862,0,0,leg,0,0,373,454,3,f16b927c5b9ce0126b7df96c13cce483,train
IMG0003725.jpg,D:\projects\MediMind\ai-prediction-service\test-dataset\Bone Facture\FracAtlas\FracAtlas\images\Non_fractured\IMG0003725.jpg,images\Non_fractured\IMG0003725.jpg,FracAtlas,PAT_FA_01862,0,0,leg,0,0,373,454,3,024681622269a2da5c286f5b188a83b1,train
IMG0003728.jpg,D:\projects\MediMind\ai-prediction-service\test-dataset\Bone Facture\FracAtlas\FracAtlas\images\Non_fractured\IMG0003728.jpg,images\Non_fractured\IMG0003728.jpg,FracAtlas,PAT_FA_01864,0,0,leg,0,1,454,373,3,2c1984dd1d8fe0c6c4362a37e156748b,train
IMG0003729.jpg,D:\projects\MediMind\ai-prediction-service\test-dataset\Bone Facture\FracAtlas\FracAtlas\images\Non_fractured\IMG0003729.jpg,images\Non_fractured\IMG0003729.jpg,FracAtlas,PAT_FA_01864,0,0,hand,0,0,373,454,3,04ffbf81917c95b17b1a1e688b5ecb97,train
IMG0003730.jpg,D:\projects\MediMind\ai-prediction-service\test-dataset\Bone Facture\FracAtlas\FracAtlas\images\Non_fractured\IMG0003730.jpg,images\Non_fractured\IMG0003730.jpg,FracAtlas,PAT_FA_01865,0,0,hand,0,0,454,373,3,ab989483432e9ac73344aea2f79da89b,train
IMG0003731.jpg,D:\projects\MediMind\ai-prediction-service\test-dataset\Bone Facture\FracAtlas\FracAtlas\images\Non_fractured\IMG0003731.jpg,images\Non_fractured\IMG0003731.jpg,FracAtlas,PAT_FA_01865,0,0,hand,0,0,373,454,3,f7253575b849f3b09ef71a2eb587f789,train
IMG0003732.jpg,D:\projects\MediMind\ai-prediction-service\test-dataset\Bone Facture\FracAtlas\FracAtlas\images\Non_fractured\IMG0003732.jpg,images\Non_fractured\IMG0003732.jpg,FracAtlas,PAT_FA_01866,0,0,hand,0,0,373,454,3,dd74d8c4083efc955eefe731efc4876c,train
IMG0003733.jpg,D:\projects\MediMind\ai-prediction-service\test-dataset\Bone Facture\FracAtlas\FracAtlas\images\Fractured\IMG0003733.jpg,images\Fractured\IMG0003733.jpg,FracAtlas,PAT_FA_01866,1,1,hand,0,0,373,454,3,ae3804d85a96f71a25fad3bfbadd5196,train
IMG0003734.jpg,D:\projects\MediMind\ai-prediction-service\test-dataset\Bone Facture\FracAtlas\FracAtlas\images\Fractured\IMG0003734.jpg,images\Fractured\IMG0003734.jpg,FracAtlas,PAT_FA_01867,1,1,hand,0,0,373,454,3,62db549d5ec3c5c821b37688e30c387c,train
IMG0003735.jpg,D:\projects\MediMind\ai-prediction-service\test-dataset\Bone Facture\FracAtlas\FracAtlas\images\Non_fractured\IMG0003735.jpg,images\Non_fractured\IMG0003735.jpg,FracAtlas,PAT_FA_01867,0,0,leg,0,0,373,454,3,2c21f4eba7dfc2b4e46faf2636b12e6d,train
IMG0003736.jpg,D:\projects\MediMind\ai-prediction-service\test-dataset\Bone Facture\FracAtlas\FracAtlas\images\Non_fractured\IMG0003736.jpg,images\Non_fractured\IMG0003736.jpg,FracAtlas,PAT_FA_01868,0,0,leg,0,0,373,454,3,2fe6a4f545e49b08288aeef914174f64,train
IMG0003737.jpg,D:\projects\MediMind\ai-prediction-service\test-dataset\Bone Facture\FracAtlas\FracAtlas\images\Non_fractured\IMG0003737.jpg,images\Non_fractured\IMG0003737.jpg,FracAtlas,PAT_FA_01868,0,0,leg,0,1,454,373,3,dbe1b5cfef2b63c3be480899078694c2,train
IMG0003738.jpg,D:\projects\MediMind\ai-prediction-service\test-dataset\Bone Facture\FracAtlas\FracAtlas\images\Non_fractured\IMG0003738.jpg,images\Non_fractured\IMG0003738.jpg,FracAtlas,PAT_FA_01869,0,0,hand,0,0,373,454,3,273f09304411bd4ff37263480265fd1c,train
IMG0003739.jpg,D:\projects\MediMind\ai-prediction-service\test-dataset\Bone Facture\FracAtlas\FracAtlas\images\Non_fractured\IMG0003739.jpg,images\Non_fractured\IMG0003739.jpg,FracAtlas,PAT_FA_01869,0,0,shoulder,0,0,373,454,3,c8082cd658a058c7f82d9b5ab9901bec,train
IMG0003742.jpg,D:\projects\MediMind\ai-prediction-service\test-dataset\Bone Facture\FracAtlas\FracAtlas\images\Non_fractured\IMG0003742.jpg,images\Non_fractured\IMG0003742.jpg,FracAtlas,PAT_FA_01871,0,0,leg,0,0,373,454,3,5f4fc1cd05559cba4f99182877f68207,train
IMG0003743.jpg,D:\projects\MediMind\ai-prediction-service\test-dataset\Bone Facture\FracAtlas\FracAtlas\images\Non_fractured\IMG0003743.jpg,images\Non_fractured\IMG0003743.jpg,FracAtlas,PAT_FA_01871,0,0,hand,0,0,373,454,3,b6168adb96f1fa6ab870dfb41bdff1e6,train
IMG0003744.jpg,D:\projects\MediMind\ai-prediction-service\test-dataset\Bone Facture\FracAtlas\FracAtlas\images\Non_fractured\IMG0003744.jpg,images\Non_fractured\IMG0003744.jpg,FracAtlas,PAT_FA_01872,0,0,shoulder,0,0,373,454,3,de20175853290e06af49be469dd94915,train
IMG0003745.jpg,D:\projects\MediMind\ai-prediction-service\test-dataset\Bone Facture\FracAtlas\FracAtlas\images\Non_fractured\IMG0003745.jpg,images\Non_fractured\IMG0003745.jpg,FracAtlas,PAT_FA_01872,0,0,leg,0,0,373,454,3,b9f43f08c66b7cb4b195b2e633144d95,train
IMG0003746.jpg,D:\projects\MediMind\ai-prediction-service\test-dataset\Bone Facture\FracAtlas\FracAtlas\images\Non_fractured\IMG0003746.jpg,images\Non_fractured\IMG0003746.jpg,FracAtlas,PAT_FA_01873,0,0,leg,0,0,373,454,3,a4b349ce8293bf7c8129d358de81bfb7,train
IMG0003747.jpg,D:\projects\MediMind\ai-prediction-service\test-dataset\Bone Facture\FracAtlas\FracAtlas\images\Non_fractured\IMG0003747.jpg,images\Non_fractured\IMG0003747.jpg,FracAtlas,PAT_FA_01873,0,0,leg,0,0,373,454,3,e9d5c2c45df58140e321ec99e5856c8c,train
IMG0003750.jpg,D:\projects\MediMind\ai-prediction-service\test-dataset\Bone Facture\FracAtlas\FracAtlas\images\Non_fractured\IMG0003750.jpg,images\Non_fractured\IMG0003750.jpg,FracAtlas,PAT_FA_01875,0,0,leg,0,0,373,454,3,031f68619c06e14e59d5bf7233d91807,train
IMG0003751.jpg,D:\projects\MediMind\ai-prediction-service\test-dataset\Bone Facture\FracAtlas\FracAtlas\images\Non_fractured\IMG0003751.jpg,images\Non_fractured\IMG0003751.jpg,FracAtlas,PAT_FA_01875,0,0,leg,0,0,373,454,3,2bae2719cbfee16ed1eb4ea129e7bc59,train
IMG0003754.jpg,D:\projects\MediMind\ai-prediction-service\test-dataset\Bone Facture\FracAtlas\FracAtlas\images\Non_fractured\IMG0003754.jpg,images\Non_fractured\IMG0003754.jpg,FracAtlas,PAT_FA_01877,0,0,hand,0,0,373,454,1,917950eb4db3a878d8332a48255dec75,train
IMG0003755.jpg,D:\projects\MediMind\ai-prediction-service\test-dataset\Bone Facture\FracAtlas\FracAtlas\images\Non_fractured\IMG0003755.jpg,images\Non_fractured\IMG0003755.jpg,FracAtlas,PAT_FA_01877,0,0,hand,0,0,373,454,3,3c7f0aea18684a5a6c373eda6b8814ed,train
IMG0003758.jpg,D:\projects\MediMind\ai-prediction-service\test-dataset\Bone Facture\FracAtlas\FracAtlas\images\Non_fractured\IMG0003758.jpg,images\Non_fractured\IMG0003758.jpg,FracAtlas,PAT_FA_01879,0,0,leg,0,0,373,454,3,9fc1788b0eb3d8c9ff11bcf90b53c94c,train
IMG0003759.jpg,D:\projects\MediMind\ai-prediction-service\test-dataset\Bone Facture\FracAtlas\FracAtlas\images\Non_fractured\IMG0003759.jpg,images\Non_fractured\IMG0003759.jpg,FracAtlas,PAT_FA_01879,0,0,leg,0,1,454,373,3,3205ab264280f07b0988ce4c111911d0,train
IMG0003764.jpg,D:\projects\MediMind\ai-prediction-service\test-dataset\Bone Facture\FracAtlas\FracAtlas\images\Non_fractured\IMG0003764.jpg,images\Non_fractured\IMG0003764.jpg,FracAtlas,PAT_FA_01882,0,0,hand,0,0,373,454,3,0ef4ac98666ffe9c7191baf7da2278a4,train
IMG0003765.jpg,D:\projects\MediMind\ai-prediction-service\test-dataset\Bone Facture\FracAtlas\FracAtlas\images\Non_fractured\IMG0003765.jpg,images\Non_fractured\IMG0003765.jpg,FracAtlas,PAT_FA_01882,0,0,hand,0,0,373,454,3,e042af94b1f8c70b0458883f648bb0c6,train
IMG0003766.jpg,D:\projects\MediMind\ai-prediction-service\test-dataset\Bone Facture\FracAtlas\FracAtlas\images\Fractured\IMG0003766.jpg,images\Fractured\IMG0003766.jpg,FracAtlas,PAT_FA_01883,1,1,leg,0,0,373,454,3,1a27478dcbde6d53bb6cf92a79f6edc2,train
IMG0003767.jpg,D:\projects\MediMind\ai-prediction-service\test-dataset\Bone Facture\FracAtlas\FracAtlas\images\Fractured\IMG0003767.jpg,images\Fractured\IMG0003767.jpg,FracAtlas,PAT_FA_01883,1,1,leg,0,0,373,454,3,8e1a21572771fb02741a98a9d2e222a1,train
IMG0003768.jpg,D:\projects\MediMind\ai-prediction-service\test-dataset\Bone Facture\FracAtlas\FracAtlas\images\Non_fractured\IMG0003768.jpg,images\Non_fractured\IMG0003768.jpg,FracAtlas,PAT_FA_01884,0,0,hand,0,0,373,454,3,4e36ace1e8cf28895f3e98b407e64acc,train
IMG0003769.jpg,D:\projects\MediMind\ai-prediction-service\test-dataset\Bone Facture\FracAtlas\FracAtlas\images\Non_fractured\IMG0003769.jpg,images\Non_fractured\IMG0003769.jpg,FracAtlas,PAT_FA_01884,0,0,hand,0,0,454,373,3,adb45bad85018b34e0d8ff42d5b305b4,train
IMG0003772.jpg,D:\projects\MediMind\ai-prediction-service\test-dataset\Bone Facture\FracAtlas\FracAtlas\images\Non_fractured\IMG0003772.jpg,images\Non_fractured\IMG0003772.jpg,FracAtlas,PAT_FA_01886,0,0,hand,0,0,373,454,3,25b91710cb4bb39b1322e2c21baf119e,train
IMG0003773.jpg,D:\projects\MediMind\ai-prediction-service\test-dataset\Bone Facture\FracAtlas\FracAtlas\images\Non_fractured\IMG0003773.jpg,images\Non_fractured\IMG0003773.jpg,FracAtlas,PAT_FA_01886,0,0,hand,0,0,454,373,3,9aace087928fa6d199327423c1401e97,train
IMG0003774.jpg,D:\projects\MediMind\ai-prediction-service\test-dataset\Bone Facture\FracAtlas\FracAtlas\images\Fractured\IMG0003774.jpg,images\Fractured\IMG0003774.jpg,FracAtlas,PAT_FA_01887,1,1,hand,0,0,373,454,3,b6554b83457c74acecdbf0fdf14b6f7d,train
IMG0003775.jpg,D:\projects\MediMind\ai-prediction-service\test-dataset\Bone Facture\FracAtlas\FracAtlas\images\Non_fractured\IMG0003775.jpg,images\Non_fractured\IMG0003775.jpg,FracAtlas,PAT_FA_01887,0,0,leg,0,0,373,454,3,d2d0fb6566d6722067f5e6136a8c16b7,train
IMG0003776.jpg,D:\projects\MediMind\ai-prediction-service\test-dataset\Bone Facture\FracAtlas\FracAtlas\images\Non_fractured\IMG0003776.jpg,images\Non_fractured\IMG0003776.jpg,FracAtlas,PAT_FA_01888,0,0,leg,0,0,454,373,3,e321d29229b43ac38d68dd432a3a9f80,train
IMG0003777.jpg,D:\projects\MediMind\ai-prediction-service\test-dataset\Bone Facture\FracAtlas\FracAtlas\images\Non_fractured\IMG0003777.jpg,images\Non_fractured\IMG0003777.jpg,FracAtlas,PAT_FA_01888,0,0,leg,0,0,373,454,3,e4a11099288b95f5453386c00bfeb233,train
IMG0003778.jpg,D:\projects\MediMind\ai-prediction-service\test-dataset\Bone Facture\FracAtlas\FracAtlas\images\Non_fractured\IMG0003778.jpg,images\Non_fractured\IMG0003778.jpg,FracAtlas,PAT_FA_01889,0,0,leg,0,0,373,454,3,207ab958e2b37140d007acf22caa8706,train
IMG0003779.jpg,D:\projects\MediMind\ai-prediction-service\test-dataset\Bone Facture\FracAtlas\FracAtlas\images\Non_fractured\IMG0003779.jpg,images\Non_fractured\IMG0003779.jpg,FracAtlas,PAT_FA_01889,0,0,leg,0,0,373,454,3,5920986a396bdd49dcf38814a079c941,train
IMG0003782.jpg,D:\projects\MediMind\ai-prediction-service\test-dataset\Bone Facture\FracAtlas\FracAtlas\images\Non_fractured\IMG0003782.jpg,images\Non_fractured\IMG0003782.jpg,FracAtlas,PAT_FA_01891,0,0,leg,0,0,454,373,3,98091875f0891f1b2569a9d1b86bba4d,train
IMG0003783.jpg,D:\projects\MediMind\ai-prediction-service\test-dataset\Bone Facture\FracAtlas\FracAtlas\images\Non_fractured\IMG0003783.jpg,images\Non_fractured\IMG0003783.jpg,FracAtlas,PAT_FA_01891,0,0,leg,0,0,373,454,3,56822bc8687fe2826e5c2769dc943307,train
IMG0003784.jpg,D:\projects\MediMind\ai-prediction-service\test-dataset\Bone Facture\FracAtlas\FracAtlas\images\Non_fractured\IMG0003784.jpg,images\Non_fractured\IMG0003784.jpg,FracAtlas,PAT_FA_01892,0,0,leg,0,0,454,373,3,28dbfd1e76199f9cb36d75112e09233d,train
IMG0003785.jpg,D:\projects\MediMind\ai-prediction-service\test-dataset\Bone Facture\FracAtlas\FracAtlas\images\Fractured\IMG0003785.jpg,images\Fractured\IMG0003785.jpg,FracAtlas,PAT_FA_01892,1,1,hand,0,0,373,454,3,0832a523482ab9d35356738de8ba5c96,train
IMG0003786.jpg,D:\projects\MediMind\ai-prediction-service\test-dataset\Bone Facture\FracAtlas\FracAtlas\images\Fractured\IMG0003786.jpg,images\Fractured\IMG0003786.jpg,FracAtlas,PAT_FA_01893,1,1,hand,0,0,373,454,3,8b27f7fabedbfd3ec1bf9b52ef51d1b8,train
IMG0003787.jpg,D:\projects\MediMind\ai-prediction-service\test-dataset\Bone Facture\FracAtlas\FracAtlas\images\Non_fractured\IMG0003787.jpg,images\Non_fractured\IMG0003787.jpg,FracAtlas,PAT_FA_01893,0,0,hand,0,0,373,454,3,74239646e0de593f1ffa2f01ca94b61d,train
IMG0003790.jpg,D:\projects\MediMind\ai-prediction-service\test-dataset\Bone Facture\FracAtlas\FracAtlas\images\Non_fractured\IMG0003790.jpg,images\Non_fractured\IMG0003790.jpg,FracAtlas,PAT_FA_01895,0,0,leg,0,0,373,454,3,08e4dfb8f5bbd435a7de8cc2a79d87ac,train
IMG0003791.jpg,D:\projects\MediMind\ai-prediction-service\test-dataset\Bone Facture\FracAtlas\FracAtlas\images\Non_fractured\IMG0003791.jpg,images\Non_fractured\IMG0003791.jpg,FracAtlas,PAT_FA_01895,0,0,leg,0,0,373,454,3,e9416544bb5f110bc9673f9d4cbab9b5,train
IMG0003794.jpg,D:\projects\MediMind\ai-prediction-service\test-dataset\Bone Facture\FracAtlas\FracAtlas\images\Non_fractured\IMG0003794.jpg,images\Non_fractured\IMG0003794.jpg,FracAtlas,PAT_FA_01897,0,0,leg,0,0,373,454,3,288c153872d71b4910a853d93b995f26,train
IMG0003795.jpg,D:\projects\MediMind\ai-prediction-service\test-dataset\Bone Facture\FracAtlas\FracAtlas\images\Non_fractured\IMG0003795.jpg,images\Non_fractured\IMG0003795.jpg,FracAtlas,PAT_FA_01897,0,0,leg,0,0,454,373,3,2b5d3d027de9689c81e694467ae4cdb6,train
IMG0003802.jpg,D:\projects\MediMind\ai-prediction-service\test-dataset\Bone Facture\FracAtlas\FracAtlas\images\Non_fractured\IMG0003802.jpg,images\Non_fractured\IMG0003802.jpg,FracAtlas,PAT_FA_01901,0,0,leg,0,0,373,454,3,97265f1ba9f0506f2cc100315b6aaa9a,train
IMG0003803.jpg,D:\projects\MediMind\ai-prediction-service\test-dataset\Bone Facture\FracAtlas\FracAtlas\images\Fractured\IMG0003803.jpg,images\Fractured\IMG0003803.jpg,FracAtlas,PAT_FA_01901,1,1,leg,0,0,373,454,3,269444bb3516542d60bad0f760022628,train
IMG0003806.jpg,D:\projects\MediMind\ai-prediction-service\test-dataset\Bone Facture\FracAtlas\FracAtlas\images\Non_fractured\IMG0003806.jpg,images\Non_fractured\IMG0003806.jpg,FracAtlas,PAT_FA_01903,0,0,leg,0,0,373,454,3,91b88bc57a774312fa18f05c33d14ceb,train
IMG0003807.jpg,D:\projects\MediMind\ai-prediction-service\test-dataset\Bone Facture\FracAtlas\FracAtlas\images\Non_fractured\IMG0003807.jpg,images\Non_fractured\IMG0003807.jpg,FracAtlas,PAT_FA_01903,0,0,hand,0,0,373,454,1,ec0a41f6e75974e6ff0f487feff027a3,train
IMG0003810.jpg,D:\projects\MediMind\ai-prediction-service\test-dataset\Bone Facture\FracAtlas\FracAtlas\images\Fractured\IMG0003810.jpg,images\Fractured\IMG0003810.jpg,FracAtlas,PAT_FA_01905,1,1,hand,0,0,454,373,3,e807adbf7b6bae36fe300dacd89af588,train
IMG0003811.jpg,D:\projects\MediMind\ai-prediction-service\test-dataset\Bone Facture\FracAtlas\FracAtlas\images\Non_fractured\IMG0003811.jpg,images\Non_fractured\IMG0003811.jpg,FracAtlas,PAT_FA_01905,0,0,hand,0,0,454,373,3,3d59364da3e783ff5a7cd48c1ca1d10f,train
IMG0003812.jpg,D:\projects\MediMind\ai-prediction-service\test-dataset\Bone Facture\FracAtlas\FracAtlas\images\Fractured\IMG0003812.jpg,images\Fractured\IMG0003812.jpg,FracAtlas,PAT_FA_01906,1,1,hand,0,0,373,454,3,69157da21e962f600d18f628f4c4c291,train
IMG0003813.jpg,D:\projects\MediMind\ai-prediction-service\test-dataset\Bone Facture\FracAtlas\FracAtlas\images\Fractured\IMG0003813.jpg,images\Fractured\IMG0003813.jpg,FracAtlas,PAT_FA_01906,1,1,hand,0,0,373,454,3,3fa2f48b54e00dcdb9747738daba97c6,train
IMG0003814.jpg,D:\projects\MediMind\ai-prediction-service\test-dataset\Bone Facture\FracAtlas\FracAtlas\images\Non_fractured\IMG0003814.jpg,images\Non_fractured\IMG0003814.jpg,FracAtlas,PAT_FA_01907,0,0,leg,0,0,373,454,3,434982f11872b43ea74ca75720d40e0b,train
IMG0003815.jpg,D:\projects\MediMind\ai-prediction-service\test-dataset\Bone Facture\FracAtlas\FracAtlas\images\Non_fractured\IMG0003815.jpg,images\Non_fractured\IMG0003815.jpg,FracAtlas,PAT_FA_01907,0,0,leg,0,0,454,373,3,ea3a1ae2527f27bf0b269b92000eb0bd,train
IMG0003816.jpg,D:\projects\MediMind\ai-prediction-service\test-dataset\Bone Facture\FracAtlas\FracAtlas\images\Non_fractured\IMG0003816.jpg,images\Non_fractured\IMG0003816.jpg,FracAtlas,PAT_FA_01908,0,0,leg,0,0,373,454,3,3b4e5e11a675ba1d5be0d73af05c17ef,train
IMG0003817.jpg,D:\projects\MediMind\ai-prediction-service\test-dataset\Bone Facture\FracAtlas\FracAtlas\images\Non_fractured\IMG0003817.jpg,images\Non_fractured\IMG0003817.jpg,FracAtlas,PAT_FA_01908,0,0,leg,0,0,373,454,3,82d2ae6bac2043430f783202c4521337,train
IMG0003822.jpg,D:\projects\MediMind\ai-prediction-service\test-dataset\Bone Facture\FracAtlas\FracAtlas\images\Non_fractured\IMG0003822.jpg,images\Non_fractured\IMG0003822.jpg,FracAtlas,PAT_FA_01911,0,0,leg,0,0,373,454,3,5b0c564bea3821045301234e915b3788,train
IMG0003823.jpg,D:\projects\MediMind\ai-prediction-service\test-dataset\Bone Facture\FracAtlas\FracAtlas\images\Non_fractured\IMG0003823.jpg,images\Non_fractured\IMG0003823.jpg,FracAtlas,PAT_FA_01911,0,0,leg,0,0,373,454,3,2c40034239ffdb11558994f2ad7c2ca2,train
IMG0003824.jpg,D:\projects\MediMind\ai-prediction-service\test-dataset\Bone Facture\FracAtlas\FracAtlas\images\Non_fractured\IMG0003824.jpg,images\Non_fractured\IMG0003824.jpg,FracAtlas,PAT_FA_01912,0,0,leg,0,0,373,454,1,819ab6ba69f4a4c678cb3a2c4fbeb1ba,train
IMG0003825.jpg,D:\projects\MediMind\ai-prediction-service\test-dataset\Bone Facture\FracAtlas\FracAtlas\images\Non_fractured\IMG0003825.jpg,images\Non_fractured\IMG0003825.jpg,FracAtlas,PAT_FA_01912,0,0,hand,0,0,373,454,3,bd1a596022a19714bb62121e03073093,train
IMG0003831.jpg,D:\projects\MediMind\ai-prediction-service\test-dataset\Bone Facture\FracAtlas\FracAtlas\images\Non_fractured\IMG0003831.jpg,images\Non_fractured\IMG0003831.jpg,FracAtlas,PAT_FA_01915,0,0,leg,0,0,373,454,3,e98b78d5201013d95c8cd1f8c5b19ad1,train
IMG0003832.jpg,D:\projects\MediMind\ai-prediction-service\test-dataset\Bone Facture\FracAtlas\FracAtlas\images\Non_fractured\IMG0003832.jpg,images\Non_fractured\IMG0003832.jpg,FracAtlas,PAT_FA_01916,0,0,leg,0,0,454,373,3,cb37658416f1217e1bc1e11eb2318d95,train
IMG0003834.jpg,D:\projects\MediMind\ai-prediction-service\test-dataset\Bone Facture\FracAtlas\FracAtlas\images\Non_fractured\IMG0003834.jpg,images\Non_fractured\IMG0003834.jpg,FracAtlas,PAT_FA_01917,0,0,leg,0,0,373,454,3,b2895745c2f88fbb85fb4043ed38fc55,train
IMG0003835.jpg,D:\projects\MediMind\ai-prediction-service\test-dataset\Bone Facture\FracAtlas\FracAtlas\images\Non_fractured\IMG0003835.jpg,images\Non_fractured\IMG0003835.jpg,FracAtlas,PAT_FA_01917,0,0,hand,0,0,373,454,3,0c268978f7c9b7310d41ab47c37e066f,train
IMG0003838.jpg,D:\projects\MediMind\ai-prediction-service\test-dataset\Bone Facture\FracAtlas\FracAtlas\images\Non_fractured\IMG0003838.jpg,images\Non_fractured\IMG0003838.jpg,FracAtlas,PAT_FA_01919,0,0,leg,0,0,373,454,3,d9b9fdd987515ee70ea56e7257d0dfb8,train
IMG0003839.jpg,D:\projects\MediMind\ai-prediction-service\test-dataset\Bone Facture\FracAtlas\FracAtlas\images\Non_fractured\IMG0003839.jpg,images\Non_fractured\IMG0003839.jpg,FracAtlas,PAT_FA_01919,0,0,leg,0,0,373,454,3,a439db508c7966a5d55aa21310eac220,train
IMG0003844.jpg,D:\projects\MediMind\ai-prediction-service\test-dataset\Bone Facture\FracAtlas\FracAtlas\images\Fractured\IMG0003844.jpg,images\Fractured\IMG0003844.jpg,FracAtlas,PAT_FA_01922,1,1,leg,0,0,373,454,3,e170cbf5a61861abb36ec234d0850139,train
IMG0003845.jpg,D:\projects\MediMind\ai-prediction-service\test-dataset\Bone Facture\FracAtlas\FracAtlas\images\Non_fractured\IMG0003845.jpg,images\Non_fractured\IMG0003845.jpg,FracAtlas,PAT_FA_01922,0,0,hand,0,0,373,454,3,85e4da99dcc44dd28451966436e82681,train
IMG0003846.jpg,D:\projects\MediMind\ai-prediction-service\test-dataset\Bone Facture\FracAtlas\FracAtlas\images\Non_fractured\IMG0003846.jpg,images\Non_fractured\IMG0003846.jpg,FracAtlas,PAT_FA_01923,0,0,hand,0,0,454,373,3,1fd82ae3b70ee0d01c67cdb266715c0e,train
IMG0003847.jpg,D:\projects\MediMind\ai-prediction-service\test-dataset\Bone Facture\FracAtlas\FracAtlas\images\Fractured\IMG0003847.jpg,images\Fractured\IMG0003847.jpg,FracAtlas,PAT_FA_01923,1,1,leg,0,0,373,454,3,b289c26f4540b1fc17bfabd0f5b1c214,train
IMG0003848.jpg,D:\projects\MediMind\ai-prediction-service\test-dataset\Bone Facture\FracAtlas\FracAtlas\images\Fractured\IMG0003848.jpg,images\Fractured\IMG0003848.jpg,FracAtlas,PAT_FA_01924,1,1,leg,0,0,373,454,3,4571683f80ca4c627cebfd3fab4f7611,train
IMG0003849.jpg,D:\projects\MediMind\ai-prediction-service\test-dataset\Bone Facture\FracAtlas\FracAtlas\images\Non_fractured\IMG0003849.jpg,images\Non_fractured\IMG0003849.jpg,FracAtlas,PAT_FA_01924,0,0,leg,0,0,373,454,3,239f1f175c43c369e72dd0d74c91d400,train
IMG0003851.jpg,D:\projects\MediMind\ai-prediction-service\test-dataset\Bone Facture\FracAtlas\FracAtlas\images\Fractured\IMG0003851.jpg,images\Fractured\IMG0003851.jpg,FracAtlas,PAT_FA_01925,1,1,leg,0,0,373,454,3,f26d93409b1a6e04e36233f65d727390,train
IMG0003852.jpg,D:\projects\MediMind\ai-prediction-service\test-dataset\Bone Facture\FracAtlas\FracAtlas\images\Fractured\IMG0003852.jpg,images\Fractured\IMG0003852.jpg,FracAtlas,PAT_FA_01926,1,1,leg,0,0,373,454,3,1b58eeac32bc5f269f45bb31f59b0b00,train
IMG0003853.jpg,D:\projects\MediMind\ai-prediction-service\test-dataset\Bone Facture\FracAtlas\FracAtlas\images\Non_fractured\IMG0003853.jpg,images\Non_fractured\IMG0003853.jpg,FracAtlas,PAT_FA_01926,0,0,leg,0,0,373,454,3,82eb9312a3aa3b001328204bfe6eaba2,train
IMG0003854.jpg,D:\projects\MediMind\ai-prediction-service\test-dataset\Bone Facture\FracAtlas\FracAtlas\images\Non_fractured\IMG0003854.jpg,images\Non_fractured\IMG0003854.jpg,FracAtlas,PAT_FA_01927,0,0,leg,0,0,373,454,3,8470bf6060fdeccd2ab49e4d3badd072,train
IMG0003855.jpg,D:\projects\MediMind\ai-prediction-service\test-dataset\Bone Facture\FracAtlas\FracAtlas\images\Non_fractured\IMG0003855.jpg,images\Non_fractured\IMG0003855.jpg,FracAtlas,PAT_FA_01927,0,0,leg,0,0,373,454,3,767113d9dbdd82f12f11bd27edd363e7,train
IMG0003863.jpg,D:\projects\MediMind\ai-prediction-service\test-dataset\Bone Facture\FracAtlas\FracAtlas\images\Non_fractured\IMG0003863.jpg,images\Non_fractured\IMG0003863.jpg,FracAtlas,PAT_FA_01931,0,0,leg,0,0,373,454,3,2f55e85821ad8aa25ee0c2e8528ca12f,train
IMG0003864.jpg,D:\projects\MediMind\ai-prediction-service\test-dataset\Bone Facture\FracAtlas\FracAtlas\images\Non_fractured\IMG0003864.jpg,images\Non_fractured\IMG0003864.jpg,FracAtlas,PAT_FA_01932,0,0,leg,0,0,373,454,3,eb4d2a08ba9d156ed71713486307a4bc,train
IMG0003865.jpg,D:\projects\MediMind\ai-prediction-service\test-dataset\Bone Facture\FracAtlas\FracAtlas\images\Non_fractured\IMG0003865.jpg,images\Non_fractured\IMG0003865.jpg,FracAtlas,PAT_FA_01932,0,0,hand,0,0,373,454,3,e4f45c4110aa7613a9d81725bd6b5a8b,train
IMG0003868.jpg,D:\projects\MediMind\ai-prediction-service\test-dataset\Bone Facture\FracAtlas\FracAtlas\images\Non_fractured\IMG0003868.jpg,images\Non_fractured\IMG0003868.jpg,FracAtlas,PAT_FA_01934,0,0,hand,0,0,373,454,3,8fabf9a3e9231f25ea5fa1c4992d6404,train
IMG0003870.jpg,D:\projects\MediMind\ai-prediction-service\test-dataset\Bone Facture\FracAtlas\FracAtlas\images\Fractured\IMG0003870.jpg,images\Fractured\IMG0003870.jpg,FracAtlas,PAT_FA_01935,1,1,hand,0,0,373,454,3,5c42b0532341d516220e7dbaf2a7f710,train
IMG0003871.jpg,D:\projects\MediMind\ai-prediction-service\test-dataset\Bone Facture\FracAtlas\FracAtlas\images\Fractured\IMG0003871.jpg,images\Fractured\IMG0003871.jpg,FracAtlas,PAT_FA_01935,1,1,hand,0,0,373,454,3,4c1394de37ebeda993e233600106a7dd,train
IMG0003876.jpg,D:\projects\MediMind\ai-prediction-service\test-dataset\Bone Facture\FracAtlas\FracAtlas\images\Non_fractured\IMG0003876.jpg,images\Non_fractured\IMG0003876.jpg,FracAtlas,PAT_FA_01938,0,0,hand,0,0,373,454,3,a898558bd444862bf0a1bb4a6b3ece7a,train
IMG0003880.jpg,D:\projects\MediMind\ai-prediction-service\test-dataset\Bone Facture\FracAtlas\FracAtlas\images\Non_fractured\IMG0003880.jpg,images\Non_fractured\IMG0003880.jpg,FracAtlas,PAT_FA_01940,0,0,hand,0,0,373,454,3,d84ac5e41bec52bf8d652002c1bdc34e,train
IMG0003881.jpg,D:\projects\MediMind\ai-prediction-service\test-dataset\Bone Facture\FracAtlas\FracAtlas\images\Non_fractured\IMG0003881.jpg,images\Non_fractured\IMG0003881.jpg,FracAtlas,PAT_FA_01940,0,0,hand,0,0,373,454,3,c475f316b2af63e0ec26067f19d974c8,train
IMG0003884.jpg,D:\projects\MediMind\ai-prediction-service\test-dataset\Bone Facture\FracAtlas\FracAtlas\images\Non_fractured\IMG0003884.jpg,images\Non_fractured\IMG0003884.jpg,FracAtlas,PAT_FA_01942,0,0,hand,0,0,373,454,3,4cdb5e6c91782fbdd5c75f3520271e7f,train
IMG0003891.jpg,D:\projects\MediMind\ai-prediction-service\test-dataset\Bone Facture\FracAtlas\FracAtlas\images\Non_fractured\IMG0003891.jpg,images\Non_fractured\IMG0003891.jpg,FracAtlas,PAT_FA_01945,0,0,hand,0,0,454,373,3,2e3d3eb556d2555c52904202e4078fd9,train
IMG0003892.jpg,D:\projects\MediMind\ai-prediction-service\test-dataset\Bone Facture\FracAtlas\FracAtlas\images\Fractured\IMG0003892.jpg,images\Fractured\IMG0003892.jpg,FracAtlas,PAT_FA_01946,1,1,leg,0,0,373,454,3,8b5fb4611534cdef53e9d3663fa36f01,train
IMG0003893.jpg,D:\projects\MediMind\ai-prediction-service\test-dataset\Bone Facture\FracAtlas\FracAtlas\images\Fractured\IMG0003893.jpg,images\Fractured\IMG0003893.jpg,FracAtlas,PAT_FA_01946,1,1,leg,0,0,373,454,3,67ecf78a3b5fc17cfd5eadfb9b228bbd,train
IMG0003903.jpg,D:\projects\MediMind\ai-prediction-service\test-dataset\Bone Facture\FracAtlas\FracAtlas\images\Non_fractured\IMG0003903.jpg,images\Non_fractured\IMG0003903.jpg,FracAtlas,PAT_FA_01951,0,0,hand,0,0,373,454,3,75c7b826c6bedc92b6c6f22c62d03f3e,train
IMG0003904.jpg,D:\projects\MediMind\ai-prediction-service\test-dataset\Bone Facture\FracAtlas\FracAtlas\images\Non_fractured\IMG0003904.jpg,images\Non_fractured\IMG0003904.jpg,FracAtlas,PAT_FA_01952,0,0,shoulder,0,0,373,454,3,dce1bdf04aa38e712a97cf8ce52e052a,train
IMG0003905.jpg,D:\projects\MediMind\ai-prediction-service\test-dataset\Bone Facture\FracAtlas\FracAtlas\images\Fractured\IMG0003905.jpg,images\Fractured\IMG0003905.jpg,FracAtlas,PAT_FA_01952,1,1,hand,0,0,373,454,3,27cc1be045da428e1f0d52742bfa4ba4,train
IMG0003911.jpg,D:\projects\MediMind\ai-prediction-service\test-dataset\Bone Facture\FracAtlas\FracAtlas\images\Non_fractured\IMG0003911.jpg,images\Non_fractured\IMG0003911.jpg,FracAtlas,PAT_FA_01955,0,0,leg,0,0,373,454,3,f0208b181148186d9e5230997e8f4313,train
IMG0003912.jpg,D:\projects\MediMind\ai-prediction-service\test-dataset\Bone Facture\FracAtlas\FracAtlas\images\Non_fractured\IMG0003912.jpg,images\Non_fractured\IMG0003912.jpg,FracAtlas,PAT_FA_01956,0,0,leg,0,0,373,454,3,b20d40c4820db362baddbffa325eca59,train
IMG0003913.jpg,D:\projects\MediMind\ai-prediction-service\test-dataset\Bone Facture\FracAtlas\FracAtlas\images\Non_fractured\IMG0003913.jpg,images\Non_fractured\IMG0003913.jpg,FracAtlas,PAT_FA_01956,0,0,hip,0,0,454,373,3,0cf1256d1a960daca53caeac72b802bb,train
IMG0003914.jpg,D:\projects\MediMind\ai-prediction-service\test-dataset\Bone Facture\FracAtlas\FracAtlas\images\Non_fractured\IMG0003914.jpg,images\Non_fractured\IMG0003914.jpg,FracAtlas,PAT_FA_01957,0,0,hand,0,0,373,454,3,11cfd939ec2c3598311635c96ce3f093,train
IMG0003915.jpg,D:\projects\MediMind\ai-prediction-service\test-dataset\Bone Facture\FracAtlas\FracAtlas\images\Non_fractured\IMG0003915.jpg,images\Non_fractured\IMG0003915.jpg,FracAtlas,PAT_FA_01957,0,0,hand,0,0,454,373,3,6f0f4d70a8cc4ba6d184f02231f26e6b,train
IMG0003916.jpg,D:\projects\MediMind\ai-prediction-service\test-dataset\Bone Facture\FracAtlas\FracAtlas\images\Non_fractured\IMG0003916.jpg,images\Non_fractured\IMG0003916.jpg,FracAtlas,PAT_FA_01958,0,0,hand,0,0,373,454,3,4223d76d4da54c985cba8932ccd0cca8,train
IMG0003917.jpg,D:\projects\MediMind\ai-prediction-service\test-dataset\Bone Facture\FracAtlas\FracAtlas\images\Non_fractured\IMG0003917.jpg,images\Non_fractured\IMG0003917.jpg,FracAtlas,PAT_FA_01958,0,0,hand,0,0,373,454,3,21a7ef947f2e5f5c0d22f553330eef73,train
IMG0003918.jpg,D:\projects\MediMind\ai-prediction-service\test-dataset\Bone Facture\FracAtlas\FracAtlas\images\Non_fractured\IMG0003918.jpg,images\Non_fractured\IMG0003918.jpg,FracAtlas,PAT_FA_01959,0,0,hand,0,0,454,373,3,fef38dcf0afd42c25c541ca319c89739,train
IMG0003919.jpg,D:\projects\MediMind\ai-prediction-service\test-dataset\Bone Facture\FracAtlas\FracAtlas\images\Non_fractured\IMG0003919.jpg,images\Non_fractured\IMG0003919.jpg,FracAtlas,PAT_FA_01959,0,0,hand,0,0,454,373,3,0662c9e4e636b54de0cff5278a0b4c13,train
IMG0003922.jpg,D:\projects\MediMind\ai-prediction-service\test-dataset\Bone Facture\FracAtlas\FracAtlas\images\Non_fractured\IMG0003922.jpg,images\Non_fractured\IMG0003922.jpg,FracAtlas,PAT_FA_01961,0,0,hand,0,0,373,454,3,33e1152db3e17123bce03faf9823bf9c,train
IMG0003923.jpg,D:\projects\MediMind\ai-prediction-service\test-dataset\Bone Facture\FracAtlas\FracAtlas\images\Non_fractured\IMG0003923.jpg,images\Non_fractured\IMG0003923.jpg,FracAtlas,PAT_FA_01961,0,0,hand,0,0,373,454,3,be25d763883e83330c6e828e2d11a7d0,train
IMG0003924.jpg,D:\projects\MediMind\ai-prediction-service\test-dataset\Bone Facture\FracAtlas\FracAtlas\images\Fractured\IMG0003924.jpg,images\Fractured\IMG0003924.jpg,FracAtlas,PAT_FA_01962,1,1,leg,0,0,373,454,3,7ecb0eb5fb0b806cb060ffefea66bf1f,train
IMG0003925.jpg,D:\projects\MediMind\ai-prediction-service\test-dataset\Bone Facture\FracAtlas\FracAtlas\images\Fractured\IMG0003925.jpg,images\Fractured\IMG0003925.jpg,FracAtlas,PAT_FA_01962,1,1,leg,0,0,373,454,3,c1fb83085626ab0c9fa1508ae05ab3df,train
IMG0003926.jpg,D:\projects\MediMind\ai-prediction-service\test-dataset\Bone Facture\FracAtlas\FracAtlas\images\Fractured\IMG0003926.jpg,images\Fractured\IMG0003926.jpg,FracAtlas,PAT_FA_01963,1,1,hand,0,0,373,454,3,00ced8b25cd32c2bc8c3d72067e914ad,train
IMG0003927.jpg,D:\projects\MediMind\ai-prediction-service\test-dataset\Bone Facture\FracAtlas\FracAtlas\images\Fractured\IMG0003927.jpg,images\Fractured\IMG0003927.jpg,FracAtlas,PAT_FA_01963,1,1,hand,0,0,373,454,3,93e92d09aee4e5da82811636473719d0,train
IMG0003928.jpg,D:\projects\MediMind\ai-prediction-service\test-dataset\Bone Facture\FracAtlas\FracAtlas\images\Non_fractured\IMG0003928.jpg,images\Non_fractured\IMG0003928.jpg,FracAtlas,PAT_FA_01964,0,0,leg,0,0,373,454,3,7d0ab4861dea88bc27b0dc9dc98735f9,train
IMG0003929.jpg,D:\projects\MediMind\ai-prediction-service\test-dataset\Bone Facture\FracAtlas\FracAtlas\images\Non_fractured\IMG0003929.jpg,images\Non_fractured\IMG0003929.jpg,FracAtlas,PAT_FA_01964,0,0,leg,0,0,373,454,3,96d7d22e1e86627d1e33fd51b3a77c6b,train
IMG0003930.jpg,D:\projects\MediMind\ai-prediction-service\test-dataset\Bone Facture\FracAtlas\FracAtlas\images\Non_fractured\IMG0003930.jpg,images\Non_fractured\IMG0003930.jpg,FracAtlas,PAT_FA_01965,0,0,hand,0,0,373,454,3,08830dc328c06a0dcc902fd4e492dfeb,train
IMG0003931.jpg,D:\projects\MediMind\ai-prediction-service\test-dataset\Bone Facture\FracAtlas\FracAtlas\images\Non_fractured\IMG0003931.jpg,images\Non_fractured\IMG0003931.jpg,FracAtlas,PAT_FA_01965,0,0,hand,0,0,454,373,3,cd5080ee26aa6cda90f301532c667039,train
IMG0003932.jpg,D:\projects\MediMind\ai-prediction-service\test-dataset\Bone Facture\FracAtlas\FracAtlas\images\Fractured\IMG0003932.jpg,images\Fractured\IMG0003932.jpg,FracAtlas,PAT_FA_01966,1,1,leg,0,0,373,454,3,4b4cda6cb8b948d3edd6c3c4a8812a82,train
IMG0003934.jpg,D:\projects\MediMind\ai-prediction-service\test-dataset\Bone Facture\FracAtlas\FracAtlas\images\Non_fractured\IMG0003934.jpg,images\Non_fractured\IMG0003934.jpg,FracAtlas,PAT_FA_01967,0,0,hand,0,0,373,454,3,b5ff2159f2268590e7c98c40ba25acca,train
IMG0003940.jpg,D:\projects\MediMind\ai-prediction-service\test-dataset\Bone Facture\FracAtlas\FracAtlas\images\Non_fractured\IMG0003940.jpg,images\Non_fractured\IMG0003940.jpg,FracAtlas,PAT_FA_01970,0,0,leg,0,0,373,454,3,ac8f37153d57f5135221fbee369c4fb0,train
IMG0003941.jpg,D:\projects\MediMind\ai-prediction-service\test-dataset\Bone Facture\FracAtlas\FracAtlas\images\Non_fractured\IMG0003941.jpg,images\Non_fractured\IMG0003941.jpg,FracAtlas,PAT_FA_01970,0,0,leg,0,0,373,454,3,4aad712d135bc314f787592f20fd2dfe,train
IMG0003946.jpg,D:\projects\MediMind\ai-prediction-service\test-dataset\Bone Facture\FracAtlas\FracAtlas\images\Non_fractured\IMG0003946.jpg,images\Non_fractured\IMG0003946.jpg,FracAtlas,PAT_FA_01973,0,0,leg,0,0,373,454,3,ef704041b66e45d17e9adafcf73a4d1c,train
IMG0003947.jpg,D:\projects\MediMind\ai-prediction-service\test-dataset\Bone Facture\FracAtlas\FracAtlas\images\Non_fractured\IMG0003947.jpg,images\Non_fractured\IMG0003947.jpg,FracAtlas,PAT_FA_01973,0,0,leg,0,0,373,454,3,e9ca48ccecea86a5288446c552cd56f9,train
IMG0003948.jpg,D:\projects\MediMind\ai-prediction-service\test-dataset\Bone Facture\FracAtlas\FracAtlas\images\Non_fractured\IMG0003948.jpg,images\Non_fractured\IMG0003948.jpg,FracAtlas,PAT_FA_01974,0,0,leg,0,0,373,454,3,fdba8549e145f347377b1e852cae2385,train
IMG0003949.jpg,D:\projects\MediMind\ai-prediction-service\test-dataset\Bone Facture\FracAtlas\FracAtlas\images\Non_fractured\IMG0003949.jpg,images\Non_fractured\IMG0003949.jpg,FracAtlas,PAT_FA_01974,0,0,leg,0,0,373,454,3,3d9586420afeb73f8cd4dcbe22904569,train
IMG0003950.jpg,D:\projects\MediMind\ai-prediction-service\test-dataset\Bone Facture\FracAtlas\FracAtlas\images\Non_fractured\IMG0003950.jpg,images\Non_fractured\IMG0003950.jpg,FracAtlas,PAT_FA_01975,0,0,hand,0,0,373,454,3,eb3c262aee768296523312e8749f7477,train
IMG0003951.jpg,D:\projects\MediMind\ai-prediction-service\test-dataset\Bone Facture\FracAtlas\FracAtlas\images\Non_fractured\IMG0003951.jpg,images\Non_fractured\IMG0003951.jpg,FracAtlas,PAT_FA_01975,0,0,hand,0,0,373,454,3,98a91de4e4c30b63912dd464e6360b6c,train
IMG0003954.jpg,D:\projects\MediMind\ai-prediction-service\test-dataset\Bone Facture\FracAtlas\FracAtlas\images\Fractured\IMG0003954.jpg,images\Fractured\IMG0003954.jpg,FracAtlas,PAT_FA_01977,1,1,leg,0,0,373,454,3,56dbce11c905469c6c4e644d785af407,train
IMG0003955.jpg,D:\projects\MediMind\ai-prediction-service\test-dataset\Bone Facture\FracAtlas\FracAtlas\images\Fractured\IMG0003955.jpg,images\Fractured\IMG0003955.jpg,FracAtlas,PAT_FA_01977,1,1,leg,0,0,373,454,3,3d358628d66d6fadc74c5af83ea70f72,train
IMG0003958.jpg,D:\projects\MediMind\ai-prediction-service\test-dataset\Bone Facture\FracAtlas\FracAtlas\images\Non_fractured\IMG0003958.jpg,images\Non_fractured\IMG0003958.jpg,FracAtlas,PAT_FA_01979,0,0,hand,0,0,373,454,3,519dbc87073b0b13dea56133e49c3cab,train
IMG0003959.jpg,D:\projects\MediMind\ai-prediction-service\test-dataset\Bone Facture\FracAtlas\FracAtlas\images\Non_fractured\IMG0003959.jpg,images\Non_fractured\IMG0003959.jpg,FracAtlas,PAT_FA_01979,0,0,hand,0,0,373,454,3,fb52f2738f9ced2cb611b212a6da8f44,train
IMG0003964.jpg,D:\projects\MediMind\ai-prediction-service\test-dataset\Bone Facture\FracAtlas\FracAtlas\images\Non_fractured\IMG0003964.jpg,images\Non_fractured\IMG0003964.jpg,FracAtlas,PAT_FA_01982,0,0,hand,0,0,373,454,3,aefc3ab9be57afd74d966f1c2481af07,train
IMG0003970.jpg,D:\projects\MediMind\ai-prediction-service\test-dataset\Bone Facture\FracAtlas\FracAtlas\images\Non_fractured\IMG0003970.jpg,images\Non_fractured\IMG0003970.jpg,FracAtlas,PAT_FA_01985,0,0,leg,0,0,373,454,3,4db30ebad5292e853c614006644f9694,train
IMG0003971.jpg,D:\projects\MediMind\ai-prediction-service\test-dataset\Bone Facture\FracAtlas\FracAtlas\images\Non_fractured\IMG0003971.jpg,images\Non_fractured\IMG0003971.jpg,FracAtlas,PAT_FA_01985,0,0,leg,0,0,373,454,3,5ff31bdaf4f60e2128cb8d6926838640,train
IMG0003984.jpg,D:\projects\MediMind\ai-prediction-service\test-dataset\Bone Facture\FracAtlas\FracAtlas\images\Non_fractured\IMG0003984.jpg,images\Non_fractured\IMG0003984.jpg,FracAtlas,PAT_FA_01992,0,0,hand,0,0,454,373,3,d9e776e486157318419853c0844fc452,train
IMG0003985.jpg,D:\projects\MediMind\ai-prediction-service\test-dataset\Bone Facture\FracAtlas\FracAtlas\images\Non_fractured\IMG0003985.jpg,images\Non_fractured\IMG0003985.jpg,FracAtlas,PAT_FA_01992,0,0,hand,0,0,454,373,3,07fbfca213e15030ab0d4d102b2ddb2d,train
IMG0003986.jpg,D:\projects\MediMind\ai-prediction-service\test-dataset\Bone Facture\FracAtlas\FracAtlas\images\Non_fractured\IMG0003986.jpg,images\Non_fractured\IMG0003986.jpg,FracAtlas,PAT_FA_01993,0,0,hand,0,0,373,454,3,0a13b8681cb89855658811efcc479598,train
IMG0003987.jpg,D:\projects\MediMind\ai-prediction-service\test-dataset\Bone Facture\FracAtlas\FracAtlas\images\Non_fractured\IMG0003987.jpg,images\Non_fractured\IMG0003987.jpg,FracAtlas,PAT_FA_01993,0,0,leg,0,0,373,454,3,d0652f4fc68f819c027ae1810848f9e8,train
IMG0003991.jpg,D:\projects\MediMind\ai-prediction-service\test-dataset\Bone Facture\FracAtlas\FracAtlas\images\Non_fractured\IMG0003991.jpg,images\Non_fractured\IMG0003991.jpg,FracAtlas,PAT_FA_01995,0,0,hand,0,0,373,454,3,8566db4716884b94d7ca08b127739bda,train
IMG0003998.jpg,D:\projects\MediMind\ai-prediction-service\test-dataset\Bone Facture\FracAtlas\FracAtlas\images\Non_fractured\IMG0003998.jpg,images\Non_fractured\IMG0003998.jpg,FracAtlas,PAT_FA_01999,0,0,hand,0,0,373,454,3,6fa80ec8462c692085f57d6052aa9965,train
IMG0003999.jpg,D:\projects\MediMind\ai-prediction-service\test-dataset\Bone Facture\FracAtlas\FracAtlas\images\Non_fractured\IMG0003999.jpg,images\Non_fractured\IMG0003999.jpg,FracAtlas,PAT_FA_01999,0,0,hand,0,0,373,454,3,8aa5f18695ca7378c21d7d152a01cefc,train
IMG0004002.jpg,D:\projects\MediMind\ai-prediction-service\test-dataset\Bone Facture\FracAtlas\FracAtlas\images\Non_fractured\IMG0004002.jpg,images\Non_fractured\IMG0004002.jpg,FracAtlas,PAT_FA_02001,0,0,hand,0,0,454,373,1,c7e7b1f5e3c4d588fc61bf2d9e6af0ba,train
IMG0004003.jpg,D:\projects\MediMind\ai-prediction-service\test-dataset\Bone Facture\FracAtlas\FracAtlas\images\Non_fractured\IMG0004003.jpg,images\Non_fractured\IMG0004003.jpg,FracAtlas,PAT_FA_02001,0,0,hand,0,0,454,373,3,b821bbc41fa04fe282d1c6f6b933e075,train
IMG0004007.jpg,D:\projects\MediMind\ai-prediction-service\test-dataset\Bone Facture\FracAtlas\FracAtlas\images\Fractured\IMG0004007.jpg,images\Fractured\IMG0004007.jpg,FracAtlas,PAT_FA_02003,1,1,leg,0,0,373,454,3,0f862046323bf1d29862c21ada395c2c,train
IMG0004008.jpg,D:\projects\MediMind\ai-prediction-service\test-dataset\Bone Facture\FracAtlas\FracAtlas\images\Fractured\IMG0004008.jpg,images\Fractured\IMG0004008.jpg,FracAtlas,PAT_FA_02004,1,1,leg,0,0,373,454,3,abca539d37cb56206248de01380348d9,train
IMG0004009.jpg,D:\projects\MediMind\ai-prediction-service\test-dataset\Bone Facture\FracAtlas\FracAtlas\images\Fractured\IMG0004009.jpg,images\Fractured\IMG0004009.jpg,FracAtlas,PAT_FA_02004,1,1,hand,0,0,373,454,3,a1f5ae4148d7c40e9481435deca95c00,train
IMG0004012.jpg,D:\projects\MediMind\ai-prediction-service\test-dataset\Bone Facture\FracAtlas\FracAtlas\images\Non_fractured\IMG0004012.jpg,images\Non_fractured\IMG0004012.jpg,FracAtlas,PAT_FA_02006,0,0,hand,0,0,454,373,3,d1868f98e245fbfc99e7c19dc31408c3,train
IMG0004016.jpg,D:\projects\MediMind\ai-prediction-service\test-dataset\Bone Facture\FracAtlas\FracAtlas\images\Non_fractured\IMG0004016.jpg,images\Non_fractured\IMG0004016.jpg,FracAtlas,PAT_FA_02008,0,0,hand,0,0,454,373,3,566a0c4f6ec563a8f584febe05c97481,train
IMG0004017.jpg,D:\projects\MediMind\ai-prediction-service\test-dataset\Bone Facture\FracAtlas\FracAtlas\images\Non_fractured\IMG0004017.jpg,images\Non_fractured\IMG0004017.jpg,FracAtlas,PAT_FA_02008,0,0,hand,0,0,373,454,3,20fb4beb1547f89ccd5fc67ccd95cbc9,train
IMG0004018.jpg,D:\projects\MediMind\ai-prediction-service\test-dataset\Bone Facture\FracAtlas\FracAtlas\images\Non_fractured\IMG0004018.jpg,images\Non_fractured\IMG0004018.jpg,FracAtlas,PAT_FA_02009,0,0,hand,0,0,373,454,3,55c05c434d4b2ff6eb0588d8c6649378,train
IMG0004019.jpg,D:\projects\MediMind\ai-prediction-service\test-dataset\Bone Facture\FracAtlas\FracAtlas\images\Non_fractured\IMG0004019.jpg,images\Non_fractured\IMG0004019.jpg,FracAtlas,PAT_FA_02009,0,0,leg,0,0,373,454,3,cd28ed928a29c1844b9b7c1b758dc517,train
IMG0004020.jpg,D:\projects\MediMind\ai-prediction-service\test-dataset\Bone Facture\FracAtlas\FracAtlas\images\Non_fractured\IMG0004020.jpg,images\Non_fractured\IMG0004020.jpg,FracAtlas,PAT_FA_02010,0,0,leg,0,0,373,454,3,4e1e892d130028bab58231a37ab7e4d6,train
IMG0004021.jpg,D:\projects\MediMind\ai-prediction-service\test-dataset\Bone Facture\FracAtlas\FracAtlas\images\Non_fractured\IMG0004021.jpg,images\Non_fractured\IMG0004021.jpg,FracAtlas,PAT_FA_02010,0,0,hand,0,0,373,454,3,a27c7b8030c3284350b130494dcedbc2,train
IMG0004027.jpg,D:\projects\MediMind\ai-prediction-service\test-dataset\Bone Facture\FracAtlas\FracAtlas\images\Non_fractured\IMG0004027.jpg,images\Non_fractured\IMG0004027.jpg,FracAtlas,PAT_FA_02013,0,0,leg,0,0,373,454,3,1efc236679f735ccc88b7d6e9a4ccf2f,train
IMG0004028.jpg,D:\projects\MediMind\ai-prediction-service\test-dataset\Bone Facture\FracAtlas\FracAtlas\images\Non_fractured\IMG0004028.jpg,images\Non_fractured\IMG0004028.jpg,FracAtlas,PAT_FA_02014,0,0,leg,0,0,373,454,3,28fd09a73b8ad34380f35c21e41d8b20,train
IMG0004029.jpg,D:\projects\MediMind\ai-prediction-service\test-dataset\Bone Facture\FracAtlas\FracAtlas\images\Non_fractured\IMG0004029.jpg,images\Non_fractured\IMG0004029.jpg,FracAtlas,PAT_FA_02014,0,0,leg,0,0,373,454,3,f2f7152454a5b8caa92312eacc136e94,train
IMG0004044.jpg,D:\projects\MediMind\ai-prediction-service\test-dataset\Bone Facture\FracAtlas\FracAtlas\images\Fractured\IMG0004044.jpg,images\Fractured\IMG0004044.jpg,FracAtlas,PAT_FA_02022,1,1,hand,0,0,373,454,1,0d095f73a3aa9b355bb7d3734b2afe27,train
IMG0004045.jpg,D:\projects\MediMind\ai-prediction-service\test-dataset\Bone Facture\FracAtlas\FracAtlas\images\Fractured\IMG0004045.jpg,images\Fractured\IMG0004045.jpg,FracAtlas,PAT_FA_02022,1,1,hand,0,0,373,454,3,5a4b7d0f4ee6f78d4958ab51e2300d77,train
IMG0004065.jpg,D:\projects\MediMind\ai-prediction-service\test-dataset\Bone Facture\FracAtlas\FracAtlas\images\Non_fractured\IMG0004065.jpg,images\Non_fractured\IMG0004065.jpg,FracAtlas,PAT_FA_02032,0,0,hand,0,0,454,373,3,8ff2b60b52ed68615ed0614865562332,train
IMG0004067.jpg,D:\projects\MediMind\ai-prediction-service\test-dataset\Bone Facture\FracAtlas\FracAtlas\images\Fractured\IMG0004067.jpg,images\Fractured\IMG0004067.jpg,FracAtlas,PAT_FA_02033,1,1,hand,0,0,373,454,3,ec29807167b823062849553ffd1d5d73,train
IMG0004068.jpg,D:\projects\MediMind\ai-prediction-service\test-dataset\Bone Facture\FracAtlas\FracAtlas\images\Fractured\IMG0004068.jpg,images\Fractured\IMG0004068.jpg,FracAtlas,PAT_FA_02034,1,1,hand,0,0,373,454,3,883439fcd0af6be45b8c1049049b754c,train
IMG0004070.jpg,D:\projects\MediMind\ai-prediction-service\test-dataset\Bone Facture\FracAtlas\FracAtlas\images\Non_fractured\IMG0004070.jpg,images\Non_fractured\IMG0004070.jpg,FracAtlas,PAT_FA_02035,0,0,hand,0,0,373,454,3,1747ce9eae87344e95d520b93fa84dc9,train
IMG0004071.jpg,D:\projects\MediMind\ai-prediction-service\test-dataset\Bone Facture\FracAtlas\FracAtlas\images\Fractured\IMG0004071.jpg,images\Fractured\IMG0004071.jpg,FracAtlas,PAT_FA_02035,1,1,hand,0,0,454,373,3,bc5c4bfe538c15c3a13682f9c5c22739,train
IMG0004072.jpg,D:\projects\MediMind\ai-prediction-service\test-dataset\Bone Facture\FracAtlas\FracAtlas\images\Fractured\IMG0004072.jpg,images\Fractured\IMG0004072.jpg,FracAtlas,PAT_FA_02036,1,1,hand,0,0,454,373,3,e9cf44ac1a007c3d6369b29c1ddcf2cd,train
IMG0004073.jpg,D:\projects\MediMind\ai-prediction-service\test-dataset\Bone Facture\FracAtlas\FracAtlas\images\Non_fractured\IMG0004073.jpg,images\Non_fractured\IMG0004073.jpg,FracAtlas,PAT_FA_02036,0,0,hand,0,0,373,454,3,e26ea1413c1c9d8c0c2b44959f11aada,train
IMG0004075.jpg,D:\projects\MediMind\ai-prediction-service\test-dataset\Bone Facture\FracAtlas\FracAtlas\images\Non_fractured\IMG0004075.jpg,images\Non_fractured\IMG0004075.jpg,FracAtlas,PAT_FA_02037,0,0,hand,0,0,373,454,3,2c78f835d932be0853754eb1a4582fcf,train
IMG0004076.jpg,D:\projects\MediMind\ai-prediction-service\test-dataset\Bone Facture\FracAtlas\FracAtlas\images\Non_fractured\IMG0004076.jpg,images\Non_fractured\IMG0004076.jpg,FracAtlas,PAT_FA_02038,0,0,leg,0,0,373,454,3,f985a739a62e10e65cf7f3a6bc84a668,train
IMG0004079.jpg,D:\projects\MediMind\ai-prediction-service\test-dataset\Bone Facture\FracAtlas\FracAtlas\images\Non_fractured\IMG0004079.jpg,images\Non_fractured\IMG0004079.jpg,FracAtlas,PAT_FA_02039,0,0,shoulder,0,0,373,454,3,0b10ebc1f8697096c99cc592e2d97185,train
IMG0004084.jpg,D:\projects\MediMind\ai-prediction-service\test-dataset\Bone Facture\FracAtlas\FracAtlas\images\Non_fractured\IMG0004084.jpg,images\Non_fractured\IMG0004084.jpg,FracAtlas,PAT_FA_02042,0,0,shoulder,0,0,373,454,3,06ed934aa03d75d013e7cf593e44d247,train
IMG0004087.jpg,D:\projects\MediMind\ai-prediction-service\test-dataset\Bone Facture\FracAtlas\FracAtlas\images\Non_fractured\IMG0004087.jpg,images\Non_fractured\IMG0004087.jpg,FracAtlas,PAT_FA_02043,0,0,leg,0,0,373,454,3,2f691f350757cbe4458e9dc2c50590af,train
IMG0004092.jpg,D:\projects\MediMind\ai-prediction-service\test-dataset\Bone Facture\FracAtlas\FracAtlas\images\Non_fractured\IMG0004092.jpg,images\Non_fractured\IMG0004092.jpg,FracAtlas,PAT_FA_02046,0,0,leg,0,0,454,373,3,2bebf027db573fe1efa653ceb224d272,train
IMG0004094.jpg,D:\projects\MediMind\ai-prediction-service\test-dataset\Bone Facture\FracAtlas\FracAtlas\images\Non_fractured\IMG0004094.jpg,images\Non_fractured\IMG0004094.jpg,FracAtlas,PAT_FA_02047,0,0,hand,0,0,454,373,3,48335456435db925ac54324c675b7a08,train
IMG0004098.jpg,D:\projects\MediMind\ai-prediction-service\test-dataset\Bone Facture\FracAtlas\FracAtlas\images\Non_fractured\IMG0004098.jpg,images\Non_fractured\IMG0004098.jpg,FracAtlas,PAT_FA_02049,0,0,shoulder,0,0,373,454,3,4f192716195467bdf1e1acda0dcc5bc0,train
IMG0004100.jpg,D:\projects\MediMind\ai-prediction-service\test-dataset\Bone Facture\FracAtlas\FracAtlas\images\Non_fractured\IMG0004100.jpg,images\Non_fractured\IMG0004100.jpg,FracAtlas,PAT_FA_02050,0,0,leg,0,0,373,454,3,01f3b20e6a970e11daa1ed5ff1577d38,train
IMG0004105.jpg,D:\projects\MediMind\ai-prediction-service\test-dataset\Bone Facture\FracAtlas\FracAtlas\images\Non_fractured\IMG0004105.jpg,images\Non_fractured\IMG0004105.jpg,FracAtlas,PAT_FA_02052,0,0,hand,0,0,373,454,3,e57574148f32294406a93c3db321c884,train
IMG0004106.jpg,D:\projects\MediMind\ai-prediction-service\test-dataset\Bone Facture\FracAtlas\FracAtlas\images\Non_fractured\IMG0004106.jpg,images\Non_fractured\IMG0004106.jpg,FracAtlas,PAT_FA_02053,0,0,hand,0,0,373,454,1,0b905767bbceb03b4c909dcb3c8b5f69,train
IMG0004107.jpg,D:\projects\MediMind\ai-prediction-service\test-dataset\Bone Facture\FracAtlas\FracAtlas\images\Non_fractured\IMG0004107.jpg,images\Non_fractured\IMG0004107.jpg,FracAtlas,PAT_FA_02053,0,0,leg,0,0,373,454,3,b77b7a66ee59a52ea093a69a56c703d7,train
IMG0004112.jpg,D:\projects\MediMind\ai-prediction-service\test-dataset\Bone Facture\FracAtlas\FracAtlas\images\Non_fractured\IMG0004112.jpg,images\Non_fractured\IMG0004112.jpg,FracAtlas,PAT_FA_02056,0,0,leg,0,0,373,454,3,a7a27bef704b7243e39106073ea778fa,train
IMG0004113.jpg,D:\projects\MediMind\ai-prediction-service\test-dataset\Bone Facture\FracAtlas\FracAtlas\images\Fractured\IMG0004113.jpg,images\Fractured\IMG0004113.jpg,FracAtlas,PAT_FA_02056,1,1,leg,1,0,373,454,3,c4938229e1126270e700e70ac28daca4,train
IMG0004114.jpg,D:\projects\MediMind\ai-prediction-service\test-dataset\Bone Facture\FracAtlas\FracAtlas\images\Fractured\IMG0004114.jpg,images\Fractured\IMG0004114.jpg,FracAtlas,PAT_FA_02057,1,1,leg,1,0,373,454,3,691aad16187187782d2340d0c52901d3,train
IMG0004116.jpg,D:\projects\MediMind\ai-prediction-service\test-dataset\Bone Facture\FracAtlas\FracAtlas\images\Fractured\IMG0004116.jpg,images\Fractured\IMG0004116.jpg,FracAtlas,PAT_FA_02058,1,1,hand,0,0,373,454,3,1774213e4aa5ebda7b52b7ffb75c009d,train
IMG0004117.jpg,D:\projects\MediMind\ai-prediction-service\test-dataset\Bone Facture\FracAtlas\FracAtlas\images\Fractured\IMG0004117.jpg,images\Fractured\IMG0004117.jpg,FracAtlas,PAT_FA_02058,1,1,hand,0,0,373,454,3,ee6c02c64181c862da789c7fa4e0f6f4,train
IMG0004118.jpg,D:\projects\MediMind\ai-prediction-service\test-dataset\Bone Facture\FracAtlas\FracAtlas\images\Non_fractured\IMG0004118.jpg,images\Non_fractured\IMG0004118.jpg,FracAtlas,PAT_FA_02059,0,0,hand,0,0,454,373,3,ac5dba6a66fae6a7238a9038e855ce48,train
IMG0004119.jpg,D:\projects\MediMind\ai-prediction-service\test-dataset\Bone Facture\FracAtlas\FracAtlas\images\Non_fractured\IMG0004119.jpg,images\Non_fractured\IMG0004119.jpg,FracAtlas,PAT_FA_02059,0,0,hand,0,0,373,454,3,3d8c0149477808ab0271914b8c209840,train
IMG0004120.jpg,D:\projects\MediMind\ai-prediction-service\test-dataset\Bone Facture\FracAtlas\FracAtlas\images\Non_fractured\IMG0004120.jpg,images\Non_fractured\IMG0004120.jpg,FracAtlas,PAT_FA_02060,0,0,hand,0,0,373,454,3,ee3dafc571a479b914ac870e090f7d99,train
IMG0004121.jpg,D:\projects\MediMind\ai-prediction-service\test-dataset\Bone Facture\FracAtlas\FracAtlas\images\Non_fractured\IMG0004121.jpg,images\Non_fractured\IMG0004121.jpg,FracAtlas,PAT_FA_02060,0,0,hand,0,0,373,454,3,150dfede619873ce65e27c8226103584,train
IMG0004129.jpg,D:\projects\MediMind\ai-prediction-service\test-dataset\Bone Facture\FracAtlas\FracAtlas\images\Non_fractured\IMG0004129.jpg,images\Non_fractured\IMG0004129.jpg,FracAtlas,PAT_FA_02064,0,0,hand,0,0,373,454,3,9f5b62df7503a87aaa160d43a1f8ab84,train
IMG0004130.jpg,D:\projects\MediMind\ai-prediction-service\test-dataset\Bone Facture\FracAtlas\FracAtlas\images\Non_fractured\IMG0004130.jpg,images\Non_fractured\IMG0004130.jpg,FracAtlas,PAT_FA_02065,0,0,hand,0,0,373,454,3,165a0d0c2849b56ce1a3e080e1851d30,train
IMG0004134.jpg,D:\projects\MediMind\ai-prediction-service\test-dataset\Bone Facture\FracAtlas\FracAtlas\images\Non_fractured\IMG0004134.jpg,images\Non_fractured\IMG0004134.jpg,FracAtlas,PAT_FA_02067,0,0,leg,0,0,373,454,3,8e46945f2a267b5cd19fda3f084efc70,train
IMG0004138.jpg,D:\projects\MediMind\ai-prediction-service\test-dataset\Bone Facture\FracAtlas\FracAtlas\images\Non_fractured\IMG0004138.jpg,images\Non_fractured\IMG0004138.jpg,FracAtlas,PAT_FA_02069,0,0,hand,0,0,373,454,3,069d23f774eac257aa92f87c0181f313,train
IMG0004142.jpg,D:\projects\MediMind\ai-prediction-service\test-dataset\Bone Facture\FracAtlas\FracAtlas\images\Non_fractured\IMG0004142.jpg,images\Non_fractured\IMG0004142.jpg,FracAtlas,PAT_FA_02071,0,0,leg,0,0,373,454,3,64848aa96a76b14a4ae8e019aacb4d6b,train
IMG0004143.jpg,D:\projects\MediMind\ai-prediction-service\test-dataset\Bone Facture\FracAtlas\FracAtlas\images\Non_fractured\IMG0004143.jpg,images\Non_fractured\IMG0004143.jpg,FracAtlas,PAT_FA_02071,0,0,leg,0,0,373,454,3,b8ddca6c847d7124d4303ac1b5f5fa86,train
IMG0004145.jpg,D:\projects\MediMind\ai-prediction-service\test-dataset\Bone Facture\FracAtlas\FracAtlas\images\Non_fractured\IMG0004145.jpg,images\Non_fractured\IMG0004145.jpg,FracAtlas,PAT_FA_02072,0,0,leg,0,0,373,454,3,95132e5e97d174a412f731821d0f0448,train
IMG0004146.jpg,D:\projects\MediMind\ai-prediction-service\test-dataset\Bone Facture\FracAtlas\FracAtlas\images\Non_fractured\IMG0004146.jpg,images\Non_fractured\IMG0004146.jpg,FracAtlas,PAT_FA_02073,0,0,leg,0,0,373,454,3,9c90b9815a7cf139bbe4ee1ffd413053,train
IMG0004154.jpg,D:\projects\MediMind\ai-prediction-service\test-dataset\Bone Facture\FracAtlas\FracAtlas\images\Non_fractured\IMG0004154.jpg,images\Non_fractured\IMG0004154.jpg,FracAtlas,PAT_FA_02077,0,0,leg,0,0,373,454,3,6232fc4d637cadff4d49a2ba1f959e2f,train
IMG0004155.jpg,D:\projects\MediMind\ai-prediction-service\test-dataset\Bone Facture\FracAtlas\FracAtlas\images\Non_fractured\IMG0004155.jpg,images\Non_fractured\IMG0004155.jpg,FracAtlas,PAT_FA_02077,0,0,leg,0,0,373,454,3,e15066de0a43b1847b2351acce13082f,train
IMG0004159.jpg,D:\projects\MediMind\ai-prediction-service\test-dataset\Bone Facture\FracAtlas\FracAtlas\images\Non_fractured\IMG0004159.jpg,images\Non_fractured\IMG0004159.jpg,FracAtlas,PAT_FA_02079,0,0,leg,0,0,373,454,3,00ddc4eff11155fe71c8165bd5f7b5ca,train
IMG0004160.jpg,D:\projects\MediMind\ai-prediction-service\test-dataset\Bone Facture\FracAtlas\FracAtlas\images\Non_fractured\IMG0004160.jpg,images\Non_fractured\IMG0004160.jpg,FracAtlas,PAT_FA_02080,0,0,leg,0,0,373,454,3,f2812515ba165ea6a1684f5eb6893f91,train
IMG0004161.jpg,D:\projects\MediMind\ai-prediction-service\test-dataset\Bone Facture\FracAtlas\FracAtlas\images\Non_fractured\IMG0004161.jpg,images\Non_fractured\IMG0004161.jpg,FracAtlas,PAT_FA_02080,0,0,hand,0,0,454,373,3,25188f78f0a0bd16e79ebc9799bcdef9,train
IMG0004164.jpg,D:\projects\MediMind\ai-prediction-service\test-dataset\Bone Facture\FracAtlas\FracAtlas\images\Non_fractured\IMG0004164.jpg,images\Non_fractured\IMG0004164.jpg,FracAtlas,PAT_FA_02082,0,0,leg,0,0,373,454,3,c84d46ccf710f337964807eeea26b941,train
IMG0004170.jpg,D:\projects\MediMind\ai-prediction-service\test-dataset\Bone Facture\FracAtlas\FracAtlas\images\Non_fractured\IMG0004170.jpg,images\Non_fractured\IMG0004170.jpg,FracAtlas,PAT_FA_02085,0,0,hand,0,0,373,454,3,f632ca2b28efc9b1066e79503b7ff6a2,train
IMG0004172.jpg,D:\projects\MediMind\ai-prediction-service\test-dataset\Bone Facture\FracAtlas\FracAtlas\images\Non_fractured\IMG0004172.jpg,images\Non_fractured\IMG0004172.jpg,FracAtlas,PAT_FA_02086,0,0,hand,0,0,454,373,3,9c393b5ab85f05ebf78b971e45e7914c,train
IMG0004173.jpg,D:\projects\MediMind\ai-prediction-service\test-dataset\Bone Facture\FracAtlas\FracAtlas\images\Non_fractured\IMG0004173.jpg,images\Non_fractured\IMG0004173.jpg,FracAtlas,PAT_FA_02086,0,0,leg,0,0,373,454,3,180518f5285aecdf523a61970639b049,train
IMG0004174.jpg,D:\projects\MediMind\ai-prediction-service\test-dataset\Bone Facture\FracAtlas\FracAtlas\images\Non_fractured\IMG0004174.jpg,images\Non_fractured\IMG0004174.jpg,FracAtlas,PAT_FA_02087,0,0,hand,0,0,373,454,3,b127c9c30428f4574d02aab89151baa5,train
IMG0004182.jpg,D:\projects\MediMind\ai-prediction-service\test-dataset\Bone Facture\FracAtlas\FracAtlas\images\Non_fractured\IMG0004182.jpg,images\Non_fractured\IMG0004182.jpg,FracAtlas,PAT_FA_02091,0,0,hand,0,0,373,454,1,2d0cbc717b085a3442d4ab1c6d71d859,train
IMG0004187.jpg,D:\projects\MediMind\ai-prediction-service\test-dataset\Bone Facture\FracAtlas\FracAtlas\images\Fractured\IMG0004187.jpg,images\Fractured\IMG0004187.jpg,FracAtlas,PAT_FA_02093,1,1,hand,0,0,373,454,3,2e7e79bd28a0b969ac0f96bca11e51f8,train
IMG0004193.jpg,D:\projects\MediMind\ai-prediction-service\test-dataset\Bone Facture\FracAtlas\FracAtlas\images\Non_fractured\IMG0004193.jpg,images\Non_fractured\IMG0004193.jpg,FracAtlas,PAT_FA_02096,0,0,leg,0,0,373,454,3,dfc2e7f73bc30477d7fa04ae2f50bf5a,train
IMG0004201.jpg,D:\projects\MediMind\ai-prediction-service\test-dataset\Bone Facture\FracAtlas\FracAtlas\images\Non_fractured\IMG0004201.jpg,images\Non_fractured\IMG0004201.jpg,FracAtlas,PAT_FA_02100,0,0,hand,0,0,454,373,3,62128d1b79c940deb187cd5e7cec1f96,train
IMG0004206.jpg,D:\projects\MediMind\ai-prediction-service\test-dataset\Bone Facture\FracAtlas\FracAtlas\images\Fractured\IMG0004206.jpg,images\Fractured\IMG0004206.jpg,FracAtlas,PAT_FA_02103,1,1,hand,0,0,373,454,3,f7905eb84ae2882043f32597dbe58af3,train
IMG0004207.jpg,D:\projects\MediMind\ai-prediction-service\test-dataset\Bone Facture\FracAtlas\FracAtlas\images\Fractured\IMG0004207.jpg,images\Fractured\IMG0004207.jpg,FracAtlas,PAT_FA_02103,1,1,hand,0,0,373,454,3,a1ca18497010c862281ccced134be419,train
IMG0004208.jpg,D:\projects\MediMind\ai-prediction-service\test-dataset\Bone Facture\FracAtlas\FracAtlas\images\Fractured\IMG0004208.jpg,images\Fractured\IMG0004208.jpg,FracAtlas,PAT_FA_02104,1,1,leg,0,0,373,454,1,5b2addeeea40b8644eeea8a3c436da17,train
IMG0004209.jpg,D:\projects\MediMind\ai-prediction-service\test-dataset\Bone Facture\FracAtlas\FracAtlas\images\Fractured\IMG0004209.jpg,images\Fractured\IMG0004209.jpg,FracAtlas,PAT_FA_02104,1,1,leg,0,0,373,454,3,aa921e6f7e23446bcb7b941649af18d7,train
IMG0004214.jpg,D:\projects\MediMind\ai-prediction-service\test-dataset\Bone Facture\FracAtlas\FracAtlas\images\Non_fractured\IMG0004214.jpg,images\Non_fractured\IMG0004214.jpg,FracAtlas,PAT_FA_02107,0,0,hand,0,0,373,454,3,402a000fea5446486bbc582fb98fa473,train
IMG0004217.jpg,D:\projects\MediMind\ai-prediction-service\test-dataset\Bone Facture\FracAtlas\FracAtlas\images\Fractured\IMG0004217.jpg,images\Fractured\IMG0004217.jpg,FracAtlas,PAT_FA_02108,1,1,hand,0,0,373,454,3,66e4507e444b62c6c32380753e721bab,train
IMG0004223.jpg,D:\projects\MediMind\ai-prediction-service\test-dataset\Bone Facture\FracAtlas\FracAtlas\images\Non_fractured\IMG0004223.jpg,images\Non_fractured\IMG0004223.jpg,FracAtlas,PAT_FA_02111,0,0,hand,0,0,373,454,1,d7fa5090650cd139156fe6bc81c8709e,train
IMG0004225.jpg,D:\projects\MediMind\ai-prediction-service\test-dataset\Bone Facture\FracAtlas\FracAtlas\images\Non_fractured\IMG0004225.jpg,images\Non_fractured\IMG0004225.jpg,FracAtlas,PAT_FA_02112,0,0,hand,0,0,454,373,3,28165d868a5c74a1a1b5ee4b426ba686,train
IMG0004226.jpg,D:\projects\MediMind\ai-prediction-service\test-dataset\Bone Facture\FracAtlas\FracAtlas\images\Non_fractured\IMG0004226.jpg,images\Non_fractured\IMG0004226.jpg,FracAtlas,PAT_FA_02113,0,0,hand,0,0,373,454,3,365ce771f6e0312c5a8629e37e3cd4f6,train
IMG0004227.jpg,D:\projects\MediMind\ai-prediction-service\test-dataset\Bone Facture\FracAtlas\FracAtlas\images\Non_fractured\IMG0004227.jpg,images\Non_fractured\IMG0004227.jpg,FracAtlas,PAT_FA_02113,0,0,hand,0,0,373,454,3,f7f6a4a98226826746e7e91a3c9c6f21,train
IMG0004228.jpg,D:\projects\MediMind\ai-prediction-service\test-dataset\Bone Facture\FracAtlas\FracAtlas\images\Non_fractured\IMG0004228.jpg,images\Non_fractured\IMG0004228.jpg,FracAtlas,PAT_FA_02114,0,0,leg,0,0,373,454,3,22a1b71e2634b8c2678a7fcf4b1bf067,train
IMG0004236.jpg,D:\projects\MediMind\ai-prediction-service\test-dataset\Bone Facture\FracAtlas\FracAtlas\images\Non_fractured\IMG0004236.jpg,images\Non_fractured\IMG0004236.jpg,FracAtlas,PAT_FA_02118,0,0,hand,0,0,373,454,1,44e070a8ca3a0a610c0ae2ee5e00b09e,train
IMG0004243.jpg,D:\projects\MediMind\ai-prediction-service\test-dataset\Bone Facture\FracAtlas\FracAtlas\images\Non_fractured\IMG0004243.jpg,images\Non_fractured\IMG0004243.jpg,FracAtlas,PAT_FA_02121,0,0,hand,0,0,373,454,3,88b096337cab7c86d10bb30823964070,train
IMG0004244.jpg,D:\projects\MediMind\ai-prediction-service\test-dataset\Bone Facture\FracAtlas\FracAtlas\images\Non_fractured\IMG0004244.jpg,images\Non_fractured\IMG0004244.jpg,FracAtlas,PAT_FA_02122,0,0,hand,0,0,373,454,3,0f98c1dbf95e4261758f3d346f16303a,train
IMG0004245.jpg,D:\projects\MediMind\ai-prediction-service\test-dataset\Bone Facture\FracAtlas\FracAtlas\images\Non_fractured\IMG0004245.jpg,images\Non_fractured\IMG0004245.jpg,FracAtlas,PAT_FA_02122,0,0,hand,0,0,454,373,3,1c0b41d0e09ea08903710651f85fc491,train
IMG0004255.jpg,D:\projects\MediMind\ai-prediction-service\test-dataset\Bone Facture\FracAtlas\FracAtlas\images\Non_fractured\IMG0004255.jpg,images\Non_fractured\IMG0004255.jpg,FracAtlas,PAT_FA_02127,0,0,hand,0,0,373,454,3,2a536ed5bbe1e3cb2aac90e2abc383bb,train
IMG0004260.jpg,D:\projects\MediMind\ai-prediction-service\test-dataset\Bone Facture\FracAtlas\FracAtlas\images\Non_fractured\IMG0004260.jpg,images\Non_fractured\IMG0004260.jpg,FracAtlas,PAT_FA_02130,0,0,hand,0,0,373,454,3,7d8ac2af0970ad0e5ba64947ed2c9f2c,train
IMG0004264.jpg,D:\projects\MediMind\ai-prediction-service\test-dataset\Bone Facture\FracAtlas\FracAtlas\images\Non_fractured\IMG0004264.jpg,images\Non_fractured\IMG0004264.jpg,FracAtlas,PAT_FA_02132,0,0,hand,0,0,454,373,3,d8284e1233976fd59b522874f8c80c66,train
IMG0004265.jpg,D:\projects\MediMind\ai-prediction-service\test-dataset\Bone Facture\FracAtlas\FracAtlas\images\Non_fractured\IMG0004265.jpg,images\Non_fractured\IMG0004265.jpg,FracAtlas,PAT_FA_02132,0,0,hand,0,0,454,373,3,ecd5ecbecc3b3e60a5551f7c4009a205,train
IMG0004266.jpg,D:\projects\MediMind\ai-prediction-service\test-dataset\Bone Facture\FracAtlas\FracAtlas\images\Fractured\IMG0004266.jpg,images\Fractured\IMG0004266.jpg,FracAtlas,PAT_FA_02133,1,1,leg,0,0,373,454,3,76e43466b4b4e8cfa975c5de85f86b7c,train
IMG0004267.jpg,D:\projects\MediMind\ai-prediction-service\test-dataset\Bone Facture\FracAtlas\FracAtlas\images\Fractured\IMG0004267.jpg,images\Fractured\IMG0004267.jpg,FracAtlas,PAT_FA_02133,1,1,leg,0,0,373,454,3,a0df101d248f298fdcbc0403b57a5004,train
IMG0004270.jpg,D:\projects\MediMind\ai-prediction-service\test-dataset\Bone Facture\FracAtlas\FracAtlas\images\Non_fractured\IMG0004270.jpg,images\Non_fractured\IMG0004270.jpg,FracAtlas,PAT_FA_02135,0,0,hand,0,0,454,373,1,67456dd082e59f23a7fbc5b2ed55c0f3,train
IMG0004273.jpg,D:\projects\MediMind\ai-prediction-service\test-dataset\Bone Facture\FracAtlas\FracAtlas\images\Non_fractured\IMG0004273.jpg,images\Non_fractured\IMG0004273.jpg,FracAtlas,PAT_FA_02136,0,0,hand,0,0,373,454,3,d137ec9c7e86bb6c370894ad3ea95c70,train
IMG0004274.jpg,D:\projects\MediMind\ai-prediction-service\test-dataset\Bone Facture\FracAtlas\FracAtlas\images\Non_fractured\IMG0004274.jpg,images\Non_fractured\IMG0004274.jpg,FracAtlas,PAT_FA_02137,0,0,hand,0,0,373,454,3,ef3935f393af089e71a058c8d1b9f289,train
IMG0004275.jpg,D:\projects\MediMind\ai-prediction-service\test-dataset\Bone Facture\FracAtlas\FracAtlas\images\Non_fractured\IMG0004275.jpg,images\Non_fractured\IMG0004275.jpg,FracAtlas,PAT_FA_02137,0,0,leg,0,0,373,454,3,0793efd8f767f2d20ed06560c7615f52,train
IMG0004277.jpg,D:\projects\MediMind\ai-prediction-service\test-dataset\Bone Facture\FracAtlas\FracAtlas\images\Non_fractured\IMG0004277.jpg,images\Non_fractured\IMG0004277.jpg,FracAtlas,PAT_FA_02138,0,0,hand,0,0,373,454,3,f5862e1bedf941a17ac8f66e4be06f55,train
IMG0004278.jpg,D:\projects\MediMind\ai-prediction-service\test-dataset\Bone Facture\FracAtlas\FracAtlas\images\Non_fractured\IMG0004278.jpg,images\Non_fractured\IMG0004278.jpg,FracAtlas,PAT_FA_02139,0,0,hand,0,0,373,454,3,04aeab53f87806f164b943cf04ee1ebb,train
IMG0004279.jpg,D:\projects\MediMind\ai-prediction-service\test-dataset\Bone Facture\FracAtlas\FracAtlas\images\Non_fractured\IMG0004279.jpg,images\Non_fractured\IMG0004279.jpg,FracAtlas,PAT_FA_02139,0,0,hand,0,0,373,454,3,d94fe8f373ace403c617c22d1dd15ba8,train
IMG0004280.jpg,D:\projects\MediMind\ai-prediction-service\test-dataset\Bone Facture\FracAtlas\FracAtlas\images\Non_fractured\IMG0004280.jpg,images\Non_fractured\IMG0004280.jpg,FracAtlas,PAT_FA_02140,0,0,hand,0,0,373,454,3,24fc42d94b62eef00f95ca9a65305dad,train
IMG0004288.jpg,D:\projects\MediMind\ai-prediction-service\test-dataset\Bone Facture\FracAtlas\FracAtlas\images\Non_fractured\IMG0004288.jpg,images\Non_fractured\IMG0004288.jpg,FracAtlas,PAT_FA_02144,0,0,leg,0,0,373,454,3,89c915ba4d26ed39412245f020cb7622,train
IMG0004290.jpg,D:\projects\MediMind\ai-prediction-service\test-dataset\Bone Facture\FracAtlas\FracAtlas\images\Non_fractured\IMG0004290.jpg,images\Non_fractured\IMG0004290.jpg,FracAtlas,PAT_FA_02145,0,0,hand,0,0,373,454,3,079fa560894eefd66017c472a612b836,train
IMG0004291.jpg,D:\projects\MediMind\ai-prediction-service\test-dataset\Bone Facture\FracAtlas\FracAtlas\images\Non_fractured\IMG0004291.jpg,images\Non_fractured\IMG0004291.jpg,FracAtlas,PAT_FA_02145,0,0,hand,0,0,373,454,3,c494c8b2ee791ac9f96b40049922e648,train
IMG0004294.jpg,D:\projects\MediMind\ai-prediction-service\test-dataset\Bone Facture\FracAtlas\FracAtlas\images\Non_fractured\IMG0004294.jpg,images\Non_fractured\IMG0004294.jpg,FracAtlas,PAT_FA_02147,0,0,leg,0,0,373,454,3,6efecf5e329a8f7269769000d5ada618,train
IMG0004295.jpg,D:\projects\MediMind\ai-prediction-service\test-dataset\Bone Facture\FracAtlas\FracAtlas\images\Non_fractured\IMG0004295.jpg,images\Non_fractured\IMG0004295.jpg,FracAtlas,PAT_FA_02147,0,0,hand,0,0,373,454,3,478c03c35d56a6ab9ee548db6cccd114,train
IMG0004296.jpg,D:\projects\MediMind\ai-prediction-service\test-dataset\Bone Facture\FracAtlas\FracAtlas\images\Non_fractured\IMG0004296.jpg,images\Non_fractured\IMG0004296.jpg,FracAtlas,PAT_FA_02148,0,0,hand,0,0,454,373,3,4d5ec3278ead5b8444f0171bebebec10,train
IMG0004297.jpg,D:\projects\MediMind\ai-prediction-service\test-dataset\Bone Facture\FracAtlas\FracAtlas\images\Non_fractured\IMG0004297.jpg,images\Non_fractured\IMG0004297.jpg,FracAtlas,PAT_FA_02148,0,0,hand,0,0,373,454,3,a78a4a9be13ac9ed6a423036e6cd0848,train
IMG0004298.jpg,D:\projects\MediMind\ai-prediction-service\test-dataset\Bone Facture\FracAtlas\FracAtlas\images\Non_fractured\IMG0004298.jpg,images\Non_fractured\IMG0004298.jpg,FracAtlas,PAT_FA_02149,0,0,hand,0,0,373,454,3,60643949a370974489e37df95a4256c9,train
IMG0004299.jpg,D:\projects\MediMind\ai-prediction-service\test-dataset\Bone Facture\FracAtlas\FracAtlas\images\Non_fractured\IMG0004299.jpg,images\Non_fractured\IMG0004299.jpg,FracAtlas,PAT_FA_02149,0,0,hand,0,0,373,454,1,268715522f312fcf32582a9af3d409be,train
IMG0004302.jpg,D:\projects\MediMind\ai-prediction-service\test-dataset\Bone Facture\FracAtlas\FracAtlas\images\Non_fractured\IMG0004302.jpg,images\Non_fractured\IMG0004302.jpg,FracAtlas,PAT_FA_02151,0,0,hand,0,0,373,454,3,7a8c7b555ce6cfd3889a977c92656e14,train
IMG0004304.jpg,D:\projects\MediMind\ai-prediction-service\test-dataset\Bone Facture\FracAtlas\FracAtlas\images\Non_fractured\IMG0004304.jpg,images\Non_fractured\IMG0004304.jpg,FracAtlas,PAT_FA_02152,0,0,leg,0,0,373,454,3,c71423052c8756c66b4d1c6a54ceed69,train
IMG0004307.jpg,D:\projects\MediMind\ai-prediction-service\test-dataset\Bone Facture\FracAtlas\FracAtlas\images\Non_fractured\IMG0004307.jpg,images\Non_fractured\IMG0004307.jpg,FracAtlas,PAT_FA_02153,0,0,hand,0,0,373,454,3,cd541b7f6e2576f4e9c4c7994b72246c,train
IMG0004308.jpg,D:\projects\MediMind\ai-prediction-service\test-dataset\Bone Facture\FracAtlas\FracAtlas\images\Non_fractured\IMG0004308.jpg,images\Non_fractured\IMG0004308.jpg,FracAtlas,PAT_FA_02154,0,0,leg,0,0,373,454,3,ecfcb1dad5fa3ee8b5f23030fc5fe930,train
IMG0004310.jpg,D:\projects\MediMind\ai-prediction-service\test-dataset\Bone Facture\FracAtlas\FracAtlas\images\Non_fractured\IMG0004310.jpg,images\Non_fractured\IMG0004310.jpg,FracAtlas,PAT_FA_02155,0,0,hand,0,0,373,454,3,ca3c8c27c543c2510f6e74c816f2cc8c,train
IMG0004320.jpg,D:\projects\MediMind\ai-prediction-service\test-dataset\Bone Facture\FracAtlas\FracAtlas\images\Fractured\IMG0004320.jpg,images\Fractured\IMG0004320.jpg,FracAtlas,PAT_FA_02160,1,1,leg,0,0,373,454,3,bcce12fd791f1e457d8b9080df384ccc,train
IMG0004333.jpg,D:\projects\MediMind\ai-prediction-service\test-dataset\Bone Facture\FracAtlas\FracAtlas\images\Fractured\IMG0004333.jpg,images\Fractured\IMG0004333.jpg,FracAtlas,PAT_FA_02166,1,1,leg,0,0,373,454,3,75af3ac768aefd445ef5663dbed3df8f,train
IMG0004334.jpg,D:\projects\MediMind\ai-prediction-service\test-dataset\Bone Facture\FracAtlas\FracAtlas\images\Fractured\IMG0004334.jpg,images\Fractured\IMG0004334.jpg,FracAtlas,PAT_FA_02167,1,1,leg,0,0,373,454,1,97c6e4d6c4b3ee638765917190e9a30d,train
IMG0004337.jpg,D:\projects\MediMind\ai-prediction-service\test-dataset\Bone Facture\FracAtlas\FracAtlas\images\Fractured\IMG0004337.jpg,images\Fractured\IMG0004337.jpg,FracAtlas,PAT_FA_02168,1,1,hand,0,0,373,454,3,29bcbec17343442fa9e9b100e70da854,train
IMG0004356.jpg,D:\projects\MediMind\ai-prediction-service\test-dataset\Bone Facture\FracAtlas\FracAtlas\images\Fractured\IMG0004356.jpg,images\Fractured\IMG0004356.jpg,FracAtlas,PAT_FA_02178,1,1,hand,0,0,454,373,3,412ad29e5fe7d799f0e81f5cb9829153,train
IMG0004369.jpg,D:\projects\MediMind\ai-prediction-service\test-dataset\Bone Facture\FracAtlas\FracAtlas\images\Fractured\IMG0004369.jpg,images\Fractured\IMG0004369.jpg,FracAtlas,PAT_FA_02184,1,1,hand,0,0,373,454,3,2e606a3d4b700703c87bb38ac1661f7f,train
IMG0004370.jpg,D:\projects\MediMind\ai-prediction-service\test-dataset\Bone Facture\FracAtlas\FracAtlas\images\Fractured\IMG0004370.jpg,images\Fractured\IMG0004370.jpg,FracAtlas,PAT_FA_02185,1,1,hand,0,0,454,373,3,1f0676d688043ab9a095ab4cd198fd15,train
IMG0004371.jpg,D:\projects\MediMind\ai-prediction-service\test-dataset\Bone Facture\FracAtlas\FracAtlas\images\Non_fractured\IMG0004371.jpg,images\Non_fractured\IMG0004371.jpg,FracAtlas,PAT_FA_02185,0,0,leg,0,0,373,454,3,2eb751dd9fc986b180f39366b5a861df,train
IMG0004374.jpg,D:\projects\MediMind\ai-prediction-service\test-dataset\Bone Facture\FracAtlas\FracAtlas\images\Fractured\IMG0004374.jpg,images\Fractured\IMG0004374.jpg,FracAtlas,PAT_FA_02187,1,1,hand,0,0,373,454,1,a74f9e5ce6065eb9be445e37c2030ff5,train
IMG0004375.jpg,D:\projects\MediMind\ai-prediction-service\test-dataset\Bone Facture\FracAtlas\FracAtlas\images\Fractured\IMG0004375.jpg,images\Fractured\IMG0004375.jpg,FracAtlas,PAT_FA_02187,1,1,hand,0,0,373,454,3,5bffbf153f3b1841595ab8f96a232302,train
IMG0004376.jpg,D:\projects\MediMind\ai-prediction-service\test-dataset\Bone Facture\FracAtlas\FracAtlas\images\Fractured\IMG0004376.jpg,images\Fractured\IMG0004376.jpg,FracAtlas,PAT_FA_02188,1,1,hand,0,0,373,454,3,809fd44b4a36b251ca0d59b622daace0,train
IMG0004383.jpg,D:\projects\MediMind\ai-prediction-service\test-dataset\Bone Facture\FracAtlas\FracAtlas\images\Non_fractured\IMG0004383.jpg,images\Non_fractured\IMG0004383.jpg,FracAtlas,PAT_FA_02191,0,0,leg,0,0,373,454,3,326552366e312395850c72e1f28d9432,train
