study_id,patient_id,dataset_source,split,fracture_label,ap_image_path,lat_image_path,ap_gt_box,lat_gt_box,ap_predicted_box,lat_predicted_box,ap_detector_conf,lat_detector_conf,ap_expanded_20_box,lat_expanded_20_box,roi_strategy,ap_iou,lat_iou
0001_01_WRI-L,PAT_GRAZ_1,GRAZPEDWRI-DX,train,1,D:\projects\MediMind\ai-prediction-service\artifacts\fracture_v2\experiment5_localization\dataset\images\train\0001_1297860395_01_WRI-L1_M014.png,D:\projects\MediMind\ai-prediction-service\artifacts\fracture_v2\experiment5_localization\dataset\images\train\0001_1297860435_01_WRI-L2_M014.png,NONE,"[0.33582100000000004, 0.511962, 0.664179, 0.607656]",NONE,"[0.3311, 0.5019, 0.6716, 0.6032]",0.0,0.2816,FULL_IMAGE,"[0.263, 0.48164, 0.7397, 0.6234599999999999]",20pct_expanded_or_full_fallback,0.0,0.8332
0002_01_WRI-R,PAT_GRAZ_2,GRAZPEDWRI-DX,train,0,D:\projects\MediMind\ai-prediction-service\artifacts\fracture_v2\experiment5_localization\dataset\images\train\0002_0354485735_01_WRI-R1_F012.png,D:\projects\MediMind\ai-prediction-service\artifacts\fracture_v2\experiment5_localization\dataset\images\train\0002_0354485759_01_WRI-R2_F012.png,NONE,NONE,NONE,NONE,0.0,0.0,FULL_IMAGE,FULL_IMAGE,20pct_expanded_or_full_fallback,0.0,0.0
0003_01_WRI-R,PAT_GRAZ_3,GRAZPEDWRI-DX,train,1,D:\projects\MediMind\ai-prediction-service\artifacts\fracture_v2\experiment5_localization\dataset\images\train\0003_0662359226_01_WRI-R1_M011.png,D:\projects\MediMind\ai-prediction-service\artifacts\fracture_v2\experiment5_localization\dataset\images\train\0003_0662359351_01_WRI-R2_M011.png,"[0.2982955, 0.5849555, 0.47585249999999996, 0.6469024999999999]","[0.326492, 0.531463, 0.49813399999999997, 0.606293]","[0.3045, 0.582, 0.4742, 0.6488]","[0.3243, 0.5315, 0.5031, 0.5977]",0.8683,0.741,"[0.27055999999999997, 0.5686399999999999, 0.50814, 0.6621600000000001]","[0.28853999999999996, 0.5182599999999999, 0.53886, 0.61094]",20pct_expanded_or_full_fallback,0.8892,0.8532
0003_02_WRI-R,PAT_GRAZ_3,GRAZPEDWRI-DX,train,1,D:\projects\MediMind\ai-prediction-service\artifacts\fracture_v2\experiment5_localization\dataset\images\train\0003_0663715732_02_WRI-R1_M011.png,D:\projects\MediMind\ai-prediction-service\artifacts\fracture_v2\experiment5_localization\dataset\images\train\0003_0663715782_02_WRI-R2_M011.png,"[0.30160800000000004, 0.563357, 0.5054420000000001, 0.6409349999999999]","[0.544068, 0.4956895, 0.6847460000000001, 0.5637925]","[0.3064, 0.5616, 0.5053, 0.6349]","[0.5439, 0.4981, 0.6826, 0.5609]",0.6776,0.6933,"[0.26662, 0.54694, 0.54508, 0.64956]","[0.5161600000000001, 0.48553999999999997, 0.71034, 0.57346]",20pct_expanded_or_full_fallback,0.8804,0.9071
0003_03_WRI-R,PAT_GRAZ_3,GRAZPEDWRI-DX,train,1,D:\projects\MediMind\ai-prediction-service\artifacts\fracture_v2\experiment5_localization\dataset\images\train\0003_0664918633_03_WRI-R1_M011.png,D:\projects\MediMind\ai-prediction-service\artifacts\fracture_v2\experiment5_localization\dataset\images\train\0003_0664918693_03_WRI-R2_M011.png,"[0.21244649999999998, 0.5164705, 0.4721035, 0.6294115]","[0.4126585, 0.5665910000000001, 0.6455695, 0.671557]","[0.2213, 0.5298, 0.4687, 0.6282]","[0.4357, 0.572, 0.6434, 0.6427]",0.7246,0.7846,"[0.17182, 0.51012, 0.51818, 0.64788]","[0.39415999999999995, 0.5578599999999999, 0.68494, 0.6568400000000001]",20pct_expanded_or_full_fallback,0.8301,0.6006
0005_01_WRI-R,PAT_GRAZ_5,GRAZPEDWRI-DX,train,1,D:\projects\MediMind\ai-prediction-service\artifacts\fracture_v2\experiment5_localization\dataset\images\train\0005_0073601946_01_WRI-R1_F014.png,D:\projects\MediMind\ai-prediction-service\artifacts\fracture_v2\experiment5_localization\dataset\images\train\0005_0073601967_01_WRI-R2_F014.png,NONE,"[0.526786, 0.354225, 0.791072, 0.42323900000000003]",NONE,NONE,0.0,0.0,FULL_IMAGE,FULL_IMAGE,20pct_expanded_or_full_fallback,0.0,0.0
0006_01_WRI-R,PAT_GRAZ_6,GRAZPEDWRI-DX,train,1,D:\projects\MediMind\ai-prediction-service\artifacts\fracture_v2\experiment5_localization\dataset\images\train\0006_0290481856_01_WRI-R1_M011.png,D:\projects\MediMind\ai-prediction-service\artifacts\fracture_v2\experiment5_localization\dataset\images\train\0006_0290481819_01_WRI-R2_M011.png,"[0.21401549999999997, 0.44880600000000004, 0.4924245, 0.527304]","[0.51167, 0.46789000000000003, 0.705566, 0.531346]","[0.2123, 0.4503, 0.4914, 0.522]","[0.502, 0.4682, 0.7063, 0.5309]",0.7604,0.7797,"[0.15647999999999998, 0.43595999999999996, 0.54722, 0.53634]","[0.46114, 0.45566, 0.74716, 0.54344]",20pct_expanded_or_full_fallback,0.9049,0.9383
0007_01_WRI-R,PAT_GRAZ_7,GRAZPEDWRI-DX,train,0,D:\projects\MediMind\ai-prediction-service\artifacts\fracture_v2\experiment5_localization\dataset\images\train\0007_0812696320_01_WRI-R1_M015.png,D:\projects\MediMind\ai-prediction-service\artifacts\fracture_v2\experiment5_localization\dataset\images\train\0007_0812696396_01_WRI-R2_M015.png,NONE,NONE,NONE,NONE,0.0,0.0,FULL_IMAGE,FULL_IMAGE,20pct_expanded_or_full_fallback,0.0,0.0
0008_01_WRI-L,PAT_GRAZ_8,GRAZPEDWRI-DX,train,1,D:\projects\MediMind\ai-prediction-service\artifacts\fracture_v2\experiment5_localization\dataset\images\train\0008_1128992395_01_WRI-L1_M005.png,D:\projects\MediMind\ai-prediction-service\artifacts\fracture_v2\experiment5_localization\dataset\images\train\0008_1128992441_01_WRI-L2_M005.png,"[0.46041649999999995, 0.5230775, 0.6999994999999999, 0.5758245000000001]","[0.2512955, 0.423581, 0.48445649999999996, 0.490175]","[0.4551, 0.5075, 0.6995, 0.5731]","[0.2524, 0.427, 0.488, 0.4908]",0.6084,0.7181,"[0.40622, 0.49437999999999993, 0.74838, 0.5862200000000001]","[0.20528000000000002, 0.41424, 0.53512, 0.50356]",20pct_expanded_or_full_fallback,0.7157,0.9221
0009_01_WRI-R,PAT_GRAZ_9,GRAZPEDWRI-DX,train,0,D:\projects\MediMind\ai-prediction-service\artifacts\fracture_v2\experiment5_localization\dataset\images\train\0009_1112587669_01_WRI-R1_F013.png,D:\projects\MediMind\ai-prediction-service\artifacts\fracture_v2\experiment5_localization\dataset\images\train\0009_1112587738_01_WRI-R2_F013.png,NONE,NONE,NONE,NONE,0.0,0.0,FULL_IMAGE,FULL_IMAGE,20pct_expanded_or_full_fallback,0.0,0.0
0010_01_WRI-L,PAT_GRAZ_10,GRAZPEDWRI-DX,train,1,D:\projects\MediMind\ai-prediction-service\artifacts\fracture_v2\experiment5_localization\dataset\images\train\0010_0604034401_01_WRI-L1_M014.png,D:\projects\MediMind\ai-prediction-service\artifacts\fracture_v2\experiment5_localization\dataset\images\train\0010_0604034442_01_WRI-L2_M014.png,"[0.488, 0.6781305000000001, 0.7072, 0.7795415]","[0.31018500000000004, 0.680328, 0.553241, 0.799636]",NONE,NONE,0.0,0.0,FULL_IMAGE,FULL_IMAGE,20pct_expanded_or_full_fallback,0.0,0.0
0011_01_WRI-L,PAT_GRAZ_11,GRAZPEDWRI-DX,train,0,D:\projects\MediMind\ai-prediction-service\artifacts\fracture_v2\experiment5_localization\dataset\images\train\0011_0397077467_01_WRI-L1_M009.png,D:\projects\MediMind\ai-prediction-service\artifacts\fracture_v2\experiment5_localization\dataset\images\train\0011_0397077508_01_WRI-L2_M009.png,NONE,NONE,NONE,NONE,0.0,0.0,FULL_IMAGE,FULL_IMAGE,20pct_expanded_or_full_fallback,0.0,0.0
0013_01_WRI-R,PAT_GRAZ_13,GRAZPEDWRI-DX,train,0,D:\projects\MediMind\ai-prediction-service\artifacts\fracture_v2\experiment5_localization\dataset\images\train\0013_0185896313_01_WRI-R1_M012.png,D:\projects\MediMind\ai-prediction-service\artifacts\fracture_v2\experiment5_localization\dataset\images\train\0013_0185896340_01_WRI-R2_M012.png,NONE,NONE,NONE,NONE,0.0,0.0,FULL_IMAGE,FULL_IMAGE,20pct_expanded_or_full_fallback,0.0,0.0
0014_01_WRI-L,PAT_GRAZ_14,GRAZPEDWRI-DX,train,1,D:\projects\MediMind\ai-prediction-service\artifacts\fracture_v2\experiment5_localization\dataset\images\train\0014_0516192795_01_WRI-L1_M006.png,D:\projects\MediMind\ai-prediction-service\artifacts\fracture_v2\experiment5_localization\dataset\images\train\0014_0516192868_01_WRI-L2_M006.png,"[0.43730899999999995, 0.504166, 0.611621, 0.567708]","[0.333333, 0.48814250000000003, 0.481865, 0.5760875]","[0.4413, 0.4902, 0.6161, 0.5673]","[0.3414, 0.5009, 0.4862, 0.5625]",0.7697,0.7442,"[0.40634000000000003, 0.47478000000000004, 0.65106, 0.58272]","[0.31244, 0.48858, 0.5151600000000001, 0.57482]",20pct_expanded_or_full_fallback,0.7792,0.6491
0014_02_WRI-L,PAT_GRAZ_14,GRAZPEDWRI-DX,train,1,D:\projects\MediMind\ai-prediction-service\artifacts\fracture_v2\experiment5_localization\dataset\images\train\0014_0516793680_02_WRI-L1_M006.png,D:\projects\MediMind\ai-prediction-service\artifacts\fracture_v2\experiment5_localization\dataset\images\train\0014_0516793756_02_WRI-L2_M006.png,"[0.369748, 0.5601965, 0.5546220000000001, 0.6842755]","[0.30588250000000006, 0.493308, 0.4529415, 0.580306]","[0.3638, 0.5482, 0.5667, 0.6539]","[0.3047, 0.5003, 0.4719, 0.5637]",0.6816,0.6175,"[0.32322, 0.52706, 0.6072799999999999, 0.6750400000000001]","[0.27126000000000006, 0.48761999999999994, 0.50534, 0.57638]",20pct_expanded_or_full_fallback,0.6401,0.6626
0014_03_WRI-L,PAT_GRAZ_14,GRAZPEDWRI-DX,train,1,D:\projects\MediMind\ai-prediction-service\artifacts\fracture_v2\experiment5_localization\dataset\images\train\0014_0517394593_03_WRI-L1_M006.png,D:\projects\MediMind\ai-prediction-service\artifacts\fracture_v2\experiment5_localization\dataset\images\train\0014_0517394665_03_WRI-L2_M006.png,"[0.404554, 0.6286029999999999, 0.602452, 0.723947]","[0.3933645, 0.280924, 0.4964455, 0.351714]","[0.4013, 0.6303, 0.6079, 0.7287]","[0.397, 0.2804, 0.5179, 0.3421]",0.6891,0.6488,"[0.35997999999999997, 0.6106199999999999, 0.64922, 0.74838]","[0.37282000000000004, 0.26805999999999996, 0.54208, 0.35444000000000003]",20pct_expanded_or_full_fallback,0.8968,0.7015
0016_01_WRI-L,PAT_GRAZ_16,GRAZPEDWRI-DX,train,0,D:\projects\MediMind\ai-prediction-service\artifacts\fracture_v2\experiment5_localization\dataset\images\train\0016_0320600143_01_WRI-L1_F010.png,D:\projects\MediMind\ai-prediction-service\artifacts\fracture_v2\experiment5_localization\dataset\images\train\0016_0320600198_01_WRI-L2_F010.png,NONE,NONE,"[0.0964, 0.1028, 0.2899, 0.1692]",NONE,0.2298,0.0,"[0.057699999999999994, 0.08952, 0.3286, 0.18247999999999998]",FULL_IMAGE,20pct_expanded_or_full_fallback,0.0,0.0
0016_02_WRI-L,PAT_GRAZ_16,GRAZPEDWRI-DX,train,0,D:\projects\MediMind\ai-prediction-service\artifacts\fracture_v2\experiment5_localization\dataset\images\train\0016_0321123728_02_WRI-L1_F010.png,D:\projects\MediMind\ai-prediction-service\artifacts\fracture_v2\experiment5_localization\dataset\images\train\0016_0321123759_02_WRI-L2_F010.png,NONE,NONE,NONE,"[0.3206, 0.5166, 0.5012, 0.5665]",0.0,0.1728,FULL_IMAGE,"[0.28448, 0.50662, 0.53732, 0.57648]",20pct_expanded_or_full_fallback,0.0,0.0
0019_01_WRI-R,PAT_GRAZ_19,GRAZPEDWRI-DX,train,1,D:\projects\MediMind\ai-prediction-service\artifacts\fracture_v2\experiment5_localization\dataset\images\train\0019_0224740760_01_WRI-R1_M009.png,D:\projects\MediMind\ai-prediction-service\artifacts\fracture_v2\experiment5_localization\dataset\images\train\0019_0224740802_01_WRI-R2_M009.png,NONE,"[0.342795, 0.4415235, 0.585153, 0.49592050000000004]",NONE,"[0.3236, 0.4305, 0.5902, 0.488]",0.0,0.2886,FULL_IMAGE,"[0.27028, 0.419, 0.64352, 0.4995]",20pct_expanded_or_full_fallback,0.0,0.653
0020_01_WRI-L,PAT_GRAZ_20,GRAZPEDWRI-DX,train,0,D:\projects\MediMind\ai-prediction-service\artifacts\fracture_v2\experiment5_localization\dataset\images\train\0020_0163123912_01_WRI-L1_M015.png,D:\projects\MediMind\ai-prediction-service\artifacts\fracture_v2\experiment5_localization\dataset\images\train\0020_0163123942_01_WRI-L2_M015.png,NONE,NONE,"[0.3603, 0.4376, 0.4434, 0.5111]","[0.3024, 0.5598, 0.4351, 0.6463]",0.391,0.2868,"[0.34368, 0.4229, 0.46002000000000004, 0.5258]","[0.27586, 0.5425, 0.46164, 0.6636]",20pct_expanded_or_full_fallback,0.0,0.0
0021_01_WRI-R,PAT_GRAZ_21,GRAZPEDWRI-DX,train,1,D:\projects\MediMind\ai-prediction-service\artifacts\fracture_v2\experiment5_localization\dataset\images\train\0021_1009239861_01_WRI-R1_M015.png,D:\projects\MediMind\ai-prediction-service\artifacts\fracture_v2\experiment5_localization\dataset\images\train\0021_1009239893_01_WRI-R2_M015.png,NONE,"[0.33174200000000004, 0.46153800000000006, 0.7064440000000001, 0.5466200000000001]",NONE,NONE,0.0,0.0,FULL_IMAGE,FULL_IMAGE,20pct_expanded_or_full_fallback,0.0,0.0
0022_02_WRI-L,PAT_GRAZ_22,GRAZPEDWRI-DX,train,1,D:\projects\MediMind\ai-prediction-service\artifacts\fracture_v2\experiment5_localization\dataset\images\train\0022_0395494318_02_WRI-L1_M012.png,D:\projects\MediMind\ai-prediction-service\artifacts\fracture_v2\experiment5_localization\dataset\images\train\0022_0395494351_02_WRI-L2_M012.png,"[0.40830999999999995, 0.546296, 0.620344, 0.673148]","[0.41538450000000005, 0.478537, 0.6410255, 0.5675669999999999]","[0.4092, 0.5557, 0.6201, 0.6528]","[0.4146, 0.4847, 0.6359, 0.5488]",0.7896,0.7823,"[0.36702, 0.53628, 0.66228, 0.67222]","[0.37034, 0.47188, 0.68016, 0.5616199999999999]",20pct_expanded_or_full_fallback,0.7614,0.7019
0022_03_WRI-R,PAT_GRAZ_22,GRAZPEDWRI-DX,train,0,D:\projects\MediMind\ai-prediction-service\artifacts\fracture_v2\experiment5_localization\dataset\images\train\0022_0473957070_03_WRI-R1_M014.png,D:\projects\MediMind\ai-prediction-service\artifacts\fracture_v2\experiment5_localization\dataset\images\train\0022_0473957122_03_WRI-R2_M014.png,NONE,NONE,NONE,NONE,0.0,0.0,FULL_IMAGE,FULL_IMAGE,20pct_expanded_or_full_fallback,0.0,0.0
0024_01_WRI-L,PAT_GRAZ_24,GRAZPEDWRI-DX,train,1,D:\projects\MediMind\ai-prediction-service\artifacts\fracture_v2\experiment5_localization\dataset\images\train\0024_0210292654_01_WRI-L1_M011.png,D:\projects\MediMind\ai-prediction-service\artifacts\fracture_v2\experiment5_localization\dataset\images\train\0024_0210292715_01_WRI-L2_M011.png,"[0.46932499999999994, 0.4094795, 0.6472389999999999, 0.46775449999999996]","[0.318807, 0.44886349999999997, 0.6032109999999999, 0.5397725]",NONE,NONE,0.0,0.0,FULL_IMAGE,FULL_IMAGE,20pct_expanded_or_full_fallback,0.0,0.0
0025_01_WRI-L,PAT_GRAZ_25,GRAZPEDWRI-DX,train,1,D:\projects\MediMind\ai-prediction-service\artifacts\fracture_v2\experiment5_localization\dataset\images\train\0025_0483842858_01_WRI-L1_F000.png,D:\projects\MediMind\ai-prediction-service\artifacts\fracture_v2\experiment5_localization\dataset\images\train\0025_0483842914_01_WRI-L2_F000.png,"[0.5533980000000001, 0.5963855, 0.713592, 0.6706825000000001]","[0.49447550000000007, 0.5292975, 0.6436465, 0.6289065]","[0.5567, 0.5959, 0.7197, 0.6745]","[0.4912, 0.5342, 0.6437, 0.6211]",0.8292,0.6769,"[0.5241, 0.58018, 0.7523, 0.69022]","[0.4607, 0.5168200000000001, 0.6742, 0.6384799999999999]",20pct_expanded_or_full_fallback,0.8927,0.8558
0026_01_WRI-L,PAT_GRAZ_26,GRAZPEDWRI-DX,train,0,D:\projects\MediMind\ai-prediction-service\artifacts\fracture_v2\experiment5_localization\dataset\images\train\0026_0943885928_01_WRI-L1_M014.png,D:\projects\MediMind\ai-prediction-service\artifacts\fracture_v2\experiment5_localization\dataset\images\train\0026_0943885953_01_WRI-L2_M014.png,NONE,NONE,NONE,NONE,0.0,0.0,FULL_IMAGE,FULL_IMAGE,20pct_expanded_or_full_fallback,0.0,0.0
0027_01_WRI-L,PAT_GRAZ_27,GRAZPEDWRI-DX,train,0,D:\projects\MediMind\ai-prediction-service\artifacts\fracture_v2\experiment5_localization\dataset\images\train\0027_0484640641_01_WRI-L1_F011.png,D:\projects\MediMind\ai-prediction-service\artifacts\fracture_v2\experiment5_localization\dataset\images\train\0027_0484640676_01_WRI-L2_F011.png,NONE,NONE,"[0.0947, 0.3266, 0.2111, 0.3827]","[0.1748, 0.2099, 0.3825, 0.289]",0.4213,0.2179,"[0.07142000000000001, 0.31538, 0.23438, 0.39392]","[0.13326000000000002, 0.19408, 0.42404000000000003, 0.30482]",20pct_expanded_or_full_fallback,0.0,0.0
0029_01_WRI-L,PAT_GRAZ_29,GRAZPEDWRI-DX,train,1,D:\projects\MediMind\ai-prediction-service\artifacts\fracture_v2\experiment5_localization\dataset\images\train\0029_0571570953_01_WRI-L1_M008.png,D:\projects\MediMind\ai-prediction-service\artifacts\fracture_v2\experiment5_localization\dataset\images\train\0029_0571570993_01_WRI-L2_M008.png,"[0.5351175, 0.530361, 0.7508365, 0.602467]","[0.29032199999999997, 0.49058349999999995, 0.446774, 0.5630885]","[0.5394, 0.5259, 0.7473, 0.5963]","[0.2947, 0.4926, 0.456, 0.5568]",0.8763,0.7619,"[0.49782, 0.51182, 0.7888799999999999, 0.61038]","[0.26244, 0.47975999999999996, 0.48826, 0.5696399999999999]",20pct_expanded_or_full_fallback,0.8317,0.818
0031_01_WRI-R,PAT_GRAZ_31,GRAZPEDWRI-DX,train,1,D:\projects\MediMind\ai-prediction-service\artifacts\fracture_v2\experiment5_localization\dataset\images\train\0031_1006577868_01_WRI-R1_M009.png,D:\projects\MediMind\ai-prediction-service\artifacts\fracture_v2\experiment5_localization\dataset\images\train\0031_1006577911_01_WRI-R2_M009.png,"[0.3953485, 0.444882, 0.5697675, 0.515748]","[0.46697049999999996, 0.47033899999999995, 0.6788155, 0.539195]","[0.3944, 0.45, 0.5701, 0.5153]","[0.4706, 0.4762, 0.6592, 0.5448]",0.8415,0.7109,"[0.35925999999999997, 0.43694, 0.6052400000000001, 0.5283599999999999]","[0.43288000000000004, 0.46248, 0.69692, 0.5585199999999999]",20pct_expanded_or_full_fallback,0.9153,0.7595
0031_02_WRI-R,PAT_GRAZ_31,GRAZPEDWRI-DX,train,1,D:\projects\MediMind\ai-prediction-service\artifacts\fracture_v2\experiment5_localization\dataset\images\train\0031_1007172623_02_WRI-R1_M009.png,D:\projects\MediMind\ai-prediction-service\artifacts\fracture_v2\experiment5_localization\dataset\images\train\0031_1007172668_02_WRI-R2_M009.png,"[0.42517, 0.5328465, 0.57483, 0.6253035]","[0.2534385, 0.561876, 0.4479375, 0.6397200000000001]","[0.4285, 0.5457, 0.5785, 0.6181]","[0.2575, 0.5674, 0.4969, 0.6432]",0.6418,0.6507,"[0.39849999999999997, 0.5312199999999999, 0.6085, 0.63258]","[0.20962, 0.5522400000000001, 0.54478, 0.65836]",20pct_expanded_or_full_fallback,0.7512,0.7057
0031_03_WRI-R,PAT_GRAZ_31,GRAZPEDWRI-DX,train,1,D:\projects\MediMind\ai-prediction-service\artifacts\fracture_v2\experiment5_localization\dataset\images\train\0031_1007782833_03_WRI-R1_M009.png,D:\projects\MediMind\ai-prediction-service\artifacts\fracture_v2\experiment5_localization\dataset\images\train\0031_1007782900_03_WRI-R2_M009.png,"[0.4253615, 0.553864, 0.5650085, 0.6487120000000001]","[0.388489, 0.5277775, 0.575539, 0.6144445000000001]","[0.4292, 0.5701, 0.5652, 0.6487]","[0.3902, 0.5292, 0.5696, 0.6125]",0.7963,0.6813,"[0.402, 0.5543800000000001, 0.5924, 0.66442]","[0.35431999999999997, 0.51254, 0.60548, 0.62916]",20pct_expanded_or_full_fallback,0.805,0.9218
0033_01_WRI-L,PAT_GRAZ_33,GRAZPEDWRI-DX,train,1,D:\projects\MediMind\ai-prediction-service\artifacts\fracture_v2\experiment5_localization\dataset\images\train\0033_1098977646_01_WRI-L1_F006.png,D:\projects\MediMind\ai-prediction-service\artifacts\fracture_v2\experiment5_localization\dataset\images\train\0033_1098977682_01_WRI-L2_F006.png,"[0.447316, 0.4838009999999999, 0.66004, 0.555075]","[0.3103445, 0.5237385, 0.5545975, 0.6231455]","[0.4535, 0.4738, 0.6603, 0.5411]","[0.3103, 0.5327, 0.5507, 0.6106]",0.874,0.7247,"[0.41214, 0.46033999999999997, 0.70166, 0.55456]","[0.26222, 0.5171199999999999, 0.59878, 0.6261800000000001]",20pct_expanded_or_full_fallback,0.6863,0.771
0033_02_WRI-L,PAT_GRAZ_33,GRAZPEDWRI-DX,train,1,D:\projects\MediMind\ai-prediction-service\artifacts\fracture_v2\experiment5_localization\dataset\images\train\0033_1100149160_02_WRI-L1_F006.png,D:\projects\MediMind\ai-prediction-service\artifacts\fracture_v2\experiment5_localization\dataset\images\train\0033_1100149190_02_WRI-L2_F006.png,"[0.5326919999999999, 0.4247995, 0.753846, 0.5017225]","[0.3258705, 0.37200900000000003, 0.5497515, 0.466507]","[0.5385, 0.4196, 0.7458, 0.503]","[0.3343, 0.3775, 0.5463, 0.4596]",0.8523,0.7991,"[0.49704, 0.40291999999999994, 0.7872600000000001, 0.51968]","[0.2919, 0.36108, 0.5887, 0.47602]",20pct_expanded_or_full_fallback,0.8688,0.8227
0034_01_WRI-R,PAT_GRAZ_34,GRAZPEDWRI-DX,train,0,D:\projects\MediMind\ai-prediction-service\artifacts\fracture_v2\experiment5_localization\dataset\images\train\0034_1157727574_01_WRI-R1_F013.png,D:\projects\MediMind\ai-prediction-service\artifacts\fracture_v2\experiment5_localization\dataset\images\train\0034_1157727598_01_WRI-R2_F013.png,NONE,NONE,NONE,NONE,0.0,0.0,FULL_IMAGE,FULL_IMAGE,20pct_expanded_or_full_fallback,0.0,0.0
0035_01_WRI-L,PAT_GRAZ_35,GRAZPEDWRI-DX,train,1,D:\projects\MediMind\ai-prediction-service\artifacts\fracture_v2\experiment5_localization\dataset\images\train\0035_0797029228_01_WRI-L1_F012.png,D:\projects\MediMind\ai-prediction-service\artifacts\fracture_v2\experiment5_localization\dataset\images\train\0035_0797029354_01_WRI-L2_F012.png,"[0.4126715, 0.5606384999999999, 0.6489725000000001, 0.6170215]","[0.3165135, 0.6091125, 0.5848625, 0.6882495]","[0.4107, 0.5419, 0.6534, 0.6147]","[0.3217, 0.606, 0.5778, 0.6826]",0.5495,0.4943,"[0.36216000000000004, 0.52734, 0.70194, 0.62926]","[0.27048, 0.59068, 0.62902, 0.69792]",20pct_expanded_or_full_fallback,0.7013,0.8542
0039_01_WRI-R,PAT_GRAZ_39,GRAZPEDWRI-DX,train,0,D:\projects\MediMind\ai-prediction-service\artifacts\fracture_v2\experiment5_localization\dataset\images\train\0039_0524881391_01_WRI-R1_M016.png,D:\projects\MediMind\ai-prediction-service\artifacts\fracture_v2\experiment5_localization\dataset\images\train\0039_0524881424_01_WRI-R2_M016.png,NONE,NONE,NONE,NONE,0.0,0.0,FULL_IMAGE,FULL_IMAGE,20pct_expanded_or_full_fallback,0.0,0.0
0041_01_WRI-R,PAT_GRAZ_41,GRAZPEDWRI-DX,train,1,D:\projects\MediMind\ai-prediction-service\artifacts\fracture_v2\experiment5_localization\dataset\images\train\0041_0846362218_01_WRI-R1_M010.png,D:\projects\MediMind\ai-prediction-service\artifacts\fracture_v2\experiment5_localization\dataset\images\train\0041_0846362255_01_WRI-R2_M010.png,"[0.36327600000000004, 0.425125, 0.541612, 0.490849]","[0.529655, 0.5309365, 0.668965, 0.6178935]","[0.3656, 0.4222, 0.5403, 0.4915]","[0.5239, 0.5301, 0.6719, 0.6193]",0.8629,0.637,"[0.33065999999999995, 0.40834000000000004, 0.57524, 0.50536]","[0.4943, 0.51226, 0.7015, 0.6371399999999999]",20pct_expanded_or_full_fallback,0.93,0.9176
0042_01_WRI-R,PAT_GRAZ_42,GRAZPEDWRI-DX,train,1,D:\projects\MediMind\ai-prediction-service\artifacts\fracture_v2\experiment5_localization\dataset\images\train\0042_0760625564_01_WRI-R1_M013.png,D:\projects\MediMind\ai-prediction-service\artifacts\fracture_v2\experiment5_localization\dataset\images\train\0042_0760625600_01_WRI-R2_M013.png,"[0.26029949999999996, 0.4752275, 0.5018724999999999, 0.5409505]","[0.37966749999999994, 0.622779, 0.6473025, 0.691745]","[0.2563, 0.4776, 0.4979, 0.5519]","[0.3804, 0.6249, 0.6446, 0.6981]",0.8317,0.757,"[0.20797999999999997, 0.46274000000000004, 0.54622, 0.5667599999999999]","[0.32756, 0.61026, 0.69744, 0.71274]",20pct_expanded_or_full_fallback,0.8017,0.877
0042_03_WRI-R,PAT_GRAZ_42,GRAZPEDWRI-DX,train,1,D:\projects\MediMind\ai-prediction-service\artifacts\fracture_v2\experiment5_localization\dataset\images\train\0042_0762697159_03_WRI-R1_M013.png,D:\projects\MediMind\ai-prediction-service\artifacts\fracture_v2\experiment5_localization\dataset\images\train\0042_0762697180_03_WRI-R2_M013.png,"[0.3315215, 0.593454, 0.5054345, 0.652886]","[0.47295000000000004, 0.555451, 0.703316, 0.655075]","[0.3356, 0.5992, 0.5046, 0.6639]","[0.4785, 0.5842, 0.6804, 0.6571]",0.8291,0.7153,"[0.3018, 0.5862599999999999, 0.5384000000000001, 0.6768400000000001]","[0.43811999999999995, 0.56962, 0.72078, 0.67168]",20pct_expanded_or_full_fallback,0.7438,0.6126
0042_04_WRI-R,PAT_GRAZ_42,GRAZPEDWRI-DX,train,1,D:\projects\MediMind\ai-prediction-service\artifacts\fracture_v2\experiment5_localization\dataset\images\train\0042_0827512754_04_WRI-R1_M015.png,D:\projects\MediMind\ai-prediction-service\artifacts\fracture_v2\experiment5_localization\dataset\images\train\0042_0827512771_04_WRI-R2_M015.png,NONE,"[0.4550084999999999, 0.53068, 0.7215615, 0.5936980000000001]","[0.2534, 0.4644, 0.5124, 0.5373]","[0.4943, 0.6755, 0.6621, 0.7635]",0.1731,0.2706,"[0.20160000000000003, 0.44982, 0.5641999999999999, 0.55188]","[0.46074000000000004, 0.6579, 0.6956600000000001, 0.7810999999999999]",20pct_expanded_or_full_fallback,0.0,0.0
0043_01_WRI-R,PAT_GRAZ_43,GRAZPEDWRI-DX,train,1,D:\projects\MediMind\ai-prediction-service\artifacts\fracture_v2\experiment5_localization\dataset\images\train\0043_1102352941_01_WRI-R1_M007.png,D:\projects\MediMind\ai-prediction-service\artifacts\fracture_v2\experiment5_localization\dataset\images\train\0043_1102352994_01_WRI-R2_M007.png,"[0.336, 0.4719825, 0.5712, 0.5581895]","[0.4605265, 0.398148, 0.8157895, 0.478836]","[0.3445, 0.4759, 0.5696, 0.551]","[0.4484, 0.3844, 0.8445, 0.4633]",0.7238,0.5037,"[0.29947999999999997, 0.46087999999999996, 0.6146199999999999, 0.5660200000000001]","[0.36918, 0.36862, 0.9237200000000001, 0.47908]",20pct_expanded_or_full_fallback,0.8337,0.6295
0044_01_WRI-L,PAT_GRAZ_44,GRAZPEDWRI-DX,train,1,D:\projects\MediMind\ai-prediction-service\artifacts\fracture_v2\experiment5_localization\dataset\images\train\0044_1042128354_01_WRI-L1_M004.png,D:\projects\MediMind\ai-prediction-service\artifacts\fracture_v2\experiment5_localization\dataset\images\train\0044_1042128398_01_WRI-L2_M004.png,"[0.5227269999999999, 0.4187935, 0.7747930000000001, 0.48723849999999996]","[0.44028100000000003, 0.40966899999999995, 0.676815, 0.475827]","[0.5202, 0.3988, 0.7733, 0.4892]","[0.4329, 0.4038, 0.666, 0.4807]",0.599,0.5683,"[0.46958, 0.38072, 0.82392, 0.5072800000000001]","[0.38628, 0.38842, 0.71262, 0.49608]",20pct_expanded_or_full_fallback,0.7462,0.8011
0045_01_WRI-L,PAT_GRAZ_45,GRAZPEDWRI-DX,train,1,D:\projects\MediMind\ai-prediction-service\artifacts\fracture_v2\experiment5_localization\dataset\images\train\0045_0661159881_01_WRI-L1_M010.png,D:\projects\MediMind\ai-prediction-service\artifacts\fracture_v2\experiment5_localization\dataset\images\train\0045_0661159909_01_WRI-L2_M010.png,NONE,"[0.47686850000000003, 0.448885, 0.6109135, 0.522305]","[0.5147, 0.5971, 0.6105, 0.6718]","[0.4673, 0.4464, 0.6047, 0.5096]",0.2817,0.4081,"[0.49554000000000004, 0.58216, 0.62966, 0.6867399999999999]","[0.43982, 0.43376000000000003, 0.63218, 0.52224]",20pct_expanded_or_full_fallback,0.0,0.721
0046_01_WRI-L,PAT_GRAZ_46,GRAZPEDWRI-DX,train,1,D:\projects\MediMind\ai-prediction-service\artifacts\fracture_v2\experiment5_localization\dataset\images\train\0046_1032962136_01_WRI-L1_M008.png,D:\projects\MediMind\ai-prediction-service\artifacts\fracture_v2\experiment5_localization\dataset\images\train\0046_1032962185_01_WRI-L2_M008.png,"[0.20312550000000001, 0.46484349999999997, 0.3613285, 0.5429685]","[0.32996, 0.45471750000000005, 0.5688259999999999, 0.5745285]","[0.4559, 0.4139, 0.7051, 0.4767]","[0.3569, 0.4426, 0.5613, 0.5167]",0.8983,0.6806,"[0.40606000000000003, 0.40134, 0.7549399999999999, 0.48926000000000003]","[0.31601999999999997, 0.42778, 0.60218, 0.5315200000000001]",20pct_expanded_or_full_fallback,0.6933,0.4074
0046_02_WRI-L,PAT_GRAZ_46,GRAZPEDWRI-DX,train,1,D:\projects\MediMind\ai-prediction-service\artifacts\fracture_v2\experiment5_localization\dataset\images\train\0046_1033629128_02_WRI-L1_M008.png,D:\projects\MediMind\ai-prediction-service\artifacts\fracture_v2\experiment5_localization\dataset\images\train\0046_1033629175_02_WRI-L2_M008.png,"[0.24626900000000002, 0.5295829999999999, 0.374627, 0.643065]","[0.3574145, 0.49999999999999994, 0.5057035000000001, 0.6239319999999999]","[0.4422, 0.4633, 0.6368, 0.5392]","[0.247, 0.4187, 0.4306, 0.5145]",0.7887,0.3398,"[0.40327999999999997, 0.44811999999999996, 0.6757200000000001, 0.55438]","[0.21028, 0.39954, 0.46731999999999996, 0.5336599999999999]",20pct_expanded_or_full_fallback,0.7347,0.6032
0046_03_WRI-L,PAT_GRAZ_46,GRAZPEDWRI-DX,train,1,D:\projects\MediMind\ai-prediction-service\artifacts\fracture_v2\experiment5_localization\dataset\images\train\0046_1034320500_03_WRI-L1_M008.png,D:\projects\MediMind\ai-prediction-service\artifacts\fracture_v2\experiment5_localization\dataset\images\train\0046_1034320574_03_WRI-L2_M008.png,"[0.476744, 0.5655245, 0.697674, 0.6713715]","[0.226149, 0.5673395, 0.429329, 0.6456225000000001]","[0.4841, 0.5699, 0.6984, 0.6506]","[0.2442, 0.5763, 0.4259, 0.6419]",0.8255,0.4918,"[0.44123999999999997, 0.5537599999999999, 0.74126, 0.66674]","[0.20786, 0.56318, 0.46224, 0.65502]",20pct_expanded_or_full_fallback,0.7352,0.7494
0049_01_WRI-L,PAT_GRAZ_49,GRAZPEDWRI-DX,train,0,D:\projects\MediMind\ai-prediction-service\artifacts\fracture_v2\experiment5_localization\dataset\images\train\0049_0920148982_01_WRI-L1_M012.png,D:\projects\MediMind\ai-prediction-service\artifacts\fracture_v2\experiment5_localization\dataset\images\train\0049_0920148997_01_WRI-L2_M012.png,NONE,NONE,NONE,NONE,0.0,0.0,FULL_IMAGE,FULL_IMAGE,20pct_expanded_or_full_fallback,0.0,0.0
0054_01_WRI-L,PAT_GRAZ_54,GRAZPEDWRI-DX,train,1,D:\projects\MediMind\ai-prediction-service\artifacts\fracture_v2\experiment5_localization\dataset\images\train\0054_0367866644_01_WRI-L1_M014.png,D:\projects\MediMind\ai-prediction-service\artifacts\fracture_v2\experiment5_localization\dataset\images\train\0054_0367866717_01_WRI-L2_M014.png,"[0.16194950000000002, 0.4794775, 0.2625785, 0.5447765]","[0.3037975, 0.5746265, 0.6413504999999999, 0.9664175]","[0.453, 0.6957, 0.7449, 0.8019]",NONE,0.2544,0.0,"[0.39462, 0.67446, 0.80328, 0.82314]",FULL_IMAGE,20pct_expanded_or_full_fallback,0.3362,0.0
0055_01_WRI-L,PAT_GRAZ_55,GRAZPEDWRI-DX,train,1,D:\projects\MediMind\ai-prediction-service\artifacts\fracture_v2\experiment5_localization\dataset\images\train\0055_0844133053_01_WRI-L1_F015.png,D:\projects\MediMind\ai-prediction-service\artifacts\fracture_v2\experiment5_localization\dataset\images\train\0055_0844133130_01_WRI-L2_F015.png,"[0.24853000000000003, 0.5100895000000001, 0.319118, 0.5717485]","[0.35773449999999996, 0.5734655, 0.6201655, 0.7324565000000001]","[0.4361, 0.5556, 0.7705, 0.7089]","[0.371, 0.5866, 0.6428, 0.7139]",0.5841,0.3678,"[0.36922, 0.52494, 0.83738, 0.73956]","[0.31664, 0.56114, 0.69716, 0.73936]",20pct_expanded_or_full_fallback,0.8095,0.7111
0055_02_WRI-L,PAT_GRAZ_55,GRAZPEDWRI-DX,train,1,D:\projects\MediMind\ai-prediction-service\artifacts\fracture_v2\experiment5_localization\dataset\images\train\0055_0845337283_02_WRI-L1_F015.png,D:\projects\MediMind\ai-prediction-service\artifacts\fracture_v2\experiment5_localization\dataset\images\train\0055_0845337354_02_WRI-L2_F015.png,"[0.3811475, 0.48704050000000004, 0.8032785, 0.6263495]","[0.23937350000000002, 0.51, 0.5727065, 0.6439999999999999]","[0.3667, 0.4704, 0.8165, 0.6222]","[0.2359, 0.4807, 0.6586, 0.6049]",0.6031,0.3797,"[0.27674000000000004, 0.44004, 0.90646, 0.65256]","[0.15136, 0.45586000000000004, 0.7431399999999999, 0.62974]",20pct_expanded_or_full_fallback,0.8147,0.4827
0055_03_WRI-L,PAT_GRAZ_55,GRAZPEDWRI-DX,train,1,D:\projects\MediMind\ai-prediction-service\artifacts\fracture_v2\experiment5_localization\dataset\images\train\0055_0851472050_03_WRI-L1_F015.png,D:\projects\MediMind\ai-prediction-service\artifacts\fracture_v2\experiment5_localization\dataset\images\train\0055_0851472085_03_WRI-L2_F015.png,"[0.41996849999999997, 0.514925, 0.7606975, 0.612769]","[0.293065, 0.47297249999999996, 0.662193, 0.6988414999999999]","[0.4399, 0.5204, 0.7628, 0.6105]","[0.3032, 0.489, 0.6603, 0.5974]",0.6272,0.2415,"[0.37532, 0.5023799999999999, 0.82738, 0.6285200000000001]","[0.23178000000000004, 0.46731999999999996, 0.73172, 0.6190800000000001]",20pct_expanded_or_full_fallback,0.8621,0.4643
0057_01_WRI-R,PAT_GRAZ_57,GRAZPEDWRI-DX,train,1,D:\projects\MediMind\ai-prediction-service\artifacts\fracture_v2\experiment5_localization\dataset\images\train\0057_0927207219_01_WRI-R1_M010.png,D:\projects\MediMind\ai-prediction-service\artifacts\fracture_v2\experiment5_localization\dataset\images\train\0057_0927207258_01_WRI-R2_M010.png,"[0.6615165, 0.38645749999999995, 0.7780895, 0.4582985]","[0.47077949999999996, 0.2939245, 0.7077924999999999, 0.3448275]","[0.6148, 0.5378, 0.7338, 0.5952]","[0.4809, 0.2999, 0.7053, 0.3638]",0.1855,0.3755,"[0.591, 0.5263199999999999, 0.7576, 0.60668]","[0.43601999999999996, 0.28712, 0.7501800000000001, 0.37658]",20pct_expanded_or_full_fallback,0.0,0.6177
0057_02_WRI-R,PAT_GRAZ_57,GRAZPEDWRI-DX,train,1,D:\projects\MediMind\ai-prediction-service\artifacts\fracture_v2\experiment5_localization\dataset\images\train\0057_0928238931_02_WRI-R1_M010.png,D:\projects\MediMind\ai-prediction-service\artifacts\fracture_v2\experiment5_localization\dataset\images\train\0057_0928238990_02_WRI-R2_M010.png,"[0.633001, 0.4918165, 0.770981, 0.5540094999999999]","[0.340391, 0.33960799999999997, 0.576547, 0.40512]",NONE,"[0.371, 0.3501, 0.5836, 0.4114]",0.0,0.2122,FULL_IMAGE,"[0.32848, 0.33784000000000003, 0.62612, 0.42366]",20pct_expanded_or_full_fallback,0.0,0.6577
0058_01_WRI-L,PAT_GRAZ_58,GRAZPEDWRI-DX,train,1,D:\projects\MediMind\ai-prediction-service\artifacts\fracture_v2\experiment5_localization\dataset\images\train\0058_1187121256_01_WRI-L1_M013.png,D:\projects\MediMind\ai-prediction-service\artifacts\fracture_v2\experiment5_localization\dataset\images\train\0058_1187121299_01_WRI-L2_M013.png,NONE,"[0.355752, 0.5321739999999999, 0.6283179999999999, 0.60087]",NONE,NONE,0.0,0.0,FULL_IMAGE,FULL_IMAGE,20pct_expanded_or_full_fallback,0.0,0.0
0058_02_WRI-L,PAT_GRAZ_58,GRAZPEDWRI-DX,train,1,D:\projects\MediMind\ai-prediction-service\artifacts\fracture_v2\experiment5_localization\dataset\images\train\0058_1220190927_02_WRI-L1_M014.png,D:\projects\MediMind\ai-prediction-service\artifacts\fracture_v2\experiment5_localization\dataset\images\train\0058_1220190964_02_WRI-L2_M014.png,"[0.44833049999999997, 0.49999999999999994, 0.7662955, 0.5952379999999999]","[0.218225, 0.5280374999999999, 0.628297, 0.6420565]","[0.4516, 0.5067, 0.7724, 0.586]","[0.232, 0.5504, 0.5145, 0.6176]",0.6471,0.5151,"[0.38744, 0.49084000000000005, 0.83656, 0.60186]","[0.17550000000000002, 0.53696, 0.571, 0.63104]",20pct_expanded_or_full_fallback,0.8111,0.406
0061_01_WRI-L,PAT_GRAZ_61,GRAZPEDWRI-DX,train,0,D:\projects\MediMind\ai-prediction-service\artifacts\fracture_v2\experiment5_localization\dataset\images\train\0061_0644271576_01_WRI-L1_F010.png,D:\projects\MediMind\ai-prediction-service\artifacts\fracture_v2\experiment5_localization\dataset\images\train\0061_0644271611_01_WRI-L2_F010.png,NONE,NONE,NONE,NONE,0.0,0.0,FULL_IMAGE,FULL_IMAGE,20pct_expanded_or_full_fallback,0.0,0.0
0063_01_WRI-R,PAT_GRAZ_63,GRAZPEDWRI-DX,train,1,D:\projects\MediMind\ai-prediction-service\artifacts\fracture_v2\experiment5_localization\dataset\images\train\0063_0564895706_01_WRI-R1_F011.png,D:\projects\MediMind\ai-prediction-service\artifacts\fracture_v2\experiment5_localization\dataset\images\train\0063_0564895777_01_WRI-R2_F011.png,"[0.277586, 0.6423845, 0.546552, 0.7273735]","[0.48153900000000005, 0.46687249999999997, 0.689231, 0.5138674999999999]","[0.2791, 0.6381, 0.5567, 0.727]","[0.4777, 0.4561, 0.683, 0.5184]",0.6328,0.7275,"[0.22358000000000003, 0.62032, 0.61222, 0.74478]","[0.43664000000000003, 0.44364000000000003, 0.72406, 0.53086]",20pct_expanded_or_full_fallback,0.9086,0.7237
0063_02_WRI-R,PAT_GRAZ_63,GRAZPEDWRI-DX,train,1,D:\projects\MediMind\ai-prediction-service\artifacts\fracture_v2\experiment5_localization\dataset\images\train\0063_0566100805_02_WRI-R1_F011.png,D:\projects\MediMind\ai-prediction-service\artifacts\fracture_v2\experiment5_localization\dataset\images\train\0063_0566100866_02_WRI-R2_F011.png,"[0.3124015, 0.424242, 0.5667185, 0.551948]","[0.46653100000000003, 0.429, 0.750507, 0.521]","[0.316, 0.4519, 0.5611, 0.5427]","[0.4711, 0.4559, 0.7254, 0.5232]",0.6807,0.6001,"[0.26698, 0.43374, 0.61012, 0.5608599999999999]","[0.42024, 0.44244000000000006, 0.7762600000000001, 0.53666]",20pct_expanded_or_full_fallback,0.6852,0.6204
0066_01_WRI-L,PAT_GRAZ_66,GRAZPEDWRI-DX,train,1,D:\projects\MediMind\ai-prediction-service\artifacts\fracture_v2\experiment5_localization\dataset\images\train\0066_1261433016_01_WRI-L1_M011.png,D:\projects\MediMind\ai-prediction-service\artifacts\fracture_v2\experiment5_localization\dataset\images\train\0066_1261433167_01_WRI-L2_M011.png,"[0.43463450000000003, 0.5966589999999999, 0.7707975, 0.694511]","[0.20454550000000002, 0.4435265, 0.5492425, 0.5417815]","[0.4382, 0.5863, 0.7639, 0.7105]","[0.1931, 0.4567, 0.5451, 0.5513]",0.27,0.2476,"[0.37305999999999995, 0.5614600000000001, 0.82904, 0.73534]","[0.12269999999999999, 0.43778, 0.6155, 0.5702200000000001]",20pct_expanded_or_full_fallback,0.7684,0.7587
0066_02_WRI-L,PAT_GRAZ_66,GRAZPEDWRI-DX,train,1,D:\projects\MediMind\ai-prediction-service\artifacts\fracture_v2\experiment5_localization\dataset\images\train\0066_1261436248_02_WRI-L1_M011.png,D:\projects\MediMind\ai-prediction-service\artifacts\fracture_v2\experiment5_localization\dataset\images\train\0066_1261436285_02_WRI-L2_M011.png,"[0.43344099999999997, 0.5563070000000001, 0.7516229999999999, 0.649775]","[0.31628749999999994, 0.4432195, 0.6553025, 0.5678065]","[0.251, 0.4986, 0.3532, 0.5658]",NONE,0.3743,0.0,"[0.23056, 0.48516, 0.37364, 0.57924]",FULL_IMAGE,20pct_expanded_or_full_fallback,0.0,0.0
0066_03_WRI-L,PAT_GRAZ_66,GRAZPEDWRI-DX,train,1,D:\projects\MediMind\ai-prediction-service\artifacts\fracture_v2\experiment5_localization\dataset\images\train\0066_1262119048_03_WRI-L1_M011.png,D:\projects\MediMind\ai-prediction-service\artifacts\fracture_v2\experiment5_localization\dataset\images\train\0066_1262119118_03_WRI-L2_M011.png,"[0.46984099999999995, 0.710247, 0.755555, 0.863957]","[0.32293550000000004, 0.5138119999999999, 0.6477065, 0.672652]","[0.471, 0.6863, 0.7651, 0.8789]",NONE,0.2726,0.0,"[0.41218, 0.64778, 0.82392, 0.91742]",FULL_IMAGE,20pct_expanded_or_full_fallback,0.7698,0.0
0066_04_WRI-L,PAT_GRAZ_66,GRAZPEDWRI-DX,train,1,D:\projects\MediMind\ai-prediction-service\artifacts\fracture_v2\experiment5_localization\dataset\images\train\0066_1263156785_04_WRI-L1_M011.png,D:\projects\MediMind\ai-prediction-service\artifacts\fracture_v2\experiment5_localization\dataset\images\train\0066_1263156863_04_WRI-L2_M011.png,"[0.4303275, 0.547431, 0.6926224999999999, 0.646245]","[0.23037999999999997, 0.543081, 0.67595, 0.6853790000000001]",NONE,NONE,0.0,0.0,FULL_IMAGE,FULL_IMAGE,20pct_expanded_or_full_fallback,0.0,0.0
0068_01_WRI-R,PAT_GRAZ_68,GRAZPEDWRI-DX,train,0,D:\projects\MediMind\ai-prediction-service\artifacts\fracture_v2\experiment5_localization\dataset\images\train\0068_0415383065_01_WRI-R1_M010.png,D:\projects\MediMind\ai-prediction-service\artifacts\fracture_v2\experiment5_localization\dataset\images\train\0068_0415383100_01_WRI-R2_M010.png,NONE,NONE,NONE,NONE,0.0,0.0,FULL_IMAGE,FULL_IMAGE,20pct_expanded_or_full_fallback,0.0,0.0
0069_01_WRI-L,PAT_GRAZ_69,GRAZPEDWRI-DX,train,1,D:\projects\MediMind\ai-prediction-service\artifacts\fracture_v2\experiment5_localization\dataset\images\train\0069_0502540283_01_WRI-L1_M013.png,D:\projects\MediMind\ai-prediction-service\artifacts\fracture_v2\experiment5_localization\dataset\images\train\0069_0502540229_01_WRI-L2_M013.png,"[0.18405749999999999, 0.54918, 0.33043449999999996, 0.6120220000000001]","[0.3172585, 0.563937, 0.5025375, 0.626437]","[0.4275, 0.6118, 0.6764, 0.708]","[0.3186, 0.5634, 0.4964, 0.6312]",0.6842,0.5964,"[0.37772, 0.59256, 0.72618, 0.72724]","[0.28304, 0.54984, 0.53196, 0.64476]",20pct_expanded_or_full_fallback,0.8795,0.8874
0069_02_WRI-L,PAT_GRAZ_69,GRAZPEDWRI-DX,train,1,D:\projects\MediMind\ai-prediction-service\artifacts\fracture_v2\experiment5_localization\dataset\images\train\0069_0503059409_02_WRI-L1_M013.png,D:\projects\MediMind\ai-prediction-service\artifacts\fracture_v2\experiment5_localization\dataset\images\train\0069_0503059471_02_WRI-L2_M013.png,"[0.44961300000000004, 0.7365984999999999, 0.648579, 0.7994455]","[0.286885, 0.630814, 0.518033, 0.6773260000000001]","[0.2004, 0.6537, 0.3442, 0.7323]","[0.3002, 0.6091, 0.5154, 0.6757]",0.6958,0.7143,"[0.17164, 0.63798, 0.37296, 0.7480199999999999]","[0.25716000000000006, 0.59578, 0.5584399999999999, 0.68902]",20pct_expanded_or_full_fallback,0.8026,0.6263
0069_03_WRI-L,PAT_GRAZ_69,GRAZPEDWRI-DX,train,1,D:\projects\MediMind\ai-prediction-service\artifacts\fracture_v2\experiment5_localization\dataset\images\train\0069_0503737760_03_WRI-L1_M013.png,D:\projects\MediMind\ai-prediction-service\artifacts\fracture_v2\experiment5_localization\dataset\images\train\0069_0503737843_03_WRI-L2_M013.png,"[0.43721599999999994, 0.833333, 0.704992, 0.9410569999999999]","[0.2886025, 0.6352315, 0.5459555, 0.7206405]","[0.1597, 0.7874, 0.3315, 0.8713]","[0.2808, 0.6344, 0.5321, 0.7234]",0.6787,0.7133,"[0.12534, 0.77062, 0.36586, 0.88808]","[0.23054, 0.6165999999999999, 0.58236, 0.7412000000000001]",20pct_expanded_or_full_fallback,0.8237,0.8831
0070_01_WRI-L,PAT_GRAZ_70,GRAZPEDWRI-DX,train,0,D:\projects\MediMind\ai-prediction-service\artifacts\fracture_v2\experiment5_localization\dataset\images\train\0070_0614525012_01_WRI-L1_F003.png,D:\projects\MediMind\ai-prediction-service\artifacts\fracture_v2\experiment5_localization\dataset\images\train\0070_0614525072_01_WRI-L2_F003.png,NONE,NONE,"[0.4478, 0.2914, 0.712, 0.3625]",NONE,0.2222,0.0,"[0.39496, 0.27718, 0.76484, 0.37672]",FULL_IMAGE,20pct_expanded_or_full_fallback,0.0,0.0
0071_01_WRI-R,PAT_GRAZ_71,GRAZPEDWRI-DX,train,1,D:\projects\MediMind\ai-prediction-service\artifacts\fracture_v2\experiment5_localization\dataset\images\train\0071_0678614107_01_WRI-R1_F009.png,D:\projects\MediMind\ai-prediction-service\artifacts\fracture_v2\experiment5_localization\dataset\images\train\0071_0678614151_01_WRI-R2_F009.png,"[0.35941999999999996, 0.621032, 0.550724, 0.72123]","[0.372425, 0.609162, 0.518225, 0.70078]","[0.3653, 0.6243, 0.5504, 0.7127]","[0.3711, 0.6093, 0.5201, 0.702]",0.7749,0.6559,"[0.32828, 0.6066199999999999, 0.58742, 0.73038]","[0.3413, 0.59076, 0.5499, 0.72054]",20pct_expanded_or_full_fallback,0.8536,0.9642
0071_02_WRI-R,PAT_GRAZ_71,GRAZPEDWRI-DX,train,1,D:\projects\MediMind\ai-prediction-service\artifacts\fracture_v2\experiment5_localization\dataset\images\train\0071_0680563744_02_WRI-R1_F009.png,D:\projects\MediMind\ai-prediction-service\artifacts\fracture_v2\experiment5_localization\dataset\images\train\0071_0680563788_02_WRI-R2_F009.png,"[0.33868149999999997, 0.5856235, 0.5650625, 0.6997885]","[0.525668, 0.5424525, 0.73922, 0.6726414999999999]","[0.3388, 0.5862, 0.5681, 0.6808]","[0.5331, 0.5579, 0.7409, 0.6724]",0.7808,0.2979,"[0.29294, 0.5672800000000001, 0.6139600000000001, 0.6997199999999999]","[0.49154000000000003, 0.5349999999999999, 0.78246, 0.6953]",20pct_expanded_or_full_fallback,0.8191,0.843
0073_01_WRI-L,PAT_GRAZ_73,GRAZPEDWRI-DX,train,0,D:\projects\MediMind\ai-prediction-service\artifacts\fracture_v2\experiment5_localization\dataset\images\train\0073_1156812533_01_WRI-L1_M015.png,D:\projects\MediMind\ai-prediction-service\artifacts\fracture_v2\experiment5_localization\dataset\images\train\0073_1156812570_01_WRI-L2_M015.png,NONE,NONE,NONE,NONE,0.0,0.0,FULL_IMAGE,FULL_IMAGE,20pct_expanded_or_full_fallback,0.0,0.0
0073_02_WRI-R,PAT_GRAZ_73,GRAZPEDWRI-DX,train,0,D:\projects\MediMind\ai-prediction-service\artifacts\fracture_v2\experiment5_localization\dataset\images\train\0073_1210326335_02_WRI-R1_M017.png,D:\projects\MediMind\ai-prediction-service\artifacts\fracture_v2\experiment5_localization\dataset\images\train\0073_1210326386_02_WRI-R2_M017.png,NONE,NONE,NONE,NONE,0.0,0.0,FULL_IMAGE,FULL_IMAGE,20pct_expanded_or_full_fallback,0.0,0.0
0074_01_WRI-L,PAT_GRAZ_74,GRAZPEDWRI-DX,train,1,D:\projects\MediMind\ai-prediction-service\artifacts\fracture_v2\experiment5_localization\dataset\images\train\0074_0778270458_01_WRI-L1_F010.png,D:\projects\MediMind\ai-prediction-service\artifacts\fracture_v2\experiment5_localization\dataset\images\train\0074_0778270509_01_WRI-L2_F010.png,NONE,"[0.18095249999999996, 0.3575645, 0.5542855, 0.4607075]",NONE,NONE,0.0,0.0,FULL_IMAGE,FULL_IMAGE,20pct_expanded_or_full_fallback,0.0,0.0
0077_01_WRI-R,PAT_GRAZ_77,GRAZPEDWRI-DX,train,0,D:\projects\MediMind\ai-prediction-service\artifacts\fracture_v2\experiment5_localization\dataset\images\train\0077_1156321403_01_WRI-R1_M011.png,D:\projects\MediMind\ai-prediction-service\artifacts\fracture_v2\experiment5_localization\dataset\images\train\0077_1156321421_01_WRI-R2_M011.png,NONE,NONE,NONE,NONE,0.0,0.0,FULL_IMAGE,FULL_IMAGE,20pct_expanded_or_full_fallback,0.0,0.0
0078_01_WRI-L,PAT_GRAZ_78,GRAZPEDWRI-DX,train,1,D:\projects\MediMind\ai-prediction-service\artifacts\fracture_v2\experiment5_localization\dataset\images\train\0078_1212376595_01_WRI-L1_M011.png,D:\projects\MediMind\ai-prediction-service\artifacts\fracture_v2\experiment5_localization\dataset\images\train\0078_1212376663_01_WRI-L2_M011.png,"[0.4507494999999999, 0.430124, 0.5974305, 0.528726]","[0.357723, 0.3864635, 0.523577, 0.4770745]","[0.4512, 0.4375, 0.5972, 0.5197]","[0.3647, 0.3949, 0.5237, 0.4661]",0.5864,0.7989,"[0.422, 0.42106, 0.6264, 0.5361400000000001]","[0.33290000000000003, 0.38065999999999994, 0.5555000000000001, 0.48034000000000004]",20pct_expanded_or_full_fallback,0.8298,0.7523
0078_02_WRI-L,PAT_GRAZ_78,GRAZPEDWRI-DX,train,1,D:\projects\MediMind\ai-prediction-service\artifacts\fracture_v2\experiment5_localization\dataset\images\train\0078_1212968409_02_WRI-L1_M011.png,D:\projects\MediMind\ai-prediction-service\artifacts\fracture_v2\experiment5_localization\dataset\images\train\0078_1212968489_02_WRI-L2_M011.png,"[0.4233450000000001, 0.5470855, 0.679443, 0.6524665]","[0.3585315, 0.552185, 0.5723545, 0.646845]","[0.4391, 0.5518, 0.6638, 0.6319]","[0.3593, 0.5539, 0.5717, 0.6422]",0.7517,0.7031,"[0.39416, 0.5357799999999999, 0.7087399999999999, 0.64792]","[0.31682, 0.5362399999999999, 0.61418, 0.65986]",20pct_expanded_or_full_fallback,0.6669,0.9266
0078_03_WRI-L,PAT_GRAZ_78,GRAZPEDWRI-DX,train,1,D:\projects\MediMind\ai-prediction-service\artifacts\fracture_v2\experiment5_localization\dataset\images\train\0078_1213575280_03_WRI-L1_M011.png,D:\projects\MediMind\ai-prediction-service\artifacts\fracture_v2\experiment5_localization\dataset\images\train\0078_1213575325_03_WRI-L2_M011.png,"[0.49493200000000004, 0.5933525000000001, 0.744932, 0.6930595]","[0.428816, 0.419057, 0.658662, 0.522541]","[0.5099, 0.5884, 0.736, 0.6701]","[0.4488, 0.4238, 0.6394, 0.5054]",0.5903,0.7418,"[0.46468000000000004, 0.57206, 0.78122, 0.68644]","[0.41068, 0.40748, 0.67752, 0.52172]",20pct_expanded_or_full_fallback,0.6662,0.6539
0078_04_WRI-L,PAT_GRAZ_78,GRAZPEDWRI-DX,train,1,D:\projects\MediMind\ai-prediction-service\artifacts\fracture_v2\experiment5_localization\dataset\images\train\0078_1214181861_04_WRI-L1_M011.png,D:\projects\MediMind\ai-prediction-service\artifacts\fracture_v2\experiment5_localization\dataset\images\train\0078_1214181959_04_WRI-L2_M011.png,"[0.518135, 0.6342045000000001, 0.700777, 0.7731595]","[0.4269665, 0.519813, 0.6324235, 0.651515]","[0.5216, 0.6561, 0.7076, 0.7498]","[0.4556, 0.5453, 0.6293, 0.6306]",0.7314,0.6973,"[0.48439999999999994, 0.63736, 0.7448, 0.76854]","[0.42086, 0.52824, 0.66404, 0.64766]",20pct_expanded_or_full_fallback,0.6453,0.5476
0078_05_WRI-L,PAT_GRAZ_78,GRAZPEDWRI-DX,train,1,D:\projects\MediMind\ai-prediction-service\artifacts\fracture_v2\experiment5_localization\dataset\images\train\0078_1215384180_05_WRI-L1_M011.png,D:\projects\MediMind\ai-prediction-service\artifacts\fracture_v2\experiment5_localization\dataset\images\train\0078_1215384250_05_WRI-L2_M011.png,"[0.46644849999999993, 0.4677415, 0.6873975, 0.5725804999999999]","[0.498896, 0.564877, 0.741722, 0.658837]","[0.2769, 0.4911, 0.4203, 0.578]","[0.407, 0.5767, 0.5788, 0.6457]",0.7871,0.811,"[0.24821999999999997, 0.47372, 0.44898, 0.5953799999999999]","[0.37263999999999997, 0.5629, 0.6131599999999999, 0.6595000000000001]",20pct_expanded_or_full_fallback,0.8651,0.7329
0079_01_WRI-L,PAT_GRAZ_79,GRAZPEDWRI-DX,train,1,D:\projects\MediMind\ai-prediction-service\artifacts\fracture_v2\experiment5_localization\dataset\images\train\0079_0554009487_01_WRI-L1_M010.png,D:\projects\MediMind\ai-prediction-service\artifacts\fracture_v2\experiment5_localization\dataset\images\train\0079_0554009526_01_WRI-L2_M010.png,"[0.41042349999999994, 0.4642225, 0.6775245, 0.5339895]","[0.38617200000000007, 0.4191665, 0.662732, 0.5024995]","[0.4147, 0.4496, 0.6724, 0.5358]","[0.416, 0.4405, 0.6535, 0.5067]",0.6472,0.3984,"[0.36316000000000004, 0.43235999999999997, 0.72394, 0.5530400000000001]","[0.3685, 0.42726, 0.701, 0.5199400000000001]",20pct_expanded_or_full_fallback,0.7862,0.6124
0079_02_WRI-L,PAT_GRAZ_79,GRAZPEDWRI-DX,train,1,D:\projects\MediMind\ai-prediction-service\artifacts\fracture_v2\experiment5_localization\dataset\images\train\0079_0554611613_02_WRI-L1_M010.png,D:\projects\MediMind\ai-prediction-service\artifacts\fracture_v2\experiment5_localization\dataset\images\train\0079_0554611651_02_WRI-L2_M010.png,"[0.45432700000000004, 0.6351015, 0.836539, 0.7386364999999999]","[0.33539050000000004, 0.39318450000000005, 0.6502055, 0.5229355]","[0.4574, 0.6291, 0.8401, 0.7401]","[0.3541, 0.4057, 0.647, 0.514]",0.5439,0.3048,"[0.38086, 0.6069, 0.9166399999999999, 0.7623]","[0.29552, 0.38404, 0.70558, 0.53566]",20pct_expanded_or_full_fallback,0.9172,0.7766
0079_03_WRI-L,PAT_GRAZ_79,GRAZPEDWRI-DX,train,1,D:\projects\MediMind\ai-prediction-service\artifacts\fracture_v2\experiment5_localization\dataset\images\train\0079_0555388535_03_WRI-L1_M010.png,D:\projects\MediMind\ai-prediction-service\artifacts\fracture_v2\experiment5_localization\dataset\images\train\0079_0555388559_03_WRI-L2_M010.png,"[0.4271655, 0.36363650000000003, 0.7677165, 0.4820295]","[0.3351955, 0.36469300000000004, 0.6070765, 0.464059]","[0.2102, 0.3057, 0.324, 0.3674]","[0.3352, 0.3504, 0.6093, 0.4527]",0.6796,0.4639,"[0.18744, 0.29336, 0.34676, 0.37974]","[0.28038, 0.32994, 0.6641199999999999, 0.47315999999999997]",20pct_expanded_or_full_fallback,0.6476,0.7686
0080_01_WRI-L,PAT_GRAZ_80,GRAZPEDWRI-DX,train,1,D:\projects\MediMind\ai-prediction-service\artifacts\fracture_v2\experiment5_localization\dataset\images\train\0080_0763432029_01_WRI-L1_F009.png,D:\projects\MediMind\ai-prediction-service\artifacts\fracture_v2\experiment5_localization\dataset\images\train\0080_0763432063_01_WRI-L2_F009.png,"[0.3277305, 0.459165, 0.5294114999999999, 0.520871]","[0.342742, 0.4326375, 0.564516, 0.5085385]","[0.3289, 0.4565, 0.5246, 0.5206]","[0.3589, 0.4129, 0.5638, 0.476]",0.7508,0.6106,"[0.28976, 0.44368, 0.5637399999999999, 0.5334199999999999]","[0.31792, 0.40027999999999997, 0.60478, 0.48862]",20pct_expanded_or_full_fallback,0.9272,0.4256
0081_01_WRI-L,PAT_GRAZ_81,GRAZPEDWRI-DX,train,0,D:\projects\MediMind\ai-prediction-service\artifacts\fracture_v2\experiment5_localization\dataset\images\train\0081_0559506603_01_WRI-L1_F016.png,D:\projects\MediMind\ai-prediction-service\artifacts\fracture_v2\experiment5_localization\dataset\images\train\0081_0559506630_01_WRI-L2_F016.png,NONE,NONE,NONE,NONE,0.0,0.0,FULL_IMAGE,FULL_IMAGE,20pct_expanded_or_full_fallback,0.0,0.0
0081_01_WRI-R,PAT_GRAZ_81,GRAZPEDWRI-DX,train,0,D:\projects\MediMind\ai-prediction-service\artifacts\fracture_v2\experiment5_localization\dataset\images\train\0081_0559506660_01_WRI-R1_F016.png,D:\projects\MediMind\ai-prediction-service\artifacts\fracture_v2\experiment5_localization\dataset\images\train\0081_0559506696_01_WRI-R2_F016.png,NONE,NONE,NONE,"[0.421, 0.3227, 0.7317, 0.39]",0.0,0.1714,FULL_IMAGE,"[0.35885999999999996, 0.30923999999999996, 0.79384, 0.40346000000000004]",20pct_expanded_or_full_fallback,0.0,0.0
0082_01_WRI-R,PAT_GRAZ_82,GRAZPEDWRI-DX,train,0,D:\projects\MediMind\ai-prediction-service\artifacts\fracture_v2\experiment5_localization\dataset\images\train\0082_0625809071_01_WRI-R1_M001.png,D:\projects\MediMind\ai-prediction-service\artifacts\fracture_v2\experiment5_localization\dataset\images\train\0082_0625809140_01_WRI-R2_M001.png,NONE,NONE,NONE,NONE,0.0,0.0,FULL_IMAGE,FULL_IMAGE,20pct_expanded_or_full_fallback,0.0,0.0
0084_01_WRI-R,PAT_GRAZ_84,GRAZPEDWRI-DX,train,1,D:\projects\MediMind\ai-prediction-service\artifacts\fracture_v2\experiment5_localization\dataset\images\train\0084_0923524247_01_WRI-R1_F008.png,D:\projects\MediMind\ai-prediction-service\artifacts\fracture_v2\experiment5_localization\dataset\images\train\0084_0923524295_01_WRI-R2_F008.png,"[0.353982, 0.5534185, 0.573746, 0.6249994999999999]","[0.4642855, 0.554724, 0.6954885000000001, 0.612722]","[0.3562, 0.5507, 0.5771, 0.6325]","[0.4694, 0.5466, 0.6932, 0.6129]",0.7398,0.7558,"[0.31202, 0.5343399999999999, 0.6212799999999999, 0.64886]","[0.42463999999999996, 0.5333399999999999, 0.7379600000000001, 0.62616]",20pct_expanded_or_full_fallback,0.8543,0.8502
0084_02_WRI-R,PAT_GRAZ_84,GRAZPEDWRI-DX,train,1,D:\projects\MediMind\ai-prediction-service\artifacts\fracture_v2\experiment5_localization\dataset\images\train\0084_0924130301_02_WRI-R1_F008.png,D:\projects\MediMind\ai-prediction-service\artifacts\fracture_v2\experiment5_localization\dataset\images\train\0084_0924130330_02_WRI-R2_F008.png,"[0.339009, 0.692612, 0.566563, 0.806068]","[0.44084, 0.5279874999999999, 0.67939, 0.6459905]","[0.3354, 0.6928, 0.5649, 0.7916]","[0.4371, 0.5243, 0.6624, 0.6404]",0.6618,0.5804,"[0.2895, 0.67304, 0.6108, 0.81136]","[0.39204, 0.50108, 0.70746, 0.66362]",20pct_expanded_or_full_fallback,0.8527,0.8471
0084_03_WRI-R,PAT_GRAZ_84,GRAZPEDWRI-DX,train,1,D:\projects\MediMind\ai-prediction-service\artifacts\fracture_v2\experiment5_localization\dataset\images\train\0084_0924736214_03_WRI-R1_F008.png,D:\projects\MediMind\ai-prediction-service\artifacts\fracture_v2\experiment5_localization\dataset\images\train\0084_0924736287_03_WRI-R2_F008.png,"[0.3451495, 0.5311775, 0.6324625, 0.6431865]","[0.36277950000000003, 0.481614, 0.6009745, 0.575564]","[0.3492, 0.5294, 0.6374, 0.6314]","[0.3636, 0.4876, 0.6052, 0.5773]",0.6995,0.6797,"[0.29156000000000004, 0.509, 0.69504, 0.6517999999999999]","[0.31528, 0.46965999999999997, 0.65352, 0.59524]",20pct_expanded_or_full_fallback,0.8554,0.9012
0084_04_WRI-R,PAT_GRAZ_84,GRAZPEDWRI-DX,train,1,D:\projects\MediMind\ai-prediction-service\artifacts\fracture_v2\experiment5_localization\dataset\images\train\0084_0925949124_04_WRI-R1_F008.png,D:\projects\MediMind\ai-prediction-service\artifacts\fracture_v2\experiment5_localization\dataset\images\train\0084_0925949292_04_WRI-R2_F008.png,"[0.289474, 0.43510649999999995, 0.582996, 0.5542555]","[0.45718899999999996, 0.41852649999999997, 0.6672049999999999, 0.5323654999999999]","[0.2862, 0.4438, 0.5898, 0.5421]","[0.4559, 0.416, 0.6633, 0.5179]",0.7542,0.5907,"[0.22548, 0.42413999999999996, 0.65052, 0.56176]","[0.41442, 0.39561999999999997, 0.70478, 0.5382800000000001]",20pct_expanded_or_full_fallback,0.8023,0.834
0087_01_WRI-R,PAT_GRAZ_87,GRAZPEDWRI-DX,train,0,D:\projects\MediMind\ai-prediction-service\artifacts\fracture_v2\experiment5_localization\dataset\images\train\0087_0493070649_01_WRI-R1_F003.png,D:\projects\MediMind\ai-prediction-service\artifacts\fracture_v2\experiment5_localization\dataset\images\train\0087_0493070693_01_WRI-R2_F003.png,NONE,NONE,NONE,NONE,0.0,0.0,FULL_IMAGE,FULL_IMAGE,20pct_expanded_or_full_fallback,0.0,0.0
0088_01_WRI-L,PAT_GRAZ_88,GRAZPEDWRI-DX,train,0,D:\projects\MediMind\ai-prediction-service\artifacts\fracture_v2\experiment5_localization\dataset\images\train\0088_1103836917_01_WRI-L1_M017.png,D:\projects\MediMind\ai-prediction-service\artifacts\fracture_v2\experiment5_localization\dataset\images\train\0088_1103836952_01_WRI-L2_M017.png,NONE,NONE,NONE,NONE,0.0,0.0,FULL_IMAGE,FULL_IMAGE,20pct_expanded_or_full_fallback,0.0,0.0
0089_01_WRI-R,PAT_GRAZ_89,GRAZPEDWRI-DX,train,1,D:\projects\MediMind\ai-prediction-service\artifacts\fracture_v2\experiment5_localization\dataset\images\train\0089_0433913959_01_WRI-R1_F010.png,D:\projects\MediMind\ai-prediction-service\artifacts\fracture_v2\experiment5_localization\dataset\images\train\0089_0433913987_01_WRI-R2_F010.png,"[0.24593500000000001, 0.57367, 0.495935, 0.63034]","[0.46812750000000003, 0.5433749999999999, 0.6792825, 0.599369]","[0.253, 0.5721, 0.4971, 0.635]","[0.462, 0.5394, 0.6789, 0.5942]",0.8228,0.6583,"[0.20418, 0.55952, 0.54592, 0.64758]","[0.41862000000000005, 0.52844, 0.7222799999999999, 0.6051599999999999]",20pct_expanded_or_full_fallback,0.8739,0.8242
0092_01_WRI-L,PAT_GRAZ_92,GRAZPEDWRI-DX,train,1,D:\projects\MediMind\ai-prediction-service\artifacts\fracture_v2\experiment5_localization\dataset\images\train\0092_0773048270_01_WRI-L1_M012.png,D:\projects\MediMind\ai-prediction-service\artifacts\fracture_v2\experiment5_localization\dataset\images\train\0092_0773048323_01_WRI-L2_M012.png,NONE,"[0.278626, 0.463804, 0.5477099999999999, 0.532828]",NONE,"[0.2849, 0.4533, 0.5623, 0.5193]",0.0,0.3319,FULL_IMAGE,"[0.22941999999999999, 0.4401, 0.61778, 0.5325]",20pct_expanded_or_full_fallback,0.0,0.6541
0093_01_WRI-R,PAT_GRAZ_93,GRAZPEDWRI-DX,train,1,D:\projects\MediMind\ai-prediction-service\artifacts\fracture_v2\experiment5_localization\dataset\images\train\0093_0595986251_01_WRI-R1_M012.png,D:\projects\MediMind\ai-prediction-service\artifacts\fracture_v2\experiment5_localization\dataset\images\train\0093_0595986302_01_WRI-R2_M012.png,"[0.31710699999999997, 0.4626395, 0.5201669999999999, 0.5230525]","[0.40280249999999995, 0.4392975, 0.6094575, 0.4960065]","[0.314, 0.4538, 0.5244, 0.5223]","[0.4043, 0.4372, 0.6098, 0.4962]",0.6037,0.8193,"[0.27192, 0.4401, 0.56648, 0.536]","[0.36319999999999997, 0.4254, 0.6509, 0.508]",20pct_expanded_or_full_fallback,0.8318,0.9529
0093_02_WRI-R,PAT_GRAZ_93,GRAZPEDWRI-DX,train,1,D:\projects\MediMind\ai-prediction-service\artifacts\fracture_v2\experiment5_localization\dataset\images\train\0093_0597190473_02_WRI-R1_M012.png,D:\projects\MediMind\ai-prediction-service\artifacts\fracture_v2\experiment5_localization\dataset\images\train\0093_0597190523_02_WRI-R2_M012.png,"[0.28947350000000005, 0.6040264999999999, 0.4819945, 0.6610735]","[0.415246, 0.526249, 0.602876, 0.578103]","[0.2855, 0.5846, 0.4893, 0.6643]","[0.3878, 0.5207, 0.5932, 0.5808]",0.7364,0.8517,"[0.24473999999999996, 0.56866, 0.53006, 0.68024]","[0.34672, 0.50868, 0.63428, 0.59282]",20pct_expanded_or_full_fallback,0.6762,0.7183
0093_03_WRI-R,PAT_GRAZ_93,GRAZPEDWRI-DX,train,1,D:\projects\MediMind\ai-prediction-service\artifacts\fracture_v2\experiment5_localization\dataset\images\train\0093_0598311484_03_WRI-R1_M012.png,D:\projects\MediMind\ai-prediction-service\artifacts\fracture_v2\experiment5_localization\dataset\images\train\0093_0598311532_03_WRI-R2_M012.png,"[0.29390649999999996, 0.5383140000000001, 0.5591395, 0.614942]","[0.45555599999999996, 0.5699234999999999, 0.715556, 0.6283525]","[0.2949, 0.5298, 0.5815, 0.6254]","[0.4474, 0.553, 0.7102, 0.6434]",0.8467,0.6764,"[0.23757999999999999, 0.51068, 0.63882, 0.64452]","[0.39484, 0.5349200000000001, 0.7627600000000001, 0.66148]",20pct_expanded_or_full_fallback,0.737,0.6181
0095_01_WRI-L,PAT_GRAZ_95,GRAZPEDWRI-DX,train,1,D:\projects\MediMind\ai-prediction-service\artifacts\fracture_v2\experiment5_localization\dataset\images\train\0095_0897461656_01_WRI-L1_F005.png,D:\projects\MediMind\ai-prediction-service\artifacts\fracture_v2\experiment5_localization\dataset\images\train\0095_0897461702_01_WRI-L2_F005.png,"[0.4274195, 0.7103005, 0.6330645, 0.7757514999999999]","[0.44504049999999995, 0.465853, 0.6595175, 0.531707]","[0.423, 0.7037, 0.6342, 0.7631]","[0.4466, 0.4701, 0.664, 0.5348]",0.4238,0.7897,"[0.38076, 0.69182, 0.6764399999999999, 0.77498]","[0.40312, 0.45716, 0.70748, 0.5477400000000001]",20pct_expanded_or_full_fallback,0.7168,0.8703
0097_01_WRI-R,PAT_GRAZ_97,GRAZPEDWRI-DX,train,1,D:\projects\MediMind\ai-prediction-service\artifacts\fracture_v2\experiment5_localization\dataset\images\train\0097_1108250210_01_WRI-R1_M015.png,D:\projects\MediMind\ai-prediction-service\artifacts\fracture_v2\experiment5_localization\dataset\images\train\0097_1108250259_01_WRI-R2_M015.png,"[0.3469745, 0.6181645, 0.6174375000000001, 0.9073214999999999]","[0.42105249999999994, 0.651685, 0.7421055, 0.901685]",NONE,NONE,0.0,0.0,FULL_IMAGE,FULL_IMAGE,20pct_expanded_or_full_fallback,0.0,0.0
0098_01_WRI-R,PAT_GRAZ_98,GRAZPEDWRI-DX,train,0,D:\projects\MediMind\ai-prediction-service\artifacts\fracture_v2\experiment5_localization\dataset\images\train\0098_1133632121_01_WRI-R1_F004.png,D:\projects\MediMind\ai-prediction-service\artifacts\fracture_v2\experiment5_localization\dataset\images\train\0098_1133632173_01_WRI-R2_F004.png,NONE,NONE,NONE,NONE,0.0,0.0,FULL_IMAGE,FULL_IMAGE,20pct_expanded_or_full_fallback,0.0,0.0
0100_01_WRI-L,PAT_GRAZ_100,GRAZPEDWRI-DX,train,1,D:\projects\MediMind\ai-prediction-service\artifacts\fracture_v2\experiment5_localization\dataset\images\train\0100_0333148879_01_WRI-L1_F016.png,D:\projects\MediMind\ai-prediction-service\artifacts\fracture_v2\experiment5_localization\dataset\images\train\0100_0333148913_01_WRI-L2_F016.png,"[0.595483, 0.23514000000000002, 0.7433270000000001, 0.30681800000000004]","[0.49170149999999996, 0.2886855, 0.7053944999999999, 0.34193049999999997]",NONE,"[0.2258, 0.4419, 0.5096, 0.4997]",0.0,0.2851,FULL_IMAGE,"[0.16904, 0.43034, 0.5663600000000001, 0.5112599999999999]",20pct_expanded_or_full_fallback,0.0,0.0
0101_01_WRI-R,PAT_GRAZ_101,GRAZPEDWRI-DX,train,1,D:\projects\MediMind\ai-prediction-service\artifacts\fracture_v2\experiment5_localization\dataset\images\train\0101_0623472531_01_WRI-R1_M012.png,D:\projects\MediMind\ai-prediction-service\artifacts\fracture_v2\experiment5_localization\dataset\images\train\0101_0623472591_01_WRI-R2_M012.png,"[0.29037749999999996, 0.5158375000000001, 0.5395185, 0.6187785]","[0.47319349999999993, 0.5225989999999999, 0.7738925, 0.602637]","[0.2941, 0.5237, 0.5423, 0.6173]","[0.4817, 0.5193, 0.7668, 0.5858]",0.7692,0.6649,"[0.24445999999999996, 0.5049800000000001, 0.59194, 0.6360199999999999]","[0.42468, 0.506, 0.82382, 0.5991]",20pct_expanded_or_full_fallback,0.8867,0.7205
0102_01_WRI-R,PAT_GRAZ_102,GRAZPEDWRI-DX,train,1,D:\projects\MediMind\ai-prediction-service\artifacts\fracture_v2\experiment5_localization\dataset\images\train\0102_0879236916_01_WRI-R1_M014.png,D:\projects\MediMind\ai-prediction-service\artifacts\fracture_v2\experiment5_localization\dataset\images\train\0102_0879236957_01_WRI-R2_M014.png,NONE,"[0.425582, 0.4183885, 0.790698, 0.49586749999999996]",NONE,NONE,0.0,0.0,FULL_IMAGE,FULL_IMAGE,20pct_expanded_or_full_fallback,0.0,0.0
0104_01_WRI-L,PAT_GRAZ_104,GRAZPEDWRI-DX,train,0,D:\projects\MediMind\ai-prediction-service\artifacts\fracture_v2\experiment5_localization\dataset\images\train\0104_0861127118_01_WRI-L1_M010.png,D:\projects\MediMind\ai-prediction-service\artifacts\fracture_v2\experiment5_localization\dataset\images\train\0104_0861127151_01_WRI-L2_M010.png,NONE,NONE,NONE,NONE,0.0,0.0,FULL_IMAGE,FULL_IMAGE,20pct_expanded_or_full_fallback,0.0,0.0
0107_01_WRI-R,PAT_GRAZ_107,GRAZPEDWRI-DX,train,0,D:\projects\MediMind\ai-prediction-service\artifacts\fracture_v2\experiment5_localization\dataset\images\train\0107_0878859102_01_WRI-R1_M013.png,D:\projects\MediMind\ai-prediction-service\artifacts\fracture_v2\experiment5_localization\dataset\images\train\0107_0878859120_01_WRI-R2_M013.png,NONE,NONE,NONE,NONE,0.0,0.0,FULL_IMAGE,FULL_IMAGE,20pct_expanded_or_full_fallback,0.0,0.0
0108_01_WRI-R,PAT_GRAZ_108,GRAZPEDWRI-DX,train,0,D:\projects\MediMind\ai-prediction-service\artifacts\fracture_v2\experiment5_localization\dataset\images\train\0108_0398571436_01_WRI-R1_M015.png,D:\projects\MediMind\ai-prediction-service\artifacts\fracture_v2\experiment5_localization\dataset\images\train\0108_0398571462_01_WRI-R2_M015.png,NONE,NONE,NONE,NONE,0.0,0.0,FULL_IMAGE,FULL_IMAGE,20pct_expanded_or_full_fallback,0.0,0.0
0110_01_WRI-L,PAT_GRAZ_110,GRAZPEDWRI-DX,train,0,D:\projects\MediMind\ai-prediction-service\artifacts\fracture_v2\experiment5_localization\dataset\images\train\0110_0503930402_01_WRI-L1_F014.png,D:\projects\MediMind\ai-prediction-service\artifacts\fracture_v2\experiment5_localization\dataset\images\train\0110_0503930445_01_WRI-L2_F014.png,NONE,NONE,NONE,NONE,0.0,0.0,FULL_IMAGE,FULL_IMAGE,20pct_expanded_or_full_fallback,0.0,0.0
0110_02_WRI-R,PAT_GRAZ_110,GRAZPEDWRI-DX,train,0,D:\projects\MediMind\ai-prediction-service\artifacts\fracture_v2\experiment5_localization\dataset\images\train\0110_0509979702_02_WRI-R1_F014.png,D:\projects\MediMind\ai-prediction-service\artifacts\fracture_v2\experiment5_localization\dataset\images\train\0110_0509979746_02_WRI-R2_F014.png,NONE,NONE,NONE,"[0.1637, 0.1334, 0.4611, 0.2021]",0.0,0.1946,FULL_IMAGE,"[0.10422000000000001, 0.11965999999999999, 0.52058, 0.21584]",20pct_expanded_or_full_fallback,0.0,0.0
0113_01_WRI-R,PAT_GRAZ_113,GRAZPEDWRI-DX,train,0,D:\projects\MediMind\ai-prediction-service\artifacts\fracture_v2\experiment5_localization\dataset\images\train\0113_0568519534_01_WRI-R1_F010.png,D:\projects\MediMind\ai-prediction-service\artifacts\fracture_v2\experiment5_localization\dataset\images\train\0113_0568519570_01_WRI-R2_F010.png,NONE,NONE,NONE,NONE,0.0,0.0,FULL_IMAGE,FULL_IMAGE,20pct_expanded_or_full_fallback,0.0,0.0
0114_01_WRI-L,PAT_GRAZ_114,GRAZPEDWRI-DX,train,1,D:\projects\MediMind\ai-prediction-service\artifacts\fracture_v2\experiment5_localization\dataset\images\train\0114_0838457189_01_WRI-L1_F010.png,D:\projects\MediMind\ai-prediction-service\artifacts\fracture_v2\experiment5_localization\dataset\images\train\0114_0838457232_01_WRI-L2_F010.png,NONE,"[0.2694065, 0.4682535, 0.6027395, 0.5385485]",NONE,NONE,0.0,0.0,FULL_IMAGE,FULL_IMAGE,20pct_expanded_or_full_fallback,0.0,0.0
0116_01_WRI-R,PAT_GRAZ_116,GRAZPEDWRI-DX,train,0,D:\projects\MediMind\ai-prediction-service\artifacts\fracture_v2\experiment5_localization\dataset\images\train\0116_0626059847_01_WRI-R1_M014.png,D:\projects\MediMind\ai-prediction-service\artifacts\fracture_v2\experiment5_localization\dataset\images\train\0116_0626059877_01_WRI-R2_M014.png,NONE,NONE,NONE,NONE,0.0,0.0,FULL_IMAGE,FULL_IMAGE,20pct_expanded_or_full_fallback,0.0,0.0
0117_01_WRI-R,PAT_GRAZ_117,GRAZPEDWRI-DX,train,0,D:\projects\MediMind\ai-prediction-service\artifacts\fracture_v2\experiment5_localization\dataset\images\train\0117_0177859414_01_WRI-R1_F009.png,D:\projects\MediMind\ai-prediction-service\artifacts\fracture_v2\experiment5_localization\dataset\images\train\0117_0177859440_01_WRI-R2_F009.png,NONE,NONE,NONE,NONE,0.0,0.0,FULL_IMAGE,FULL_IMAGE,20pct_expanded_or_full_fallback,0.0,0.0
0118_01_WRI-L,PAT_GRAZ_118,GRAZPEDWRI-DX,train,0,D:\projects\MediMind\ai-prediction-service\artifacts\fracture_v2\experiment5_localization\dataset\images\train\0118_0296477953_01_WRI-L1_F014.png,D:\projects\MediMind\ai-prediction-service\artifacts\fracture_v2\experiment5_localization\dataset\images\train\0118_0296477975_01_WRI-L2_F014.png,NONE,NONE,"[0.0971, 0.6974, 0.2702, 0.7889]",NONE,0.2941,0.0,"[0.06248000000000001, 0.6791, 0.30482, 0.8072]",FULL_IMAGE,20pct_expanded_or_full_fallback,0.0,0.0
0120_01_WRI-L,PAT_GRAZ_120,GRAZPEDWRI-DX,train,1,D:\projects\MediMind\ai-prediction-service\artifacts\fracture_v2\experiment5_localization\dataset\images\train\0120_1113583860_01_WRI-L1_F009.png,D:\projects\MediMind\ai-prediction-service\artifacts\fracture_v2\experiment5_localization\dataset\images\train\0120_1113583904_01_WRI-L2_F009.png,NONE,"[0.286008, 0.46438, 0.549382, 0.542216]",NONE,"[0.2874, 0.4629, 0.544, 0.5404]",0.0,0.3442,FULL_IMAGE,"[0.23607999999999998, 0.44739999999999996, 0.5953200000000001, 0.5559]",20pct_expanded_or_full_fallback,0.0,0.9342
0121_01_WRI-R,PAT_GRAZ_121,GRAZPEDWRI-DX,train,0,D:\projects\MediMind\ai-prediction-service\artifacts\fracture_v2\experiment5_localization\dataset\images\train\0121_0754165156_01_WRI-R1_F015.png,D:\projects\MediMind\ai-prediction-service\artifacts\fracture_v2\experiment5_localization\dataset\images\train\0121_0754165230_01_WRI-R2_F015.png,NONE,NONE,NONE,NONE,0.0,0.0,FULL_IMAGE,FULL_IMAGE,20pct_expanded_or_full_fallback,0.0,0.0
0124_01_WRI-R,PAT_GRAZ_124,GRAZPEDWRI-DX,train,1,D:\projects\MediMind\ai-prediction-service\artifacts\fracture_v2\experiment5_localization\dataset\images\train\0124_1136061275_01_WRI-R1_F006.png,D:\projects\MediMind\ai-prediction-service\artifacts\fracture_v2\experiment5_localization\dataset\images\train\0124_1136061314_01_WRI-R2_F006.png,"[0.27911600000000003, 0.5196085, 0.522088, 0.5980395]","[0.584507, 0.5469170000000001, 0.819249, 0.658177]","[0.2765, 0.5182, 0.5137, 0.5993]","[0.6169, 0.5654, 0.8177, 0.6409]",0.8011,0.5287,"[0.22906, 0.50198, 0.5611400000000001, 0.6155200000000001]","[0.57674, 0.5503, 0.85786, 0.656]",20pct_expanded_or_full_fallback,0.9248,0.5805
0125_01_WRI-L,PAT_GRAZ_125,GRAZPEDWRI-DX,train,1,D:\projects\MediMind\ai-prediction-service\artifacts\fracture_v2\experiment5_localization\dataset\images\train\0125_0722935242_01_WRI-L1_M013.png,D:\projects\MediMind\ai-prediction-service\artifacts\fracture_v2\experiment5_localization\dataset\images\train\0125_0722935291_01_WRI-L2_M013.png,"[0.26835800000000004, 0.527514, 0.35247, 0.593928]","[0.38215499999999997, 0.617491, 0.5925929999999999, 0.716431]","[0.5021, 0.6884, 0.7033, 0.7702]","[0.3895, 0.6276, 0.6058, 0.7014]",0.8611,0.8346,"[0.46186, 0.67204, 0.7435400000000001, 0.78656]","[0.34624, 0.61284, 0.64906, 0.71616]",20pct_expanded_or_full_fallback,0.7984,0.6877
0125_02_WRI-L,PAT_GRAZ_125,GRAZPEDWRI-DX,train,1,D:\projects\MediMind\ai-prediction-service\artifacts\fracture_v2\experiment5_localization\dataset\images\train\0125_0729674136_02_WRI-L1_M013.png,D:\projects\MediMind\ai-prediction-service\artifacts\fracture_v2\experiment5_localization\dataset\images\train\0125_0729674162_02_WRI-L2_M013.png,"[0.4441585, 0.765766, 0.6367135, 0.90428]","[0.41703350000000006, 0.6315795, 0.6123345, 0.7612785]","[0.4443, 0.772, 0.6338, 0.8879]","[0.4388, 0.6519, 0.616, 0.7408]",0.7973,0.5674,"[0.4064, 0.74882, 0.6717000000000001, 0.91108]","[0.40336000000000005, 0.63412, 0.65144, 0.75858]",20pct_expanded_or_full_fallback,0.8235,0.6013
0126_01_WRI-L,PAT_GRAZ_126,GRAZPEDWRI-DX,train,1,D:\projects\MediMind\ai-prediction-service\artifacts\fracture_v2\experiment5_localization\dataset\images\train\0126_0816183779_01_WRI-L1_F008.png,D:\projects\MediMind\ai-prediction-service\artifacts\fracture_v2\experiment5_localization\dataset\images\train\0126_0816183836_01_WRI-L2_F008.png,"[0.5247145, 0.47308500000000003, 0.8022815000000001, 0.5300210000000001]","[0.37552700000000006, 0.42343299999999995, 0.618143, 0.489209]",NONE,"[0.3805, 0.4315, 0.6172, 0.4919]",0.0,0.3171,FULL_IMAGE,"[0.33316, 0.41942, 0.6645399999999999, 0.50398]",20pct_expanded_or_full_fallback,0.0,0.8231
0127_01_WRI-L,PAT_GRAZ_127,GRAZPEDWRI-DX,train,0,D:\projects\MediMind\ai-prediction-service\artifacts\fracture_v2\experiment5_localization\dataset\images\train\0127_0325437234_01_WRI-L1_F012.png,D:\projects\MediMind\ai-prediction-service\artifacts\fracture_v2\experiment5_localization\dataset\images\train\0127_0325437258_01_WRI-L2_F012.png,NONE,NONE,NONE,NONE,0.0,0.0,FULL_IMAGE,FULL_IMAGE,20pct_expanded_or_full_fallback,0.0,0.0
0128_01_WRI-L,PAT_GRAZ_128,GRAZPEDWRI-DX,train,1,D:\projects\MediMind\ai-prediction-service\artifacts\fracture_v2\experiment5_localization\dataset\images\train\0128_0605866170_01_WRI-L1_M016.png,D:\projects\MediMind\ai-prediction-service\artifacts\fracture_v2\experiment5_localization\dataset\images\train\0128_0605866215_01_WRI-L2_M016.png,"[0.423349, 0.5271210000000001, 0.685141, 0.597357]","[0.21045400000000003, 0.4133125, 0.489684, 0.5100615000000001]","[0.418, 0.5122, 0.7025, 0.5965]","[0.2347, 0.4229, 0.4746, 0.5111]",0.5806,0.3462,"[0.3611, 0.49534, 0.7594000000000001, 0.61336]","[0.18672, 0.40526, 0.52258, 0.52874]",20pct_expanded_or_full_fallback,0.7503,0.7669
0128_02_WRI-L,PAT_GRAZ_128,GRAZPEDWRI-DX,train,1,D:\projects\MediMind\ai-prediction-service\artifacts\fracture_v2\experiment5_localization\dataset\images\train\0128_0606182434_02_WRI-L1_M016.png,D:\projects\MediMind\ai-prediction-service\artifacts\fracture_v2\experiment5_localization\dataset\images\train\0128_0606182459_02_WRI-L2_M016.png,"[0.5, 0.3817395, 0.7582059999999999, 0.49130450000000003]","[0.37906950000000006, 0.3582555, 0.5988365, 0.44081050000000005]","[0.4989, 0.3783, 0.7593, 0.4825]","[0.3749, 0.3569, 0.5927, 0.4514]",0.5579,0.2951,"[0.44682, 0.35746000000000006, 0.81138, 0.50334]","[0.33134, 0.33799999999999997, 0.63626, 0.47030000000000005]",20pct_expanded_or_full_fallback,0.8847,0.8363
0128_03_WRI-L,PAT_GRAZ_128,GRAZPEDWRI-DX,train,1,D:\projects\MediMind\ai-prediction-service\artifacts\fracture_v2\experiment5_localization\dataset\images\train\0128_0606964197_03_WRI-L1_M016.png,D:\projects\MediMind\ai-prediction-service\artifacts\fracture_v2\experiment5_localization\dataset\images\train\0128_0606964258_03_WRI-L2_M016.png,"[0.46025099999999997, 0.5571775000000001, 0.7008369999999999, 0.6970805]","[0.345478, 0.46007600000000004, 0.5791459999999999, 0.596958]","[0.456, 0.5126, 0.7118, 0.682]","[0.3659, 0.5108, 0.5811, 0.6095]",0.5083,0.2562,"[0.40484000000000003, 0.4787199999999999, 0.76296, 0.7158800000000001]","[0.32286000000000004, 0.49106000000000005, 0.6241399999999999, 0.62924]",20pct_expanded_or_full_fallback,0.6395,0.5272
0128_04_WRI-L,PAT_GRAZ_128,GRAZPEDWRI-DX,train,1,D:\projects\MediMind\ai-prediction-service\artifacts\fracture_v2\experiment5_localization\dataset\images\train\0128_0608171418_04_WRI-L1_M016.png,D:\projects\MediMind\ai-prediction-service\artifacts\fracture_v2\experiment5_localization\dataset\images\train\0128_0608171443_04_WRI-L2_M016.png,"[0.43695399999999995, 0.5051015, 0.726592, 0.6339285]","[0.3241675, 0.4654505, 0.5687405, 0.5690975]","[0.4379, 0.4616, 0.7232, 0.6394]","[0.327, 0.4771, 0.5742, 0.5721]",0.522,0.4293,"[0.38084, 0.42604000000000003, 0.78026, 0.67496]","[0.27756000000000003, 0.4581, 0.6236400000000001, 0.5911000000000001]",20pct_expanded_or_full_fallback,0.7167,0.8363
0128_05_WRI-L,PAT_GRAZ_128,GRAZPEDWRI-DX,train,1,D:\projects\MediMind\ai-prediction-service\artifacts\fracture_v2\experiment5_localization\dataset\images\train\0128_0608775675_05_WRI-L1_M016.png,D:\projects\MediMind\ai-prediction-service\artifacts\fracture_v2\experiment5_localization\dataset\images\train\0128_0608775730_05_WRI-L2_M016.png,"[0.16226400000000002, 0.4365235, 0.3, 0.5214845]","[0.16341499999999998, 0.49762649999999997, 0.653659, 0.6020894999999999]","[0.3926, 0.4954, 0.841, 0.6136]","[0.1629, 0.4852, 0.6548, 0.6056]",0.5519,0.3635,"[0.30292, 0.47176, 0.93068, 0.63724]","[0.06451999999999997, 0.46112000000000003, 0.7531800000000001, 0.62968]",20pct_expanded_or_full_fallback,0.789,0.8647
0129_01_WRI-R,PAT_GRAZ_129,GRAZPEDWRI-DX,train,1,D:\projects\MediMind\ai-prediction-service\artifacts\fracture_v2\experiment5_localization\dataset\images\train\0129_1035715641_01_WRI-R1_F011.png,D:\projects\MediMind\ai-prediction-service\artifacts\fracture_v2\experiment5_localization\dataset\images\train\0129_1035715705_01_WRI-R2_F011.png,"[0.360502, 0.3743385, 0.510972, 0.44775149999999997]","[0.5051705, 0.374332, 0.7075335, 0.45632799999999996]","[0.3593, 0.3805, 0.5124, 0.4434]","[0.4955, 0.3829, 0.7106, 0.4662]",0.7045,0.5844,"[0.32868, 0.36792, 0.54302, 0.45598]","[0.45248, 0.36624, 0.75362, 0.48286]",20pct_expanded_or_full_fallback,0.8442,0.7561
0129_02_WRI-R,PAT_GRAZ_129,GRAZPEDWRI-DX,train,1,D:\projects\MediMind\ai-prediction-service\artifacts\fracture_v2\experiment5_localization\dataset\images\train\0129_1036281128_02_WRI-R1_F011.png,D:\projects\MediMind\ai-prediction-service\artifacts\fracture_v2\experiment5_localization\dataset\images\train\0129_1036281239_02_WRI-R2_F011.png,"[0.369352, 0.555133, 0.547304, 0.6330509999999999]","[0.5682659999999999, 0.5010225, 0.760148, 0.5807775000000001]","[0.3594, 0.5668, 0.5613, 0.6419]","[0.5702, 0.5072, 0.7618, 0.5814]",0.6358,0.7618,"[0.31901999999999997, 0.5517799999999999, 0.60168, 0.6569200000000001]","[0.53188, 0.49235999999999996, 0.80012, 0.59624]",20pct_expanded_or_full_fallback,0.6839,0.8991
0129_03_WRI-R,PAT_GRAZ_129,GRAZPEDWRI-DX,train,1,D:\projects\MediMind\ai-prediction-service\artifacts\fracture_v2\experiment5_localization\dataset\images\train\0129_1036896243_03_WRI-R1_F011.png,D:\projects\MediMind\ai-prediction-service\artifacts\fracture_v2\experiment5_localization\dataset\images\train\0129_1036896300_03_WRI-R2_F011.png,"[0.3234245, 0.6609214999999999, 0.5428515, 0.7608565]","[0.5739125, 0.535885, 0.8086955, 0.635167]","[0.3261, 0.6556, 0.5482, 0.7648]","[0.5754, 0.5511, 0.8073, 0.6389]",0.4747,0.7455,"[0.28168, 0.63376, 0.59262, 0.78664]","[0.52902, 0.53354, 0.85368, 0.65646]",20pct_expanded_or_full_fallback,0.8834,0.8064
0129_04_WRI-R,PAT_GRAZ_129,GRAZPEDWRI-DX,train,1,D:\projects\MediMind\ai-prediction-service\artifacts\fracture_v2\experiment5_localization\dataset\images\train\0129_1038098679_04_WRI-R1_F011.png,D:\projects\MediMind\ai-prediction-service\artifacts\fracture_v2\experiment5_localization\dataset\images\train\0129_1038098730_04_WRI-R2_F011.png,"[0.3522305, 0.649293, 0.6255035, 0.783913]","[0.5429145000000001, 0.47052799999999995, 0.7504995, 0.587398]","[0.3519, 0.6395, 0.6249, 0.7921]","[0.4775, 0.5447, 0.6424, 0.6151]",0.6757,0.5551,"[0.2973, 0.60898, 0.6795, 0.82262]","[0.44451999999999997, 0.53062, 0.67538, 0.62918]",20pct_expanded_or_full_fallback,0.8794,0.1343
0129_05_WRI-R,PAT_GRAZ_129,GRAZPEDWRI-DX,train,1,D:\projects\MediMind\ai-prediction-service\artifacts\fracture_v2\experiment5_localization\dataset\images\train\0129_1050194169_05_WRI-R1_F011.png,D:\projects\MediMind\ai-prediction-service\artifacts\fracture_v2\experiment5_localization\dataset\images\train\0129_1050194230_05_WRI-R2_F011.png,"[0.381883, 0.549676, 0.618117, 0.730022]","[0.49253800000000003, 0.442588, 0.808458, 0.643006]","[0.3878, 0.5786, 0.6191, 0.7048]","[0.4958, 0.4917, 0.6966, 0.5914]",0.4814,0.4178,"[0.34153999999999995, 0.55336, 0.66536, 0.73004]","[0.45564000000000004, 0.47176, 0.73676, 0.61134]",20pct_expanded_or_full_fallback,0.6803,0.3162
0130_01_WRI-L,PAT_GRAZ_130,GRAZPEDWRI-DX,train,1,D:\projects\MediMind\ai-prediction-service\artifacts\fracture_v2\experiment5_localization\dataset\images\train\0130_0261689301_01_WRI-L1_M014.png,D:\projects\MediMind\ai-prediction-service\artifacts\fracture_v2\experiment5_localization\dataset\images\train\0130_0261689330_01_WRI-L2_M014.png,"[0.15949850000000002, 0.350707, 0.27419350000000003, 0.400177]","[0.21010100000000004, 0.3832115, 0.606061, 0.5063865]","[0.1623, 0.3436, 0.2855, 0.4004]","[0.213, 0.3981, 0.6192, 0.5071]",0.2343,0.396,"[0.13766, 0.33224000000000004, 0.31013999999999997, 0.41175999999999996]","[0.13176, 0.3763, 0.70044, 0.5289]",20pct_expanded_or_full_fallback,0.7757,0.8431
0130_02_WRI-L,PAT_GRAZ_130,GRAZPEDWRI-DX,train,1,D:\projects\MediMind\ai-prediction-service\artifacts\fracture_v2\experiment5_localization\dataset\images\train\0130_0262366841_02_WRI-L1_M014.png,D:\projects\MediMind\ai-prediction-service\artifacts\fracture_v2\experiment5_localization\dataset\images\train\0130_0262366882_02_WRI-L2_M014.png,"[0.43628199999999995, 0.525, 0.76012, 0.60431]","[0.219616, 0.4524645, 0.614072, 0.5422534999999999]","[0.4485, 0.5419, 0.747, 0.6131]","[0.2131, 0.4421, 0.6487, 0.5573]",0.3168,0.4688,"[0.38880000000000003, 0.52766, 0.8067, 0.62734]","[0.12597999999999998, 0.41906, 0.73582, 0.5803400000000001]",20pct_expanded_or_full_fallback,0.6581,0.7058
0131_01_WRI-L,PAT_GRAZ_131,GRAZPEDWRI-DX,train,0,D:\projects\MediMind\ai-prediction-service\artifacts\fracture_v2\experiment5_localization\dataset\images\train\0131_1083947645_01_WRI-L1_F014.png,D:\projects\MediMind\ai-prediction-service\artifacts\fracture_v2\experiment5_localization\dataset\images\train\0131_1083947705_01_WRI-L2_F014.png,NONE,NONE,NONE,NONE,0.0,0.0,FULL_IMAGE,FULL_IMAGE,20pct_expanded_or_full_fallback,0.0,0.0
0132_01_WRI-L,PAT_GRAZ_132,GRAZPEDWRI-DX,train,0,D:\projects\MediMind\ai-prediction-service\artifacts\fracture_v2\experiment5_localization\dataset\images\train\0132_0505585089_01_WRI-L1_M016.png,D:\projects\MediMind\ai-prediction-service\artifacts\fracture_v2\experiment5_localization\dataset\images\train\0132_0505585112_01_WRI-L2_M016.png,NONE,NONE,NONE,NONE,0.0,0.0,FULL_IMAGE,FULL_IMAGE,20pct_expanded_or_full_fallback,0.0,0.0
0133_01_WRI-R,PAT_GRAZ_133,GRAZPEDWRI-DX,train,1,D:\projects\MediMind\ai-prediction-service\artifacts\fracture_v2\experiment5_localization\dataset\images\train\0133_0281744388_01_WRI-R1_M014.png,D:\projects\MediMind\ai-prediction-service\artifacts\fracture_v2\experiment5_localization\dataset\images\train\0133_0281744417_01_WRI-R2_M014.png,"[0.42446950000000006, 0.4741385, 0.6092385, 0.5718395000000001]","[0.431986, 0.523766, 0.654412, 0.6608780000000001]","[0.4098, 0.4677, 0.6181, 0.5502]","[0.4442, 0.5739, 0.6619, 0.6566]",0.6105,0.437,"[0.36814, 0.4512, 0.65976, 0.5667]","[0.40065999999999996, 0.55736, 0.7054400000000001, 0.67314]",20pct_expanded_or_full_fallback,0.6634,0.5587
0133_04_WRI-R,PAT_GRAZ_133,GRAZPEDWRI-DX,train,1,D:\projects\MediMind\ai-prediction-service\artifacts\fracture_v2\experiment5_localization\dataset\images\train\0133_0282140046_04_WRI-R1_M014.png,D:\projects\MediMind\ai-prediction-service\artifacts\fracture_v2\experiment5_localization\dataset\images\train\0133_0282140097_04_WRI-R2_M014.png,"[0.40751050000000005, 0.44934349999999995, 0.6091795, 0.6097564999999999]","[0.40959350000000005, 0.442587, 0.6900365, 0.563953]","[0.3763, 0.4444, 0.6088, 0.5736]","[0.4011, 0.4349, 0.7055, 0.5321]",0.4406,0.4411,"[0.32980000000000004, 0.41856000000000004, 0.6553, 0.59944]","[0.34022, 0.41546, 0.7663800000000001, 0.55154]",20pct_expanded_or_full_fallback,0.6692,0.6517
0133_05_WRI-R,PAT_GRAZ_133,GRAZPEDWRI-DX,train,1,D:\projects\MediMind\ai-prediction-service\artifacts\fracture_v2\experiment5_localization\dataset\images\train\0133_0282560422_05_WRI-R1_M014.png,D:\projects\MediMind\ai-prediction-service\artifacts\fracture_v2\experiment5_localization\dataset\images\train\0133_0282560471_05_WRI-R2_M014.png,"[0.35686249999999997, 0.6607565, 0.6294115, 0.8522455]","[0.37270299999999995, 0.5392560000000001, 0.8320209999999999, 0.747934]","[0.292, 0.635, 0.6392, 0.7645]","[0.3763, 0.5449, 0.6961, 0.6462]",0.6363,0.5059,"[0.22255999999999998, 0.6091, 0.7086399999999999, 0.7904]","[0.31234, 0.5246400000000001, 0.7600600000000001, 0.6664599999999999]",20pct_expanded_or_full_fallback,0.4105,0.338
0133_06_WRI-R,PAT_GRAZ_133,GRAZPEDWRI-DX,train,1,D:\projects\MediMind\ai-prediction-service\artifacts\fracture_v2\experiment5_localization\dataset\images\train\0133_0282914262_06_WRI-R1_M014.png,D:\projects\MediMind\ai-prediction-service\artifacts\fracture_v2\experiment5_localization\dataset\images\train\0133_0282914318_06_WRI-R2_M014.png,"[0.5656874999999999, 0.40803649999999997, 0.6228745, 0.4667695]","[0.515728, 0.5240064999999999, 0.60596, 0.5993375]","[0.5688, 0.4017, 0.6212, 0.4602]","[0.4859, 0.493, 0.5972, 0.5894]",0.3663,0.2831,"[0.5583199999999999, 0.39, 0.63168, 0.4719]","[0.46364, 0.47372, 0.6194599999999999, 0.60868]",20pct_expanded_or_full_fallback,0.7406,0.4367
0133_07_WRI-R,PAT_GRAZ_133,GRAZPEDWRI-DX,train,1,D:\projects\MediMind\ai-prediction-service\artifacts\fracture_v2\experiment5_localization\dataset\images\train\0133_0306769742_07_WRI-R1_M015.png,D:\projects\MediMind\ai-prediction-service\artifacts\fracture_v2\experiment5_localization\dataset\images\train\0133_0306769778_07_WRI-R2_M015.png,"[0.665049, 0.3381465, 0.7718449999999999, 0.39285749999999997]",NONE,"[0.2776, 0.5669, 0.4901, 0.6468]","[0.4462, 0.4802, 0.6425, 0.5569]",0.7193,0.6821,"[0.23510000000000003, 0.55092, 0.5326, 0.66278]","[0.40693999999999997, 0.46486000000000005, 0.6817599999999999, 0.57224]",20pct_expanded_or_full_fallback,0.0,0.0
0134_01_WRI-R,PAT_GRAZ_134,GRAZPEDWRI-DX,train,1,D:\projects\MediMind\ai-prediction-service\artifacts\fracture_v2\experiment5_localization\dataset\images\train\0134_0975636301_01_WRI-R1_M016.png,D:\projects\MediMind\ai-prediction-service\artifacts\fracture_v2\experiment5_localization\dataset\images\train\0134_0975636337_01_WRI-R2_M016.png,"[0.4051100000000001, 0.7850715, 0.642336, 0.8543165]",NONE,"[0.4399, 0.1153, 0.5694, 0.1796]",NONE,0.7305,0.0,"[0.41400000000000003, 0.10244, 0.5953, 0.19246000000000002]",FULL_IMAGE,20pct_expanded_or_full_fallback,0.0,0.0
0135_01_WRI-R,PAT_GRAZ_135,GRAZPEDWRI-DX,train,1,D:\projects\MediMind\ai-prediction-service\artifacts\fracture_v2\experiment5_localization\dataset\images\train\0135_0883026032_01_WRI-R1_M015.png,D:\projects\MediMind\ai-prediction-service\artifacts\fracture_v2\experiment5_localization\dataset\images\train\0135_0883026095_01_WRI-R2_M015.png,NONE,"[0.38819899999999996, 0.4569195, 0.656833, 0.5622285]",NONE,"[0.3878, 0.4884, 0.6553, 0.5724]",0.0,0.4583,FULL_IMAGE,"[0.3343, 0.4716, 0.7088, 0.5892000000000001]",20pct_expanded_or_full_fallback,0.0,0.6353
0135_02_WRI-R,PAT_GRAZ_135,GRAZPEDWRI-DX,train,1,D:\projects\MediMind\ai-prediction-service\artifacts\fracture_v2\experiment5_localization\dataset\images\train\0135_0884668136_02_WRI-R1_M015.png,D:\projects\MediMind\ai-prediction-service\artifacts\fracture_v2\experiment5_localization\dataset\images\train\0135_0884668170_02_WRI-R2_M015.png,"[0.23896499999999998, 0.416196, 0.554033, 0.545198]","[0.3698175, 0.313508, 0.6849085, 0.44556399999999996]","[0.234, 0.4078, 0.5635, 0.5291]","[0.3622, 0.3058, 0.7146, 0.4342]",0.5658,0.3161,"[0.16810000000000003, 0.38354, 0.6294, 0.5533600000000001]","[0.29172000000000003, 0.28012000000000004, 0.78508, 0.45987999999999996]",20pct_expanded_or_full_fallback,0.7898,0.7788
0136_01_WRI-L,PAT_GRAZ_136,GRAZPEDWRI-DX,train,1,D:\projects\MediMind\ai-prediction-service\artifacts\fracture_v2\experiment5_localization\dataset\images\train\0136_0978928699_01_WRI-L1_F010.png,D:\projects\MediMind\ai-prediction-service\artifacts\fracture_v2\experiment5_localization\dataset\images\train\0136_0978928740_01_WRI-L2_F010.png,"[0.45379549999999996, 0.4753325, 0.7211224999999999, 0.5853895]","[0.379004, 0.52612, 0.6387900000000001, 0.597948]","[0.4554, 0.4723, 0.7182, 0.5587]","[0.382, 0.5167, 0.6306, 0.6025]",0.794,0.5255,"[0.40284000000000003, 0.45502, 0.7707599999999999, 0.5759799999999999]","[0.33228, 0.49954000000000004, 0.68032, 0.61966]",20pct_expanded_or_full_fallback,0.725,0.8068
0136_02_WRI-L,PAT_GRAZ_136,GRAZPEDWRI-DX,train,1,D:\projects\MediMind\ai-prediction-service\artifacts\fracture_v2\experiment5_localization\dataset\images\train\0136_0980136249_02_WRI-L1_F010.png,D:\projects\MediMind\ai-prediction-service\artifacts\fracture_v2\experiment5_localization\dataset\images\train\0136_0980136192_02_WRI-L2_F010.png,"[0.4613975, 0.459532, 0.7849265, 0.632194]","[0.42278049999999995, 0.5383145, 0.7046334999999999, 0.6522995]","[0.4559, 0.4784, 0.7716, 0.5736]","[0.4295, 0.5296, 0.7029, 0.6318]",0.8141,0.4319,"[0.39276000000000005, 0.45936, 0.8347399999999999, 0.5926400000000001]","[0.37482, 0.50916, 0.7575799999999999, 0.65224]",20pct_expanded_or_full_fallback,0.5237,0.7406
0137_01_WRI-L,PAT_GRAZ_137,GRAZPEDWRI-DX,train,1,D:\projects\MediMind\ai-prediction-service\artifacts\fracture_v2\experiment5_localization\dataset\images\train\0137_0542317439_01_WRI-L1_F006.png,D:\projects\MediMind\ai-prediction-service\artifacts\fracture_v2\experiment5_localization\dataset\images\train\0137_0542317535_01_WRI-L2_F006.png,"[0.4561715, 0.5954775, 0.6905185, 0.6997485]","[0.4534005, 0.4314995, 0.5692695, 0.5285865]","[0.4778, 0.6145, 0.6876, 0.6925]","[0.4485, 0.4233, 0.5741, 0.5286]",0.6501,0.4266,"[0.43584, 0.5989000000000001, 0.72956, 0.7081]","[0.42338, 0.40224000000000004, 0.5992200000000001, 0.5496599999999999]",20pct_expanded_or_full_fallback,0.6697,0.8506
0137_02_WRI-L,PAT_GRAZ_137,GRAZPEDWRI-DX,train,1,D:\projects\MediMind\ai-prediction-service\artifacts\fracture_v2\experiment5_localization\dataset\images\train\0137_0543009357_02_WRI-L1_F006.png,D:\projects\MediMind\ai-prediction-service\artifacts\fracture_v2\experiment5_localization\dataset\images\train\0137_0543009410_02_WRI-L2_F006.png,"[0.5019015, 0.5358255000000001, 0.7205325, 0.6682245]","[0.427746, 0.42380999999999996, 0.6936420000000001, 0.519048]","[0.4925, 0.5304, 0.7226, 0.6518]","[0.4146, 0.3964, 0.7031, 0.5101]",0.6584,0.6692,"[0.44648, 0.50612, 0.7686200000000001, 0.67608]","[0.35690000000000005, 0.37366, 0.7607999999999999, 0.53284]",20pct_expanded_or_full_fallback,0.8043,0.6522
0140_01_WRI-R,PAT_GRAZ_140,GRAZPEDWRI-DX,train,0,D:\projects\MediMind\ai-prediction-service\artifacts\fracture_v2\experiment5_localization\dataset\images\train\0140_1131587376_01_WRI-R1_F014.png,D:\projects\MediMind\ai-prediction-service\artifacts\fracture_v2\experiment5_localization\dataset\images\train\0140_1131587403_01_WRI-R2_F014.png,NONE,NONE,NONE,NONE,0.0,0.0,FULL_IMAGE,FULL_IMAGE,20pct_expanded_or_full_fallback,0.0,0.0
0142_01_WRI-L,PAT_GRAZ_142,GRAZPEDWRI-DX,train,1,D:\projects\MediMind\ai-prediction-service\artifacts\fracture_v2\experiment5_localization\dataset\images\train\0142_0856460472_01_WRI-L1_M007.png,D:\projects\MediMind\ai-prediction-service\artifacts\fracture_v2\experiment5_localization\dataset\images\train\0142_0856460514_01_WRI-L2_M007.png,"[0.2014055, 0.35964850000000004, 0.40281049999999996, 0.4463935]","[0.3607425, 0.415896, 0.5702915000000001, 0.500924]","[0.2034, 0.3671, 0.4059, 0.4331]","[0.3245, 0.4303, 0.5539, 0.5]",0.7723,0.7975,"[0.1629, 0.3539, 0.44639999999999996, 0.4463]","[0.27862000000000003, 0.41636, 0.59978, 0.51394]",20pct_expanded_or_full_fallback,0.7446,0.6618
0145_01_WRI-L,PAT_GRAZ_145,GRAZPEDWRI-DX,train,0,D:\projects\MediMind\ai-prediction-service\artifacts\fracture_v2\experiment5_localization\dataset\images\train\0145_0320973152_01_WRI-L1_M017.png,D:\projects\MediMind\ai-prediction-service\artifacts\fracture_v2\experiment5_localization\dataset\images\train\0145_0320973195_01_WRI-L2_M017.png,NONE,NONE,"[0.1368, 0.3606, 0.255, 0.4241]",NONE,0.4248,0.0,"[0.11316000000000001, 0.3479, 0.27864, 0.43679999999999997]",FULL_IMAGE,20pct_expanded_or_full_fallback,0.0,0.0
0146_01_WRI-L,PAT_GRAZ_146,GRAZPEDWRI-DX,train,0,D:\projects\MediMind\ai-prediction-service\artifacts\fracture_v2\experiment5_localization\dataset\images\train\0146_0670555494_01_WRI-L1_F015.png,D:\projects\MediMind\ai-prediction-service\artifacts\fracture_v2\experiment5_localization\dataset\images\train\0146_0670555525_01_WRI-L2_F015.png,NONE,NONE,NONE,NONE,0.0,0.0,FULL_IMAGE,FULL_IMAGE,20pct_expanded_or_full_fallback,0.0,0.0
0147_01_WRI-L,PAT_GRAZ_147,GRAZPEDWRI-DX,train,1,D:\projects\MediMind\ai-prediction-service\artifacts\fracture_v2\experiment5_localization\dataset\images\train\0147_0253239188_01_WRI-L1_M010.png,D:\projects\MediMind\ai-prediction-service\artifacts\fracture_v2\experiment5_localization\dataset\images\train\0147_0253239225_01_WRI-L2_M010.png,"[0.42115749999999996, 0.5141125000000001, 0.6846305, 0.5917335]","[0.39722900000000005, 0.4967945, 0.632795, 0.5779915]","[0.4239, 0.5045, 0.6833, 0.5775]","[0.3943, 0.4882, 0.6437, 0.5674]",0.8167,0.8342,"[0.37202, 0.48989999999999995, 0.7351800000000001, 0.5921000000000001]","[0.34441999999999995, 0.47236, 0.6935800000000001, 0.58324]",20pct_expanded_or_full_fallback,0.7166,0.7476
0147_02_WRI-L,PAT_GRAZ_147,GRAZPEDWRI-DX,train,1,D:\projects\MediMind\ai-prediction-service\artifacts\fracture_v2\experiment5_localization\dataset\images\train\0147_0255030249_02_WRI-L1_M010.png,D:\projects\MediMind\ai-prediction-service\artifacts\fracture_v2\experiment5_localization\dataset\images\train\0147_0255030310_02_WRI-L2_M010.png,"[0.4653685000000001, 0.5480895, 0.7380955, 0.6824765]","[0.35602049999999996, 0.59691, 0.6387435, 0.73455]","[0.463, 0.5543, 0.7449, 0.665]","[0.3545, 0.6281, 0.6428, 0.7335]",0.7147,0.7865,"[0.40662000000000004, 0.53216, 0.80128, 0.6871400000000001]","[0.29684, 0.60702, 0.7004600000000001, 0.75458]",20pct_expanded_or_full_fallback,0.8015,0.7544
0149_01_WRI-R,PAT_GRAZ_149,GRAZPEDWRI-DX,train,1,D:\projects\MediMind\ai-prediction-service\artifacts\fracture_v2\experiment5_localization\dataset\images\train\0149_0194719911_01_WRI-R1_F011.png,D:\projects\MediMind\ai-prediction-service\artifacts\fracture_v2\experiment5_localization\dataset\images\train\0149_0194719984_01_WRI-R2_F011.png,"[0.29845599999999994, 0.4803915, 0.559176, 0.5617645]","[0.272727, 0.5797935, 0.549587, 0.6750865]","[0.3018, 0.4786, 0.5513, 0.5541]","[0.2865, 0.5782, 0.5434, 0.6827]",0.7986,0.5824,"[0.2519, 0.4635, 0.6012, 0.5692]","[0.23511999999999997, 0.5573, 0.59478, 0.7036]",20pct_expanded_or_full_fallback,0.8489,0.8516
0149_02_WRI-R,PAT_GRAZ_149,GRAZPEDWRI-DX,train,1,D:\projects\MediMind\ai-prediction-service\artifacts\fracture_v2\experiment5_localization\dataset\images\train\0149_0195330945_02_WRI-R1_F011.png,D:\projects\MediMind\ai-prediction-service\artifacts\fracture_v2\experiment5_localization\dataset\images\train\0149_0195330974_02_WRI-R2_F011.png,"[0.310284, 0.5163045, 0.583334, 0.5942035]","[0.35039349999999997, 0.4318935, 0.5964565, 0.4750825]","[0.3159, 0.5139, 0.583, 0.593]","[0.3545, 0.412, 0.6035, 0.4827]",0.7145,0.7006,"[0.26248000000000005, 0.49808, 0.63642, 0.6088199999999999]","[0.30469999999999997, 0.39786, 0.6533, 0.49684]",20pct_expanded_or_full_fallback,0.9349,0.5877
0149_03_WRI-R,PAT_GRAZ_149,GRAZPEDWRI-DX,train,1,D:\projects\MediMind\ai-prediction-service\artifacts\fracture_v2\experiment5_localization\dataset\images\train\0149_0196449924_03_WRI-R1_F011.png,D:\projects\MediMind\ai-prediction-service\artifacts\fracture_v2\experiment5_localization\dataset\images\train\0149_0196449952_03_WRI-R2_F011.png,"[0.28241550000000004, 0.31899350000000004, 0.5381885, 0.3904225]","[0.347727, 0.272983, 0.6090909999999999, 0.33958699999999997]","[0.2783, 0.3187, 0.5387, 0.3958]","[0.348, 0.2663, 0.6045, 0.3385]",0.7554,0.7378,"[0.22622, 0.30328, 0.59078, 0.41122]","[0.29669999999999996, 0.25186, 0.6558, 0.35294000000000003]",20pct_expanded_or_full_fallback,0.91,0.8788
0150_01_WRI-L,PAT_GRAZ_150,GRAZPEDWRI-DX,train,0,D:\projects\MediMind\ai-prediction-service\artifacts\fracture_v2\experiment5_localization\dataset\images\train\0150_0615531177_01_WRI-L1_F012.png,D:\projects\MediMind\ai-prediction-service\artifacts\fracture_v2\experiment5_localization\dataset\images\train\0150_0615531210_01_WRI-L2_F012.png,NONE,NONE,NONE,NONE,0.0,0.0,FULL_IMAGE,FULL_IMAGE,20pct_expanded_or_full_fallback,0.0,0.0
0150_01_WRI-R,PAT_GRAZ_150,GRAZPEDWRI-DX,train,0,D:\projects\MediMind\ai-prediction-service\artifacts\fracture_v2\experiment5_localization\dataset\images\train\0150_0615531255_01_WRI-R1_F012.png,D:\projects\MediMind\ai-prediction-service\artifacts\fracture_v2\experiment5_localization\dataset\images\train\0150_0615531287_01_WRI-R2_F012.png,NONE,NONE,NONE,"[0.416, 0.5994, 0.7218, 0.738]",0.0,0.1865,FULL_IMAGE,"[0.35484, 0.5716800000000001, 0.78296, 0.76572]",20pct_expanded_or_full_fallback,0.0,0.0
0151_01_WRI-L,PAT_GRAZ_151,GRAZPEDWRI-DX,train,0,D:\projects\MediMind\ai-prediction-service\artifacts\fracture_v2\experiment5_localization\dataset\images\train\0151_0836672869_01_WRI-L1_F017.png,D:\projects\MediMind\ai-prediction-service\artifacts\fracture_v2\experiment5_localization\dataset\images\train\0151_0836672891_01_WRI-L2_F017.png,NONE,NONE,NONE,NONE,0.0,0.0,FULL_IMAGE,FULL_IMAGE,20pct_expanded_or_full_fallback,0.0,0.0
0152_01_WRI-R,PAT_GRAZ_152,GRAZPEDWRI-DX,train,1,D:\projects\MediMind\ai-prediction-service\artifacts\fracture_v2\experiment5_localization\dataset\images\train\0152_0542871220_01_WRI-R1_M012.png,D:\projects\MediMind\ai-prediction-service\artifacts\fracture_v2\experiment5_localization\dataset\images\train\0152_0542871297_01_WRI-R2_M012.png,"[0.3197195, 0.4717095, 0.5239205, 0.5418205]","[0.3625005, 0.4359835, 0.6178575, 0.5161725]","[0.33, 0.4728, 0.5235, 0.5355]","[0.3719, 0.4366, 0.6121, 0.4993]",0.7777,0.829,"[0.2913, 0.46026, 0.5621999999999999, 0.54804]","[0.32386000000000004, 0.42406, 0.66014, 0.5118400000000001]",20pct_expanded_or_full_fallback,0.8474,0.7355
0152_02_WRI-R,PAT_GRAZ_152,GRAZPEDWRI-DX,train,1,D:\projects\MediMind\ai-prediction-service\artifacts\fracture_v2\experiment5_localization\dataset\images\train\0152_0543457741_02_WRI-R1_M012.png,D:\projects\MediMind\ai-prediction-service\artifacts\fracture_v2\experiment5_localization\dataset\images\train\0152_0543457797_02_WRI-R2_M012.png,"[0.32729850000000005, 0.532491, 0.5612815, 0.648917]","[0.3977085, 0.4655435, 0.6366615, 0.5482385]","[0.3319, 0.5353, 0.5723, 0.6198]","[0.4186, 0.4599, 0.6484, 0.5361]",0.8065,0.7968,"[0.28381999999999996, 0.5184, 0.62038, 0.6367]","[0.37264, 0.44465999999999994, 0.69436, 0.55134]",20pct_expanded_or_full_fallback,0.688,0.703
0152_03_WRI-R,PAT_GRAZ_152,GRAZPEDWRI-DX,train,1,D:\projects\MediMind\ai-prediction-service\artifacts\fracture_v2\experiment5_localization\dataset\images\train\0152_0544667516_03_WRI-R1_M012.png,D:\projects\MediMind\ai-prediction-service\artifacts\fracture_v2\experiment5_localization\dataset\images\train\0152_0544667605_03_WRI-R2_M012.png,"[0.2135225, 0.6644114999999999, 0.5284694999999999, 0.9269285]","[0.3887585, 0.5456525000000001, 0.7189695, 0.7032615]","[0.6561, 0.6757, 0.8223, 0.7633]","[0.3798, 0.5751, 0.7039, 0.6891]",0.6899,0.5194,"[0.62286, 0.65818, 0.8555400000000001, 0.78082]","[0.31498000000000004, 0.5522999999999999, 0.76872, 0.7119000000000001]",20pct_expanded_or_full_fallback,0.8707,0.677
0154_01_WRI-R,PAT_GRAZ_154,GRAZPEDWRI-DX,train,1,D:\projects\MediMind\ai-prediction-service\artifacts\fracture_v2\experiment5_localization\dataset\images\train\0154_1139522249_01_WRI-R1_M011.png,D:\projects\MediMind\ai-prediction-service\artifacts\fracture_v2\experiment5_localization\dataset\images\train\0154_1139522276_01_WRI-R2_M011.png,"[0.247765, 0.33333300000000005, 0.568327, 0.443247]","[0.3822340000000001, 0.303184, 0.69179, 0.383502]","[0.2441, 0.3332, 0.5658, 0.4435]","[0.3779, 0.2996, 0.6626, 0.386]",0.5357,0.5842,"[0.17976000000000003, 0.31113999999999997, 0.6301399999999999, 0.46556000000000003]","[0.32096, 0.28231999999999996, 0.71954, 0.40328]",20pct_expanded_or_full_fallback,0.9775,0.8358
0154_02_WRI-R,PAT_GRAZ_154,GRAZPEDWRI-DX,train,1,D:\projects\MediMind\ai-prediction-service\artifacts\fracture_v2\experiment5_localization\dataset\images\train\0154_1139528726_02_WRI-R1_M011.png,D:\projects\MediMind\ai-prediction-service\artifacts\fracture_v2\experiment5_localization\dataset\images\train\0154_1139528774_02_WRI-R2_M011.png,"[0.2308745, 0.4609925, 0.5368855, 0.5312055]","[0.4380664999999999, 0.36061, 0.7250755, 0.432732]","[0.2358, 0.4643, 0.5373, 0.5359]",NONE,0.4611,0.0,"[0.17550000000000002, 0.44998, 0.5976, 0.55022]",FULL_IMAGE,20pct_expanded_or_full_fallback,0.8785,0.0
0154_03_WRI-R,PAT_GRAZ_154,GRAZPEDWRI-DX,train,1,D:\projects\MediMind\ai-prediction-service\artifacts\fracture_v2\experiment5_localization\dataset\images\train\0154_1139950395_03_WRI-R1_M011.png,D:\projects\MediMind\ai-prediction-service\artifacts\fracture_v2\experiment5_localization\dataset\images\train\0154_1139950436_03_WRI-R2_M011.png,NONE,"[0.45532649999999997, 0.512945, 0.7835055, 0.605987]",NONE,"[0.4527, 0.6785, 0.6889, 0.779]",0.0,0.4528,FULL_IMAGE,"[0.40546, 0.6584, 0.7361399999999999, 0.7991]",20pct_expanded_or_full_fallback,0.0,0.0
0154_04_WRI-R,PAT_GRAZ_154,GRAZPEDWRI-DX,train,1,D:\projects\MediMind\ai-prediction-service\artifacts\fracture_v2\experiment5_localization\dataset\images\train\0154_1140471517_04_WRI-R1_M011.png,D:\projects\MediMind\ai-prediction-service\artifacts\fracture_v2\experiment5_localization\dataset\images\train\0154_1140471548_04_WRI-R2_M011.png,"[0.308886, 0.4387915, 0.631876, 0.5143085]","[0.5235015, 0.4473245, 0.8136145, 0.5376255]","[0.3053, 0.4145, 0.6435, 0.5133]","[0.5362, 0.5994, 0.7418, 0.674]",0.4489,0.4462,"[0.23766000000000004, 0.39474, 0.71114, 0.53306]","[0.49508, 0.58448, 0.7829200000000001, 0.6889200000000001]",20pct_expanded_or_full_fallback,0.7133,0.0
0155_01_WRI-L,PAT_GRAZ_155,GRAZPEDWRI-DX,train,1,D:\projects\MediMind\ai-prediction-service\artifacts\fracture_v2\experiment5_localization\dataset\images\train\0155_0430984308_01_WRI-L1_M004.png,D:\projects\MediMind\ai-prediction-service\artifacts\fracture_v2\experiment5_localization\dataset\images\train\0155_0430984354_01_WRI-L2_M004.png,"[0.4778495, 0.49782450000000006, 0.6430945, 0.5633975000000001]","[0.46428549999999996, 0.4248615, 0.5696424999999999, 0.5306125]","[0.4785, 0.4967, 0.6402, 0.563]","[0.4604, 0.4252, 0.5772, 0.4863]",0.8187,0.4793,"[0.44616, 0.48344, 0.67254, 0.57626]","[0.43704, 0.41298, 0.6005600000000001, 0.49852]",20pct_expanded_or_full_fallback,0.9566,0.5437
0156_01_WRI-R,PAT_GRAZ_156,GRAZPEDWRI-DX,train,0,D:\projects\MediMind\ai-prediction-service\artifacts\fracture_v2\experiment5_localization\dataset\images\train\0156_0211257891_01_WRI-R1_F015.png,D:\projects\MediMind\ai-prediction-service\artifacts\fracture_v2\experiment5_localization\dataset\images\train\0156_0211257918_01_WRI-R2_F015.png,NONE,NONE,NONE,"[0.5118, 0.5266, 0.7064, 0.5967]",0.0,0.3412,FULL_IMAGE,"[0.47288, 0.5125799999999999, 0.74532, 0.61072]",20pct_expanded_or_full_fallback,0.0,0.0
0158_01_WRI-L,PAT_GRAZ_158,GRAZPEDWRI-DX,train,1,D:\projects\MediMind\ai-prediction-service\artifacts\fracture_v2\experiment5_localization\dataset\images\train\0158_0921923746_01_WRI-L1_M008.png,D:\projects\MediMind\ai-prediction-service\artifacts\fracture_v2\experiment5_localization\dataset\images\train\0158_0921923868_01_WRI-L2_M008.png,"[0.5262265, 0.7312204999999999, 0.7038915, 0.8309855]","[0.420454, 0.700214, 0.540584, 0.7976439999999999]","[0.3021, 0.7244, 0.4279, 0.7976]","[0.4203, 0.696, 0.5464, 0.7853]",0.8096,0.6207,"[0.27693999999999996, 0.7097600000000001, 0.45306, 0.81224]","[0.39508, 0.67814, 0.57162, 0.80316]",20pct_expanded_or_full_fallback,0.9467,0.8021
0159_01_WRI-L,PAT_GRAZ_159,GRAZPEDWRI-DX,train,0,D:\projects\MediMind\ai-prediction-service\artifacts\fracture_v2\experiment5_localization\dataset\images\train\0159_1276861687_01_WRI-L1_M013.png,D:\projects\MediMind\ai-prediction-service\artifacts\fracture_v2\experiment5_localization\dataset\images\train\0159_1276861715_01_WRI-L2_M013.png,NONE,NONE,NONE,NONE,0.0,0.0,FULL_IMAGE,FULL_IMAGE,20pct_expanded_or_full_fallback,0.0,0.0
0160_01_WRI-L,PAT_GRAZ_160,GRAZPEDWRI-DX,train,1,D:\projects\MediMind\ai-prediction-service\artifacts\fracture_v2\experiment5_localization\dataset\images\train\0160_0598179425_01_WRI-L1_F009.png,D:\projects\MediMind\ai-prediction-service\artifacts\fracture_v2\experiment5_localization\dataset\images\train\0160_0598179343_01_WRI-L2_F009.png,"[0.32692299999999996, 0.5143139999999999, 0.448225, 0.575518]","[0.29875999999999997, 0.558177, 0.435644, 0.617687]","[0.549, 0.5466, 0.7074, 0.6216]","[0.2975, 0.5505, 0.4391, 0.6278]",0.8303,0.7018,"[0.51732, 0.5316, 0.7390800000000001, 0.6366]","[0.26918, 0.53504, 0.46742, 0.64326]",20pct_expanded_or_full_fallback,0.7567,0.7442
0160_02_WRI-L,PAT_GRAZ_160,GRAZPEDWRI-DX,train,1,D:\projects\MediMind\ai-prediction-service\artifacts\fracture_v2\experiment5_localization\dataset\images\train\0160_0598184032_02_WRI-L1_F009.png,D:\projects\MediMind\ai-prediction-service\artifacts\fracture_v2\experiment5_localization\dataset\images\train\0160_0598184105_02_WRI-L2_F009.png,"[0.559078, 0.775369, 0.711816, 0.8443350000000001]","[0.3965215, 0.5983999999999999, 0.5234785, 0.6544]","[0.5634, 0.7788, 0.7147, 0.8536]","[0.4021, 0.5939, 0.5298, 0.6521]",0.7671,0.759,"[0.5331400000000001, 0.7638400000000001, 0.74496, 0.86856]","[0.37656, 0.58226, 0.5553400000000001, 0.66374]",20pct_expanded_or_full_fallback,0.8022,0.8123
0160_03_WRI-L,PAT_GRAZ_160,GRAZPEDWRI-DX,train,1,D:\projects\MediMind\ai-prediction-service\artifacts\fracture_v2\experiment5_localization\dataset\images\train\0160_0599791287_03_WRI-L1_F009.png,D:\projects\MediMind\ai-prediction-service\artifacts\fracture_v2\experiment5_localization\dataset\images\train\0160_0599791327_03_WRI-L2_F009.png,"[0.5078475, 0.502384, 0.6903485, 0.59322]","[0.3503465, 0.5875515, 0.5060595, 0.6575964999999999]","[0.5088, 0.4938, 0.6816, 0.5756]","[0.363, 0.5865, 0.5109, 0.6724]",0.6797,0.6982,"[0.47424000000000005, 0.47744000000000003, 0.71616, 0.59196]","[0.33342, 0.56932, 0.5404800000000001, 0.68958]",20pct_expanded_or_full_fallback,0.7005,0.7373
0160_04_WRI-L,PAT_GRAZ_160,GRAZPEDWRI-DX,train,1,D:\projects\MediMind\ai-prediction-service\artifacts\fracture_v2\experiment5_localization\dataset\images\train\0160_0600656245_04_WRI-L1_F009.png,D:\projects\MediMind\ai-prediction-service\artifacts\fracture_v2\experiment5_localization\dataset\images\train\0160_0600656290_04_WRI-L2_F009.png,"[0.5050755, 0.6620805, 0.7278845, 0.7782675]","[0.2959185, 0.517284, 0.4836735, 0.620988]","[0.4873, 0.6584, 0.7336, 0.7798]","[0.295, 0.5128, 0.4854, 0.6213]",0.735,0.6872,"[0.43804, 0.63412, 0.78286, 0.80408]","[0.25692, 0.49110000000000004, 0.52348, 0.6429999999999999]",20pct_expanded_or_full_fallback,0.8658,0.9425
0161_01_WRI-R,PAT_GRAZ_161,GRAZPEDWRI-DX,train,0,D:\projects\MediMind\ai-prediction-service\artifacts\fracture_v2\experiment5_localization\dataset\images\train\0161_0809821026_01_WRI-R1_M015.png,D:\projects\MediMind\ai-prediction-service\artifacts\fracture_v2\experiment5_localization\dataset\images\train\0161_0809821041_01_WRI-R2_M015.png,NONE,NONE,NONE,NONE,0.0,0.0,FULL_IMAGE,FULL_IMAGE,20pct_expanded_or_full_fallback,0.0,0.0
0161_02_WRI-L,PAT_GRAZ_161,GRAZPEDWRI-DX,train,0,D:\projects\MediMind\ai-prediction-service\artifacts\fracture_v2\experiment5_localization\dataset\images\train\0161_0833290547_02_WRI-L1_M016.png,D:\projects\MediMind\ai-prediction-service\artifacts\fracture_v2\experiment5_localization\dataset\images\train\0161_0833290583_02_WRI-L2_M016.png,NONE,NONE,NONE,NONE,0.0,0.0,FULL_IMAGE,FULL_IMAGE,20pct_expanded_or_full_fallback,0.0,0.0
0166_01_WRI-R,PAT_GRAZ_166,GRAZPEDWRI-DX,train,1,D:\projects\MediMind\ai-prediction-service\artifacts\fracture_v2\experiment5_localization\dataset\images\train\0166_0906149092_01_WRI-R1_F006.png,D:\projects\MediMind\ai-prediction-service\artifacts\fracture_v2\experiment5_localization\dataset\images\train\0166_0906149169_01_WRI-R2_F006.png,"[0.2510375, 0.4553755, 0.5186725, 0.5111565]","[0.3655175, 0.351064, 0.5517245, 0.418762]","[0.2532, 0.4512, 0.5082, 0.52]","[0.442, 0.3603, 0.5717, 0.4129]",0.7905,0.4164,"[0.2022, 0.43744, 0.5592, 0.53376]","[0.41606, 0.34978000000000004, 0.59764, 0.42341999999999996]",20pct_expanded_or_full_fallback,0.7795,0.8192
0167_01_WRI-R,PAT_GRAZ_167,GRAZPEDWRI-DX,train,0,D:\projects\MediMind\ai-prediction-service\artifacts\fracture_v2\experiment5_localization\dataset\images\train\0167_0975764652_01_WRI-R1_F011.png,D:\projects\MediMind\ai-prediction-service\artifacts\fracture_v2\experiment5_localization\dataset\images\train\0167_0975764683_01_WRI-R2_F011.png,NONE,NONE,NONE,NONE,0.0,0.0,FULL_IMAGE,FULL_IMAGE,20pct_expanded_or_full_fallback,0.0,0.0
0168_01_WRI-R,PAT_GRAZ_168,GRAZPEDWRI-DX,train,1,D:\projects\MediMind\ai-prediction-service\artifacts\fracture_v2\experiment5_localization\dataset\images\train\0168_0510330641_01_WRI-R1_M012.png,D:\projects\MediMind\ai-prediction-service\artifacts\fracture_v2\experiment5_localization\dataset\images\train\0168_0510330677_01_WRI-R2_M012.png,NONE,"[0.43413699999999994, 0.36979999999999996, 0.7365489999999999, 0.428352]",NONE,"[0.4485, 0.3777, 0.7165, 0.4362]",0.0,0.2357,FULL_IMAGE,"[0.39490000000000003, 0.366, 0.7701, 0.44789999999999996]",20pct_expanded_or_full_fallback,0.0,0.6852
0170_01_WRI-L,PAT_GRAZ_170,GRAZPEDWRI-DX,train,1,D:\projects\MediMind\ai-prediction-service\artifacts\fracture_v2\experiment5_localization\dataset\images\train\0170_0535206679_01_WRI-L1_F009.png,D:\projects\MediMind\ai-prediction-service\artifacts\fracture_v2\experiment5_localization\dataset\images\train\0170_0535206724_01_WRI-L2_F009.png,"[0.41717799999999994, 0.320136, 0.677914, 0.483032]","[0.38223950000000007, 0.283169, 0.6853285, 0.38712899999999995]",NONE,"[0.3858, 0.4763, 0.5562, 0.544]",0.0,0.4656,FULL_IMAGE,"[0.35172, 0.46276, 0.59028, 0.55754]",20pct_expanded_or_full_fallback,0.0,0.0
0170_02_WRI-L,PAT_GRAZ_170,GRAZPEDWRI-DX,train,1,D:\projects\MediMind\ai-prediction-service\artifacts\fracture_v2\experiment5_localization\dataset\images\train\0170_0535945820_02_WRI-L1_F009.png,D:\projects\MediMind\ai-prediction-service\artifacts\fracture_v2\experiment5_localization\dataset\images\train\0170_0535945867_02_WRI-L2_F009.png,"[0.49168249999999997, 0.3354895, 0.6608134999999999, 0.43438050000000006]","[0.43177200000000004, 0.311609, 0.598778, 0.42362500000000003]","[0.3634, 0.3022, 0.4367, 0.37]","[0.4279, 0.3208, 0.6005, 0.4188]",0.584,0.3578,"[0.34874, 0.28864, 0.45136, 0.38356]","[0.39338, 0.30119999999999997, 0.63502, 0.4384]",20pct_expanded_or_full_fallback,0.759,0.85
0170_03_WRI-L,PAT_GRAZ_170,GRAZPEDWRI-DX,train,1,D:\projects\MediMind\ai-prediction-service\artifacts\fracture_v2\experiment5_localization\dataset\images\train\0170_0536645752_03_WRI-L1_F009.png,D:\projects\MediMind\ai-prediction-service\artifacts\fracture_v2\experiment5_localization\dataset\images\train\0170_0536645813_03_WRI-L2_F009.png,"[0.4476745, 0.31060550000000003, 0.7906975, 0.4166665]","[0.278656, 0.2561625, 0.62253, 0.3538735]","[0.5452, 0.4635, 0.7458, 0.5408]","[0.3387, 0.4707, 0.5262, 0.5421]",0.5694,0.651,"[0.50508, 0.44804000000000005, 0.7859200000000001, 0.55626]","[0.3012, 0.45642, 0.5637, 0.55638]",20pct_expanded_or_full_fallback,0.0,0.0
0171_01_WRI-L,PAT_GRAZ_171,GRAZPEDWRI-DX,train,1,D:\projects\MediMind\ai-prediction-service\artifacts\fracture_v2\experiment5_localization\dataset\images\train\0171_0605668008_01_WRI-L1_F009.png,D:\projects\MediMind\ai-prediction-service\artifacts\fracture_v2\experiment5_localization\dataset\images\train\0171_0605668045_01_WRI-L2_F009.png,NONE,"[0.3136095, 0.5149575, 0.6331365, 0.6036325]",NONE,"[0.3159, 0.5221, 0.6424, 0.5982]",0.0,0.1818,FULL_IMAGE,"[0.25060000000000004, 0.50688, 0.7077, 0.61342]",20pct_expanded_or_full_fallback,0.0,0.8314
0175_01_WRI-L,PAT_GRAZ_175,GRAZPEDWRI-DX,train,1,D:\projects\MediMind\ai-prediction-service\artifacts\fracture_v2\experiment5_localization\dataset\images\train\0175_0551651598_01_WRI-L1_M010.png,D:\projects\MediMind\ai-prediction-service\artifacts\fracture_v2\experiment5_localization\dataset\images\train\0175_0551651639_01_WRI-L2_M010.png,"[0.49275350000000007, 0.510034, 0.6988725, 0.5827760000000001]","[0.398671, 0.49331050000000004, 0.558139, 0.5526755000000001]","[0.4956, 0.5174, 0.6987, 0.5817]","[0.3907, 0.4928, 0.5556, 0.5515]",0.8427,0.5137,"[0.45498, 0.50454, 0.73932, 0.59456]","[0.35772, 0.48106000000000004, 0.58858, 0.56324]",20pct_expanded_or_full_fallback,0.871,0.9118
0177_01_WRI-R,PAT_GRAZ_177,GRAZPEDWRI-DX,train,1,D:\projects\MediMind\ai-prediction-service\artifacts\fracture_v2\experiment5_localization\dataset\images\train\0177_0389217136_01_WRI-R1_M007.png,D:\projects\MediMind\ai-prediction-service\artifacts\fracture_v2\experiment5_localization\dataset\images\train\0177_0389217169_01_WRI-R2_M007.png,"[0.3799215, 0.5294115, 0.5944885, 0.6265985]","[0.3431885, 0.5045655, 0.5880775, 0.6264605000000001]","[0.38, 0.531, 0.5904, 0.619]","[0.3493, 0.5318, 0.5637, 0.6368]",0.8103,0.4998,"[0.33792, 0.5134000000000001, 0.63248, 0.6365999999999999]","[0.30642, 0.5108, 0.60658, 0.6578]",20pct_expanded_or_full_fallback,0.8879,0.6329
0177_02_WRI-R,PAT_GRAZ_177,GRAZPEDWRI-DX,train,1,D:\projects\MediMind\ai-prediction-service\artifacts\fracture_v2\experiment5_localization\dataset\images\train\0177_0389791448_02_WRI-R1_M007.png,D:\projects\MediMind\ai-prediction-service\artifacts\fracture_v2\experiment5_localization\dataset\images\train\0177_0389791564_02_WRI-R2_M007.png,"[0.366513, 0.595418, 0.525265, 0.6857279999999999]","[0.440415, 0.5240715, 0.6943010000000001, 0.6341125000000001]","[0.3655, 0.6024, 0.531, 0.6873]","[0.453, 0.5161, 0.6891, 0.6091]",0.812,0.3704,"[0.3324, 0.58542, 0.5641, 0.70428]","[0.40578000000000003, 0.4975, 0.7363200000000001, 0.6276999999999999]",20pct_expanded_or_full_fallback,0.8726,0.6732
0177_03_WRI-R,PAT_GRAZ_177,GRAZPEDWRI-DX,train,1,D:\projects\MediMind\ai-prediction-service\artifacts\fracture_v2\experiment5_localization\dataset\images\train\0177_0390402173_03_WRI-R1_M007.png,D:\projects\MediMind\ai-prediction-service\artifacts\fracture_v2\experiment5_localization\dataset\images\train\0177_0390402236_03_WRI-R2_M007.png,"[0.372963, 0.46326350000000005, 0.548881, 0.5696425]","[0.3787875, 0.5588575, 0.5909085000000001, 0.6674285]","[0.3855, 0.4899, 0.5422, 0.5782]","[0.3806, 0.5751, 0.5436, 0.6483]",0.6463,0.6652,"[0.35416000000000003, 0.47224, 0.57354, 0.5958600000000001]","[0.348, 0.56046, 0.5761999999999999, 0.66294]",20pct_expanded_or_full_fallback,0.6231,0.5181
0177_04_WRI-R,PAT_GRAZ_177,GRAZPEDWRI-DX,train,1,D:\projects\MediMind\ai-prediction-service\artifacts\fracture_v2\experiment5_localization\dataset\images\train\0177_0391004064_04_WRI-R1_M007.png,D:\projects\MediMind\ai-prediction-service\artifacts\fracture_v2\experiment5_localization\dataset\images\train\0177_0391004130_04_WRI-R2_M007.png,"[0.308472, 0.5445915, 0.507538, 0.6605625]","[0.35443050000000004, 0.6063345, 0.5738395000000001, 0.7345394999999999]","[0.2985, 0.5274, 0.5075, 0.6642]","[0.3515, 0.6252, 0.4923, 0.7322]",0.7551,0.473,"[0.2567, 0.5000399999999999, 0.5492999999999999, 0.6915600000000001]","[0.32333999999999996, 0.6038, 0.52046, 0.7535999999999999]",20pct_expanded_or_full_fallback,0.8072,0.5187
0178_01_WRI-R,PAT_GRAZ_178,GRAZPEDWRI-DX,train,1,D:\projects\MediMind\ai-prediction-service\artifacts\fracture_v2\experiment5_localization\dataset\images\train\0178_0106627326_01_WRI-R1_M013.png,D:\projects\MediMind\ai-prediction-service\artifacts\fracture_v2\experiment5_localization\dataset\images\train\0178_0106627364_01_WRI-R2_M013.png,"[0.718213, 0.4461105, 0.817869, 0.5060915]","[0.5442480000000001, 0.4087405, 0.668142, 0.4558695]",NONE,NONE,0.0,0.0,FULL_IMAGE,FULL_IMAGE,20pct_expanded_or_full_fallback,0.0,0.0
0178_02_WRI-L,PAT_GRAZ_178,GRAZPEDWRI-DX,train,0,D:\projects\MediMind\ai-prediction-service\artifacts\fracture_v2\experiment5_localization\dataset\images\train\0178_0154573379_02_WRI-L1_M015.png,D:\projects\MediMind\ai-prediction-service\artifacts\fracture_v2\experiment5_localization\dataset\images\train\0178_0154573422_02_WRI-L2_M015.png,NONE,NONE,NONE,NONE,0.0,0.0,FULL_IMAGE,FULL_IMAGE,20pct_expanded_or_full_fallback,0.0,0.0
0178_03_WRI-L,PAT_GRAZ_178,GRAZPEDWRI-DX,train,0,D:\projects\MediMind\ai-prediction-service\artifacts\fracture_v2\experiment5_localization\dataset\images\train\0178_0165975172_03_WRI-L1_M015.png,D:\projects\MediMind\ai-prediction-service\artifacts\fracture_v2\experiment5_localization\dataset\images\train\0178_0165975217_03_WRI-L2_M015.png,NONE,NONE,NONE,NONE,0.0,0.0,FULL_IMAGE,FULL_IMAGE,20pct_expanded_or_full_fallback,0.0,0.0
0179_01_WRI-R,PAT_GRAZ_179,GRAZPEDWRI-DX,train,0,D:\projects\MediMind\ai-prediction-service\artifacts\fracture_v2\experiment5_localization\dataset\images\train\0179_0985398796_01_WRI-R1_M004.png,D:\projects\MediMind\ai-prediction-service\artifacts\fracture_v2\experiment5_localization\dataset\images\train\0179_0985398891_01_WRI-R2_M004.png,NONE,NONE,NONE,NONE,0.0,0.0,FULL_IMAGE,FULL_IMAGE,20pct_expanded_or_full_fallback,0.0,0.0
0180_01_WRI-L,PAT_GRAZ_180,GRAZPEDWRI-DX,train,0,D:\projects\MediMind\ai-prediction-service\artifacts\fracture_v2\experiment5_localization\dataset\images\train\0180_0154120731_01_WRI-L1_M008.png,D:\projects\MediMind\ai-prediction-service\artifacts\fracture_v2\experiment5_localization\dataset\images\train\0180_0154120789_01_WRI-L2_M008.png,NONE,NONE,NONE,NONE,0.0,0.0,FULL_IMAGE,FULL_IMAGE,20pct_expanded_or_full_fallback,0.0,0.0
0181_01_WRI-L,PAT_GRAZ_181,GRAZPEDWRI-DX,train,0,D:\projects\MediMind\ai-prediction-service\artifacts\fracture_v2\experiment5_localization\dataset\images\train\0181_1229746239_01_WRI-L1_F013.png,D:\projects\MediMind\ai-prediction-service\artifacts\fracture_v2\experiment5_localization\dataset\images\train\0181_1229746266_01_WRI-L2_F013.png,NONE,NONE,NONE,NONE,0.0,0.0,FULL_IMAGE,FULL_IMAGE,20pct_expanded_or_full_fallback,0.0,0.0
0183_01_WRI-L,PAT_GRAZ_183,GRAZPEDWRI-DX,train,0,D:\projects\MediMind\ai-prediction-service\artifacts\fracture_v2\experiment5_localization\dataset\images\train\0183_0090368197_01_WRI-L1_F014.png,D:\projects\MediMind\ai-prediction-service\artifacts\fracture_v2\experiment5_localization\dataset\images\train\0183_0090368238_01_WRI-L2_F014.png,NONE,NONE,NONE,NONE,0.0,0.0,FULL_IMAGE,FULL_IMAGE,20pct_expanded_or_full_fallback,0.0,0.0
0183_02_WRI-L,PAT_GRAZ_183,GRAZPEDWRI-DX,train,0,D:\projects\MediMind\ai-prediction-service\artifacts\fracture_v2\experiment5_localization\dataset\images\train\0183_0207701510_02_WRI-L1_F017.png,D:\projects\MediMind\ai-prediction-service\artifacts\fracture_v2\experiment5_localization\dataset\images\train\0183_0207701548_02_WRI-L2_F017.png,NONE,NONE,"[0.4228, 0.4041, 0.7192, 0.4737]","[0.3587, 0.3621, 0.6256, 0.4204]",0.2679,0.1971,"[0.36352, 0.39018, 0.77848, 0.48762]","[0.30532000000000004, 0.35044, 0.67898, 0.43206]",20pct_expanded_or_full_fallback,0.0,0.0
0184_01_WRI-R,PAT_GRAZ_184,GRAZPEDWRI-DX,train,1,D:\projects\MediMind\ai-prediction-service\artifacts\fracture_v2\experiment5_localization\dataset\images\train\0184_0953131478_01_WRI-R1_M017.png,D:\projects\MediMind\ai-prediction-service\artifacts\fracture_v2\experiment5_localization\dataset\images\train\0184_0953131511_01_WRI-R2_M017.png,"[0.20848699999999998, 0.41716, 0.562731, 0.45858]","[0.49224, 0.40030200000000005, 0.78714, 0.457704]",NONE,NONE,0.0,0.0,FULL_IMAGE,FULL_IMAGE,20pct_expanded_or_full_fallback,0.0,0.0
0185_01_WRI-R,PAT_GRAZ_185,GRAZPEDWRI-DX,train,1,D:\projects\MediMind\ai-prediction-service\artifacts\fracture_v2\experiment5_localization\dataset\images\train\0185_0545486805_01_WRI-R1_M010.png,D:\projects\MediMind\ai-prediction-service\artifacts\fracture_v2\experiment5_localization\dataset\images\train\0185_0545486841_01_WRI-R2_M010.png,"[0.2819505, 0.5413294999999999, 0.5361395, 0.6328245]","[0.48516950000000003, 0.5457624999999999, 0.6927965, 0.6881355]","[0.2929, 0.5391, 0.5287, 0.6197]","[0.4904, 0.5406, 0.6772, 0.6057]",0.8311,0.7555,"[0.24574000000000001, 0.52298, 0.5758599999999999, 0.63582]","[0.45304, 0.5275799999999999, 0.7145600000000001, 0.61872]",20pct_expanded_or_full_fallback,0.777,0.3668
0185_02_WRI-R,PAT_GRAZ_185,GRAZPEDWRI-DX,train,1,D:\projects\MediMind\ai-prediction-service\artifacts\fracture_v2\experiment5_localization\dataset\images\train\0185_0546080754_02_WRI-R1_M010.png,D:\projects\MediMind\ai-prediction-service\artifacts\fracture_v2\experiment5_localization\dataset\images\train\0185_0546080787_02_WRI-R2_M010.png,"[0.33670500000000003, 0.641879, 0.510115, 0.737769]","[0.397888, 0.4752875, 0.583626, 0.5356445]","[0.3342, 0.6422, 0.5137, 0.7234]","[0.4033, 0.4698, 0.5724, 0.5383]",0.7877,0.4855,"[0.2983, 0.62596, 0.5496000000000001, 0.7396400000000001]","[0.36948, 0.4561, 0.60622, 0.552]",20pct_expanded_or_full_fallback,0.8223,0.8108
0185_03_WRI-L,PAT_GRAZ_185,GRAZPEDWRI-DX,train,1,D:\projects\MediMind\ai-prediction-service\artifacts\fracture_v2\experiment5_localization\dataset\images\train\0185_0588340759_03_WRI-L1_M011.png,D:\projects\MediMind\ai-prediction-service\artifacts\fracture_v2\experiment5_localization\dataset\images\train\0185_0588340785_03_WRI-L2_M011.png,"[0.490872, 0.6123285, 0.748478, 0.7054795]","[0.341223, 0.6092894999999999, 0.504931, 0.7103825]","[0.4927, 0.614, 0.7569, 0.7051]","[0.3442, 0.6077, 0.5076, 0.7103]",0.6342,0.6789,"[0.43986000000000003, 0.59578, 0.80974, 0.72332]","[0.31152, 0.58718, 0.5402800000000001, 0.73082]",20pct_expanded_or_full_fallback,0.941,0.9506
0186_01_WRI-L,PAT_GRAZ_186,GRAZPEDWRI-DX,train,0,D:\projects\MediMind\ai-prediction-service\artifacts\fracture_v2\experiment5_localization\dataset\images\train\0186_0838523181_01_WRI-L1_M013.png,D:\projects\MediMind\ai-prediction-service\artifacts\fracture_v2\experiment5_localization\dataset\images\train\0186_0838523220_01_WRI-L2_M013.png,NONE,NONE,"[0.0906, 0.0228, 0.1942, 0.0767]",NONE,0.2115,0.0,"[0.06988, 0.01202, 0.21492, 0.08748]",FULL_IMAGE,20pct_expanded_or_full_fallback,0.0,0.0
0187_01_WRI-R,PAT_GRAZ_187,GRAZPEDWRI-DX,train,1,D:\projects\MediMind\ai-prediction-service\artifacts\fracture_v2\experiment5_localization\dataset\images\train\0187_1070349320_01_WRI-R1_M011.png,D:\projects\MediMind\ai-prediction-service\artifacts\fracture_v2\experiment5_localization\dataset\images\train\0187_1070349356_01_WRI-R2_M011.png,"[0.3309095, 0.690504, 0.5436365000000001, 0.76905]","[0.36298050000000004, 0.577685, 0.5649035, 0.657977]","[0.3288, 0.6687, 0.5448, 0.7653]","[0.3457, 0.5773, 0.5704, 0.6795]",0.535,0.6406,"[0.28559999999999997, 0.64938, 0.588, 0.78462]","[0.30076, 0.55686, 0.61534, 0.69994]",20pct_expanded_or_full_fallback,0.7345,0.706
0188_01_WRI-L,PAT_GRAZ_188,GRAZPEDWRI-DX,train,0,D:\projects\MediMind\ai-prediction-service\artifacts\fracture_v2\experiment5_localization\dataset\images\train\0188_0212411736_01_WRI-L1_M012.png,D:\projects\MediMind\ai-prediction-service\artifacts\fracture_v2\experiment5_localization\dataset\images\train\0188_0212411820_01_WRI-L2_M012.png,NONE,NONE,NONE,NONE,0.0,0.0,FULL_IMAGE,FULL_IMAGE,20pct_expanded_or_full_fallback,0.0,0.0
0189_01_WRI-L,PAT_GRAZ_189,GRAZPEDWRI-DX,train,0,D:\projects\MediMind\ai-prediction-service\artifacts\fracture_v2\experiment5_localization\dataset\images\train\0189_0599694738_01_WRI-L1_M014.png,D:\projects\MediMind\ai-prediction-service\artifacts\fracture_v2\experiment5_localization\dataset\images\train\0189_0599694775_01_WRI-L2_M014.png,NONE,NONE,NONE,NONE,0.0,0.0,FULL_IMAGE,FULL_IMAGE,20pct_expanded_or_full_fallback,0.0,0.0
0191_02_WRI-R,PAT_GRAZ_191,GRAZPEDWRI-DX,train,1,D:\projects\MediMind\ai-prediction-service\artifacts\fracture_v2\experiment5_localization\dataset\images\train\0191_0229175838_02_WRI-R1_M009.png,D:\projects\MediMind\ai-prediction-service\artifacts\fracture_v2\experiment5_localization\dataset\images\train\0191_0229175791_02_WRI-R2_M009.png,"[0.58576, 0.3396055, 0.737864, 0.4229385]","[0.40420600000000007, 0.3756755, 0.633178, 0.46666650000000004]","[0.2848, 0.384, 0.4903, 0.4633]","[0.4186, 0.3878, 0.6247, 0.4466]",0.7262,0.2024,"[0.2437, 0.36814, 0.5314, 0.47916]","[0.37738000000000005, 0.37604, 0.6659200000000001, 0.45836]",20pct_expanded_or_full_fallback,0.5421,0.5817
0191_03_WRI-R,PAT_GRAZ_191,GRAZPEDWRI-DX,train,1,D:\projects\MediMind\ai-prediction-service\artifacts\fracture_v2\experiment5_localization\dataset\images\train\0191_0230385594_03_WRI-R1_M009.png,D:\projects\MediMind\ai-prediction-service\artifacts\fracture_v2\experiment5_localization\dataset\images\train\0191_0230385625_03_WRI-R2_M009.png,"[0.6838715000000001, 0.3451705, 0.8172045, 0.42471549999999997]","[0.418182, 0.522332, 0.7, 0.6501239999999999]","[0.2743, 0.5576, 0.5386, 0.689]","[0.4106, 0.5375, 0.695, 0.6505]",0.6547,0.5471,"[0.22144, 0.53132, 0.59146, 0.7152799999999999]","[0.35372000000000003, 0.5149, 0.7518799999999999, 0.6730999999999999]",20pct_expanded_or_full_fallback,0.7396,0.8432
0192_01_WRI-R,PAT_GRAZ_192,GRAZPEDWRI-DX,train,0,D:\projects\MediMind\ai-prediction-service\artifacts\fracture_v2\experiment5_localization\dataset\images\train\0192_0840907297_01_WRI-R1_F007.png,D:\projects\MediMind\ai-prediction-service\artifacts\fracture_v2\experiment5_localization\dataset\images\train\0192_0840907316_01_WRI-R2_F007.png,NONE,NONE,NONE,NONE,0.0,0.0,FULL_IMAGE,FULL_IMAGE,20pct_expanded_or_full_fallback,0.0,0.0
0193_01_WRI-R,PAT_GRAZ_193,GRAZPEDWRI-DX,train,1,D:\projects\MediMind\ai-prediction-service\artifacts\fracture_v2\experiment5_localization\dataset\images\train\0193_1064251161_01_WRI-R1_M010.png,D:\projects\MediMind\ai-prediction-service\artifacts\fracture_v2\experiment5_localization\dataset\images\train\0193_1064251181_01_WRI-R2_M010.png,"[0.2381785, 0.42953050000000004, 0.4658495, 0.4815435]","[0.50457, 0.3680555, 0.696526, 0.4140625]","[0.239, 0.4263, 0.4629, 0.4905]","[0.5043, 0.3631, 0.6908, 0.4213]",0.7359,0.6538,"[0.19422, 0.41346, 0.50768, 0.50334]","[0.46699999999999997, 0.35146, 0.7281, 0.43294]",20pct_expanded_or_full_fallback,0.7993,0.7707
0193_02_WRI-L,PAT_GRAZ_193,GRAZPEDWRI-DX,train,0,D:\projects\MediMind\ai-prediction-service\artifacts\fracture_v2\experiment5_localization\dataset\images\train\0193_1085827603_02_WRI-L1_M011.png,D:\projects\MediMind\ai-prediction-service\artifacts\fracture_v2\experiment5_localization\dataset\images\train\0193_1085827629_02_WRI-L2_M011.png,NONE,NONE,NONE,NONE,0.0,0.0,FULL_IMAGE,FULL_IMAGE,20pct_expanded_or_full_fallback,0.0,0.0
0195_01_WRI-L,PAT_GRAZ_195,GRAZPEDWRI-DX,train,0,D:\projects\MediMind\ai-prediction-service\artifacts\fracture_v2\experiment5_localization\dataset\images\train\0195_0920972546_01_WRI-L1_M010.png,D:\projects\MediMind\ai-prediction-service\artifacts\fracture_v2\experiment5_localization\dataset\images\train\0195_0920972576_01_WRI-L2_M010.png,NONE,NONE,NONE,NONE,0.0,0.0,FULL_IMAGE,FULL_IMAGE,20pct_expanded_or_full_fallback,0.0,0.0
0197_01_WRI-R,PAT_GRAZ_197,GRAZPEDWRI-DX,train,1,D:\projects\MediMind\ai-prediction-service\artifacts\fracture_v2\experiment5_localization\dataset\images\train\0197_0791582221_01_WRI-R1_M006.png,D:\projects\MediMind\ai-prediction-service\artifacts\fracture_v2\experiment5_localization\dataset\images\train\0197_0791582125_01_WRI-R2_M006.png,"[0.25795599999999996, 0.3434165, 0.520938, 0.4457295]","[0.3776125, 0.284874, 0.5865675, 0.370588]","[0.2505, 0.344, 0.5158, 0.4243]","[0.4726, 0.303, 0.6314, 0.366]",0.7433,0.6195,"[0.19744, 0.32793999999999995, 0.56886, 0.44036000000000003]","[0.44084, 0.2904, 0.66316, 0.3786]",20pct_expanded_or_full_fallback,0.7528,0.3463
0197_04_WRI-R,PAT_GRAZ_197,GRAZPEDWRI-DX,train,1,D:\projects\MediMind\ai-prediction-service\artifacts\fracture_v2\experiment5_localization\dataset\images\train\0197_0792683451_04_WRI-R1_M006.png,D:\projects\MediMind\ai-prediction-service\artifacts\fracture_v2\experiment5_localization\dataset\images\train\0197_0792683516_04_WRI-R2_M006.png,"[0.2979595, 0.4414125, 0.6204084999999999, 0.5080255]","[0.4279755, 0.461174, 0.7494784999999999, 0.580492]","[0.3072, 0.4355, 0.592, 0.5039]","[0.4445, 0.4993, 0.6759, 0.5656]",0.7136,0.8047,"[0.25023999999999996, 0.42182, 0.64896, 0.51758]","[0.39822, 0.48604, 0.7221799999999999, 0.5788599999999999]",20pct_expanded_or_full_fallback,0.7683,0.3999
0197_05_WRI-R,PAT_GRAZ_197,GRAZPEDWRI-DX,train,1,D:\projects\MediMind\ai-prediction-service\artifacts\fracture_v2\experiment5_localization\dataset\images\train\0197_0793453347_05_WRI-R1_M006.png,D:\projects\MediMind\ai-prediction-service\artifacts\fracture_v2\experiment5_localization\dataset\images\train\0197_0793453396_05_WRI-R2_M006.png,"[0.2771085, 0.574148, 0.5722895, 0.67535]","[0.191489, 0.45222899999999994, 0.484633, 0.5605089999999999]","[0.2784, 0.5786, 0.5885, 0.6812]","[0.1919, 0.4673, 0.4711, 0.5562]",0.8238,0.7426,"[0.21637999999999996, 0.55808, 0.65052, 0.70172]","[0.13606, 0.44952, 0.52694, 0.57398]",20pct_expanded_or_full_fallback,0.855,0.782
0197_06_WRI-R,PAT_GRAZ_197,GRAZPEDWRI-DX,train,1,D:\projects\MediMind\ai-prediction-service\artifacts\fracture_v2\experiment5_localization\dataset\images\train\0197_0794660705_06_WRI-R1_M006.png,D:\projects\MediMind\ai-prediction-service\artifacts\fracture_v2\experiment5_localization\dataset\images\train\0197_0794660768_06_WRI-R2_M006.png,"[0.31677049999999995, 0.518847, 0.5527955, 0.638581]","[0.39538999999999996, 0.40552000000000005, 0.615248, 0.5095540000000001]","[0.332, 0.5244, 0.5584, 0.6591]","[0.3953, 0.4065, 0.6309, 0.4957]",0.7002,0.6795,"[0.28672000000000003, 0.49745999999999996, 0.60368, 0.68604]","[0.34818, 0.38865999999999995, 0.6780200000000001, 0.51354]",20pct_expanded_or_full_fallback,0.7515,0.8078
0198_01_WRI-L,PAT_GRAZ_198,GRAZPEDWRI-DX,train,0,D:\projects\MediMind\ai-prediction-service\artifacts\fracture_v2\experiment5_localization\dataset\images\train\0198_0798640435_01_WRI-L1_M011.png,D:\projects\MediMind\ai-prediction-service\artifacts\fracture_v2\experiment5_localization\dataset\images\train\0198_0798640498_01_WRI-L2_M011.png,NONE,NONE,NONE,NONE,0.0,0.0,FULL_IMAGE,FULL_IMAGE,20pct_expanded_or_full_fallback,0.0,0.0
0200_01_WRI-R,PAT_GRAZ_200,GRAZPEDWRI-DX,train,1,D:\projects\MediMind\ai-prediction-service\artifacts\fracture_v2\experiment5_localization\dataset\images\train\0200_0681314421_01_WRI-R1_M002.png,D:\projects\MediMind\ai-prediction-service\artifacts\fracture_v2\experiment5_localization\dataset\images\train\0200_0681314472_01_WRI-R2_M002.png,"[0.38278399999999996, 0.513752, 0.5366299999999999, 0.56778]","[0.521197, 0.4316705, 0.673317, 0.4989155]","[0.387, 0.508, 0.5346, 0.5708]","[0.4852, 0.4292, 0.6803, 0.4921]",0.6788,0.8206,"[0.35748, 0.49544, 0.56412, 0.58336]","[0.44618, 0.41662000000000005, 0.71932, 0.50468]",20pct_expanded_or_full_fallback,0.8301,0.6907
0201_01_WRI-L,PAT_GRAZ_201,GRAZPEDWRI-DX,train,1,D:\projects\MediMind\ai-prediction-service\artifacts\fracture_v2\experiment5_localization\dataset\images\train\0201_0583212323_01_WRI-L1_M011.png,D:\projects\MediMind\ai-prediction-service\artifacts\fracture_v2\experiment5_localization\dataset\images\train\0201_0583212359_01_WRI-L2_M011.png,"[0.43666649999999996, 0.4906715, 0.7749995, 0.5764925]","[0.3720534999999999, 0.434502, 0.6801345, 0.524908]","[0.4361, 0.4732, 0.7948, 0.58]","[0.5307, 0.6388, 0.7022, 0.7284]",0.411,0.3473,"[0.36436, 0.45184, 0.86654, 0.6013599999999999]","[0.49639999999999995, 0.62088, 0.7365, 0.7463200000000001]",20pct_expanded_or_full_fallback,0.7579,0.0
0201_04_WRI-L,PAT_GRAZ_201,GRAZPEDWRI-DX,train,1,D:\projects\MediMind\ai-prediction-service\artifacts\fracture_v2\experiment5_localization\dataset\images\train\0201_0583807753_04_WRI-L1_M011.png,D:\projects\MediMind\ai-prediction-service\artifacts\fracture_v2\experiment5_localization\dataset\images\train\0201_0583807806_04_WRI-L2_M011.png,"[0.35678350000000003, 0.431569, 0.7051925, 0.516423]","[0.24170599999999998, 0.4150575, 0.64218, 0.5328185000000001]","[0.3494, 0.4127, 0.7104, 0.517]","[0.234, 0.4294, 0.6474, 0.5398]",0.2757,0.4573,"[0.2772, 0.39184, 0.7826000000000001, 0.53786]","[0.15132, 0.40732, 0.73008, 0.5618799999999999]",20pct_expanded_or_full_fallback,0.7852,0.806
0201_05_WRI-L,PAT_GRAZ_201,GRAZPEDWRI-DX,train,1,D:\projects\MediMind\ai-prediction-service\artifacts\fracture_v2\experiment5_localization\dataset\images\train\0201_0586221676_05_WRI-L1_M011.png,D:\projects\MediMind\ai-prediction-service\artifacts\fracture_v2\experiment5_localization\dataset\images\train\0201_0586221707_05_WRI-L2_M011.png,"[0.35830950000000006, 0.383077, 0.7157205, 0.504277]","[0.28215, 0.4039255, 0.59309, 0.5340905]","[0.3449, 0.3737, 0.7291, 0.4885]","[0.2807, 0.4081, 0.5962, 0.5332]",0.2582,0.449,"[0.26805999999999996, 0.35074, 0.80594, 0.51146]","[0.21760000000000002, 0.38308000000000003, 0.6593, 0.55822]",20pct_expanded_or_full_fallback,0.7574,0.9477
0202_01_WRI-R,PAT_GRAZ_202,GRAZPEDWRI-DX,train,0,D:\projects\MediMind\ai-prediction-service\artifacts\fracture_v2\experiment5_localization\dataset\images\train\0202_0344339825_01_WRI-R1_F004.png,D:\projects\MediMind\ai-prediction-service\artifacts\fracture_v2\experiment5_localization\dataset\images\train\0202_0344339855_01_WRI-R2_F004.png,NONE,NONE,NONE,NONE,0.0,0.0,FULL_IMAGE,FULL_IMAGE,20pct_expanded_or_full_fallback,0.0,0.0
0204_01_WRI-R,PAT_GRAZ_204,GRAZPEDWRI-DX,train,1,D:\projects\MediMind\ai-prediction-service\artifacts\fracture_v2\experiment5_localization\dataset\images\train\0204_0376789622_01_WRI-R1_F006.png,D:\projects\MediMind\ai-prediction-service\artifacts\fracture_v2\experiment5_localization\dataset\images\train\0204_0376789568_01_WRI-R2_F006.png,NONE,"[0.39083599999999996, 0.4644805, 0.7061999999999999, 0.5642075]",NONE,"[0.4112, 0.4759, 0.6758, 0.5471]",0.0,0.2965,FULL_IMAGE,"[0.35828000000000004, 0.46165999999999996, 0.7287199999999999, 0.5613400000000001]",20pct_expanded_or_full_fallback,0.0,0.599
0205_01_WRI-L,PAT_GRAZ_205,GRAZPEDWRI-DX,train,0,D:\projects\MediMind\ai-prediction-service\artifacts\fracture_v2\experiment5_localization\dataset\images\train\0205_0928110443_01_WRI-L1_F012.png,D:\projects\MediMind\ai-prediction-service\artifacts\fracture_v2\experiment5_localization\dataset\images\train\0205_0928110483_01_WRI-L2_F012.png,NONE,NONE,"[0.44, 0.4401, 0.6777, 0.4933]",NONE,0.2451,0.0,"[0.39246000000000003, 0.42946, 0.72524, 0.50394]",FULL_IMAGE,20pct_expanded_or_full_fallback,0.0,0.0
0206_01_WRI-R,PAT_GRAZ_206,GRAZPEDWRI-DX,train,0,D:\projects\MediMind\ai-prediction-service\artifacts\fracture_v2\experiment5_localization\dataset\images\train\0206_0717338767_01_WRI-R1_M013.png,D:\projects\MediMind\ai-prediction-service\artifacts\fracture_v2\experiment5_localization\dataset\images\train\0206_0717338802_01_WRI-R2_M013.png,NONE,NONE,NONE,NONE,0.0,0.0,FULL_IMAGE,FULL_IMAGE,20pct_expanded_or_full_fallback,0.0,0.0
0207_01_WRI-L,PAT_GRAZ_207,GRAZPEDWRI-DX,train,0,D:\projects\MediMind\ai-prediction-service\artifacts\fracture_v2\experiment5_localization\dataset\images\train\0207_0930178754_01_WRI-L1_F016.png,D:\projects\MediMind\ai-prediction-service\artifacts\fracture_v2\experiment5_localization\dataset\images\train\0207_0930178796_01_WRI-L2_F016.png,NONE,NONE,"[0.1413, 0.1141, 0.2647, 0.1728]",NONE,0.2025,0.0,"[0.11662000000000002, 0.10235999999999999, 0.28937999999999997, 0.18454]",FULL_IMAGE,20pct_expanded_or_full_fallback,0.0,0.0
0209_01_WRI-L,PAT_GRAZ_209,GRAZPEDWRI-DX,train,1,D:\projects\MediMind\ai-prediction-service\artifacts\fracture_v2\experiment5_localization\dataset\images\train\0209_1053892767_01_WRI-L1_M009.png,D:\projects\MediMind\ai-prediction-service\artifacts\fracture_v2\experiment5_localization\dataset\images\train\0209_1053892804_01_WRI-L2_M009.png,"[0.41785700000000003, 0.430595, 0.728571, 0.555241]","[0.353398, 0.406166, 0.613592, 0.506702]","[0.4249, 0.4201, 0.7369, 0.5576]","[0.3443, 0.3936, 0.6242, 0.4983]",0.548,0.4274,"[0.3625, 0.39259999999999995, 0.7993, 0.5851]","[0.28832, 0.37266, 0.68018, 0.51924]",20pct_expanded_or_full_fallback,0.8646,0.7612
0210_01_WRI-L,PAT_GRAZ_210,GRAZPEDWRI-DX,train,0,D:\projects\MediMind\ai-prediction-service\artifacts\fracture_v2\experiment5_localization\dataset\images\train\0210_1094711892_01_WRI-L1_F013.png,D:\projects\MediMind\ai-prediction-service\artifacts\fracture_v2\experiment5_localization\dataset\images\train\0210_1094711917_01_WRI-L2_F013.png,NONE,NONE,NONE,NONE,0.0,0.0,FULL_IMAGE,FULL_IMAGE,20pct_expanded_or_full_fallback,0.0,0.0
0212_01_WRI-R,PAT_GRAZ_212,GRAZPEDWRI-DX,train,0,D:\projects\MediMind\ai-prediction-service\artifacts\fracture_v2\experiment5_localization\dataset\images\train\0212_0634366491_01_WRI-R1_M009.png,D:\projects\MediMind\ai-prediction-service\artifacts\fracture_v2\experiment5_localization\dataset\images\train\0212_0634366525_01_WRI-R2_M009.png,NONE,NONE,NONE,NONE,0.0,0.0,FULL_IMAGE,FULL_IMAGE,20pct_expanded_or_full_fallback,0.0,0.0
0213_01_WRI-L,PAT_GRAZ_213,GRAZPEDWRI-DX,train,1,D:\projects\MediMind\ai-prediction-service\artifacts\fracture_v2\experiment5_localization\dataset\images\train\0213_0427429258_01_WRI-L1_F008.png,D:\projects\MediMind\ai-prediction-service\artifacts\fracture_v2\experiment5_localization\dataset\images\train\0213_0427429298_01_WRI-L2_F008.png,"[0.5057695, 0.48607599999999995, 0.7711545, 0.558228]","[0.41237100000000004, 0.4198475, 0.639175, 0.5000005]","[0.5102, 0.4788, 0.771, 0.5557]","[0.4035, 0.4171, 0.6352, 0.5117]",0.4988,0.4642,"[0.45804, 0.46342, 0.82316, 0.5710799999999999]","[0.35716000000000003, 0.39818000000000003, 0.68154, 0.5306200000000001]",20pct_expanded_or_full_fallback,0.8628,0.8032
0214_01_WRI-R,PAT_GRAZ_214,GRAZPEDWRI-DX,train,1,D:\projects\MediMind\ai-prediction-service\artifacts\fracture_v2\experiment5_localization\dataset\images\train\0214_0333321080_01_WRI-R1_M007.png,D:\projects\MediMind\ai-prediction-service\artifacts\fracture_v2\experiment5_localization\dataset\images\train\0214_0333321129_01_WRI-R2_M007.png,"[0.5315615, 0.48571449999999994, 0.6860465, 0.5638095]","[0.49570849999999994, 0.4431575, 0.6974254999999999, 0.5178945]","[0.5297, 0.4875, 0.677, 0.5646]","[0.4741, 0.4303, 0.702, 0.5101]",0.4551,0.5601,"[0.5002399999999999, 0.47208, 0.7064600000000001, 0.58002]","[0.42852, 0.41434000000000004, 0.7475799999999999, 0.52606]",20pct_expanded_or_full_fallback,0.9006,0.6834
0217_01_WRI-L,PAT_GRAZ_217,GRAZPEDWRI-DX,train,1,D:\projects\MediMind\ai-prediction-service\artifacts\fracture_v2\experiment5_localization\dataset\images\train\0217_1016762119_01_WRI-L1_M016.png,D:\projects\MediMind\ai-prediction-service\artifacts\fracture_v2\experiment5_localization\dataset\images\train\0217_1016762172_01_WRI-L2_M016.png,"[0.38699649999999997, 0.539671, 0.7863775, 0.6384730000000001]","[0.240545, 0.5268225, 0.547655, 0.6134795]",NONE,"[0.2559, 0.5479, 0.5578, 0.6198]",0.0,0.4373,FULL_IMAGE,"[0.19552000000000003, 0.5335200000000001, 0.61818, 0.63418]",20pct_expanded_or_full_fallback,0.0,0.6555
0217_02_WRI-L,PAT_GRAZ_217,GRAZPEDWRI-DX,train,1,D:\projects\MediMind\ai-prediction-service\artifacts\fracture_v2\experiment5_localization\dataset\images\train\0217_1017349109_02_WRI-L1_M016.png,D:\projects\MediMind\ai-prediction-service\artifacts\fracture_v2\experiment5_localization\dataset\images\train\0217_1017349175_02_WRI-L2_M016.png,"[0.4310805, 0.514315, 0.7797295, 0.634969]","[0.270142, 0.509414, 0.627172, 0.666318]","[0.2241, 0.5029, 0.319, 0.5756]","[0.4369, 0.5777, 0.6117, 0.6516]",0.1717,0.4005,"[0.20512, 0.48836, 0.33798, 0.59014]","[0.40194, 0.56292, 0.64666, 0.66638]",20pct_expanded_or_full_fallback,0.6353,0.2306
0217_03_WRI-L,PAT_GRAZ_217,GRAZPEDWRI-DX,train,1,D:\projects\MediMind\ai-prediction-service\artifacts\fracture_v2\experiment5_localization\dataset\images\train\0217_1019070615_03_WRI-L1_M016.png,D:\projects\MediMind\ai-prediction-service\artifacts\fracture_v2\experiment5_localization\dataset\images\train\0217_1019070660_03_WRI-L2_M016.png,"[0.2082715, 0.495726, 0.3220085, 0.54188]","[0.21686800000000003, 0.5077974999999999, 0.62249, 0.6306045]",NONE,"[0.2023, 0.4926, 0.6549, 0.6242]",0.0,0.3468,FULL_IMAGE,"[0.11178, 0.46628, 0.7454200000000001, 0.65052]",20pct_expanded_or_full_fallback,0.0,0.7596
0218_01_WRI-L,PAT_GRAZ_218,GRAZPEDWRI-DX,train,0,D:\projects\MediMind\ai-prediction-service\artifacts\fracture_v2\experiment5_localization\dataset\images\train\0218_0887812214_01_WRI-L1_F007.png,D:\projects\MediMind\ai-prediction-service\artifacts\fracture_v2\experiment5_localization\dataset\images\train\0218_0887812251_01_WRI-L2_F007.png,NONE,NONE,NONE,NONE,0.0,0.0,FULL_IMAGE,FULL_IMAGE,20pct_expanded_or_full_fallback,0.0,0.0
0218_02_WRI-R,PAT_GRAZ_218,GRAZPEDWRI-DX,train,0,D:\projects\MediMind\ai-prediction-service\artifacts\fracture_v2\experiment5_localization\dataset\images\train\0218_0891252457_02_WRI-R1_F008.png,D:\projects\MediMind\ai-prediction-service\artifacts\fracture_v2\experiment5_localization\dataset\images\train\0218_0891252499_02_WRI-R2_F008.png,NONE,NONE,NONE,NONE,0.0,0.0,FULL_IMAGE,FULL_IMAGE,20pct_expanded_or_full_fallback,0.0,0.0
0219_01_WRI-R,PAT_GRAZ_219,GRAZPEDWRI-DX,train,1,D:\projects\MediMind\ai-prediction-service\artifacts\fracture_v2\experiment5_localization\dataset\images\train\0219_0930447648_01_WRI-R1_M011.png,D:\projects\MediMind\ai-prediction-service\artifacts\fracture_v2\experiment5_localization\dataset\images\train\0219_0930447681_01_WRI-R2_M011.png,"[0.2886905, 0.481215, 0.5565475, 0.529177]","[0.41412750000000004, 0.487159, 0.6357345000000001, 0.572231]","[0.2815, 0.466, 0.5558, 0.5316]","[0.4281, 0.497, 0.6286, 0.5608]",0.3461,0.5601,"[0.22663999999999998, 0.45288000000000006, 0.61066, 0.54472]","[0.38799999999999996, 0.48424, 0.6687000000000001, 0.57356]",20pct_expanded_or_full_fallback,0.7105,0.6785
0219_02_WRI-R,PAT_GRAZ_219,GRAZPEDWRI-DX,train,1,D:\projects\MediMind\ai-prediction-service\artifacts\fracture_v2\experiment5_localization\dataset\images\train\0219_0931033817_02_WRI-R1_M011.png,D:\projects\MediMind\ai-prediction-service\artifacts\fracture_v2\experiment5_localization\dataset\images\train\0219_0931033847_02_WRI-R2_M011.png,"[0.7357254999999999, 0.37844849999999997, 0.8401305, 0.4431035]","[0.4451935, 0.4165215, 0.7082625, 0.5069565]","[0.3241, 0.4162, 0.6382, 0.4945]","[0.4633, 0.4288, 0.7064, 0.4948]",0.5078,0.546,"[0.26128, 0.40054, 0.70102, 0.51016]","[0.41468, 0.4156, 0.75502, 0.508]",20pct_expanded_or_full_fallback,0.4461,0.6744
0220_01_WRI-L,PAT_GRAZ_220,GRAZPEDWRI-DX,train,0,D:\projects\MediMind\ai-prediction-service\artifacts\fracture_v2\experiment5_localization\dataset\images\train\0220_0451654086_01_WRI-L1_F009.png,D:\projects\MediMind\ai-prediction-service\artifacts\fracture_v2\experiment5_localization\dataset\images\train\0220_0451654107_01_WRI-L2_F009.png,NONE,NONE,NONE,NONE,0.0,0.0,FULL_IMAGE,FULL_IMAGE,20pct_expanded_or_full_fallback,0.0,0.0
0223_01_WRI-R,PAT_GRAZ_223,GRAZPEDWRI-DX,train,0,D:\projects\MediMind\ai-prediction-service\artifacts\fracture_v2\experiment5_localization\dataset\images\train\0223_0453462331_01_WRI-R1_F014.png,D:\projects\MediMind\ai-prediction-service\artifacts\fracture_v2\experiment5_localization\dataset\images\train\0223_0453462361_01_WRI-R2_F014.png,NONE,NONE,NONE,NONE,0.0,0.0,FULL_IMAGE,FULL_IMAGE,20pct_expanded_or_full_fallback,0.0,0.0
0226_01_WRI-R,PAT_GRAZ_226,GRAZPEDWRI-DX,train,0,D:\projects\MediMind\ai-prediction-service\artifacts\fracture_v2\experiment5_localization\dataset\images\train\0226_0901097287_01_WRI-R1_F008.png,D:\projects\MediMind\ai-prediction-service\artifacts\fracture_v2\experiment5_localization\dataset\images\train\0226_0901097336_01_WRI-R2_F008.png,NONE,NONE,NONE,NONE,0.0,0.0,FULL_IMAGE,FULL_IMAGE,20pct_expanded_or_full_fallback,0.0,0.0
0226_02_WRI-R,PAT_GRAZ_226,GRAZPEDWRI-DX,train,0,D:\projects\MediMind\ai-prediction-service\artifacts\fracture_v2\experiment5_localization\dataset\images\train\0226_1025421756_02_WRI-R1_F012.png,D:\projects\MediMind\ai-prediction-service\artifacts\fracture_v2\experiment5_localization\dataset\images\train\0226_1025421893_02_WRI-R2_F012.png,NONE,NONE,NONE,NONE,0.0,0.0,FULL_IMAGE,FULL_IMAGE,20pct_expanded_or_full_fallback,0.0,0.0
0228_01_WRI-L,PAT_GRAZ_228,GRAZPEDWRI-DX,train,0,D:\projects\MediMind\ai-prediction-service\artifacts\fracture_v2\experiment5_localization\dataset\images\train\0228_1161955663_01_WRI-L1_F001.png,D:\projects\MediMind\ai-prediction-service\artifacts\fracture_v2\experiment5_localization\dataset\images\train\0228_1161955705_01_WRI-L2_F001.png,NONE,NONE,NONE,NONE,0.0,0.0,FULL_IMAGE,FULL_IMAGE,20pct_expanded_or_full_fallback,0.0,0.0
0229_01_WRI-L,PAT_GRAZ_229,GRAZPEDWRI-DX,train,0,D:\projects\MediMind\ai-prediction-service\artifacts\fracture_v2\experiment5_localization\dataset\images\train\0229_0543713880_01_WRI-L1_M015.png,D:\projects\MediMind\ai-prediction-service\artifacts\fracture_v2\experiment5_localization\dataset\images\train\0229_0543713919_01_WRI-L2_M015.png,NONE,NONE,NONE,NONE,0.0,0.0,FULL_IMAGE,FULL_IMAGE,20pct_expanded_or_full_fallback,0.0,0.0
0230_01_WRI-L,PAT_GRAZ_230,GRAZPEDWRI-DX,train,1,D:\projects\MediMind\ai-prediction-service\artifacts\fracture_v2\experiment5_localization\dataset\images\train\0230_0504028009_01_WRI-L1_F006.png,D:\projects\MediMind\ai-prediction-service\artifacts\fracture_v2\experiment5_localization\dataset\images\train\0230_0504028043_01_WRI-L2_F006.png,"[0.42773449999999996, 0.48248699999999994, 0.6484375, 0.5385289999999999]","[0.32914600000000005, 0.429043, 0.545226, 0.473597]","[0.4282, 0.4774, 0.6537, 0.5364]","[0.328, 0.4247, 0.5451, 0.4803]",0.839,0.6628,"[0.38310000000000005, 0.4656, 0.6988, 0.5482]","[0.28458, 0.41358, 0.58852, 0.49142]",20pct_expanded_or_full_fallback,0.8604,0.7967
0231_01_WRI-L,PAT_GRAZ_231,GRAZPEDWRI-DX,train,1,D:\projects\MediMind\ai-prediction-service\artifacts\fracture_v2\experiment5_localization\dataset\images\train\0231_1120088829_01_WRI-L1_M012.png,D:\projects\MediMind\ai-prediction-service\artifacts\fracture_v2\experiment5_localization\dataset\images\train\0231_1120088876_01_WRI-L2_M012.png,"[0.4418955, 0.6112675, 0.6666665, 0.6863845000000001]","[0.3145835, 0.5652175, 0.5875005, 0.6521745]","[0.4468, 0.6086, 0.6634, 0.683]","[0.3375, 0.5674, 0.5702, 0.631]",0.6111,0.441,"[0.40347999999999995, 0.59372, 0.70672, 0.6978800000000001]","[0.29096, 0.5546800000000001, 0.6167400000000001, 0.64372]",20pct_expanded_or_full_fallback,0.8898,0.6236
0232_01_WRI-L,PAT_GRAZ_232,GRAZPEDWRI-DX,train,1,D:\projects\MediMind\ai-prediction-service\artifacts\fracture_v2\experiment5_localization\dataset\images\train\0232_0752594522_01_WRI-L1_M013.png,D:\projects\MediMind\ai-prediction-service\artifacts\fracture_v2\experiment5_localization\dataset\images\train\0232_0752594587_01_WRI-L2_M013.png,"[0.4297425, 0.47526199999999996, 0.6510535000000001, 0.551724]","[0.37541499999999994, 0.44913000000000003, 0.554817, 0.5]","[0.4121, 0.431, 0.6793, 0.5101]","[0.3744, 0.4282, 0.5699, 0.4964]",0.3523,0.5283,"[0.35866000000000003, 0.41518, 0.7327400000000001, 0.5259199999999999]","[0.33530000000000004, 0.41456000000000004, 0.609, 0.51004]",20pct_expanded_or_full_fallback,0.2541,0.6067
0232_02_WRI-L,PAT_GRAZ_232,GRAZPEDWRI-DX,train,1,D:\projects\MediMind\ai-prediction-service\artifacts\fracture_v2\experiment5_localization\dataset\images\train\0232_0753164770_02_WRI-L1_M013.png,D:\projects\MediMind\ai-prediction-service\artifacts\fracture_v2\experiment5_localization\dataset\images\train\0232_0753164803_02_WRI-L2_M013.png,NONE,"[0.271104, 0.4504505, 0.530844, 0.5279275]","[0.2912, 0.3176, 0.3815, 0.3809]","[0.2696, 0.4504, 0.5238, 0.5292]",0.3631,0.3804,"[0.27314, 0.30494, 0.39956, 0.39356]","[0.21876, 0.43464, 0.57464, 0.54496]",20pct_expanded_or_full_fallback,0.0,0.9515
0232_03_WRI-L,PAT_GRAZ_232,GRAZPEDWRI-DX,train,1,D:\projects\MediMind\ai-prediction-service\artifacts\fracture_v2\experiment5_localization\dataset\images\train\0232_0754459265_03_WRI-L1_M013.png,D:\projects\MediMind\ai-prediction-service\artifacts\fracture_v2\experiment5_localization\dataset\images\train\0232_0754459327_03_WRI-L2_M013.png,"[0.43067849999999996, 0.5861755, 0.7256635, 0.6535005]","[0.35258300000000004, 0.586299, 0.5911850000000001, 0.6574730000000001]","[0.4201, 0.5364, 0.7544, 0.6402]","[0.3556, 0.5851, 0.586, 0.6639]",0.3035,0.3392,"[0.35324, 0.51564, 0.82126, 0.66096]","[0.30952, 0.56934, 0.63208, 0.67966]",20pct_expanded_or_full_fallback,0.4126,0.8751
0233_01_WRI-R,PAT_GRAZ_233,GRAZPEDWRI-DX,train,1,D:\projects\MediMind\ai-prediction-service\artifacts\fracture_v2\experiment5_localization\dataset\images\train\0233_0441465951_01_WRI-R1_M003.png,D:\projects\MediMind\ai-prediction-service\artifacts\fracture_v2\experiment5_localization\dataset\images\train\0233_0441465988_01_WRI-R2_M003.png,NONE,"[0.4309925, 0.35679, 0.6368035, 0.42222200000000004]","[0.3133, 0.3546, 0.5048, 0.424]","[0.4003, 0.3434, 0.636, 0.4179]",0.3088,0.434,"[0.275, 0.34072, 0.5431, 0.43788]","[0.35316, 0.32849999999999996, 0.68314, 0.4328]",20pct_expanded_or_full_fallback,0.0,0.6773
0234_01_WRI-L,PAT_GRAZ_234,GRAZPEDWRI-DX,train,0,D:\projects\MediMind\ai-prediction-service\artifacts\fracture_v2\experiment5_localization\dataset\images\train\0234_0816288382_01_WRI-L1_M011.png,D:\projects\MediMind\ai-prediction-service\artifacts\fracture_v2\experiment5_localization\dataset\images\train\0234_0816288441_01_WRI-L2_M011.png,NONE,NONE,NONE,NONE,0.0,0.0,FULL_IMAGE,FULL_IMAGE,20pct_expanded_or_full_fallback,0.0,0.0
0235_01_WRI-R,PAT_GRAZ_235,GRAZPEDWRI-DX,train,1,D:\projects\MediMind\ai-prediction-service\artifacts\fracture_v2\experiment5_localization\dataset\images\train\0235_0825087657_01_WRI-R1_F012.png,D:\projects\MediMind\ai-prediction-service\artifacts\fracture_v2\experiment5_localization\dataset\images\train\0235_0825087695_01_WRI-R2_F012.png,NONE,"[0.4125000000000001, 0.6134375000000001, 0.76, 0.6835445]",NONE,NONE,0.0,0.0,FULL_IMAGE,FULL_IMAGE,20pct_expanded_or_full_fallback,0.0,0.0
0240_01_WRI-R,PAT_GRAZ_240,GRAZPEDWRI-DX,train,1,D:\projects\MediMind\ai-prediction-service\artifacts\fracture_v2\experiment5_localization\dataset\images\train\0240_0448883930_01_WRI-R1_F012.png,D:\projects\MediMind\ai-prediction-service\artifacts\fracture_v2\experiment5_localization\dataset\images\train\0240_0448883998_01_WRI-R2_F012.png,"[0.19881849999999998, 0.511967, 0.5078735, 0.601457]","[0.5171675, 0.5593785, 0.7553645, 0.6204215]",NONE,"[0.5162, 0.5517, 0.7602, 0.6206]",0.0,0.6614,FULL_IMAGE,"[0.4674, 0.53792, 0.8089999999999999, 0.63438]",20pct_expanded_or_full_fallback,0.0,0.8649
0242_01_WRI-L,PAT_GRAZ_242,GRAZPEDWRI-DX,train,1,D:\projects\MediMind\ai-prediction-service\artifacts\fracture_v2\experiment5_localization\dataset\images\train\0242_0399761421_01_WRI-L1_F006.png,D:\projects\MediMind\ai-prediction-service\artifacts\fracture_v2\experiment5_localization\dataset\images\train\0242_0399761453_01_WRI-L2_F006.png,NONE,"[0.4068235, 0.37402599999999997, 0.7296585, 0.451948]",NONE,"[0.4139, 0.3682, 0.7238, 0.4463]",0.0,0.3658,FULL_IMAGE,"[0.35192, 0.35258000000000006, 0.78578, 0.46191999999999994]",20pct_expanded_or_full_fallback,0.0,0.8307
0243_01_WRI-L,PAT_GRAZ_243,GRAZPEDWRI-DX,train,1,D:\projects\MediMind\ai-prediction-service\artifacts\fracture_v2\experiment5_localization\dataset\images\train\0243_0176233415_01_WRI-L1_M012.png,D:\projects\MediMind\ai-prediction-service\artifacts\fracture_v2\experiment5_localization\dataset\images\train\0243_0176233486_01_WRI-L2_M012.png,"[0.45779700000000006, 0.457757, 0.6394850000000001, 0.5145930000000001]","[0.333824, 0.3544, 0.48382400000000003, 0.416]","[0.464, 0.4538, 0.6374, 0.5179]","[0.3316, 0.3508, 0.4899, 0.412]",0.8522,0.7604,"[0.42932000000000003, 0.44098, 0.67208, 0.5307200000000001]","[0.29994, 0.33856, 0.52156, 0.42423999999999995]",20pct_expanded_or_full_fallback,0.8506,0.8398
0243_02_WRI-L,PAT_GRAZ_243,GRAZPEDWRI-DX,train,1,D:\projects\MediMind\ai-prediction-service\artifacts\fracture_v2\experiment5_localization\dataset\images\train\0243_0177270825_02_WRI-L1_M012.png,D:\projects\MediMind\ai-prediction-service\artifacts\fracture_v2\experiment5_localization\dataset\images\train\0243_0177270973_02_WRI-L2_M012.png,"[0.44695650000000003, 0.42880300000000005, 0.6730435, 0.521845]","[0.5367345000000001, 0.531433, 0.7795915, 0.595029]","[0.4441, 0.4275, 0.6611, 0.5038]","[0.529, 0.5288, 0.7798, 0.5965]",0.7992,0.7454,"[0.4007, 0.41224, 0.7045, 0.5190600000000001]","[0.47884000000000004, 0.51526, 0.82996, 0.61004]",20pct_expanded_or_full_fallback,0.7459,0.9096
0243_03_WRI-L,PAT_GRAZ_243,GRAZPEDWRI-DX,train,1,D:\projects\MediMind\ai-prediction-service\artifacts\fracture_v2\experiment5_localization\dataset\images\train\0243_0177355030_03_WRI-L1_M012.png,D:\projects\MediMind\ai-prediction-service\artifacts\fracture_v2\experiment5_localization\dataset\images\train\0243_0177355129_03_WRI-L2_M012.png,"[0.3876505, 0.4973065, 0.6037735, 0.5709155]","[0.5, 0.5738759999999999, 0.739474, 0.62848]","[0.3689, 0.5939, 0.5383, 0.661]","[0.5103, 0.5738, 0.7493, 0.6368]",0.5143,0.5591,"[0.33502, 0.58048, 0.57218, 0.67442]","[0.46249999999999997, 0.5611999999999999, 0.7970999999999999, 0.6494000000000001]",20pct_expanded_or_full_fallback,0.0,0.8012
0243_04_WRI-L,PAT_GRAZ_243,GRAZPEDWRI-DX,train,1,D:\projects\MediMind\ai-prediction-service\artifacts\fracture_v2\experiment5_localization\dataset\images\train\0243_0177966661_04_WRI-L1_M012.png,D:\projects\MediMind\ai-prediction-service\artifacts\fracture_v2\experiment5_localization\dataset\images\train\0243_0177966712_04_WRI-L2_M012.png,"[0.48833799999999994, 0.411229, 0.680758, 0.48406699999999997]","[0.5271315, 0.4475925, 0.7034885000000001, 0.49716750000000004]","[0.4891, 0.4829, 0.6584, 0.5522]","[0.5295, 0.447, 0.7074, 0.5036]",0.5403,0.4926,"[0.45524, 0.46904, 0.69226, 0.56606]","[0.49391999999999997, 0.43568, 0.7429800000000001, 0.51492]",20pct_expanded_or_full_fallback,0.0077,0.8468
0243_05_WRI-L,PAT_GRAZ_243,GRAZPEDWRI-DX,train,1,D:\projects\MediMind\ai-prediction-service\artifacts\fracture_v2\experiment5_localization\dataset\images\train\0243_0178568748_05_WRI-L1_M012.png,D:\projects\MediMind\ai-prediction-service\artifacts\fracture_v2\experiment5_localization\dataset\images\train\0243_0178568839_05_WRI-L2_M012.png,"[0.4946815, 0.45599999999999996, 0.6356385, 0.515556]","[0.45833300000000005, 0.547834, 0.6169870000000001, 0.595668]","[0.4968, 0.5361, 0.626, 0.6035]","[0.4589, 0.5414, 0.6341, 0.6071]",0.4688,0.6926,"[0.47096000000000005, 0.52262, 0.65184, 0.6169800000000001]","[0.42385999999999996, 0.52826, 0.66914, 0.62024]",20pct_expanded_or_full_fallback,0.0,0.6554
0243_06_WRI-L,PAT_GRAZ_243,GRAZPEDWRI-DX,train,1,D:\projects\MediMind\ai-prediction-service\artifacts\fracture_v2\experiment5_localization\dataset\images\train\0243_0179768089_06_WRI-L1_M012.png,D:\projects\MediMind\ai-prediction-service\artifacts\fracture_v2\experiment5_localization\dataset\images\train\0243_0179768127_06_WRI-L2_M012.png,"[0.5433335, 0.4420565, 0.7266665, 0.5003835]","[0.3815555, 0.31306249999999997, 0.5479205, 0.3798795]","[0.54, 0.5292, 0.6924, 0.5876]","[0.3098, 0.7384, 0.4849, 0.8092]",0.3337,0.2071,"[0.5095200000000001, 0.51752, 0.72288, 0.59928]","[0.27478, 0.7242399999999999, 0.5199199999999999, 0.8233600000000001]",20pct_expanded_or_full_fallback,0.0,0.0
0244_01_WRI-R,PAT_GRAZ_244,GRAZPEDWRI-DX,train,1,D:\projects\MediMind\ai-prediction-service\artifacts\fracture_v2\experiment5_localization\dataset\images\train\0244_1110359774_01_WRI-R1_M007.png,D:\projects\MediMind\ai-prediction-service\artifacts\fracture_v2\experiment5_localization\dataset\images\train\0244_1110359807_01_WRI-R2_M007.png,"[0.2593455, 0.296875, 0.6285045, 0.42897700000000005]","[0.2136505, 0.3604, 0.5565335, 0.460134]","[0.6304, 0.3524, 0.8413, 0.419]","[0.4499, 0.3814, 0.62, 0.4466]",0.4689,0.6224,"[0.58822, 0.33908, 0.88348, 0.43232]","[0.41588, 0.36836, 0.65402, 0.45964]",20pct_expanded_or_full_fallback,0.7439,0.8366
0244_04_WRI-R,PAT_GRAZ_244,GRAZPEDWRI-DX,train,1,D:\projects\MediMind\ai-prediction-service\artifacts\fracture_v2\experiment5_localization\dataset\images\train\0244_1112241100_04_WRI-R1_M007.png,D:\projects\MediMind\ai-prediction-service\artifacts\fracture_v2\experiment5_localization\dataset\images\train\0244_1112241128_04_WRI-R2_M007.png,"[0.35247500000000004, 0.3905405, 0.649505, 0.5418915]","[0.5230205, 0.3540145, 0.7200734999999999, 0.4549875]","[0.6897, 0.4352, 0.8488, 0.5069]","[0.5245, 0.3809, 0.7247, 0.4564]",0.5517,0.3384,"[0.65788, 0.42085999999999996, 0.88062, 0.52124]","[0.48445999999999995, 0.3658, 0.76474, 0.4715]",20pct_expanded_or_full_fallback,0.7398,0.706
0245_01_WRI-L,PAT_GRAZ_245,GRAZPEDWRI-DX,train,0,D:\projects\MediMind\ai-prediction-service\artifacts\fracture_v2\experiment5_localization\dataset\images\train\0245_0529899282_01_WRI-L1_M018.png,D:\projects\MediMind\ai-prediction-service\artifacts\fracture_v2\experiment5_localization\dataset\images\train\0245_0529899312_01_WRI-L2_M018.png,NONE,NONE,"[0.441, 0.4492, 0.7659, 0.5197]","[0.27, 0.3511, 0.6069, 0.4247]",0.3193,0.1844,"[0.37602, 0.4351, 0.8308800000000001, 0.5338]","[0.20262000000000002, 0.33638, 0.67428, 0.43942000000000003]",20pct_expanded_or_full_fallback,0.0,0.0
0246_03_WRI-R,PAT_GRAZ_246,GRAZPEDWRI-DX,train,1,D:\projects\MediMind\ai-prediction-service\artifacts\fracture_v2\experiment5_localization\dataset\images\train\0246_1226649547_03_WRI-R1_M003.png,D:\projects\MediMind\ai-prediction-service\artifacts\fracture_v2\experiment5_localization\dataset\images\train\0246_1226649607_03_WRI-R2_M003.png,"[0.366667, 0.506614, 0.506667, 0.633598]","[0.44874300000000006, 0.49557549999999995, 0.5802710000000001, 0.6120945]","[0.3591, 0.517, 0.5084, 0.6345]","[0.4445, 0.5121, 0.5862, 0.6173]",0.7095,0.7241,"[0.32924, 0.49350000000000005, 0.53826, 0.6579999999999999]","[0.41616, 0.49106, 0.6145400000000001, 0.6383399999999999]",20pct_expanded_or_full_fallback,0.8593,0.77
0247_01_WRI-R,PAT_GRAZ_247,GRAZPEDWRI-DX,train,1,D:\projects\MediMind\ai-prediction-service\artifacts\fracture_v2\experiment5_localization\dataset\images\train\0247_0973779021_01_WRI-R1_M011.png,D:\projects\MediMind\ai-prediction-service\artifacts\fracture_v2\experiment5_localization\dataset\images\train\0247_0973779082_01_WRI-R2_M011.png,"[0.2455195, 0.602479, 0.4874545, 0.6545449999999999]","[0.407982, 0.6448039999999999, 0.627494, 0.701022]","[0.2473, 0.5997, 0.4879, 0.6641]","[0.3996, 0.6418, 0.6299, 0.6999]",0.8057,0.7381,"[0.19918, 0.58682, 0.53602, 0.67698]","[0.35354, 0.6301800000000001, 0.67596, 0.7115199999999999]",20pct_expanded_or_full_fallback,0.8022,0.8875
0248_01_WRI-R,PAT_GRAZ_248,GRAZPEDWRI-DX,train,1,D:\projects\MediMind\ai-prediction-service\artifacts\fracture_v2\experiment5_localization\dataset\images\train\0248_0500364719_01_WRI-R1_F009.png,D:\projects\MediMind\ai-prediction-service\artifacts\fracture_v2\experiment5_localization\dataset\images\train\0248_0500364829_01_WRI-R2_F009.png,"[0.561974, 0.39910300000000004, 0.645006, 0.447683]","[0.4772725, 0.41260699999999995, 0.6768775, 0.502865]","[0.3379, 0.4751, 0.5575, 0.5474]","[0.5442, 0.4633, 0.6626, 0.5276]",0.5525,0.3087,"[0.29397999999999996, 0.46064000000000005, 0.60142, 0.56186]","[0.52052, 0.45044, 0.68628, 0.5404599999999999]",20pct_expanded_or_full_fallback,0.7699,0.6086
0248_02_WRI-R,PAT_GRAZ_248,GRAZPEDWRI-DX,train,1,D:\projects\MediMind\ai-prediction-service\artifacts\fracture_v2\experiment5_localization\dataset\images\train\0248_0501111671_02_WRI-R1_F009.png,D:\projects\MediMind\ai-prediction-service\artifacts\fracture_v2\experiment5_localization\dataset\images\train\0248_0501111699_02_WRI-R2_F009.png,"[0.34470349999999994, 0.48756199999999994, 0.5673245, 0.57587]","[0.406176, 0.5592484999999999, 0.655582, 0.6560695]","[0.6495, 0.5803, 0.7826, 0.6562]","[0.5424, 0.6777, 0.7049, 0.7599]",0.8272,0.6736,"[0.62288, 0.5651200000000001, 0.8092199999999999, 0.67138]","[0.5099, 0.66126, 0.7373999999999999, 0.77634]",20pct_expanded_or_full_fallback,0.6905,0.7285
0248_03_WRI-R,PAT_GRAZ_248,GRAZPEDWRI-DX,train,1,D:\projects\MediMind\ai-prediction-service\artifacts\fracture_v2\experiment5_localization\dataset\images\train\0248_0503013528_03_WRI-R1_F009.png,D:\projects\MediMind\ai-prediction-service\artifacts\fracture_v2\experiment5_localization\dataset\images\train\0248_0503013558_03_WRI-R2_F009.png,"[0.6300175, 0.535963, 0.7591625000000001, 0.611369]","[0.42231100000000005, 0.38658750000000003, 0.6414350000000001, 0.4822485]","[0.6214, 0.5365, 0.7657, 0.6204]","[0.4182, 0.377, 0.6364, 0.4738]",0.7935,0.4939,"[0.59254, 0.51972, 0.79456, 0.63718]","[0.37456, 0.35764, 0.68004, 0.49316]",20pct_expanded_or_full_fallback,0.7941,0.7975
0249_01_WRI-R,PAT_GRAZ_249,GRAZPEDWRI-DX,train,1,D:\projects\MediMind\ai-prediction-service\artifacts\fracture_v2\experiment5_localization\dataset\images\train\0249_1109609409_01_WRI-R1_M001.png,D:\projects\MediMind\ai-prediction-service\artifacts\fracture_v2\experiment5_localization\dataset\images\train\0249_1109609441_01_WRI-R2_M001.png,"[0.291667, 0.661972, 0.513889, 0.755282]","[0.1787065, 0.532423, 0.4562735, 0.636519]","[0.2948, 0.6619, 0.5152, 0.7483]","[0.1852, 0.5423, 0.4444, 0.6348]",0.8245,0.7896,"[0.25072, 0.6446200000000001, 0.55928, 0.7655799999999999]","[0.13336, 0.5238, 0.49624, 0.6533]",20pct_expanded_or_full_fallback,0.9065,0.8298
0251_01_WRI-L,PAT_GRAZ_251,GRAZPEDWRI-DX,train,0,D:\projects\MediMind\ai-prediction-service\artifacts\fracture_v2\experiment5_localization\dataset\images\train\0251_0732110238_01_WRI-L1_M010.png,D:\projects\MediMind\ai-prediction-service\artifacts\fracture_v2\experiment5_localization\dataset\images\train\0251_0732110286_01_WRI-L2_M010.png,NONE,NONE,NONE,NONE,0.0,0.0,FULL_IMAGE,FULL_IMAGE,20pct_expanded_or_full_fallback,0.0,0.0
0252_01_WRI-R,PAT_GRAZ_252,GRAZPEDWRI-DX,train,0,D:\projects\MediMind\ai-prediction-service\artifacts\fracture_v2\experiment5_localization\dataset\images\train\0252_1080225662_01_WRI-R1_M009.png,D:\projects\MediMind\ai-prediction-service\artifacts\fracture_v2\experiment5_localization\dataset\images\train\0252_1080225708_01_WRI-R2_M009.png,NONE,NONE,NONE,NONE,0.0,0.0,FULL_IMAGE,FULL_IMAGE,20pct_expanded_or_full_fallback,0.0,0.0
0253_01_WRI-R,PAT_GRAZ_253,GRAZPEDWRI-DX,train,0,D:\projects\MediMind\ai-prediction-service\artifacts\fracture_v2\experiment5_localization\dataset\images\train\0253_1152831079_01_WRI-R1_M005.png,D:\projects\MediMind\ai-prediction-service\artifacts\fracture_v2\experiment5_localization\dataset\images\train\0253_1152831230_01_WRI-R2_M005.png,NONE,NONE,NONE,NONE,0.0,0.0,FULL_IMAGE,FULL_IMAGE,20pct_expanded_or_full_fallback,0.0,0.0
0255_01_WRI-R,PAT_GRAZ_255,GRAZPEDWRI-DX,train,1,D:\projects\MediMind\ai-prediction-service\artifacts\fracture_v2\experiment5_localization\dataset\images\train\0255_1043047195_01_WRI-R1_F012.png,D:\projects\MediMind\ai-prediction-service\artifacts\fracture_v2\experiment5_localization\dataset\images\train\0255_1043047228_01_WRI-R2_F012.png,"[0.233151, 0.5, 0.540983, 0.57375]","[0.3452635, 0.442857, 0.6105265, 0.5131870000000001]","[0.2296, 0.4859, 0.538, 0.5767]","[0.3588, 0.4441, 0.6074, 0.5107]",0.4985,0.7129,"[0.16791999999999999, 0.46774, 0.59968, 0.5948599999999999]","[0.30908, 0.43078, 0.65712, 0.52402]",20pct_expanded_or_full_fallback,0.7966,0.8875
0257_01_WRI-R,PAT_GRAZ_257,GRAZPEDWRI-DX,train,0,D:\projects\MediMind\ai-prediction-service\artifacts\fracture_v2\experiment5_localization\dataset\images\train\0257_0821248881_01_WRI-R1_F010.png,D:\projects\MediMind\ai-prediction-service\artifacts\fracture_v2\experiment5_localization\dataset\images\train\0257_0821248914_01_WRI-R2_F010.png,NONE,NONE,NONE,NONE,0.0,0.0,FULL_IMAGE,FULL_IMAGE,20pct_expanded_or_full_fallback,0.0,0.0
0259_01_WRI-L,PAT_GRAZ_259,GRAZPEDWRI-DX,train,1,D:\projects\MediMind\ai-prediction-service\artifacts\fracture_v2\experiment5_localization\dataset\images\train\0259_0950937392_01_WRI-L1_F008.png,D:\projects\MediMind\ai-prediction-service\artifacts\fracture_v2\experiment5_localization\dataset\images\train\0259_0950937432_01_WRI-L2_F008.png,"[0.42589150000000003, 0.49526499999999996, 0.6941845, 0.557765]","[0.29596449999999996, 0.461599, 0.5470855, 0.514107]","[0.4271, 0.495, 0.6942, 0.5599]","[0.2826, 0.4603, 0.5419, 0.5173]",0.4103,0.6201,"[0.37367999999999996, 0.48202, 0.7476200000000001, 0.57288]","[0.23074, 0.44889999999999997, 0.5937600000000001, 0.5287]",20pct_expanded_or_full_fallback,0.9588,0.8579
0261_03_WRI-L,PAT_GRAZ_261,GRAZPEDWRI-DX,train,1,D:\projects\MediMind\ai-prediction-service\artifacts\fracture_v2\experiment5_localization\dataset\images\train\0261_0727351632_03_WRI-L1_M011.png,D:\projects\MediMind\ai-prediction-service\artifacts\fracture_v2\experiment5_localization\dataset\images\train\0261_0727351664_03_WRI-L2_M011.png,"[0.4283619999999999, 0.41708900000000004, 0.70614, 0.473773]","[0.38473549999999995, 0.302586, 0.6510905, 0.406034]",NONE,"[0.3772, 0.3064, 0.639, 0.3984]",0.0,0.4388,FULL_IMAGE,"[0.32483999999999996, 0.28800000000000003, 0.69136, 0.41679999999999995]",20pct_expanded_or_full_fallback,0.0,0.8281
0261_04_WRI-R,PAT_GRAZ_261,GRAZPEDWRI-DX,train,1,D:\projects\MediMind\ai-prediction-service\artifacts\fracture_v2\experiment5_localization\dataset\images\train\0261_0838332046_04_WRI-R1_M014.png,D:\projects\MediMind\ai-prediction-service\artifacts\fracture_v2\experiment5_localization\dataset\images\train\0261_0838332076_04_WRI-R2_M014.png,NONE,"[0.456389, 0.46221399999999996, 0.8012170000000001, 0.5386639999999999]","[0.3116, 0.5355, 0.5954, 0.6136]",NONE,0.258,0.0,"[0.25483999999999996, 0.51988, 0.6521600000000001, 0.62922]",FULL_IMAGE,20pct_expanded_or_full_fallback,0.0,0.0
0262_01_WRI-L,PAT_GRAZ_262,GRAZPEDWRI-DX,train,1,D:\projects\MediMind\ai-prediction-service\artifacts\fracture_v2\experiment5_localization\dataset\images\train\0262_0499782262_01_WRI-L1_F011.png,D:\projects\MediMind\ai-prediction-service\artifacts\fracture_v2\experiment5_localization\dataset\images\train\0262_0499782301_01_WRI-L2_F011.png,"[0.442029, 0.4814815, 0.6721010000000001, 0.5475045]","[0.30383950000000004, 0.46532250000000003, 0.4641065, 0.5274195]","[0.4422, 0.4769, 0.6701, 0.5371]","[0.3021, 0.4651, 0.4605, 0.5228]",0.5646,0.5862,"[0.39662, 0.46486, 0.7156800000000001, 0.5491400000000001]","[0.27042, 0.45356, 0.49218, 0.53434]",20pct_expanded_or_full_fallback,0.7808,0.8927
0262_02_WRI-L,PAT_GRAZ_262,GRAZPEDWRI-DX,train,1,D:\projects\MediMind\ai-prediction-service\artifacts\fracture_v2\experiment5_localization\dataset\images\train\0262_0500989374_02_WRI-L1_F012.png,D:\projects\MediMind\ai-prediction-service\artifacts\fracture_v2\experiment5_localization\dataset\images\train\0262_0500989398_02_WRI-L2_F012.png,"[0.3050845, 0.4871245, 0.5911015000000001, 0.5815455]","[0.22169849999999997, 0.55605, 0.4669815, 0.649466]","[0.3141, 0.4882, 0.5812, 0.578]","[0.2357, 0.5656, 0.4585, 0.6301]",0.7168,0.6321,"[0.26067999999999997, 0.47024000000000005, 0.6346200000000001, 0.5959599999999999]","[0.19113999999999998, 0.5527, 0.5030600000000001, 0.643]",20pct_expanded_or_full_fallback,0.8882,0.6272
0262_03_WRI-L,PAT_GRAZ_262,GRAZPEDWRI-DX,train,1,D:\projects\MediMind\ai-prediction-service\artifacts\fracture_v2\experiment5_localization\dataset\images\train\0262_0502180719_03_WRI-L1_F012.png,D:\projects\MediMind\ai-prediction-service\artifacts\fracture_v2\experiment5_localization\dataset\images\train\0262_0502180748_03_WRI-L2_F012.png,"[0.483623, 0.4260775, 0.736031, 0.5246405]","[0.294521, 0.4785045, 0.484589, 0.5738314999999999]","[0.4834, 0.4299, 0.7374, 0.5179]","[0.2939, 0.4863, 0.4789, 0.5734]",0.796,0.7016,"[0.4326, 0.4123, 0.7882, 0.5355000000000001]","[0.2569, 0.46888, 0.5159, 0.59082]",20pct_expanded_or_full_fallback,0.8878,0.8837
0264_01_WRI-R,PAT_GRAZ_264,GRAZPEDWRI-DX,train,1,D:\projects\MediMind\ai-prediction-service\artifacts\fracture_v2\experiment5_localization\dataset\images\train\0264_1106147172_01_WRI-R1_F011.png,D:\projects\MediMind\ai-prediction-service\artifacts\fracture_v2\experiment5_localization\dataset\images\train\0264_1106147209_01_WRI-R2_F011.png,NONE,"[0.48469399999999996, 0.43664749999999997, 0.839286, 0.5009745]",NONE,NONE,0.0,0.0,FULL_IMAGE,FULL_IMAGE,20pct_expanded_or_full_fallback,0.0,0.0
0265_01_WRI-R,PAT_GRAZ_265,GRAZPEDWRI-DX,train,0,D:\projects\MediMind\ai-prediction-service\artifacts\fracture_v2\experiment5_localization\dataset\images\train\0265_0530969053_01_WRI-R1_F009.png,D:\projects\MediMind\ai-prediction-service\artifacts\fracture_v2\experiment5_localization\dataset\images\train\0265_0530969069_01_WRI-R2_F009.png,NONE,NONE,NONE,NONE,0.0,0.0,FULL_IMAGE,FULL_IMAGE,20pct_expanded_or_full_fallback,0.0,0.0
0266_01_WRI-R,PAT_GRAZ_266,GRAZPEDWRI-DX,train,0,D:\projects\MediMind\ai-prediction-service\artifacts\fracture_v2\experiment5_localization\dataset\images\train\0266_0382651447_01_WRI-R1_F012.png,D:\projects\MediMind\ai-prediction-service\artifacts\fracture_v2\experiment5_localization\dataset\images\train\0266_0382651492_01_WRI-R2_F012.png,NONE,NONE,NONE,NONE,0.0,0.0,FULL_IMAGE,FULL_IMAGE,20pct_expanded_or_full_fallback,0.0,0.0
0266_02_WRI-R,PAT_GRAZ_266,GRAZPEDWRI-DX,train,0,D:\projects\MediMind\ai-prediction-service\artifacts\fracture_v2\experiment5_localization\dataset\images\train\0266_0387050891_02_WRI-R1_F012.png,D:\projects\MediMind\ai-prediction-service\artifacts\fracture_v2\experiment5_localization\dataset\images\train\0266_0387050920_02_WRI-R2_F012.png,NONE,NONE,NONE,NONE,0.0,0.0,FULL_IMAGE,FULL_IMAGE,20pct_expanded_or_full_fallback,0.0,0.0
0267_01_WRI-R,PAT_GRAZ_267,GRAZPEDWRI-DX,train,0,D:\projects\MediMind\ai-prediction-service\artifacts\fracture_v2\experiment5_localization\dataset\images\train\0267_0577807484_01_WRI-R1_F013.png,D:\projects\MediMind\ai-prediction-service\artifacts\fracture_v2\experiment5_localization\dataset\images\train\0267_0577807520_01_WRI-R2_F013.png,NONE,NONE,NONE,NONE,0.0,0.0,FULL_IMAGE,FULL_IMAGE,20pct_expanded_or_full_fallback,0.0,0.0
0269_01_WRI-R,PAT_GRAZ_269,GRAZPEDWRI-DX,train,1,D:\projects\MediMind\ai-prediction-service\artifacts\fracture_v2\experiment5_localization\dataset\images\train\0269_0996343546_01_WRI-R1_M011.png,D:\projects\MediMind\ai-prediction-service\artifacts\fracture_v2\experiment5_localization\dataset\images\train\0269_0996343630_01_WRI-R2_M011.png,"[0.34576300000000004, 0.534991, 0.571187, 0.6141810000000001]","[0.46783600000000003, 0.397978, 0.668616, 0.48161800000000005]","[0.3266, 0.5189, 0.5749, 0.5899]","[0.4666, 0.404, 0.671, 0.4658]",0.6682,0.4682,"[0.27694, 0.5047, 0.62456, 0.6041]","[0.42572, 0.39164000000000004, 0.7118800000000001, 0.47816]",20pct_expanded_or_full_fallback,0.5358,0.7292
0269_02_WRI-R,PAT_GRAZ_269,GRAZPEDWRI-DX,train,1,D:\projects\MediMind\ai-prediction-service\artifacts\fracture_v2\experiment5_localization\dataset\images\train\0269_0996945897_02_WRI-R1_M011.png,D:\projects\MediMind\ai-prediction-service\artifacts\fracture_v2\experiment5_localization\dataset\images\train\0269_0996945977_02_WRI-R2_M011.png,"[0.7117435, 0.36339550000000004, 0.8380785000000001, 0.4051725]","[0.4565215, 0.3028845, 0.6594205, 0.3715655]","[0.3926, 0.3155, 0.6351, 0.3722]","[0.4669, 0.3087, 0.661, 0.3646]",0.6416,0.5287,"[0.3441, 0.30416, 0.6836, 0.38354]","[0.42807999999999996, 0.29751999999999995, 0.69982, 0.37578]",20pct_expanded_or_full_fallback,0.8107,0.7674
0269_03_WRI-R,PAT_GRAZ_269,GRAZPEDWRI-DX,train,1,D:\projects\MediMind\ai-prediction-service\artifacts\fracture_v2\experiment5_localization\dataset\images\train\0269_0997550751_03_WRI-R1_M011.png,D:\projects\MediMind\ai-prediction-service\artifacts\fracture_v2\experiment5_localization\dataset\images\train\0269_0997550885_03_WRI-R2_M011.png,"[0.3753845, 0.353464, 0.5707695, 0.428952]","[0.32934149999999995, 0.308874, 0.5189625, 0.39846400000000004]","[0.3629, 0.3425, 0.5777, 0.4165]","[0.322, 0.3036, 0.517, 0.3705]",0.6049,0.5759,"[0.31994, 0.32770000000000005, 0.62066, 0.43129999999999996]","[0.28300000000000003, 0.29022, 0.556, 0.38388]",20pct_expanded_or_full_fallback,0.672,0.6262
0269_04_WRI-R,PAT_GRAZ_269,GRAZPEDWRI-DX,train,1,D:\projects\MediMind\ai-prediction-service\artifacts\fracture_v2\experiment5_localization\dataset\images\train\0269_0998158955_04_WRI-R1_M011.png,D:\projects\MediMind\ai-prediction-service\artifacts\fracture_v2\experiment5_localization\dataset\images\train\0269_0998158992_04_WRI-R2_M011.png,"[0.409807, 0.28544450000000005, 0.6444829999999999, 0.3809075]","[0.499173, 0.24078100000000002, 0.672727, 0.309111]","[0.3994, 0.277, 0.6471, 0.366]","[0.5822, 0.3175, 0.6853, 0.376]",0.6917,0.5068,"[0.34985999999999995, 0.25920000000000004, 0.69664, 0.3838]","[0.5615800000000001, 0.3058, 0.70592, 0.3877]",20pct_expanded_or_full_fallback,0.7401,0.6641
0271_01_WRI-L,PAT_GRAZ_271,GRAZPEDWRI-DX,train,0,D:\projects\MediMind\ai-prediction-service\artifacts\fracture_v2\experiment5_localization\dataset\images\train\0271_0705354761_01_WRI-L1_F012.png,D:\projects\MediMind\ai-prediction-service\artifacts\fracture_v2\experiment5_localization\dataset\images\train\0271_0705354796_01_WRI-L2_F012.png,NONE,NONE,NONE,NONE,0.0,0.0,FULL_IMAGE,FULL_IMAGE,20pct_expanded_or_full_fallback,0.0,0.0
0272_01_WRI-L,PAT_GRAZ_272,GRAZPEDWRI-DX,train,0,D:\projects\MediMind\ai-prediction-service\artifacts\fracture_v2\experiment5_localization\dataset\images\train\0272_0094605760_01_WRI-L1_F010.png,D:\projects\MediMind\ai-prediction-service\artifacts\fracture_v2\experiment5_localization\dataset\images\train\0272_0094605788_01_WRI-L2_F010.png,NONE,NONE,NONE,NONE,0.0,0.0,FULL_IMAGE,FULL_IMAGE,20pct_expanded_or_full_fallback,0.0,0.0
0275_01_WRI-L,PAT_GRAZ_275,GRAZPEDWRI-DX,train,1,D:\projects\MediMind\ai-prediction-service\artifacts\fracture_v2\experiment5_localization\dataset\images\train\0275_1247837023_01_WRI-L1_M012.png,D:\projects\MediMind\ai-prediction-service\artifacts\fracture_v2\experiment5_localization\dataset\images\train\0275_1247837071_01_WRI-L2_M012.png,"[0.375465, 0.529801, 0.613383, 0.610217]","[0.35833349999999997, 0.5027170000000001, 0.5250005, 0.582427]","[0.378, 0.5316, 0.618, 0.6174]","[0.3588, 0.5108, 0.5409, 0.5839]",0.7588,0.621,"[0.33, 0.51444, 0.666, 0.6345599999999999]","[0.32238, 0.49618000000000007, 0.57732, 0.5985199999999999]",20pct_expanded_or_full_fallback,0.8721,0.8103
0276_01_WRI-L,PAT_GRAZ_276,GRAZPEDWRI-DX,train,1,D:\projects\MediMind\ai-prediction-service\artifacts\fracture_v2\experiment5_localization\dataset\images\train\0276_0188681531_01_WRI-L1_M010.png,D:\projects\MediMind\ai-prediction-service\artifacts\fracture_v2\experiment5_localization\dataset\images\train\0276_0188681551_01_WRI-L2_M010.png,"[0.5013814999999999, 0.261023, 0.6754145, 0.337743]","[0.3040935, 0.300184, 0.5185185, 0.359116]",NONE,"[0.3118, 0.3109, 0.5101, 0.3704]",0.0,0.7478,FULL_IMAGE,"[0.27214000000000005, 0.299, 0.54976, 0.38230000000000003]",20pct_expanded_or_full_fallback,0.0,0.6428
0276_02_WRI-L,PAT_GRAZ_276,GRAZPEDWRI-DX,train,0,D:\projects\MediMind\ai-prediction-service\artifacts\fracture_v2\experiment5_localization\dataset\images\train\0276_0241901690_02_WRI-L1_M012.png,D:\projects\MediMind\ai-prediction-service\artifacts\fracture_v2\experiment5_localization\dataset\images\train\0276_0241901747_02_WRI-L2_M012.png,NONE,NONE,NONE,NONE,0.0,0.0,FULL_IMAGE,FULL_IMAGE,20pct_expanded_or_full_fallback,0.0,0.0
0277_01_WRI-L,PAT_GRAZ_277,GRAZPEDWRI-DX,train,0,D:\projects\MediMind\ai-prediction-service\artifacts\fracture_v2\experiment5_localization\dataset\images\train\0277_0637676345_01_WRI-L1_F014.png,D:\projects\MediMind\ai-prediction-service\artifacts\fracture_v2\experiment5_localization\dataset\images\train\0277_0637676397_01_WRI-L2_F014.png,NONE,NONE,NONE,NONE,0.0,0.0,FULL_IMAGE,FULL_IMAGE,20pct_expanded_or_full_fallback,0.0,0.0
0279_01_WRI-R,PAT_GRAZ_279,GRAZPEDWRI-DX,train,1,D:\projects\MediMind\ai-prediction-service\artifacts\fracture_v2\experiment5_localization\dataset\images\train\0279_0972195381_01_WRI-R1_F011.png,D:\projects\MediMind\ai-prediction-service\artifacts\fracture_v2\experiment5_localization\dataset\images\train\0279_0972195410_01_WRI-R2_F011.png,NONE,"[0.336347, 0.517276, 0.5515369999999999, 0.571138]",NONE,"[0.4048, 0.5315, 0.5529, 0.5887]",0.0,0.4821,FULL_IMAGE,"[0.37518, 0.52006, 0.5825199999999999, 0.60014]",20pct_expanded_or_full_fallback,0.0,0.4083
0280_01_WRI-R,PAT_GRAZ_280,GRAZPEDWRI-DX,train,0,D:\projects\MediMind\ai-prediction-service\artifacts\fracture_v2\experiment5_localization\dataset\images\train\0280_0288639371_01_WRI-R1_M013.png,D:\projects\MediMind\ai-prediction-service\artifacts\fracture_v2\experiment5_localization\dataset\images\train\0280_0288639394_01_WRI-R2_M013.png,NONE,NONE,NONE,NONE,0.0,0.0,FULL_IMAGE,FULL_IMAGE,20pct_expanded_or_full_fallback,0.0,0.0
0281_03_WRI-L,PAT_GRAZ_281,GRAZPEDWRI-DX,train,1,D:\projects\MediMind\ai-prediction-service\artifacts\fracture_v2\experiment5_localization\dataset\images\train\0281_0832226858_03_WRI-L1_M012.png,D:\projects\MediMind\ai-prediction-service\artifacts\fracture_v2\experiment5_localization\dataset\images\train\0281_0832226882_03_WRI-L2_M012.png,"[0.437276, 0.4011765, 0.684588, 0.49882350000000003]","[0.3989165, 0.47432749999999996, 0.5956675, 0.6051344999999999]","[0.4372, 0.3842, 0.6757, 0.5081]","[0.4513, 0.5213, 0.5876, 0.6014]",0.5682,0.5201,"[0.38949999999999996, 0.35941999999999996, 0.7233999999999999, 0.53288]","[0.42404, 0.50528, 0.61486, 0.6174200000000001]",20pct_expanded_or_full_fallback,0.7654,0.4242
0281_04_WRI-L,PAT_GRAZ_281,GRAZPEDWRI-DX,train,1,D:\projects\MediMind\ai-prediction-service\artifacts\fracture_v2\experiment5_localization\dataset\images\train\0281_0833432307_04_WRI-L1_M012.png,D:\projects\MediMind\ai-prediction-service\artifacts\fracture_v2\experiment5_localization\dataset\images\train\0281_0833432337_04_WRI-L2_M012.png,"[0.21195599999999998, 0.503333, 0.320652, 0.5711109999999999]","[0.4222975, 0.602007, 0.5912165, 0.715719]","[0.4681, 0.6132, 0.6486, 0.7141]","[0.4214, 0.5894, 0.5939, 0.7226]",0.6332,0.4777,"[0.43200000000000005, 0.59302, 0.6847, 0.7342799999999999]","[0.3869, 0.56276, 0.6284, 0.74924]",20pct_expanded_or_full_fallback,0.5439,0.836
0281_05_WRI-L,PAT_GRAZ_281,GRAZPEDWRI-DX,train,1,D:\projects\MediMind\ai-prediction-service\artifacts\fracture_v2\experiment5_localization\dataset\images\train\0281_0834035307_05_WRI-L1_M012.png,D:\projects\MediMind\ai-prediction-service\artifacts\fracture_v2\experiment5_localization\dataset\images\train\0281_0834035358_05_WRI-L2_M012.png,"[0.25000049999999996, 0.479339, 0.3595895, 0.533517]","[0.49122799999999994, 0.551418, 0.6719299999999999, 0.648936]","[0.4484, 0.6049, 0.6709, 0.6988]","[0.5058, 0.5632, 0.6683, 0.6342]",0.5695,0.5013,"[0.40390000000000004, 0.58612, 0.7154, 0.71758]","[0.47330000000000005, 0.549, 0.7008, 0.6484]",20pct_expanded_or_full_fallback,0.8941,0.6547
0281_06_WRI-L,PAT_GRAZ_281,GRAZPEDWRI-DX,train,1,D:\projects\MediMind\ai-prediction-service\artifacts\fracture_v2\experiment5_localization\dataset\images\train\0281_0834903189_06_WRI-L1_M012.png,D:\projects\MediMind\ai-prediction-service\artifacts\fracture_v2\experiment5_localization\dataset\images\train\0281_0834903248_06_WRI-L2_M012.png,"[0.48794100000000007, 0.487152, 0.716141, 0.603854]","[0.46750499999999995, 0.4808515, 0.687631, 0.5989365]","[0.4841, 0.4924, 0.711, 0.5869]","[0.481, 0.4961, 0.6801, 0.5785]",0.715,0.6049,"[0.43872, 0.47350000000000003, 0.7563799999999999, 0.6058]","[0.44117999999999996, 0.47962, 0.71992, 0.5949800000000001]",20pct_expanded_or_full_fallback,0.7809,0.6311
0284_01_WRI-L,PAT_GRAZ_284,GRAZPEDWRI-DX,train,0,D:\projects\MediMind\ai-prediction-service\artifacts\fracture_v2\experiment5_localization\dataset\images\train\0284_0766834912_01_WRI-L1_F004.png,D:\projects\MediMind\ai-prediction-service\artifacts\fracture_v2\experiment5_localization\dataset\images\train\0284_0766834967_01_WRI-L2_F004.png,NONE,NONE,NONE,NONE,0.0,0.0,FULL_IMAGE,FULL_IMAGE,20pct_expanded_or_full_fallback,0.0,0.0
0286_01_WRI-L,PAT_GRAZ_286,GRAZPEDWRI-DX,train,1,D:\projects\MediMind\ai-prediction-service\artifacts\fracture_v2\experiment5_localization\dataset\images\train\0286_0411288264_01_WRI-L1_M009.png,D:\projects\MediMind\ai-prediction-service\artifacts\fracture_v2\experiment5_localization\dataset\images\train\0286_0411288381_01_WRI-L2_M009.png,"[0.361266, 0.6591480000000001, 0.6461819999999999, 0.798246]","[0.193732, 0.5559795, 0.5698, 0.6933845]","[0.3544, 0.6641, 0.651, 0.7892]","[0.18, 0.5594, 0.5779, 0.6824]",0.6441,0.5839,"[0.29508, 0.63908, 0.7103200000000001, 0.81422]","[0.10042, 0.5348, 0.65748, 0.707]",20pct_expanded_or_full_fallback,0.8674,0.8509
0286_02_WRI-L,PAT_GRAZ_286,GRAZPEDWRI-DX,train,1,D:\projects\MediMind\ai-prediction-service\artifacts\fracture_v2\experiment5_localization\dataset\images\train\0286_0412069431_02_WRI-L1_M009.png,D:\projects\MediMind\ai-prediction-service\artifacts\fracture_v2\experiment5_localization\dataset\images\train\0286_0412069471_02_WRI-L2_M009.png,"[0.3742515, 0.5695065, 0.6017965000000001, 0.7118835]","[0.36680350000000006, 0.6082725, 0.6352465, 0.7214115000000001]","[0.3717, 0.5703, 0.6125, 0.6945]","[0.3588, 0.6119, 0.6402, 0.7251]",0.7356,0.4438,"[0.32353999999999994, 0.5454600000000001, 0.66066, 0.71934]","[0.30252, 0.58926, 0.69648, 0.74774]",20pct_expanded_or_full_fallback,0.8301,0.8955
0291_01_WRI-L,PAT_GRAZ_291,GRAZPEDWRI-DX,train,0,D:\projects\MediMind\ai-prediction-service\artifacts\fracture_v2\experiment5_localization\dataset\images\train\0291_0396313610_01_WRI-L1_M005.png,D:\projects\MediMind\ai-prediction-service\artifacts\fracture_v2\experiment5_localization\dataset\images\train\0291_0396313675_01_WRI-L2_M005.png,NONE,NONE,"[0.5848, 0.3577, 0.7244, 0.459]",NONE,0.2842,0.0,"[0.5568799999999999, 0.33744, 0.7523200000000001, 0.47926]",FULL_IMAGE,20pct_expanded_or_full_fallback,0.0,0.0
0292_01_WRI-R,PAT_GRAZ_292,GRAZPEDWRI-DX,train,0,D:\projects\MediMind\ai-prediction-service\artifacts\fracture_v2\experiment5_localization\dataset\images\train\0292_0459839424_01_WRI-R1_F011.png,D:\projects\MediMind\ai-prediction-service\artifacts\fracture_v2\experiment5_localization\dataset\images\train\0292_0459839450_01_WRI-R2_F011.png,NONE,NONE,NONE,NONE,0.0,0.0,FULL_IMAGE,FULL_IMAGE,20pct_expanded_or_full_fallback,0.0,0.0
0294_01_WRI-R,PAT_GRAZ_294,GRAZPEDWRI-DX,train,1,D:\projects\MediMind\ai-prediction-service\artifacts\fracture_v2\experiment5_localization\dataset\images\train\0294_0427819862_01_WRI-R1_F006.png,D:\projects\MediMind\ai-prediction-service\artifacts\fracture_v2\experiment5_localization\dataset\images\train\0294_0427819878_01_WRI-R2_F006.png,NONE,"[0.4765625, 0.5173415, 0.6499995000000001, 0.6040465]",NONE,"[0.477, 0.515, 0.6526, 0.6194]",0.0,0.1864,FULL_IMAGE,"[0.44188, 0.49412, 0.68772, 0.64028]",20pct_expanded_or_full_fallback,0.0,0.8165
0294_02_WRI-R,PAT_GRAZ_294,GRAZPEDWRI-DX,train,1,D:\projects\MediMind\ai-prediction-service\artifacts\fracture_v2\experiment5_localization\dataset\images\train\0294_0431487265_02_WRI-R1_F006.png,D:\projects\MediMind\ai-prediction-service\artifacts\fracture_v2\experiment5_localization\dataset\images\train\0294_0431487333_02_WRI-R2_F006.png,"[0.237245, 0.5671835, 0.586735, 0.6563305]","[0.40170950000000005, 0.5249345, 0.7236465, 0.5984254999999999]","[0.2246, 0.5658, 0.5898, 0.6461]",NONE,0.4419,0.0,"[0.15156, 0.54974, 0.66284, 0.66216]",FULL_IMAGE,20pct_expanded_or_full_fallback,0.8383,0.0
0295_01_WRI-L,PAT_GRAZ_295,GRAZPEDWRI-DX,train,0,D:\projects\MediMind\ai-prediction-service\artifacts\fracture_v2\experiment5_localization\dataset\images\train\0295_0511660026_01_WRI-L1_F015.png,D:\projects\MediMind\ai-prediction-service\artifacts\fracture_v2\experiment5_localization\dataset\images\train\0295_0511660053_01_WRI-L2_F015.png,NONE,NONE,NONE,NONE,0.0,0.0,FULL_IMAGE,FULL_IMAGE,20pct_expanded_or_full_fallback,0.0,0.0
0296_01_WRI-L,PAT_GRAZ_296,GRAZPEDWRI-DX,train,0,D:\projects\MediMind\ai-prediction-service\artifacts\fracture_v2\experiment5_localization\dataset\images\train\0296_0388544167_01_WRI-L1_F005.png,D:\projects\MediMind\ai-prediction-service\artifacts\fracture_v2\experiment5_localization\dataset\images\train\0296_0388544204_01_WRI-L2_F005.png,NONE,NONE,NONE,NONE,0.0,0.0,FULL_IMAGE,FULL_IMAGE,20pct_expanded_or_full_fallback,0.0,0.0
0297_01_WRI-L,PAT_GRAZ_297,GRAZPEDWRI-DX,train,1,D:\projects\MediMind\ai-prediction-service\artifacts\fracture_v2\experiment5_localization\dataset\images\train\0297_0429500118_01_WRI-L1_M011.png,D:\projects\MediMind\ai-prediction-service\artifacts\fracture_v2\experiment5_localization\dataset\images\train\0297_0429500151_01_WRI-L2_M011.png,NONE,"[0.3550555, 0.47379899999999997, 0.6202245, 0.563319]",NONE,"[0.3583, 0.4741, 0.6223, 0.542]",0.0,0.6489,FULL_IMAGE,"[0.3055, 0.46052000000000004, 0.6750999999999999, 0.5555800000000001]",20pct_expanded_or_full_fallback,0.0,0.7448
0297_02_WRI-R,PAT_GRAZ_297,GRAZPEDWRI-DX,train,0,D:\projects\MediMind\ai-prediction-service\artifacts\fracture_v2\experiment5_localization\dataset\images\train\0297_0540681133_02_WRI-R1_M014.png,D:\projects\MediMind\ai-prediction-service\artifacts\fracture_v2\experiment5_localization\dataset\images\train\0297_0540681174_02_WRI-R2_M014.png,NONE,NONE,NONE,NONE,0.0,0.0,FULL_IMAGE,FULL_IMAGE,20pct_expanded_or_full_fallback,0.0,0.0
0298_01_WRI-R,PAT_GRAZ_298,GRAZPEDWRI-DX,train,1,D:\projects\MediMind\ai-prediction-service\artifacts\fracture_v2\experiment5_localization\dataset\images\train\0298_1033672631_01_WRI-R1_F010.png,D:\projects\MediMind\ai-prediction-service\artifacts\fracture_v2\experiment5_localization\dataset\images\train\0298_1033672665_01_WRI-R2_F010.png,"[0.2794415, 0.343696, 0.6367265, 0.406736]","[0.41920350000000006, 0.30528, 0.7377045, 0.36468599999999995]",NONE,"[0.4051, 0.2987, 0.717, 0.3618]",0.0,0.2726,FULL_IMAGE,"[0.34272, 0.28608, 0.77938, 0.37442000000000003]",20pct_expanded_or_full_fallback,0.0,0.7731
0299_01_WRI-R,PAT_GRAZ_299,GRAZPEDWRI-DX,train,1,D:\projects\MediMind\ai-prediction-service\artifacts\fracture_v2\experiment5_localization\dataset\images\train\0299_0451708032_01_WRI-R1_M013.png,D:\projects\MediMind\ai-prediction-service\artifacts\fracture_v2\experiment5_localization\dataset\images\train\0299_0451708056_01_WRI-R2_M013.png,"[0.251521, 0.5942405000000001, 0.515213, 0.6596855]","[0.4768515, 0.5802474999999999, 0.6898145, 0.6366845]","[0.2542, 0.5843, 0.52, 0.6651]","[0.474, 0.5787, 0.6893, 0.6464]",0.8154,0.636,"[0.20103999999999997, 0.5681400000000001, 0.57316, 0.68126]","[0.43094, 0.56516, 0.73236, 0.65994]",20pct_expanded_or_full_fallback,0.7889,0.821
0300_01_WRI-L,PAT_GRAZ_300,GRAZPEDWRI-DX,train,0,D:\projects\MediMind\ai-prediction-service\artifacts\fracture_v2\experiment5_localization\dataset\images\train\0300_0526837677_01_WRI-L1_M011.png,D:\projects\MediMind\ai-prediction-service\artifacts\fracture_v2\experiment5_localization\dataset\images\train\0300_0526837707_01_WRI-L2_M011.png,NONE,NONE,NONE,"[0.386, 0.4649, 0.5885, 0.5273]",0.0,0.3744,FULL_IMAGE,"[0.34550000000000003, 0.45242, 0.629, 0.53978]",20pct_expanded_or_full_fallback,0.0,0.0
0301_01_WRI-R,PAT_GRAZ_301,GRAZPEDWRI-DX,train,1,D:\projects\MediMind\ai-prediction-service\artifacts\fracture_v2\experiment5_localization\dataset\images\train\0301_0146731754_01_WRI-R1_F011.png,D:\projects\MediMind\ai-prediction-service\artifacts\fracture_v2\experiment5_localization\dataset\images\train\0301_0146731809_01_WRI-R2_F011.png,"[0.326555, 0.5919, 0.5095689999999999, 0.662772]","[0.317143, 0.5080835, 0.5628569999999999, 0.5727485]","[0.3463, 0.6015, 0.5009, 0.6629]","[0.3993, 0.5023, 0.5567, 0.564]",0.7162,0.528,"[0.31538, 0.5892200000000001, 0.53182, 0.67518]","[0.36782, 0.48995999999999995, 0.5881799999999999, 0.57634]",20pct_expanded_or_full_fallback,0.7292,0.5239
0301_02_WRI-R,PAT_GRAZ_301,GRAZPEDWRI-DX,train,1,D:\projects\MediMind\ai-prediction-service\artifacts\fracture_v2\experiment5_localization\dataset\images\train\0301_0148031286_02_WRI-R1_F011.png,D:\projects\MediMind\ai-prediction-service\artifacts\fracture_v2\experiment5_localization\dataset\images\train\0301_0148031335_02_WRI-R2_F011.png,"[0.3067665, 0.4670955, 0.5533835, 0.5464945]","[0.31793950000000004, 0.494152, 0.5737125, 0.549708]","[0.3119, 0.4707, 0.5401, 0.541]","[0.3301, 0.4809, 0.5665, 0.5457]",0.749,0.7922,"[0.26626, 0.45664, 0.58574, 0.55506]","[0.28282, 0.46794, 0.61378, 0.5586599999999999]",20pct_expanded_or_full_fallback,0.8193,0.7027
0301_03_WRI-R,PAT_GRAZ_301,GRAZPEDWRI-DX,train,1,D:\projects\MediMind\ai-prediction-service\artifacts\fracture_v2\experiment5_localization\dataset\images\train\0301_0148034528_03_WRI-R1_F011.png,D:\projects\MediMind\ai-prediction-service\artifacts\fracture_v2\experiment5_localization\dataset\images\train\0301_0148034583_03_WRI-R2_F011.png,"[0.273542, 0.511646, 0.5142, 0.573758]","[0.3559, 0.522989, 0.636364, 0.581897]","[0.2791, 0.4922, 0.5103, 0.5691]","[0.3546, 0.5053, 0.6385, 0.5677]",0.8126,0.7118,"[0.23286, 0.47682, 0.5565399999999999, 0.5844800000000001]","[0.29782000000000003, 0.49282, 0.6952799999999999, 0.58018]",20pct_expanded_or_full_fallback,0.6832,0.5779
0301_04_WRI-R,PAT_GRAZ_301,GRAZPEDWRI-DX,train,1,D:\projects\MediMind\ai-prediction-service\artifacts\fracture_v2\experiment5_localization\dataset\images\train\0301_0149238109_04_WRI-R1_F011.png,D:\projects\MediMind\ai-prediction-service\artifacts\fracture_v2\experiment5_localization\dataset\images\train\0301_0149238163_04_WRI-R2_F011.png,"[0.1942745, 0.5351965, 0.5439674999999999, 0.5952375]","[0.3673465, 0.4552845, 0.6088435, 0.5203255]","[0.2321, 0.5213, 0.5267, 0.6165]","[0.3654, 0.4446, 0.599, 0.5207]",0.7856,0.8032,"[0.17318, 0.5022599999999999, 0.5856199999999999, 0.6355400000000001]","[0.31868, 0.42938, 0.64572, 0.5359200000000001]",20pct_expanded_or_full_fallback,0.5641,0.8181
0301_05_WRI-R,PAT_GRAZ_301,GRAZPEDWRI-DX,train,1,D:\projects\MediMind\ai-prediction-service\artifacts\fracture_v2\experiment5_localization\dataset\images\train\0301_0150535016_05_WRI-R1_F011.png,D:\projects\MediMind\ai-prediction-service\artifacts\fracture_v2\experiment5_localization\dataset\images\train\0301_0150535086_05_WRI-R2_F011.png,"[0.30503100000000005, 0.440959, 0.583333, 0.527675]","[0.361623, 0.465928, 0.636531, 0.532368]","[0.3165, 0.4335, 0.5677, 0.521]","[0.3683, 0.4559, 0.5996, 0.5338]",0.8186,0.7782,"[0.26626, 0.416, 0.6179399999999999, 0.5385]","[0.32204, 0.44032000000000004, 0.64586, 0.5493800000000001]",20pct_expanded_or_full_fallback,0.7731,0.7347
0301_06_WRI-R,PAT_GRAZ_301,GRAZPEDWRI-DX,train,1,D:\projects\MediMind\ai-prediction-service\artifacts\fracture_v2\experiment5_localization\dataset\images\train\0301_0159439326_06_WRI-R1_F011.png,D:\projects\MediMind\ai-prediction-service\artifacts\fracture_v2\experiment5_localization\dataset\images\train\0301_0159439362_06_WRI-R2_F011.png,"[0.31012700000000004, 0.5089104999999999, 0.607595, 0.6198015]","[0.4140275, 0.5009359999999999, 0.6764705, 0.602996]","[0.3282, 0.513, 0.6007, 0.6415]","[0.4199, 0.5116, 0.6826, 0.5968]",0.5128,0.5385,"[0.2737, 0.4873, 0.6552, 0.6671999999999999]","[0.36736, 0.49456000000000006, 0.73514, 0.6138399999999999]",20pct_expanded_or_full_fallback,0.7482,0.8005
0302_01_WRI-R,PAT_GRAZ_302,GRAZPEDWRI-DX,train,1,D:\projects\MediMind\ai-prediction-service\artifacts\fracture_v2\experiment5_localization\dataset\images\train\0302_0803987354_01_WRI-R1_F008.png,D:\projects\MediMind\ai-prediction-service\artifacts\fracture_v2\experiment5_localization\dataset\images\train\0302_0803987402_01_WRI-R2_F008.png,"[0.3697815, 0.638085, 0.5606365, 0.7071270000000001]","[0.3775505, 0.524719, 0.5892855, 0.596629]","[0.3681, 0.6323, 0.5608, 0.7286]","[0.3827, 0.5336, 0.5904, 0.613]",0.5959,0.6536,"[0.32955999999999996, 0.6130399999999999, 0.59934, 0.7478600000000001]","[0.34115999999999996, 0.51772, 0.6319400000000001, 0.62888]",20pct_expanded_or_full_fallback,0.7101,0.6964
0302_02_WRI-L,PAT_GRAZ_302,GRAZPEDWRI-DX,train,0,D:\projects\MediMind\ai-prediction-service\artifacts\fracture_v2\experiment5_localization\dataset\images\train\0302_0978288252_02_WRI-L1_F013.png,D:\projects\MediMind\ai-prediction-service\artifacts\fracture_v2\experiment5_localization\dataset\images\train\0302_0978288279_02_WRI-L2_F013.png,NONE,NONE,NONE,NONE,0.0,0.0,FULL_IMAGE,FULL_IMAGE,20pct_expanded_or_full_fallback,0.0,0.0
0303_01_WRI-L,PAT_GRAZ_303,GRAZPEDWRI-DX,train,0,D:\projects\MediMind\ai-prediction-service\artifacts\fracture_v2\experiment5_localization\dataset\images\train\0303_1069930753_01_WRI-L1_M013.png,D:\projects\MediMind\ai-prediction-service\artifacts\fracture_v2\experiment5_localization\dataset\images\train\0303_1069930788_01_WRI-L2_M013.png,NONE,NONE,NONE,NONE,0.0,0.0,FULL_IMAGE,FULL_IMAGE,20pct_expanded_or_full_fallback,0.0,0.0
0307_01_WRI-L,PAT_GRAZ_307,GRAZPEDWRI-DX,train,0,D:\projects\MediMind\ai-prediction-service\artifacts\fracture_v2\experiment5_localization\dataset\images\train\0307_1173656007_01_WRI-L1_M016.png,D:\projects\MediMind\ai-prediction-service\artifacts\fracture_v2\experiment5_localization\dataset\images\train\0307_1173656059_01_WRI-L2_M016.png,NONE,NONE,NONE,NONE,0.0,0.0,FULL_IMAGE,FULL_IMAGE,20pct_expanded_or_full_fallback,0.0,0.0
0309_01_WRI-R,PAT_GRAZ_309,GRAZPEDWRI-DX,train,1,D:\projects\MediMind\ai-prediction-service\artifacts\fracture_v2\experiment5_localization\dataset\images\train\0309_0947567160_01_WRI-R1_F001.png,D:\projects\MediMind\ai-prediction-service\artifacts\fracture_v2\experiment5_localization\dataset\images\train\0309_0947567206_01_WRI-R2_F001.png,"[0.37558650000000005, 0.44690250000000004, 0.5101715, 0.5110615000000001]","[0.47826099999999994, 0.43733649999999996, 0.616977, 0.4999995]","[0.374, 0.4471, 0.5128, 0.5192]","[0.4813, 0.4339, 0.6154, 0.4988]",0.8033,0.8019,"[0.34624, 0.43268, 0.54056, 0.53362]","[0.45448, 0.42092, 0.6422199999999999, 0.51178]",20pct_expanded_or_full_fallback,0.8579,0.9005
0312_01_WRI-R,PAT_GRAZ_312,GRAZPEDWRI-DX,train,0,D:\projects\MediMind\ai-prediction-service\artifacts\fracture_v2\experiment5_localization\dataset\images\train\0312_0795914876_01_WRI-R1_M017.png,D:\projects\MediMind\ai-prediction-service\artifacts\fracture_v2\experiment5_localization\dataset\images\train\0312_0795914905_01_WRI-R2_M017.png,NONE,NONE,NONE,NONE,0.0,0.0,FULL_IMAGE,FULL_IMAGE,20pct_expanded_or_full_fallback,0.0,0.0
0313_01_WRI-R,PAT_GRAZ_313,GRAZPEDWRI-DX,train,1,D:\projects\MediMind\ai-prediction-service\artifacts\fracture_v2\experiment5_localization\dataset\images\train\0313_0943585559_01_WRI-R1_F014.png,D:\projects\MediMind\ai-prediction-service\artifacts\fracture_v2\experiment5_localization\dataset\images\train\0313_0943585637_01_WRI-R2_F014.png,"[0.321311, 0.420604, 0.696721, 0.48799400000000004]","[0.363951, 0.331571, 0.750433, 0.43277899999999997]","[0.3315, 0.4051, 0.6765, 0.4929]","[0.3556, 0.3187, 0.7422, 0.4351]",0.4888,0.5283,"[0.2625, 0.38754, 0.7454999999999999, 0.51046]","[0.27828, 0.29541999999999996, 0.81952, 0.45838]",20pct_expanded_or_full_fallback,0.7189,0.8352
0313_02_WRI-R,PAT_GRAZ_313,GRAZPEDWRI-DX,train,1,D:\projects\MediMind\ai-prediction-service\artifacts\fracture_v2\experiment5_localization\dataset\images\train\0313_0943920453_02_WRI-R1_F014.png,D:\projects\MediMind\ai-prediction-service\artifacts\fracture_v2\experiment5_localization\dataset\images\train\0313_0943920533_02_WRI-R2_F014.png,"[0.766197, 0.551188, 0.853521, 0.617002]","[0.4040405, 0.50193, 0.6527775, 0.6324320000000001]","[0.7575, 0.5474, 0.8566, 0.6137]","[0.4275, 0.6306, 0.5689, 0.7087]",0.4979,0.6111,"[0.7376799999999999, 0.53414, 0.8764200000000001, 0.6269600000000001]","[0.39922, 0.6149800000000001, 0.5971799999999999, 0.72432]",20pct_expanded_or_full_fallback,0.7959,0.006
0313_04_WRI-R,PAT_GRAZ_313,GRAZPEDWRI-DX,train,1,D:\projects\MediMind\ai-prediction-service\artifacts\fracture_v2\experiment5_localization\dataset\images\train\0313_0945143404_04_WRI-R1_F015.png,D:\projects\MediMind\ai-prediction-service\artifacts\fracture_v2\experiment5_localization\dataset\images\train\0313_0945143431_04_WRI-R2_F015.png,"[0.37265149999999997, 0.48694950000000004, 0.6033405, 0.6345845]","[0.49907350000000006, 0.3369225, 0.6638885, 0.5061535]","[0.3681, 0.475, 0.6097, 0.5896]","[0.4934, 0.3383, 0.6794, 0.4632]",0.4378,0.6288,"[0.31977999999999995, 0.45208, 0.65802, 0.6125200000000001]","[0.4562, 0.31332, 0.7166, 0.48818]",20pct_expanded_or_full_fallback,0.6221,0.6741
0313_05_WRI-R,PAT_GRAZ_313,GRAZPEDWRI-DX,train,1,D:\projects\MediMind\ai-prediction-service\artifacts\fracture_v2\experiment5_localization\dataset\images\train\0313_0946431058_05_WRI-R1_F015.png,D:\projects\MediMind\ai-prediction-service\artifacts\fracture_v2\experiment5_localization\dataset\images\train\0313_0946431153_05_WRI-R2_F015.png,"[0.815152, 0.49021950000000003, 0.907576, 0.5611245]","[0.41921449999999993, 0.48775499999999994, 0.8406115, 0.628571]","[0.8069, 0.4953, 0.9047, 0.5669]","[0.4054, 0.4786, 0.8305, 0.6035]",0.4518,0.4518,"[0.7873399999999999, 0.48098, 0.92426, 0.58122]","[0.32038, 0.45362, 0.91552, 0.62848]",20pct_expanded_or_full_fallback,0.7694,0.7343
0313_06_WRI-R,PAT_GRAZ_313,GRAZPEDWRI-DX,train,1,D:\projects\MediMind\ai-prediction-service\artifacts\fracture_v2\experiment5_localization\dataset\images\train\0313_0947475204_06_WRI-R1_F015.png,D:\projects\MediMind\ai-prediction-service\artifacts\fracture_v2\experiment5_localization\dataset\images\train\0313_0947475228_06_WRI-R2_F015.png,"[0.3848315, 0.538053, 0.6783705, 0.621239]","[0.4296295, 0.49234700000000003, 0.7185185, 0.621599]","[0.7408, 0.4233, 0.8344, 0.4803]","[0.4226, 0.5029, 0.7141, 0.6008]",0.5507,0.5393,"[0.72208, 0.4119, 0.85312, 0.4917]","[0.36429999999999996, 0.48332, 0.7724, 0.62038]",20pct_expanded_or_full_fallback,0.8374,0.7324
0313_07_WRI-R,PAT_GRAZ_313,GRAZPEDWRI-DX,train,1,D:\projects\MediMind\ai-prediction-service\artifacts\fracture_v2\experiment5_localization\dataset\images\train\0313_0949893538_07_WRI-R1_F015.png,D:\projects\MediMind\ai-prediction-service\artifacts\fracture_v2\experiment5_localization\dataset\images\train\0313_0949893580_07_WRI-R2_F015.png,"[0.363113, 0.392555, 0.6541790000000001, 0.47884899999999997]","[0.45705, 0.4047615, 0.73906, 0.5314625]","[0.3554, 0.382, 0.6605, 0.4747]","[0.4424, 0.4131, 0.7234, 0.5035]",0.59,0.5389,"[0.29438, 0.36346, 0.7215199999999999, 0.49324]","[0.3862, 0.39502000000000004, 0.7796000000000001, 0.5215799999999999]",20pct_expanded_or_full_fallback,0.8108,0.6498
0313_08_WRI-R,PAT_GRAZ_313,GRAZPEDWRI-DX,train,1,D:\projects\MediMind\ai-prediction-service\artifacts\fracture_v2\experiment5_localization\dataset\images\train\0313_0954826627_08_WRI-R1_F015.png,D:\projects\MediMind\ai-prediction-service\artifacts\fracture_v2\experiment5_localization\dataset\images\train\0313_0954826683_08_WRI-R2_F015.png,"[0.7408855, 0.380861, 0.8229164999999999, 0.452631]","[0.38223999999999997, 0.502334, 0.752896, 0.61718]","[0.419, 0.502, 0.6856, 0.6102]","[0.3753, 0.4989, 0.7456, 0.6277]",0.549,0.3397,"[0.36568, 0.48036, 0.73892, 0.63184]","[0.30124, 0.47314, 0.81966, 0.65346]",20pct_expanded_or_full_fallback,0.8863,0.8598
0313_08_WRI-L,PAT_GRAZ_313,GRAZPEDWRI-DX,train,0,D:\projects\MediMind\ai-prediction-service\artifacts\fracture_v2\experiment5_localization\dataset\images\train\0313_0954826752_08_WRI-L1_F015.png,D:\projects\MediMind\ai-prediction-service\artifacts\fracture_v2\experiment5_localization\dataset\images\train\0313_0954826801_08_WRI-L2_F015.png,NONE,NONE,NONE,NONE,0.0,0.0,FULL_IMAGE,FULL_IMAGE,20pct_expanded_or_full_fallback,0.0,0.0
0313_09_WRI-R,PAT_GRAZ_313,GRAZPEDWRI-DX,train,1,D:\projects\MediMind\ai-prediction-service\artifacts\fracture_v2\experiment5_localization\dataset\images\train\0313_0955166493_09_WRI-R1_F015.png,D:\projects\MediMind\ai-prediction-service\artifacts\fracture_v2\experiment5_localization\dataset\images\train\0313_0955166574_09_WRI-R2_F015.png,"[0.693848, 0.3759935, 0.7954220000000001, 0.4324325]","[0.347181, 0.432411, 0.577151, 0.519201]","[0.6856, 0.3736, 0.797, 0.4328]","[0.3391, 0.4501, 0.5981, 0.5346]",0.532,0.4255,"[0.66332, 0.36175999999999997, 0.81928, 0.44464000000000004]","[0.2873, 0.43320000000000003, 0.6498999999999999, 0.5515]",20pct_expanded_or_full_fallback,0.8693,0.6123
0313_10_WRI-R,PAT_GRAZ_313,GRAZPEDWRI-DX,train,1,D:\projects\MediMind\ai-prediction-service\artifacts\fracture_v2\experiment5_localization\dataset\images\train\0313_0958524563_10_WRI-R1_F015.png,D:\projects\MediMind\ai-prediction-service\artifacts\fracture_v2\experiment5_localization\dataset\images\train\0313_0958524638_10_WRI-R2_F015.png,"[0.28211, 0.4634145, 0.5229360000000001, 0.5853655]","[0.4234105, 0.4208265, 0.6300575, 0.5671255000000001]","[0.6276, 0.4525, 0.7174, 0.51]","[0.4203, 0.4535, 0.6647, 0.554]",0.4865,0.5904,"[0.6096400000000001, 0.441, 0.73536, 0.5215]","[0.37142000000000003, 0.4334, 0.71358, 0.5741]",20pct_expanded_or_full_fallback,0.7885,0.6103
0313_11_WRI-R,PAT_GRAZ_313,GRAZPEDWRI-DX,train,1,D:\projects\MediMind\ai-prediction-service\artifacts\fracture_v2\experiment5_localization\dataset\images\train\0313_0979001074_11_WRI-R1_F016.png,D:\projects\MediMind\ai-prediction-service\artifacts\fracture_v2\experiment5_localization\dataset\images\train\0313_0979001130_11_WRI-R2_F016.png,"[0.7135739999999999, 0.426597, 0.809464, 0.481865]","[0.38385500000000006, 0.4527025, 0.632619, 0.6385135]","[0.7212, 0.4251, 0.8104, 0.4839]",NONE,0.2943,0.0,"[0.70336, 0.41334, 0.82824, 0.49566]",FULL_IMAGE,20pct_expanded_or_full_fallback,0.8609,0.0
0313_12_WRI-R,PAT_GRAZ_313,GRAZPEDWRI-DX,train,1,D:\projects\MediMind\ai-prediction-service\artifacts\fracture_v2\experiment5_localization\dataset\images\train\0313_0988079054_12_WRI-R1_F016.png,D:\projects\MediMind\ai-prediction-service\artifacts\fracture_v2\experiment5_localization\dataset\images\train\0313_0988079135_12_WRI-R2_F016.png,"[0.711765, 0.3650005, 0.807353, 0.41833349999999997]","[0.43815550000000003, 0.5253939999999999, 0.6918245, 0.591944]","[0.6497, 0.4817, 0.7881, 0.5388]",NONE,0.4905,0.0,"[0.62202, 0.47028000000000003, 0.8157800000000001, 0.5502199999999999]",FULL_IMAGE,20pct_expanded_or_full_fallback,0.0,0.0
0314_01_WRI-R,PAT_GRAZ_314,GRAZPEDWRI-DX,train,0,D:\projects\MediMind\ai-prediction-service\artifacts\fracture_v2\experiment5_localization\dataset\images\train\0314_1049993103_01_WRI-R1_M014.png,D:\projects\MediMind\ai-prediction-service\artifacts\fracture_v2\experiment5_localization\dataset\images\train\0314_1049993136_01_WRI-R2_M014.png,NONE,NONE,NONE,"[0.5393, 0.545, 0.7051, 0.6391]",0.0,0.2164,FULL_IMAGE,"[0.50614, 0.5261800000000001, 0.7382599999999999, 0.65792]",20pct_expanded_or_full_fallback,0.0,0.0
0317_01_WRI-L,PAT_GRAZ_317,GRAZPEDWRI-DX,train,0,D:\projects\MediMind\ai-prediction-service\artifacts\fracture_v2\experiment5_localization\dataset\images\train\0317_0585816847_01_WRI-L1_F008.png,D:\projects\MediMind\ai-prediction-service\artifacts\fracture_v2\experiment5_localization\dataset\images\train\0317_0585816885_01_WRI-L2_F008.png,NONE,NONE,NONE,NONE,0.0,0.0,FULL_IMAGE,FULL_IMAGE,20pct_expanded_or_full_fallback,0.0,0.0
0319_01_WRI-L,PAT_GRAZ_319,GRAZPEDWRI-DX,train,0,D:\projects\MediMind\ai-prediction-service\artifacts\fracture_v2\experiment5_localization\dataset\images\train\0319_0995074380_01_WRI-L1_M014.png,D:\projects\MediMind\ai-prediction-service\artifacts\fracture_v2\experiment5_localization\dataset\images\train\0319_0995074423_01_WRI-L2_M014.png,NONE,NONE,NONE,NONE,0.0,0.0,FULL_IMAGE,FULL_IMAGE,20pct_expanded_or_full_fallback,0.0,0.0
0320_01_WRI-L,PAT_GRAZ_320,GRAZPEDWRI-DX,train,0,D:\projects\MediMind\ai-prediction-service\artifacts\fracture_v2\experiment5_localization\dataset\images\train\0320_0532875391_01_WRI-L1_F017.png,D:\projects\MediMind\ai-prediction-service\artifacts\fracture_v2\experiment5_localization\dataset\images\train\0320_0532875424_01_WRI-L2_F017.png,NONE,NONE,NONE,"[0.391, 0.4202, 0.6518, 0.4975]",0.0,0.3596,FULL_IMAGE,"[0.33884000000000003, 0.40474000000000004, 0.70396, 0.51296]",20pct_expanded_or_full_fallback,0.0,0.0
0321_01_WRI-L,PAT_GRAZ_321,GRAZPEDWRI-DX,train,1,D:\projects\MediMind\ai-prediction-service\artifacts\fracture_v2\experiment5_localization\dataset\images\train\0321_1214039441_01_WRI-L1_M012.png,D:\projects\MediMind\ai-prediction-service\artifacts\fracture_v2\experiment5_localization\dataset\images\train\0321_1214039482_01_WRI-L2_M012.png,"[0.4020444999999999, 0.46460149999999995, 0.6899495, 0.5387164999999999]","[0.33462250000000004, 0.35520300000000005, 0.6208895, 0.466063]",NONE,"[0.3397, 0.4077, 0.5728, 0.4808]",0.0,0.5409,FULL_IMAGE,"[0.29308, 0.39308, 0.61942, 0.49542]",20pct_expanded_or_full_fallback,0.0,0.3868
0321_02_WRI-L,PAT_GRAZ_321,GRAZPEDWRI-DX,train,1,D:\projects\MediMind\ai-prediction-service\artifacts\fracture_v2\experiment5_localization\dataset\images\train\0321_1214605301_02_WRI-L1_M012.png,D:\projects\MediMind\ai-prediction-service\artifacts\fracture_v2\experiment5_localization\dataset\images\train\0321_1214605337_02_WRI-L2_M012.png,"[0.405172, 0.44919749999999997, 0.674138, 0.5368985]","[0.36660250000000005, 0.46078399999999997, 0.6621875, 0.553476]","[0.4559, 0.5918, 0.6381, 0.6819]","[0.3747, 0.4913, 0.6165, 0.5601]",0.2996,0.5458,"[0.41946000000000006, 0.57378, 0.67454, 0.69992]","[0.32633999999999996, 0.47754, 0.66486, 0.57386]",20pct_expanded_or_full_fallback,0.0,0.5184
0323_01_WRI-R,PAT_GRAZ_323,GRAZPEDWRI-DX,train,1,D:\projects\MediMind\ai-prediction-service\artifacts\fracture_v2\experiment5_localization\dataset\images\train\0323_0227289784_01_WRI-R1_F005.png,D:\projects\MediMind\ai-prediction-service\artifacts\fracture_v2\experiment5_localization\dataset\images\train\0323_0227289822_01_WRI-R2_F005.png,"[0.3290325, 0.3336695, 0.5720435, 0.4042345]","[0.3399335, 0.347636, 0.6666664999999999, 0.408932]","[0.3194, 0.337, 0.5705, 0.4045]","[0.3349, 0.3412, 0.6559, 0.3948]",0.778,0.6674,"[0.26918000000000003, 0.3235, 0.62072, 0.41800000000000004]","[0.27069999999999994, 0.33048, 0.7201000000000001, 0.40552]",20pct_expanded_or_full_fallback,0.9089,0.6673
0324_01_WRI-R,PAT_GRAZ_324,GRAZPEDWRI-DX,train,0,D:\projects\MediMind\ai-prediction-service\artifacts\fracture_v2\experiment5_localization\dataset\images\train\0324_0285686206_01_WRI-R1_M016.png,D:\projects\MediMind\ai-prediction-service\artifacts\fracture_v2\experiment5_localization\dataset\images\train\0324_0285686238_01_WRI-R2_M016.png,NONE,NONE,NONE,NONE,0.0,0.0,FULL_IMAGE,FULL_IMAGE,20pct_expanded_or_full_fallback,0.0,0.0
0325_01_WRI-L,PAT_GRAZ_325,GRAZPEDWRI-DX,train,1,D:\projects\MediMind\ai-prediction-service\artifacts\fracture_v2\experiment5_localization\dataset\images\train\0325_0954245572_01_WRI-L1_M010.png,D:\projects\MediMind\ai-prediction-service\artifacts\fracture_v2\experiment5_localization\dataset\images\train\0325_0954245605_01_WRI-L2_M010.png,"[0.439252, 0.5509434999999999, 0.700934, 0.6150945]","[0.3055555, 0.5293035, 0.45138849999999997, 0.5778385]","[0.4439, 0.5517, 0.7019, 0.6172]","[0.3088, 0.5241, 0.5468, 0.5849]",0.7833,0.7534,"[0.39230000000000004, 0.5386, 0.7535, 0.6303]","[0.26120000000000004, 0.5119400000000001, 0.5943999999999999, 0.5970599999999999]",20pct_expanded_or_full_fallback,0.9369,0.7334
0326_01_WRI-L,PAT_GRAZ_326,GRAZPEDWRI-DX,train,0,D:\projects\MediMind\ai-prediction-service\artifacts\fracture_v2\experiment5_localization\dataset\images\train\0326_0563612087_01_WRI-L1_M012.png,D:\projects\MediMind\ai-prediction-service\artifacts\fracture_v2\experiment5_localization\dataset\images\train\0326_0563612120_01_WRI-L2_M012.png,NONE,NONE,NONE,"[0.2193, 0.4514, 0.5216, 0.5143]",0.0,0.2393,FULL_IMAGE,"[0.15884, 0.43882000000000004, 0.5820599999999999, 0.52688]",20pct_expanded_or_full_fallback,0.0,0.0
0330_01_WRI-R,PAT_GRAZ_330,GRAZPEDWRI-DX,train,1,D:\projects\MediMind\ai-prediction-service\artifacts\fracture_v2\experiment5_localization\dataset\images\train\0330_0306002053_01_WRI-R1_M001.png,D:\projects\MediMind\ai-prediction-service\artifacts\fracture_v2\experiment5_localization\dataset\images\train\0330_0306002185_01_WRI-R2_M001.png,"[0.3796605, 0.666159, 0.5254235, 0.737805]","[0.3840705, 0.46374049999999994, 0.5274335, 0.5572514999999999]","[0.3816, 0.665, 0.5258, 0.7399]","[0.3879, 0.4668, 0.5254, 0.5644]",0.4011,0.5968,"[0.35275999999999996, 0.65002, 0.55464, 0.75488]","[0.36040000000000005, 0.44728, 0.5529, 0.58392]",20pct_expanded_or_full_fallback,0.9419,0.8644
0331_01_WRI-L,PAT_GRAZ_331,GRAZPEDWRI-DX,train,0,D:\projects\MediMind\ai-prediction-service\artifacts\fracture_v2\experiment5_localization\dataset\images\train\0331_0782138660_01_WRI-L1_M011.png,D:\projects\MediMind\ai-prediction-service\artifacts\fracture_v2\experiment5_localization\dataset\images\train\0331_0782138701_01_WRI-L2_M011.png,NONE,NONE,NONE,NONE,0.0,0.0,FULL_IMAGE,FULL_IMAGE,20pct_expanded_or_full_fallback,0.0,0.0
0332_01_WRI-R,PAT_GRAZ_332,GRAZPEDWRI-DX,train,1,D:\projects\MediMind\ai-prediction-service\artifacts\fracture_v2\experiment5_localization\dataset\images\train\0332_0254991689_01_WRI-R1_F008.png,D:\projects\MediMind\ai-prediction-service\artifacts\fracture_v2\experiment5_localization\dataset\images\train\0332_0254991716_01_WRI-R2_F008.png,"[0.3065575, 0.4538935, 0.5032785, 0.5215165]","[0.5145069999999999, 0.4704085, 0.711799, 0.5622455]","[0.298, 0.4508, 0.5067, 0.5236]","[0.5147, 0.491, 0.7095, 0.5569]",0.6029,0.8481,"[0.25626, 0.43623999999999996, 0.54844, 0.53816]","[0.47574000000000005, 0.47782, 0.74846, 0.5700799999999999]",20pct_expanded_or_full_fallback,0.8756,0.7085
0332_02_WRI-R,PAT_GRAZ_332,GRAZPEDWRI-DX,train,1,D:\projects\MediMind\ai-prediction-service\artifacts\fracture_v2\experiment5_localization\dataset\images\train\0332_0257410930_02_WRI-R1_F008.png,D:\projects\MediMind\ai-prediction-service\artifacts\fracture_v2\experiment5_localization\dataset\images\train\0332_0257410959_02_WRI-R2_F008.png,"[0.269956, 0.488776, 0.467344, 0.593878]","[0.3306615, 0.4670785, 0.5450905, 0.5504115]","[0.2762, 0.4954, 0.4664, 0.5857]","[0.3364, 0.474, 0.5559, 0.5545]",0.818,0.7845,"[0.23816, 0.47734, 0.50444, 0.60376]","[0.2925, 0.4579, 0.5997999999999999, 0.5706]",20pct_expanded_or_full_fallback,0.8279,0.8139
0334_01_WRI-L,PAT_GRAZ_334,GRAZPEDWRI-DX,train,0,D:\projects\MediMind\ai-prediction-service\artifacts\fracture_v2\experiment5_localization\dataset\images\train\0334_0925680039_01_WRI-L1_M014.png,D:\projects\MediMind\ai-prediction-service\artifacts\fracture_v2\experiment5_localization\dataset\images\train\0334_0925680081_01_WRI-L2_M014.png,NONE,NONE,NONE,NONE,0.0,0.0,FULL_IMAGE,FULL_IMAGE,20pct_expanded_or_full_fallback,0.0,0.0
0336_01_WRI-R,PAT_GRAZ_336,GRAZPEDWRI-DX,train,0,D:\projects\MediMind\ai-prediction-service\artifacts\fracture_v2\experiment5_localization\dataset\images\train\0336_1105608655_01_WRI-R1_F003.png,D:\projects\MediMind\ai-prediction-service\artifacts\fracture_v2\experiment5_localization\dataset\images\train\0336_1105608687_01_WRI-R2_F003.png,NONE,NONE,NONE,NONE,0.0,0.0,FULL_IMAGE,FULL_IMAGE,20pct_expanded_or_full_fallback,0.0,0.0
0339_01_WRI-R,PAT_GRAZ_339,GRAZPEDWRI-DX,train,0,D:\projects\MediMind\ai-prediction-service\artifacts\fracture_v2\experiment5_localization\dataset\images\train\0339_1056752527_01_WRI-R1_F009.png,D:\projects\MediMind\ai-prediction-service\artifacts\fracture_v2\experiment5_localization\dataset\images\train\0339_1056752597_01_WRI-R2_F009.png,NONE,NONE,NONE,NONE,0.0,0.0,FULL_IMAGE,FULL_IMAGE,20pct_expanded_or_full_fallback,0.0,0.0
0340_01_WRI-L,PAT_GRAZ_340,GRAZPEDWRI-DX,train,0,D:\projects\MediMind\ai-prediction-service\artifacts\fracture_v2\experiment5_localization\dataset\images\train\0340_0842481224_01_WRI-L1_M010.png,D:\projects\MediMind\ai-prediction-service\artifacts\fracture_v2\experiment5_localization\dataset\images\train\0340_0842481265_01_WRI-L2_M010.png,NONE,NONE,NONE,NONE,0.0,0.0,FULL_IMAGE,FULL_IMAGE,20pct_expanded_or_full_fallback,0.0,0.0
0341_01_WRI-L,PAT_GRAZ_341,GRAZPEDWRI-DX,train,1,D:\projects\MediMind\ai-prediction-service\artifacts\fracture_v2\experiment5_localization\dataset\images\train\0341_0322168048_01_WRI-L1_M016.png,D:\projects\MediMind\ai-prediction-service\artifacts\fracture_v2\experiment5_localization\dataset\images\train\0341_0322168147_01_WRI-L2_M016.png,NONE,"[0.252525, 0.42826349999999996, 0.671717, 0.5307445]",NONE,"[0.2426, 0.4237, 0.7101, 0.5279]",0.0,0.3382,FULL_IMAGE,"[0.1491, 0.40286, 0.8036, 0.54874]",20pct_expanded_or_full_fallback,0.0,0.8369
0344_01_WRI-L,PAT_GRAZ_344,GRAZPEDWRI-DX,train,0,D:\projects\MediMind\ai-prediction-service\artifacts\fracture_v2\experiment5_localization\dataset\images\train\0344_0975351782_01_WRI-L1_F012.png,D:\projects\MediMind\ai-prediction-service\artifacts\fracture_v2\experiment5_localization\dataset\images\train\0344_0975351811_01_WRI-L2_F012.png,NONE,NONE,NONE,NONE,0.0,0.0,FULL_IMAGE,FULL_IMAGE,20pct_expanded_or_full_fallback,0.0,0.0
0344_04_WRI-R,PAT_GRAZ_344,GRAZPEDWRI-DX,train,1,D:\projects\MediMind\ai-prediction-service\artifacts\fracture_v2\experiment5_localization\dataset\images\train\0344_1052562529_04_WRI-R1_F014.png,D:\projects\MediMind\ai-prediction-service\artifacts\fracture_v2\experiment5_localization\dataset\images\train\0344_1052562551_04_WRI-R2_F014.png,"[0.3333335, 0.49178600000000006, 0.6326864999999999, 0.577002]","[0.41425449999999997, 0.45621200000000006, 0.7550115, 0.54888]","[0.3313, 0.496, 0.635, 0.5801]","[0.4348, 0.4707, 0.7494, 0.5483]",0.4131,0.4326,"[0.27055999999999997, 0.47918, 0.69574, 0.5969199999999999]","[0.37188000000000004, 0.45518000000000003, 0.8123199999999999, 0.56382]",20pct_expanded_or_full_fallback,0.9047,0.7731
0345_01_WRI-L,PAT_GRAZ_345,GRAZPEDWRI-DX,train,1,D:\projects\MediMind\ai-prediction-service\artifacts\fracture_v2\experiment5_localization\dataset\images\train\0345_0648144791_01_WRI-L1_F004.png,D:\projects\MediMind\ai-prediction-service\artifacts\fracture_v2\experiment5_localization\dataset\images\train\0345_0648144946_01_WRI-L2_F004.png,"[0.48497899999999994, 0.668224, 0.708155, 0.7788160000000001]","[0.3723845, 0.46417449999999993, 0.5648535, 0.5545175]","[0.2373, 0.6885, 0.3843, 0.7566]","[0.3705, 0.4554, 0.5654, 0.5551]",0.7975,0.4578,"[0.20790000000000003, 0.67488, 0.41369999999999996, 0.77022]","[0.33152, 0.43546, 0.60438, 0.57504]",20pct_expanded_or_full_fallback,0.7733,0.8948
0346_01_WRI-L,PAT_GRAZ_346,GRAZPEDWRI-DX,train,1,D:\projects\MediMind\ai-prediction-service\artifacts\fracture_v2\experiment5_localization\dataset\images\train\0346_0518063729_01_WRI-L1_M009.png,D:\projects\MediMind\ai-prediction-service\artifacts\fracture_v2\experiment5_localization\dataset\images\train\0346_0518063764_01_WRI-L2_M009.png,"[0.43667, 0.436899, 0.706824, 0.527407]","[0.49922749999999994, 0.289215, 0.7251945, 0.34773299999999996]","[0.4365, 0.4271, 0.7117, 0.5346]","[0.4831, 0.2893, 0.742, 0.3548]",0.7406,0.6962,"[0.38146, 0.40559999999999996, 0.76674, 0.5560999999999999]","[0.43132, 0.2762, 0.79378, 0.3679]",20pct_expanded_or_full_fallback,0.8265,0.7777
0346_02_WRI-L,PAT_GRAZ_346,GRAZPEDWRI-DX,train,1,D:\projects\MediMind\ai-prediction-service\artifacts\fracture_v2\experiment5_localization\dataset\images\train\0346_0520824835_02_WRI-L1_M010.png,D:\projects\MediMind\ai-prediction-service\artifacts\fracture_v2\experiment5_localization\dataset\images\train\0346_0520824873_02_WRI-L2_M010.png,"[0.3903295, 0.511258, 0.5914865, 0.609548]","[0.3725495, 0.5224489999999999, 0.7254904999999999, 0.711225]","[0.3867, 0.514, 0.5834, 0.6212]","[0.4088, 0.5512, 0.7169, 0.6539]",0.6848,0.4641,"[0.34736, 0.49256, 0.6227400000000001, 0.64264]","[0.34718, 0.53066, 0.77852, 0.67444]",20pct_expanded_or_full_fallback,0.8232,0.4749
0348_01_WRI-L,PAT_GRAZ_348,GRAZPEDWRI-DX,train,1,D:\projects\MediMind\ai-prediction-service\artifacts\fracture_v2\experiment5_localization\dataset\images\train\0348_0720830290_01_WRI-L1_M007.png,D:\projects\MediMind\ai-prediction-service\artifacts\fracture_v2\experiment5_localization\dataset\images\train\0348_0720830321_01_WRI-L2_M007.png,"[0.39923200000000003, 0.594136, 0.635316, 0.6913579999999999]","[0.3195485, 0.7178845, 0.48684150000000004, 0.7921914999999999]","[0.3989, 0.5851, 0.6491, 0.6782]","[0.323, 0.7198, 0.4923, 0.7932]",0.3791,0.7091,"[0.34885999999999995, 0.56648, 0.69914, 0.69682]","[0.28914, 0.70512, 0.52616, 0.80788]",20pct_expanded_or_full_fallback,0.7517,0.9126
0349_01_WRI-L,PAT_GRAZ_349,GRAZPEDWRI-DX,train,1,D:\projects\MediMind\ai-prediction-service\artifacts\fracture_v2\experiment5_localization\dataset\images\train\0349_0526517839_01_WRI-L1_M015.png,D:\projects\MediMind\ai-prediction-service\artifacts\fracture_v2\experiment5_localization\dataset\images\train\0349_0526517897_01_WRI-L2_M015.png,NONE,"[0.2399995, 0.5130435, 0.6288885, 0.5826085000000001]",NONE,"[0.2537, 0.5072, 0.6306, 0.5826]",0.0,0.4083,FULL_IMAGE,"[0.17831999999999998, 0.49212, 0.70598, 0.59768]",20pct_expanded_or_full_fallback,0.0,0.8884
0350_01_WRI-L,PAT_GRAZ_350,GRAZPEDWRI-DX,train,0,D:\projects\MediMind\ai-prediction-service\artifacts\fracture_v2\experiment5_localization\dataset\images\train\0350_0947648686_01_WRI-L1_M015.png,D:\projects\MediMind\ai-prediction-service\artifacts\fracture_v2\experiment5_localization\dataset\images\train\0350_0947648719_01_WRI-L2_M015.png,NONE,NONE,NONE,NONE,0.0,0.0,FULL_IMAGE,FULL_IMAGE,20pct_expanded_or_full_fallback,0.0,0.0
0351_01_WRI-R,PAT_GRAZ_351,GRAZPEDWRI-DX,train,0,D:\projects\MediMind\ai-prediction-service\artifacts\fracture_v2\experiment5_localization\dataset\images\train\0351_0798024531_01_WRI-R1_M014.png,D:\projects\MediMind\ai-prediction-service\artifacts\fracture_v2\experiment5_localization\dataset\images\train\0351_0798024563_01_WRI-R2_M014.png,NONE,NONE,"[0.0303, 0.0633, 0.1671, 0.1277]",NONE,0.2314,0.0,"[0.002939999999999998, 0.05041999999999999, 0.19446, 0.14058]",FULL_IMAGE,20pct_expanded_or_full_fallback,0.0,0.0
0352_01_WRI-R,PAT_GRAZ_352,GRAZPEDWRI-DX,train,0,D:\projects\MediMind\ai-prediction-service\artifacts\fracture_v2\experiment5_localization\dataset\images\train\0352_0108899736_01_WRI-R1_F009.png,D:\projects\MediMind\ai-prediction-service\artifacts\fracture_v2\experiment5_localization\dataset\images\train\0352_0108899766_01_WRI-R2_F009.png,NONE,NONE,NONE,NONE,0.0,0.0,FULL_IMAGE,FULL_IMAGE,20pct_expanded_or_full_fallback,0.0,0.0
0354_01_WRI-R,PAT_GRAZ_354,GRAZPEDWRI-DX,train,0,D:\projects\MediMind\ai-prediction-service\artifacts\fracture_v2\experiment5_localization\dataset\images\train\0354_0544727691_01_WRI-R1_M017.png,D:\projects\MediMind\ai-prediction-service\artifacts\fracture_v2\experiment5_localization\dataset\images\train\0354_0544727720_01_WRI-R2_M017.png,NONE,NONE,NONE,NONE,0.0,0.0,FULL_IMAGE,FULL_IMAGE,20pct_expanded_or_full_fallback,0.0,0.0
0355_01_WRI-R,PAT_GRAZ_355,GRAZPEDWRI-DX,train,1,D:\projects\MediMind\ai-prediction-service\artifacts\fracture_v2\experiment5_localization\dataset\images\train\0355_1178426709_01_WRI-R1_M014.png,D:\projects\MediMind\ai-prediction-service\artifacts\fracture_v2\experiment5_localization\dataset\images\train\0355_1178426741_01_WRI-R2_M014.png,NONE,"[0.406736, 0.464789, 0.829016, 0.530181]",NONE,NONE,0.0,0.0,FULL_IMAGE,FULL_IMAGE,20pct_expanded_or_full_fallback,0.0,0.0
0356_01_WRI-R,PAT_GRAZ_356,GRAZPEDWRI-DX,train,1,D:\projects\MediMind\ai-prediction-service\artifacts\fracture_v2\experiment5_localization\dataset\images\train\0356_0646137115_01_WRI-R1_F007.png,D:\projects\MediMind\ai-prediction-service\artifacts\fracture_v2\experiment5_localization\dataset\images\train\0356_0646137074_01_WRI-R2_F007.png,"[0.339286, 0.431925, 0.514286, 0.496479]","[0.48178099999999996, 0.43000000000000005, 0.6477729999999999, 0.495]","[0.3414, 0.4286, 0.5218, 0.5098]","[0.4772, 0.4266, 0.6522, 0.4855]",0.6953,0.6501,"[0.30532, 0.41235999999999995, 0.55788, 0.5260400000000001]","[0.44220000000000004, 0.41481999999999997, 0.6872, 0.49728]",20pct_expanded_or_full_fallback,0.7549,0.7752
0356_02_WRI-R,PAT_GRAZ_356,GRAZPEDWRI-DX,train,1,D:\projects\MediMind\ai-prediction-service\artifacts\fracture_v2\experiment5_localization\dataset\images\train\0356_0646902368_02_WRI-R1_F007.png,D:\projects\MediMind\ai-prediction-service\artifacts\fracture_v2\experiment5_localization\dataset\images\train\0356_0646902292_02_WRI-R2_F007.png,"[0.3256755, 0.329569, 0.46621650000000003, 0.39117100000000005]","[0.44703350000000003, 0.3794815, 0.6398305, 0.4292825]","[0.321, 0.3309, 0.4719, 0.4017]","[0.4468, 0.3747, 0.6372, 0.4337]",0.432,0.498,"[0.29082, 0.31674, 0.50208, 0.41586]","[0.40871999999999997, 0.3629, 0.67528, 0.44549999999999995]",20pct_expanded_or_full_fallback,0.7792,0.8333
0356_03_WRI-R,PAT_GRAZ_356,GRAZPEDWRI-DX,train,1,D:\projects\MediMind\ai-prediction-service\artifacts\fracture_v2\experiment5_localization\dataset\images\train\0356_0648274941_03_WRI-R1_F007.png,D:\projects\MediMind\ai-prediction-service\artifacts\fracture_v2\experiment5_localization\dataset\images\train\0356_0648274997_03_WRI-R2_F007.png,"[0.6009279999999999, 0.52349, 0.774942, 0.610738]","[0.394322, 0.4965355, 0.6466879999999999, 0.5635105]","[0.2499, 0.5202, 0.4954, 0.6188]","[0.3858, 0.4878, 0.6412, 0.5558]",0.6611,0.4551,"[0.2008, 0.50048, 0.5445, 0.63852]","[0.33471999999999996, 0.4742, 0.69228, 0.5693999999999999]",20pct_expanded_or_full_fallback,0.7756,0.745
0361_01_WRI-L,PAT_GRAZ_361,GRAZPEDWRI-DX,train,0,D:\projects\MediMind\ai-prediction-service\artifacts\fracture_v2\experiment5_localization\dataset\images\train\0361_0840784321_01_WRI-L1_F013.png,D:\projects\MediMind\ai-prediction-service\artifacts\fracture_v2\experiment5_localization\dataset\images\train\0361_0840784340_01_WRI-L2_F013.png,NONE,NONE,NONE,NONE,0.0,0.0,FULL_IMAGE,FULL_IMAGE,20pct_expanded_or_full_fallback,0.0,0.0
0363_01_WRI-L,PAT_GRAZ_363,GRAZPEDWRI-DX,train,0,D:\projects\MediMind\ai-prediction-service\artifacts\fracture_v2\experiment5_localization\dataset\images\train\0363_0770982232_01_WRI-L1_M014.png,D:\projects\MediMind\ai-prediction-service\artifacts\fracture_v2\experiment5_localization\dataset\images\train\0363_0770982289_01_WRI-L2_M014.png,NONE,NONE,NONE,"[0.2601, 0.5237, 0.5352, 0.6041]",0.0,0.3995,FULL_IMAGE,"[0.20507999999999998, 0.5076200000000001, 0.59022, 0.62018]",20pct_expanded_or_full_fallback,0.0,0.0
0365_01_WRI-L,PAT_GRAZ_365,GRAZPEDWRI-DX,train,1,D:\projects\MediMind\ai-prediction-service\artifacts\fracture_v2\experiment5_localization\dataset\images\train\0365_1154666504_01_WRI-L1_M013.png,D:\projects\MediMind\ai-prediction-service\artifacts\fracture_v2\experiment5_localization\dataset\images\train\0365_1154666549_01_WRI-L2_M013.png,NONE,"[0.2365145, 0.52073, 0.5892115, 0.5754560000000001]",NONE,NONE,0.0,0.0,FULL_IMAGE,FULL_IMAGE,20pct_expanded_or_full_fallback,0.0,0.0
0365_02_WRI-R,PAT_GRAZ_365,GRAZPEDWRI-DX,train,1,D:\projects\MediMind\ai-prediction-service\artifacts\fracture_v2\experiment5_localization\dataset\images\train\0365_1256861054_02_WRI-R1_M016.png,D:\projects\MediMind\ai-prediction-service\artifacts\fracture_v2\experiment5_localization\dataset\images\train\0365_1256861091_02_WRI-R2_M016.png,NONE,"[0.495463, 0.47530900000000004, 0.771325, 0.5476190000000001]",NONE,NONE,0.0,0.0,FULL_IMAGE,FULL_IMAGE,20pct_expanded_or_full_fallback,0.0,0.0
0366_01_WRI-R,PAT_GRAZ_366,GRAZPEDWRI-DX,train,0,D:\projects\MediMind\ai-prediction-service\artifacts\fracture_v2\experiment5_localization\dataset\images\train\0366_0554015133_01_WRI-R1_F012.png,D:\projects\MediMind\ai-prediction-service\artifacts\fracture_v2\experiment5_localization\dataset\images\train\0366_0554015171_01_WRI-R2_F012.png,NONE,NONE,NONE,NONE,0.0,0.0,FULL_IMAGE,FULL_IMAGE,20pct_expanded_or_full_fallback,0.0,0.0
0367_01_WRI-L,PAT_GRAZ_367,GRAZPEDWRI-DX,train,1,D:\projects\MediMind\ai-prediction-service\artifacts\fracture_v2\experiment5_localization\dataset\images\train\0367_1063849992_01_WRI-L1_M006.png,D:\projects\MediMind\ai-prediction-service\artifacts\fracture_v2\experiment5_localization\dataset\images\train\0367_1063849957_01_WRI-L2_M006.png,"[0.33227850000000003, 0.4525405, 0.5332275, 0.5436235]","[0.49452500000000005, 0.48126499999999994, 0.667883, 0.546839]","[0.3326, 0.4536, 0.5416, 0.5406]","[0.4901, 0.4744, 0.6795, 0.5582]",0.789,0.7388,"[0.2908, 0.43620000000000003, 0.5833999999999999, 0.5579999999999999]","[0.45221999999999996, 0.45764, 0.71738, 0.57496]",20pct_expanded_or_full_fallback,0.9171,0.7162
0369_01_WRI-L,PAT_GRAZ_369,GRAZPEDWRI-DX,train,0,D:\projects\MediMind\ai-prediction-service\artifacts\fracture_v2\experiment5_localization\dataset\images\train\0369_0253783384_01_WRI-L1_F011.png,D:\projects\MediMind\ai-prediction-service\artifacts\fracture_v2\experiment5_localization\dataset\images\train\0369_0253783414_01_WRI-L2_F011.png,NONE,NONE,NONE,NONE,0.0,0.0,FULL_IMAGE,FULL_IMAGE,20pct_expanded_or_full_fallback,0.0,0.0
0370_01_WRI-R,PAT_GRAZ_370,GRAZPEDWRI-DX,train,0,D:\projects\MediMind\ai-prediction-service\artifacts\fracture_v2\experiment5_localization\dataset\images\train\0370_0378843659_01_WRI-R1_F013.png,D:\projects\MediMind\ai-prediction-service\artifacts\fracture_v2\experiment5_localization\dataset\images\train\0370_0378843717_01_WRI-R2_F013.png,NONE,NONE,"[0.4259, 0.0048, 0.5907, 0.0835]",NONE,0.2253,0.0,"[0.39294, 0.0, 0.62366, 0.09924000000000001]",FULL_IMAGE,20pct_expanded_or_full_fallback,0.0,0.0
0371_01_WRI-L,PAT_GRAZ_371,GRAZPEDWRI-DX,train,1,D:\projects\MediMind\ai-prediction-service\artifacts\fracture_v2\experiment5_localization\dataset\images\train\0371_0783780000_01_WRI-L1_F010.png,D:\projects\MediMind\ai-prediction-service\artifacts\fracture_v2\experiment5_localization\dataset\images\train\0371_0783780040_01_WRI-L2_F010.png,"[0.4503935, 0.5025860000000001, 0.6677164999999999, 0.55862]","[0.332399, 0.520221, 0.546387, 0.571105]","[0.4521, 0.4944, 0.6645, 0.5567]","[0.3335, 0.5106, 0.558, 0.5683]",0.5903,0.7652,"[0.40962, 0.48194000000000004, 0.7069799999999999, 0.56916]","[0.2886, 0.49906000000000006, 0.6029000000000001, 0.57984]",20pct_expanded_or_full_fallback,0.8259,0.7522
0371_02_WRI-L,PAT_GRAZ_371,GRAZPEDWRI-DX,train,0,D:\projects\MediMind\ai-prediction-service\artifacts\fracture_v2\experiment5_localization\dataset\images\train\0371_0882344902_02_WRI-L1_F013.png,D:\projects\MediMind\ai-prediction-service\artifacts\fracture_v2\experiment5_localization\dataset\images\train\0371_0882344866_02_WRI-L2_F013.png,NONE,NONE,NONE,NONE,0.0,0.0,FULL_IMAGE,FULL_IMAGE,20pct_expanded_or_full_fallback,0.0,0.0
0374_01_WRI-L,PAT_GRAZ_374,GRAZPEDWRI-DX,train,1,D:\projects\MediMind\ai-prediction-service\artifacts\fracture_v2\experiment5_localization\dataset\images\train\0374_1217751661_01_WRI-L1_F011.png,D:\projects\MediMind\ai-prediction-service\artifacts\fracture_v2\experiment5_localization\dataset\images\train\0374_1217751706_01_WRI-L2_F011.png,NONE,"[0.24891799999999997, 0.37903200000000004, 0.52381, 0.4447]",NONE,"[0.2522, 0.3809, 0.5164, 0.4559]",0.0,0.4895,FULL_IMAGE,"[0.19935999999999998, 0.3659, 0.56924, 0.47090000000000004]",20pct_expanded_or_full_fallback,0.0,0.8023
0376_01_WRI-L,PAT_GRAZ_376,GRAZPEDWRI-DX,train,1,D:\projects\MediMind\ai-prediction-service\artifacts\fracture_v2\experiment5_localization\dataset\images\train\0376_0893662292_01_WRI-L1_M012.png,D:\projects\MediMind\ai-prediction-service\artifacts\fracture_v2\experiment5_localization\dataset\images\train\0376_0893662336_01_WRI-L2_M012.png,"[0.47619050000000007, 0.535826, 0.7142855, 0.635514]","[0.40265549999999994, 0.466196, 0.7168145, 0.6004039999999999]","[0.4726, 0.5401, 0.7157, 0.6425]","[0.4035, 0.5111, 0.7126, 0.6014]",0.6409,0.4858,"[0.42398, 0.5196200000000001, 0.76432, 0.6629799999999999]","[0.34168000000000004, 0.49304, 0.77442, 0.61946]",20pct_expanded_or_full_fallback,0.8768,0.65
0377_01_WRI-L,PAT_GRAZ_377,GRAZPEDWRI-DX,train,1,D:\projects\MediMind\ai-prediction-service\artifacts\fracture_v2\experiment5_localization\dataset\images\train\0377_0192425604_01_WRI-L1_F006.png,D:\projects\MediMind\ai-prediction-service\artifacts\fracture_v2\experiment5_localization\dataset\images\train\0377_0192425623_01_WRI-L2_F006.png,"[0.489397, 0.42407849999999997, 0.704731, 0.4989155]","[0.44576499999999997, 0.2942205, 0.601783, 0.35288949999999997]","[0.4903, 0.4189, 0.7051, 0.4927]","[0.4486, 0.2923, 0.6091, 0.3534]",0.7711,0.7125,"[0.44734, 0.40414, 0.74806, 0.50746]","[0.4165, 0.28008, 0.6412, 0.36562]",20pct_expanded_or_full_fallback,0.8529,0.9012
0378_01_WRI-L,PAT_GRAZ_378,GRAZPEDWRI-DX,train,1,D:\projects\MediMind\ai-prediction-service\artifacts\fracture_v2\experiment5_localization\dataset\images\train\0378_0752340761_01_WRI-L1_F013.png,D:\projects\MediMind\ai-prediction-service\artifacts\fracture_v2\experiment5_localization\dataset\images\train\0378_0752340848_01_WRI-L2_F013.png,"[0.5098315, 0.6163230000000001, 0.7443825, 0.724203]","[0.24916950000000002, 0.565353, 0.5365445, 0.720955]","[0.4994, 0.6126, 0.7489, 0.7196]","[0.2474, 0.5592, 0.5398, 0.7074]",0.3962,0.5253,"[0.4495, 0.5912000000000001, 0.7988, 0.741]","[0.18892000000000003, 0.52956, 0.5982799999999999, 0.73704]",20pct_expanded_or_full_fallback,0.8721,0.8643
0378_02_WRI-L,PAT_GRAZ_378,GRAZPEDWRI-DX,train,1,D:\projects\MediMind\ai-prediction-service\artifacts\fracture_v2\experiment5_localization\dataset\images\train\0378_0753639905_02_WRI-L1_F013.png,D:\projects\MediMind\ai-prediction-service\artifacts\fracture_v2\experiment5_localization\dataset\images\train\0378_0753639987_02_WRI-L2_F013.png,"[0.21428550000000002, 0.3433095, 0.2978725, 0.3961265]","[0.21797750000000002, 0.328326, 0.6314605, 0.44206]","[0.4949, 0.5977, 0.6536, 0.6677]","[0.2937, 0.3635, 0.6034, 0.4414]",0.547,0.36,"[0.46316, 0.5837, 0.68534, 0.6817]","[0.23176000000000002, 0.34792, 0.66534, 0.45698]",20pct_expanded_or_full_fallback,0.0,0.513
0378_03_WRI-L,PAT_GRAZ_378,GRAZPEDWRI-DX,train,1,D:\projects\MediMind\ai-prediction-service\artifacts\fracture_v2\experiment5_localization\dataset\images\train\0378_0754437037_03_WRI-L1_F013.png,D:\projects\MediMind\ai-prediction-service\artifacts\fracture_v2\experiment5_localization\dataset\images\train\0378_0754437117_03_WRI-L2_F013.png,"[0.444649, 0.4667265, 0.752767, 0.5881295]","[0.3443394999999999, 0.4206345, 0.7240565, 0.5585315]","[0.4453, 0.4707, 0.7598, 0.5702]","[0.3623, 0.4609, 0.693, 0.5499]",0.6088,0.5324,"[0.38239999999999996, 0.4508, 0.8227, 0.5901000000000001]","[0.29616000000000003, 0.44309999999999994, 0.7591399999999999, 0.5677000000000001]",20pct_expanded_or_full_fallback,0.8028,0.5621
0378_04_WRI-L,PAT_GRAZ_378,GRAZPEDWRI-DX,train,1,D:\projects\MediMind\ai-prediction-service\artifacts\fracture_v2\experiment5_localization\dataset\images\train\0378_0755185638_04_WRI-L1_F013.png,D:\projects\MediMind\ai-prediction-service\artifacts\fracture_v2\experiment5_localization\dataset\images\train\0378_0755185668_04_WRI-L2_F013.png,"[0.4959675, 0.42461800000000005, 0.8205645, 0.55916]","[0.3460615, 0.432629, 0.7275305000000001, 0.547795]","[0.183, 0.3531, 0.3107, 0.412]","[0.3786, 0.4676, 0.6996, 0.5451]",0.5512,0.441,"[0.15746, 0.34132, 0.33624, 0.42378]","[0.3144, 0.4521, 0.7638, 0.5606]",20pct_expanded_or_full_fallback,0.9029,0.5663
0378_05_WRI-L,PAT_GRAZ_378,GRAZPEDWRI-DX,train,1,D:\projects\MediMind\ai-prediction-service\artifacts\fracture_v2\experiment5_localization\dataset\images\train\0378_0759433188_05_WRI-L1_F013.png,D:\projects\MediMind\ai-prediction-service\artifacts\fracture_v2\experiment5_localization\dataset\images\train\0378_0759433213_05_WRI-L2_F013.png,"[0.416578, 0.496787, 0.7023039999999999, 0.601161]","[0.32199599999999995, 0.47748549999999995, 0.639456, 0.5975604999999999]","[0.1407, 0.3783, 0.2598, 0.441]","[0.3294, 0.4964, 0.6188, 0.5798]",0.6969,0.4359,"[0.11688, 0.36576000000000003, 0.28362, 0.45354]","[0.27152000000000004, 0.47972000000000004, 0.6766800000000001, 0.59648]",20pct_expanded_or_full_fallback,0.7215,0.6332
0379_01_WRI-L,PAT_GRAZ_379,GRAZPEDWRI-DX,train,0,D:\projects\MediMind\ai-prediction-service\artifacts\fracture_v2\experiment5_localization\dataset\images\train\0379_1244589425_01_WRI-L1_F007.png,D:\projects\MediMind\ai-prediction-service\artifacts\fracture_v2\experiment5_localization\dataset\images\train\0379_1244589450_01_WRI-L2_F007.png,NONE,NONE,NONE,NONE,0.0,0.0,FULL_IMAGE,FULL_IMAGE,20pct_expanded_or_full_fallback,0.0,0.0
0380_01_WRI-L,PAT_GRAZ_380,GRAZPEDWRI-DX,train,0,D:\projects\MediMind\ai-prediction-service\artifacts\fracture_v2\experiment5_localization\dataset\images\train\0380_0297671376_01_WRI-L1_M010.png,D:\projects\MediMind\ai-prediction-service\artifacts\fracture_v2\experiment5_localization\dataset\images\train\0380_0297671408_01_WRI-L2_M010.png,NONE,NONE,NONE,NONE,0.0,0.0,FULL_IMAGE,FULL_IMAGE,20pct_expanded_or_full_fallback,0.0,0.0
0382_01_WRI-L,PAT_GRAZ_382,GRAZPEDWRI-DX,train,0,D:\projects\MediMind\ai-prediction-service\artifacts\fracture_v2\experiment5_localization\dataset\images\train\0382_0757431091_01_WRI-L1_F012.png,D:\projects\MediMind\ai-prediction-service\artifacts\fracture_v2\experiment5_localization\dataset\images\train\0382_0757431114_01_WRI-L2_F012.png,NONE,NONE,NONE,NONE,0.0,0.0,FULL_IMAGE,FULL_IMAGE,20pct_expanded_or_full_fallback,0.0,0.0
0384_01_WRI-L,PAT_GRAZ_384,GRAZPEDWRI-DX,train,1,D:\projects\MediMind\ai-prediction-service\artifacts\fracture_v2\experiment5_localization\dataset\images\train\0384_0780430473_01_WRI-L1_F004.png,D:\projects\MediMind\ai-prediction-service\artifacts\fracture_v2\experiment5_localization\dataset\images\train\0384_0780430508_01_WRI-L2_F004.png,"[0.447368, 0.5268815, 0.6680159999999999, 0.6102145000000001]","[0.326984, 0.5675290000000001, 0.622222, 0.666667]","[0.4469, 0.5301, 0.6731, 0.6068]","[0.3246, 0.579, 0.623, 0.663]",0.7276,0.7465,"[0.40166, 0.51476, 0.71834, 0.62214]","[0.26492, 0.5621999999999999, 0.68268, 0.6798000000000001]",20pct_expanded_or_full_fallback,0.8996,0.8397
0387_01_WRI-R,PAT_GRAZ_387,GRAZPEDWRI-DX,train,0,D:\projects\MediMind\ai-prediction-service\artifacts\fracture_v2\experiment5_localization\dataset\images\train\0387_0948727263_01_WRI-R1_M012.png,D:\projects\MediMind\ai-prediction-service\artifacts\fracture_v2\experiment5_localization\dataset\images\train\0387_0948727280_01_WRI-R2_M012.png,NONE,NONE,NONE,NONE,0.0,0.0,FULL_IMAGE,FULL_IMAGE,20pct_expanded_or_full_fallback,0.0,0.0
0388_01_WRI-L,PAT_GRAZ_388,GRAZPEDWRI-DX,train,0,D:\projects\MediMind\ai-prediction-service\artifacts\fracture_v2\experiment5_localization\dataset\images\train\0388_0852222110_01_WRI-L1_M002.png,D:\projects\MediMind\ai-prediction-service\artifacts\fracture_v2\experiment5_localization\dataset\images\train\0388_0852222173_01_WRI-L2_M002.png,NONE,NONE,"[0.4504, 0.4872, 0.6333, 0.5572]",NONE,0.3116,0.0,"[0.41382, 0.4732, 0.6698799999999999, 0.5712]",FULL_IMAGE,20pct_expanded_or_full_fallback,0.0,0.0
0389_01_WRI-L,PAT_GRAZ_389,GRAZPEDWRI-DX,train,1,D:\projects\MediMind\ai-prediction-service\artifacts\fracture_v2\experiment5_localization\dataset\images\train\0389_1176702660_01_WRI-L1_M012.png,D:\projects\MediMind\ai-prediction-service\artifacts\fracture_v2\experiment5_localization\dataset\images\train\0389_1176702739_01_WRI-L2_M012.png,"[0.38301050000000003, 0.5074465, 0.6348735, 0.6244675000000001]","[0.218527, 0.46767299999999995, 0.522565, 0.5765089999999999]","[0.3848, 0.5092, 0.6363, 0.6169]","[0.2182, 0.4635, 0.514, 0.5718]",0.6756,0.5578,"[0.33449999999999996, 0.48766, 0.6866, 0.63844]","[0.15904000000000001, 0.44184, 0.57316, 0.59346]",20pct_expanded_or_full_fallback,0.9091,0.8955
0391_01_WRI-L,PAT_GRAZ_391,GRAZPEDWRI-DX,train,1,D:\projects\MediMind\ai-prediction-service\artifacts\fracture_v2\experiment5_localization\dataset\images\train\0391_0714864135_01_WRI-L1_M015.png,D:\projects\MediMind\ai-prediction-service\artifacts\fracture_v2\experiment5_localization\dataset\images\train\0391_0714864185_01_WRI-L2_M015.png,"[0.414562, 0.46792400000000006, 0.717682, 0.5839620000000001]","[0.3043485, 0.4058505, 0.6195655, 0.5612435]","[0.4164, 0.4903, 0.719, 0.5936]",NONE,0.4022,0.0,"[0.35588, 0.46964, 0.77952, 0.61426]",FULL_IMAGE,20pct_expanded_or_full_fallback,0.7385,0.0
0391_02_WRI-L,PAT_GRAZ_391,GRAZPEDWRI-DX,train,1,D:\projects\MediMind\ai-prediction-service\artifacts\fracture_v2\experiment5_localization\dataset\images\train\0391_0715457466_02_WRI-L1_M015.png,D:\projects\MediMind\ai-prediction-service\artifacts\fracture_v2\experiment5_localization\dataset\images\train\0391_0715457538_02_WRI-L2_M015.png,"[0.1538465, 0.4933155, 0.25703550000000003, 0.5668445]","[0.14742000000000002, 0.48780450000000003, 0.579852, 0.7088415]","[0.4385, 0.6374, 0.7973, 0.7753]","[0.1525, 0.5367, 0.5759, 0.7004]",0.5667,0.4084,"[0.36674, 0.6098199999999999, 0.86906, 0.80288]","[0.06781999999999999, 0.50396, 0.66058, 0.73314]",20pct_expanded_or_full_fallback,0.5641,0.7251
0392_02_WRI-L,PAT_GRAZ_392,GRAZPEDWRI-DX,train,1,D:\projects\MediMind\ai-prediction-service\artifacts\fracture_v2\experiment5_localization\dataset\images\train\0392_0799806077_02_WRI-L1_M008.png,D:\projects\MediMind\ai-prediction-service\artifacts\fracture_v2\experiment5_localization\dataset\images\train\0392_0799806124_02_WRI-L2_M008.png,"[0.49146799999999996, 0.6176870000000001, 0.7184299999999999, 0.711565]","[0.24890850000000003, 0.514124, 0.4454155, 0.582862]","[0.5055, 0.6144, 0.7208, 0.7177]","[0.2502, 0.5192, 0.4435, 0.5819]",0.7455,0.628,"[0.46243999999999996, 0.5937399999999999, 0.76386, 0.73836]","[0.21153999999999998, 0.50666, 0.48216000000000003, 0.59444]",20pct_expanded_or_full_fallback,0.8485,0.8973
0392_03_WRI-L,PAT_GRAZ_392,GRAZPEDWRI-DX,train,1,D:\projects\MediMind\ai-prediction-service\artifacts\fracture_v2\experiment5_localization\dataset\images\train\0392_0800408356_03_WRI-L1_M008.png,D:\projects\MediMind\ai-prediction-service\artifacts\fracture_v2\experiment5_localization\dataset\images\train\0392_0800408398_03_WRI-L2_M008.png,"[0.40869600000000006, 0.5583125, 0.64, 0.6563275]","[0.29213500000000003, 0.5648585, 0.503371, 0.6379715]","[0.4107, 0.5541, 0.6444, 0.6494]","[0.303, 0.5584, 0.5145, 0.648]",0.7069,0.52,"[0.36396, 0.5350400000000001, 0.69114, 0.6684599999999999]","[0.2607, 0.54048, 0.5568, 0.6659200000000001]",20pct_expanded_or_full_fallback,0.8682,0.742
0392_04_WRI-L,PAT_GRAZ_392,GRAZPEDWRI-DX,train,1,D:\projects\MediMind\ai-prediction-service\artifacts\fracture_v2\experiment5_localization\dataset\images\train\0392_0801867858_04_WRI-L1_M008.png,D:\projects\MediMind\ai-prediction-service\artifacts\fracture_v2\experiment5_localization\dataset\images\train\0392_0801867889_04_WRI-L2_M008.png,"[0.41353399999999996, 0.49364800000000003, 0.6541359999999999, 0.571688]","[0.45507849999999994, 0.4516395, 0.6484375, 0.5295085]","[0.4071, 0.4909, 0.661, 0.5758]","[0.4471, 0.4531, 0.656, 0.5241]",0.8114,0.7715,"[0.35632, 0.47392, 0.7117800000000001, 0.59278]","[0.40532, 0.4389, 0.6977800000000001, 0.5383]",20pct_expanded_or_full_fallback,0.8711,0.8495
0393_01_WRI-L,PAT_GRAZ_393,GRAZPEDWRI-DX,train,0,D:\projects\MediMind\ai-prediction-service\artifacts\fracture_v2\experiment5_localization\dataset\images\train\0393_0386035498_01_WRI-L1_F003.png,D:\projects\MediMind\ai-prediction-service\artifacts\fracture_v2\experiment5_localization\dataset\images\train\0393_0386035541_01_WRI-L2_F003.png,NONE,NONE,"[0.2638, 0.4884, 0.3737, 0.55]","[0.4165, 0.4419, 0.6088, 0.5041]",0.3688,0.2052,"[0.24181999999999998, 0.47608, 0.39568, 0.56232]","[0.37804, 0.42946, 0.6472600000000001, 0.51654]",20pct_expanded_or_full_fallback,0.0,0.0
0394_01_WRI-L,PAT_GRAZ_394,GRAZPEDWRI-DX,train,1,D:\projects\MediMind\ai-prediction-service\artifacts\fracture_v2\experiment5_localization\dataset\images\train\0394_0754294748_01_WRI-L1_M015.png,D:\projects\MediMind\ai-prediction-service\artifacts\fracture_v2\experiment5_localization\dataset\images\train\0394_0754294821_01_WRI-L2_M015.png,"[0.2685565, 0.35151099999999996, 0.5560055, 0.412615]","[0.24710400000000002, 0.369251, 0.48133800000000004, 0.42641300000000004]","[0.2627, 0.3516, 0.5572, 0.4265]","[0.2488, 0.3619, 0.4773, 0.4331]",0.458,0.6163,"[0.20379999999999998, 0.33662000000000003, 0.6161000000000001, 0.44148]","[0.2031, 0.34766, 0.523, 0.44733999999999996]",20pct_expanded_or_full_fallback,0.7942,0.787
0394_04_WRI-L,PAT_GRAZ_394,GRAZPEDWRI-DX,train,1,D:\projects\MediMind\ai-prediction-service\artifacts\fracture_v2\experiment5_localization\dataset\images\train\0394_0755158386_04_WRI-L1_M015.png,D:\projects\MediMind\ai-prediction-service\artifacts\fracture_v2\experiment5_localization\dataset\images\train\0394_0755158483_04_WRI-L2_M015.png,"[0.423034, 0.548093, 0.68217, 0.640133]","[0.327169, 0.47460300000000005, 0.5675669999999999, 0.5388890000000001]","[0.4251, 0.5489, 0.6626, 0.639]","[0.3417, 0.4716, 0.5766, 0.5562]",0.5577,0.6375,"[0.3776, 0.53088, 0.7101, 0.65702]","[0.29472, 0.45468000000000003, 0.62358, 0.5731200000000001]",20pct_expanded_or_full_fallback,0.8972,0.6979
0395_01_WRI-R,PAT_GRAZ_395,GRAZPEDWRI-DX,train,1,D:\projects\MediMind\ai-prediction-service\artifacts\fracture_v2\experiment5_localization\dataset\images\train\0395_0929272725_01_WRI-R1_F014.png,D:\projects\MediMind\ai-prediction-service\artifacts\fracture_v2\experiment5_localization\dataset\images\train\0395_0929272749_01_WRI-R2_F014.png,"[0.7132080000000001, 0.377139, 0.837736, 0.42379500000000003]","[0.345815, 0.40583800000000003, 0.654185, 0.483992]",NONE,NONE,0.0,0.0,FULL_IMAGE,FULL_IMAGE,20pct_expanded_or_full_fallback,0.0,0.0
0397_01_WRI-L,PAT_GRAZ_397,GRAZPEDWRI-DX,train,1,D:\projects\MediMind\ai-prediction-service\artifacts\fracture_v2\experiment5_localization\dataset\images\train\0397_0512488028_01_WRI-L1_F008.png,D:\projects\MediMind\ai-prediction-service\artifacts\fracture_v2\experiment5_localization\dataset\images\train\0397_0512488068_01_WRI-L2_F008.png,"[0.41040449999999995, 0.49495, 0.7283235, 0.604798]","[0.3179575, 0.367925, 0.5584845, 0.479953]","[0.2013, 0.5497, 0.3539, 0.6043]","[0.3148, 0.3673, 0.5704, 0.4811]",0.2069,0.4453,"[0.17078000000000002, 0.5387799999999999, 0.38442, 0.61522]","[0.26368, 0.34454, 0.6215200000000001, 0.50386]",20pct_expanded_or_full_fallback,0.4977,0.9264
0397_04_WRI-L,PAT_GRAZ_397,GRAZPEDWRI-DX,train,1,D:\projects\MediMind\ai-prediction-service\artifacts\fracture_v2\experiment5_localization\dataset\images\train\0397_0514792096_04_WRI-L1_F008.png,D:\projects\MediMind\ai-prediction-service\artifacts\fracture_v2\experiment5_localization\dataset\images\train\0397_0514792184_04_WRI-L2_F008.png,"[0.16256199999999998, 0.30325450000000004, 0.344828, 0.3920115]","[0.14330199999999998, 0.414414, 0.601246, 0.546546]",NONE,"[0.1438, 0.4062, 0.617, 0.5482]",0.0,0.3708,FULL_IMAGE,"[0.04916000000000001, 0.3778, 0.71164, 0.5766]",20pct_expanded_or_full_fallback,0.0,0.8986
0398_01_WRI-L,PAT_GRAZ_398,GRAZPEDWRI-DX,train,0,D:\projects\MediMind\ai-prediction-service\artifacts\fracture_v2\experiment5_localization\dataset\images\train\0398_0480710639_01_WRI-L1_M011.png,D:\projects\MediMind\ai-prediction-service\artifacts\fracture_v2\experiment5_localization\dataset\images\train\0398_0480710694_01_WRI-L2_M011.png,NONE,NONE,"[0.2001, 0.08, 0.3889, 0.1537]",NONE,0.2474,0.0,"[0.16233999999999998, 0.06526, 0.42666000000000004, 0.16844]",FULL_IMAGE,20pct_expanded_or_full_fallback,0.0,0.0
0400_01_WRI-R,PAT_GRAZ_400,GRAZPEDWRI-DX,train,1,D:\projects\MediMind\ai-prediction-service\artifacts\fracture_v2\experiment5_localization\dataset\images\train\0400_0424607172_01_WRI-R1_M011.png,D:\projects\MediMind\ai-prediction-service\artifacts\fracture_v2\experiment5_localization\dataset\images\train\0400_0424607265_01_WRI-R2_M011.png,"[0.313305, 0.6277055, 0.538627, 0.8917744999999999]","[0.4539475, 0.5662655000000001, 0.7017545000000001, 0.9915665]","[0.3054, 0.5478, 0.5343, 0.6503]","[0.4634, 0.5873, 0.6989, 0.7045]",0.5514,0.4608,"[0.25962, 0.5273, 0.58008, 0.6708]","[0.4163, 0.56386, 0.746, 0.72794]",20pct_expanded_or_full_fallback,0.064,0.2619
0401_01_WRI-L,PAT_GRAZ_401,GRAZPEDWRI-DX,train,0,D:\projects\MediMind\ai-prediction-service\artifacts\fracture_v2\experiment5_localization\dataset\images\train\0401_1167768120_01_WRI-L1_M010.png,D:\projects\MediMind\ai-prediction-service\artifacts\fracture_v2\experiment5_localization\dataset\images\train\0401_1167768154_01_WRI-L2_M010.png,NONE,NONE,NONE,NONE,0.0,0.0,FULL_IMAGE,FULL_IMAGE,20pct_expanded_or_full_fallback,0.0,0.0
0403_01_WRI-L,PAT_GRAZ_403,GRAZPEDWRI-DX,train,1,D:\projects\MediMind\ai-prediction-service\artifacts\fracture_v2\experiment5_localization\dataset\images\train\0403_0370048326_01_WRI-L1_F010.png,D:\projects\MediMind\ai-prediction-service\artifacts\fracture_v2\experiment5_localization\dataset\images\train\0403_0370048372_01_WRI-L2_F010.png,NONE,"[0.3532105, 0.6866194999999999, 0.6651375, 0.8151405]",NONE,NONE,0.0,0.0,FULL_IMAGE,FULL_IMAGE,20pct_expanded_or_full_fallback,0.0,0.0
0403_02_WRI-R,PAT_GRAZ_403,GRAZPEDWRI-DX,train,1,D:\projects\MediMind\ai-prediction-service\artifacts\fracture_v2\experiment5_localization\dataset\images\train\0403_0402818569_02_WRI-R1_F011.png,D:\projects\MediMind\ai-prediction-service\artifacts\fracture_v2\experiment5_localization\dataset\images\train\0403_0402818592_02_WRI-R2_F011.png,"[0.738899, 0.322961, 0.8472470000000001, 0.38733900000000004]","[0.3282735, 0.3504905, 0.6185965, 0.4730395]","[0.7333, 0.3218, 0.849, 0.3905]","[0.3319, 0.3797, 0.6032, 0.4687]",0.5873,0.5867,"[0.7101599999999999, 0.30805999999999994, 0.87214, 0.40424000000000004]","[0.27764, 0.3619, 0.6574599999999999, 0.4865]",20pct_expanded_or_full_fallback,0.8775,0.6787
0405_01_WRI-R,PAT_GRAZ_405,GRAZPEDWRI-DX,train,1,D:\projects\MediMind\ai-prediction-service\artifacts\fracture_v2\experiment5_localization\dataset\images\train\0405_0622177737_01_WRI-R1_M008.png,D:\projects\MediMind\ai-prediction-service\artifacts\fracture_v2\experiment5_localization\dataset\images\train\0405_0622177780_01_WRI-R2_M008.png,NONE,"[0.468354, 0.3781135, 0.727848, 0.4252665]",NONE,NONE,0.0,0.0,FULL_IMAGE,FULL_IMAGE,20pct_expanded_or_full_fallback,0.0,0.0
0405_02_WRI-R,PAT_GRAZ_405,GRAZPEDWRI-DX,train,1,D:\projects\MediMind\ai-prediction-service\artifacts\fracture_v2\experiment5_localization\dataset\images\train\0405_0717265680_02_WRI-R1_M011.png,D:\projects\MediMind\ai-prediction-service\artifacts\fracture_v2\experiment5_localization\dataset\images\train\0405_0717265711_02_WRI-R2_M011.png,NONE,"[0.42130750000000006, 0.4484905, 0.7675545, 0.5079935]","[0.2663, 0.4331, 0.5799, 0.5001]","[0.4352, 0.4461, 0.7671, 0.5092]",0.2895,0.4164,"[0.20357999999999998, 0.41969999999999996, 0.64262, 0.5135]","[0.36882, 0.43348, 0.83348, 0.52182]",20pct_expanded_or_full_fallback,0.0,0.9061
0406_01_WRI-L,PAT_GRAZ_406,GRAZPEDWRI-DX,train,1,D:\projects\MediMind\ai-prediction-service\artifacts\fracture_v2\experiment5_localization\dataset\images\train\0406_0590560742_01_WRI-L1_M007.png,D:\projects\MediMind\ai-prediction-service\artifacts\fracture_v2\experiment5_localization\dataset\images\train\0406_0590560839_01_WRI-L2_M007.png,"[0.40080950000000004, 0.304817, 0.6417005, 0.366279]","[0.3835975, 0.405506, 0.4955905, 0.462798]","[0.4, 0.3046, 0.6359, 0.3651]","[0.3587, 0.3923, 0.4701, 0.4525]",0.8573,0.17,"[0.35282, 0.2925, 0.68308, 0.3772]","[0.33642, 0.38026, 0.49238000000000004, 0.46454]",20pct_expanded_or_full_fallback,0.9508,0.4488
0406_02_WRI-L,PAT_GRAZ_406,GRAZPEDWRI-DX,train,1,D:\projects\MediMind\ai-prediction-service\artifacts\fracture_v2\experiment5_localization\dataset\images\train\0406_0591144514_02_WRI-L1_M007.png,D:\projects\MediMind\ai-prediction-service\artifacts\fracture_v2\experiment5_localization\dataset\images\train\0406_0591144569_02_WRI-L2_M007.png,"[0.506601, 0.5236219999999999, 0.689769, 0.594488]","[0.35031900000000005, 0.45491, 0.547771, 0.546092]","[0.5077, 0.5166, 0.6925, 0.5862]","[0.3448, 0.4614, 0.5535, 0.5426]",0.8551,0.6315,"[0.47074000000000005, 0.5026799999999999, 0.72946, 0.6001200000000001]","[0.30306, 0.44516, 0.59524, 0.55884]",20pct_expanded_or_full_fallback,0.7885,0.8475
0406_03_WRI-L,PAT_GRAZ_406,GRAZPEDWRI-DX,train,1,D:\projects\MediMind\ai-prediction-service\artifacts\fracture_v2\experiment5_localization\dataset\images\train\0406_0592952108_03_WRI-L1_M007.png,D:\projects\MediMind\ai-prediction-service\artifacts\fracture_v2\experiment5_localization\dataset\images\train\0406_0592952157_03_WRI-L2_M007.png,"[0.44532800000000006, 0.5784945, 0.664016, 0.6569895]","[0.399456, 0.5216449999999999, 0.6331519999999999, 0.607143]","[0.4467, 0.5773, 0.6626, 0.6521]","[0.3999, 0.5325, 0.6335, 0.605]",0.8069,0.7141,"[0.40352, 0.5623400000000001, 0.70578, 0.66706]","[0.35318, 0.518, 0.6802199999999999, 0.6194999999999999]",20pct_expanded_or_full_fallback,0.9121,0.8453
0407_03_WRI-L,PAT_GRAZ_407,GRAZPEDWRI-DX,train,0,D:\projects\MediMind\ai-prediction-service\artifacts\fracture_v2\experiment5_localization\dataset\images\train\0407_1246672674_03_WRI-L1_F008.png,D:\projects\MediMind\ai-prediction-service\artifacts\fracture_v2\experiment5_localization\dataset\images\train\0407_1246672733_03_WRI-L2_F008.png,NONE,NONE,NONE,NONE,0.0,0.0,FULL_IMAGE,FULL_IMAGE,20pct_expanded_or_full_fallback,0.0,0.0
0407_04_WRI-R,PAT_GRAZ_407,GRAZPEDWRI-DX,train,1,D:\projects\MediMind\ai-prediction-service\artifacts\fracture_v2\experiment5_localization\dataset\images\train\0407_1247336933_04_WRI-R1_F008.png,D:\projects\MediMind\ai-prediction-service\artifacts\fracture_v2\experiment5_localization\dataset\images\train\0407_1247336999_04_WRI-R2_F008.png,"[0.35370349999999995, 0.44541500000000006, 0.5907405, 0.5698690000000001]","[0.46580399999999994, 0.49072150000000003, 0.6395559999999999, 0.5989685]","[0.3677, 0.4755, 0.591, 0.5466]","[0.4638, 0.4858, 0.6335, 0.5551]",0.5191,0.4754,"[0.32304000000000005, 0.46127999999999997, 0.63566, 0.56082]","[0.42986, 0.47194, 0.6674399999999999, 0.56896]",20pct_expanded_or_full_fallback,0.5372,0.546
0407_05_WRI-R,PAT_GRAZ_407,GRAZPEDWRI-DX,train,1,D:\projects\MediMind\ai-prediction-service\artifacts\fracture_v2\experiment5_localization\dataset\images\train\0407_1248541370_05_WRI-R1_F008.png,D:\projects\MediMind\ai-prediction-service\artifacts\fracture_v2\experiment5_localization\dataset\images\train\0407_1248541446_05_WRI-R2_F008.png,"[0.29310349999999996, 0.4639175, 0.5363985, 0.5863404999999999]","[0.4390865, 0.4123275, 0.6269035000000001, 0.5961745]","[0.298, 0.4729, 0.5443, 0.5685]","[0.4175, 0.4032, 0.5592, 0.4932]",0.4753,0.3772,"[0.24874, 0.45377999999999996, 0.59356, 0.58762]","[0.38915999999999995, 0.3852, 0.5875400000000001, 0.5112]",20pct_expanded_or_full_fallback,0.7463,0.2586
0408_01_WRI-L,PAT_GRAZ_408,GRAZPEDWRI-DX,train,0,D:\projects\MediMind\ai-prediction-service\artifacts\fracture_v2\experiment5_localization\dataset\images\train\0408_1211287644_01_WRI-L1_F001.png,D:\projects\MediMind\ai-prediction-service\artifacts\fracture_v2\experiment5_localization\dataset\images\train\0408_1211287712_01_WRI-L2_F001.png,NONE,NONE,"[0.3181, 0.5341, 0.453, 0.6086]",NONE,0.2048,0.0,"[0.29112, 0.5192, 0.47998, 0.6235]",FULL_IMAGE,20pct_expanded_or_full_fallback,0.0,0.0
0409_01_WRI-L,PAT_GRAZ_409,GRAZPEDWRI-DX,train,0,D:\projects\MediMind\ai-prediction-service\artifacts\fracture_v2\experiment5_localization\dataset\images\train\0409_1091333507_01_WRI-L1_F013.png,D:\projects\MediMind\ai-prediction-service\artifacts\fracture_v2\experiment5_localization\dataset\images\train\0409_1091333524_01_WRI-L2_F013.png,NONE,NONE,NONE,NONE,0.0,0.0,FULL_IMAGE,FULL_IMAGE,20pct_expanded_or_full_fallback,0.0,0.0
0411_01_WRI-L,PAT_GRAZ_411,GRAZPEDWRI-DX,train,1,D:\projects\MediMind\ai-prediction-service\artifacts\fracture_v2\experiment5_localization\dataset\images\train\0411_0523911900_01_WRI-L1_M013.png,D:\projects\MediMind\ai-prediction-service\artifacts\fracture_v2\experiment5_localization\dataset\images\train\0411_0523911917_01_WRI-L2_M013.png,"[0.409366, 0.5415755000000001, 0.694864, 0.6291025]","[0.3098105, 0.46428600000000003, 0.5576595, 0.561384]",NONE,"[0.3084, 0.4837, 0.5482, 0.563]",0.0,0.3503,FULL_IMAGE,"[0.26044, 0.46784000000000003, 0.59616, 0.5788599999999999]",20pct_expanded_or_full_fallback,0.0,0.7539
0414_01_WRI-L,PAT_GRAZ_414,GRAZPEDWRI-DX,train,1,D:\projects\MediMind\ai-prediction-service\artifacts\fracture_v2\experiment5_localization\dataset\images\train\0414_0799046442_01_WRI-L1_F014.png,D:\projects\MediMind\ai-prediction-service\artifacts\fracture_v2\experiment5_localization\dataset\images\train\0414_0799046492_01_WRI-L2_F014.png,NONE,"[0.2725405, 0.490316, 0.5553275, 0.573904]",NONE,NONE,0.0,0.0,FULL_IMAGE,FULL_IMAGE,20pct_expanded_or_full_fallback,0.0,0.0
0415_01_WRI-L,PAT_GRAZ_415,GRAZPEDWRI-DX,train,0,D:\projects\MediMind\ai-prediction-service\artifacts\fracture_v2\experiment5_localization\dataset\images\train\0415_1025858282_01_WRI-L1_F012.png,D:\projects\MediMind\ai-prediction-service\artifacts\fracture_v2\experiment5_localization\dataset\images\train\0415_1025858305_01_WRI-L2_F012.png,NONE,NONE,NONE,NONE,0.0,0.0,FULL_IMAGE,FULL_IMAGE,20pct_expanded_or_full_fallback,0.0,0.0
0417_01_WRI-R,PAT_GRAZ_417,GRAZPEDWRI-DX,train,0,D:\projects\MediMind\ai-prediction-service\artifacts\fracture_v2\experiment5_localization\dataset\images\train\0417_0697542554_01_WRI-R1_F008.png,D:\projects\MediMind\ai-prediction-service\artifacts\fracture_v2\experiment5_localization\dataset\images\train\0417_0697542589_01_WRI-R2_F008.png,NONE,NONE,NONE,NONE,0.0,0.0,FULL_IMAGE,FULL_IMAGE,20pct_expanded_or_full_fallback,0.0,0.0
0417_02_WRI-R,PAT_GRAZ_417,GRAZPEDWRI-DX,train,1,D:\projects\MediMind\ai-prediction-service\artifacts\fracture_v2\experiment5_localization\dataset\images\train\0417_0727170640_02_WRI-R1_F009.png,D:\projects\MediMind\ai-prediction-service\artifacts\fracture_v2\experiment5_localization\dataset\images\train\0417_0727170681_02_WRI-R2_F009.png,"[0.319516, 0.426854, 0.557858, 0.50501]","[0.4357145, 0.398422, 0.6976195000000001, 0.4714]","[0.3197, 0.4223, 0.5595, 0.5043]","[0.4186, 0.3976, 0.7123, 0.4767]",0.6979,0.6274,"[0.27174, 0.40590000000000004, 0.60746, 0.5206999999999999]","[0.35986, 0.38178, 0.7710400000000001, 0.49252]",20pct_expanded_or_full_fallback,0.9293,0.8227
0417_03_WRI-R,PAT_GRAZ_417,GRAZPEDWRI-DX,train,1,D:\projects\MediMind\ai-prediction-service\artifacts\fracture_v2\experiment5_localization\dataset\images\train\0417_0727766414_03_WRI-R1_F009.png,D:\projects\MediMind\ai-prediction-service\artifacts\fracture_v2\experiment5_localization\dataset\images\train\0417_0727766468_03_WRI-R2_F009.png,"[0.421608, 0.5255885, 0.538586, 0.6019494999999999]","[0.4718305, 0.484155, 0.5871474999999999, 0.564261]","[0.4211, 0.5236, 0.5404, 0.6045]","[0.4712, 0.4884, 0.5883, 0.5787]",0.7645,0.7087,"[0.39724, 0.50742, 0.56426, 0.62068]","[0.44778, 0.47034, 0.61172, 0.59676]",20pct_expanded_or_full_fallback,0.9255,0.7907
0417_04_WRI-R,PAT_GRAZ_417,GRAZPEDWRI-DX,train,1,D:\projects\MediMind\ai-prediction-service\artifacts\fracture_v2\experiment5_localization\dataset\images\train\0417_0731493275_04_WRI-R1_F009.png,D:\projects\MediMind\ai-prediction-service\artifacts\fracture_v2\experiment5_localization\dataset\images\train\0417_0731493327_04_WRI-R2_F009.png,"[0.32467500000000005, 0.5064460000000001, 0.569573, 0.57919]","[0.4378475, 0.4461925, 0.6604825, 0.5298015]","[0.3224, 0.5115, 0.5709, 0.5888]","[0.4439, 0.4575, 0.658, 0.5329]",0.7548,0.674,"[0.27270000000000005, 0.4960399999999999, 0.6205999999999999, 0.60426]","[0.40108, 0.44242000000000004, 0.70082, 0.54798]",20pct_expanded_or_full_fallback,0.8107,0.803
0418_03_WRI-L,PAT_GRAZ_418,GRAZPEDWRI-DX,train,1,D:\projects\MediMind\ai-prediction-service\artifacts\fracture_v2\experiment5_localization\dataset\images\train\0418_0984897438_03_WRI-L1_M008.png,D:\projects\MediMind\ai-prediction-service\artifacts\fracture_v2\experiment5_localization\dataset\images\train\0418_0984897525_03_WRI-L2_M008.png,"[0.3986715, 0.514309, 0.6146185, 0.584261]","[0.508876, 0.3173555, 0.6627219999999999, 0.3851245]","[0.3922, 0.5122, 0.6177, 0.5855]","[0.5095, 0.321, 0.6683, 0.389]",0.8068,0.7252,"[0.34709999999999996, 0.49754, 0.6628000000000001, 0.60016]","[0.47773999999999994, 0.3074, 0.70006, 0.4026]",20pct_expanded_or_full_fallback,0.9139,0.8619
0418_04_WRI-L,PAT_GRAZ_418,GRAZPEDWRI-DX,train,1,D:\projects\MediMind\ai-prediction-service\artifacts\fracture_v2\experiment5_localization\dataset\images\train\0418_0986372179_04_WRI-L1_M008.png,D:\projects\MediMind\ai-prediction-service\artifacts\fracture_v2\experiment5_localization\dataset\images\train\0418_0986372204_04_WRI-L2_M008.png,"[0.40176949999999995, 0.3847005, 0.6283185, 0.47117549999999997]","[0.3984375, 0.3703315, 0.6425784999999999, 0.4419085]","[0.4078, 0.376, 0.6372, 0.4712]","[0.4153, 0.364, 0.641, 0.4431]",0.7644,0.7566,"[0.36192, 0.35696, 0.68308, 0.49024]","[0.37016, 0.34818, 0.68614, 0.45892]",20pct_expanded_or_full_fallback,0.8528,0.8426
0419_01_WRI-L,PAT_GRAZ_419,GRAZPEDWRI-DX,train,0,D:\projects\MediMind\ai-prediction-service\artifacts\fracture_v2\experiment5_localization\dataset\images\train\0419_0774085134_01_WRI-L1_F015.png,D:\projects\MediMind\ai-prediction-service\artifacts\fracture_v2\experiment5_localization\dataset\images\train\0419_0774085169_01_WRI-L2_F015.png,NONE,NONE,NONE,NONE,0.0,0.0,FULL_IMAGE,FULL_IMAGE,20pct_expanded_or_full_fallback,0.0,0.0
0420_01_WRI-R,PAT_GRAZ_420,GRAZPEDWRI-DX,train,1,D:\projects\MediMind\ai-prediction-service\artifacts\fracture_v2\experiment5_localization\dataset\images\train\0420_1262534729_01_WRI-R1_F010.png,D:\projects\MediMind\ai-prediction-service\artifacts\fracture_v2\experiment5_localization\dataset\images\train\0420_1262534763_01_WRI-R2_F010.png,"[0.3864734999999999, 0.4552755, 0.6360705, 0.5493125]","[0.3988435, 0.4223945, 0.6416185, 0.5088695]",NONE,"[0.4036, 0.4138, 0.6407, 0.4822]",0.0,0.4883,FULL_IMAGE,"[0.35618, 0.40012, 0.6881200000000001, 0.49588000000000004]",20pct_expanded_or_full_fallback,0.0,0.6157
0422_01_WRI-L,PAT_GRAZ_422,GRAZPEDWRI-DX,train,1,D:\projects\MediMind\ai-prediction-service\artifacts\fracture_v2\experiment5_localization\dataset\images\train\0422_1293786412_01_WRI-L1_M010.png,D:\projects\MediMind\ai-prediction-service\artifacts\fracture_v2\experiment5_localization\dataset\images\train\0422_1293786440_01_WRI-L2_M010.png,"[0.44523500000000005, 0.7955730000000001, 0.674253, 0.925781]","[0.40959999999999996, 0.7775, 0.6352, 0.91]","[0.4464, 0.786, 0.6947, 0.9381]","[0.484, 0.7667, 0.6404, 0.8661]",0.3193,0.3836,"[0.39674000000000004, 0.75558, 0.74436, 0.96852]","[0.45272, 0.74682, 0.6716799999999999, 0.88598]",20pct_expanded_or_full_fallback,0.7824,0.4181
0422_02_WRI-R,PAT_GRAZ_422,GRAZPEDWRI-DX,train,1,D:\projects\MediMind\ai-prediction-service\artifacts\fracture_v2\experiment5_localization\dataset\images\train\0422_1293788656_02_WRI-R1_M010.png,D:\projects\MediMind\ai-prediction-service\artifacts\fracture_v2\experiment5_localization\dataset\images\train\0422_1293788695_02_WRI-R2_M010.png,"[0.33515, 0.5891645, 0.53406, 0.6851014999999999]","[0.5229069999999999, 0.661798, 0.720379, 0.7494379999999999]","[0.3316, 0.5904, 0.5387, 0.7012]","[0.5171, 0.6519, 0.7324, 0.7479]",0.5572,0.6463,"[0.29018, 0.5682400000000001, 0.58012, 0.72336]","[0.47404, 0.6327, 0.77546, 0.7671]",20pct_expanded_or_full_fallback,0.8122,0.8107
0422_03_WRI-L,PAT_GRAZ_422,GRAZPEDWRI-DX,train,1,D:\projects\MediMind\ai-prediction-service\artifacts\fracture_v2\experiment5_localization\dataset\images\train\0422_1294991018_03_WRI-L1_M010.png,D:\projects\MediMind\ai-prediction-service\artifacts\fracture_v2\experiment5_localization\dataset\images\train\0422_1294991061_03_WRI-L2_M010.png,"[0.39271199999999995, 0.45435949999999997, 0.736842, 0.6112825]","[0.3484245, 0.562092, 0.6476375, 0.697168]","[0.4054, 0.4594, 0.7228, 0.557]","[0.4461, 0.5432, 0.6501, 0.6637]",0.6077,0.583,"[0.34192, 0.43987999999999994, 0.78628, 0.57652]","[0.4053, 0.5191, 0.6909000000000001, 0.6878]",20pct_expanded_or_full_fallback,0.5737,0.46
0422_04_WRI-L,PAT_GRAZ_422,GRAZPEDWRI-DX,train,1,D:\projects\MediMind\ai-prediction-service\artifacts\fracture_v2\experiment5_localization\dataset\images\train\0422_1296201520_04_WRI-L1_M010.png,D:\projects\MediMind\ai-prediction-service\artifacts\fracture_v2\experiment5_localization\dataset\images\train\0422_1296201568_04_WRI-L2_M010.png,"[0.4246325000000001, 0.519022, 0.6838235, 0.6639499999999999]","[0.2742855, 0.4796295, 0.6771425, 0.5925925]","[0.4145, 0.5188, 0.7001, 0.6452]","[0.2566, 0.4756, 0.586, 0.6012]",0.6708,0.6403,"[0.35738, 0.49352000000000007, 0.7572199999999999, 0.67048]","[0.19072, 0.45048000000000005, 0.65188, 0.62632]",20pct_expanded_or_full_fallback,0.7984,0.6815
0426_01_WRI-L,PAT_GRAZ_426,GRAZPEDWRI-DX,train,0,D:\projects\MediMind\ai-prediction-service\artifacts\fracture_v2\experiment5_localization\dataset\images\train\0426_0435529843_01_WRI-L1_F003.png,D:\projects\MediMind\ai-prediction-service\artifacts\fracture_v2\experiment5_localization\dataset\images\train\0426_0435529883_01_WRI-L2_F003.png,NONE,NONE,NONE,NONE,0.0,0.0,FULL_IMAGE,FULL_IMAGE,20pct_expanded_or_full_fallback,0.0,0.0
0428_01_WRI-R,PAT_GRAZ_428,GRAZPEDWRI-DX,train,1,D:\projects\MediMind\ai-prediction-service\artifacts\fracture_v2\experiment5_localization\dataset\images\train\0428_0485523347_01_WRI-R1_F016.png,D:\projects\MediMind\ai-prediction-service\artifacts\fracture_v2\experiment5_localization\dataset\images\train\0428_0485523375_01_WRI-R2_F016.png,"[0.2560745, 0.2550785, 0.42616750000000003, 0.32392750000000003]","[0.37028849999999996, 0.46407200000000004, 0.5365854999999999, 0.513972]","[0.2756, 0.4609, 0.5848, 0.5394]","[0.0606, 0.0836, 0.3064, 0.1524]",0.3823,0.4029,"[0.21376, 0.4452, 0.64664, 0.5551]","[0.011439999999999992, 0.06983999999999999, 0.35556, 0.16616]",20pct_expanded_or_full_fallback,0.0,0.0
0429_03_WRI-L,PAT_GRAZ_429,GRAZPEDWRI-DX,train,1,D:\projects\MediMind\ai-prediction-service\artifacts\fracture_v2\experiment5_localization\dataset\images\train\0429_0211110427_03_WRI-L1_M014.png,D:\projects\MediMind\ai-prediction-service\artifacts\fracture_v2\experiment5_localization\dataset\images\train\0429_0211110470_03_WRI-L2_M014.png,"[0.5118735, 0.4356285, 0.7427445, 0.5568855]","[0.433687, 0.4523805000000001, 0.637931, 0.6340135]","[0.4952, 0.4378, 0.7464, 0.5087]","[0.4326, 0.4555, 0.6364, 0.5167]",0.3264,0.2523,"[0.44495999999999997, 0.42362, 0.7966399999999999, 0.52288]","[0.39183999999999997, 0.44326, 0.67716, 0.5289400000000001]",20pct_expanded_or_full_fallback,0.5561,0.3338
0429_04_WRI-L,PAT_GRAZ_429,GRAZPEDWRI-DX,train,1,D:\projects\MediMind\ai-prediction-service\artifacts\fracture_v2\experiment5_localization\dataset\images\train\0429_0211352059_04_WRI-L1_M014.png,D:\projects\MediMind\ai-prediction-service\artifacts\fracture_v2\experiment5_localization\dataset\images\train\0429_0211352120_04_WRI-L2_M014.png,"[0.411765, 0.47160050000000003, 0.7707390000000001, 0.5464715]","[0.33976850000000003, 0.48588000000000003, 0.6428575, 0.570598]","[0.1964, 0.4231, 0.2989, 0.4813]",NONE,0.2222,0.0,"[0.1759, 0.41146, 0.3194, 0.49294]",FULL_IMAGE,20pct_expanded_or_full_fallback,0.6187,0.0
0429_05_WRI-L,PAT_GRAZ_429,GRAZPEDWRI-DX,train,1,D:\projects\MediMind\ai-prediction-service\artifacts\fracture_v2\experiment5_localization\dataset\images\train\0429_0212385963_05_WRI-L1_M014.png,D:\projects\MediMind\ai-prediction-service\artifacts\fracture_v2\experiment5_localization\dataset\images\train\0429_0212385998_05_WRI-L2_M014.png,"[0.365821, 0.425447, 0.7156210000000001, 0.545725]","[0.299501, 0.47123550000000003, 0.584027, 0.5786805]","[0.4324, 0.4117, 0.7289, 0.5497]","[0.2845, 0.7002, 0.515, 0.7971]",0.2791,0.4237,"[0.3731, 0.3841, 0.7882, 0.5772999999999999]","[0.23839999999999997, 0.6808200000000001, 0.5611, 0.81648]",20pct_expanded_or_full_fallback,0.6963,0.0
0429_06_WRI-L,PAT_GRAZ_429,GRAZPEDWRI-DX,train,1,D:\projects\MediMind\ai-prediction-service\artifacts\fracture_v2\experiment5_localization\dataset\images\train\0429_0214803440_06_WRI-L1_M014.png,D:\projects\MediMind\ai-prediction-service\artifacts\fracture_v2\experiment5_localization\dataset\images\train\0429_0214803785_06_WRI-L2_M014.png,"[0.42120349999999995, 0.494275, 0.8108885, 0.619275]","[0.3901695, 0.467054, 0.6313365, 0.55717]","[0.2741, 0.4809, 0.4307, 0.5431]","[0.48, 0.4792, 0.6394, 0.549]",0.5418,0.4229,"[0.24278, 0.46846, 0.46202000000000004, 0.55554]","[0.44811999999999996, 0.46524, 0.67128, 0.56296]",20pct_expanded_or_full_fallback,0.008,0.4738
0430_01_WRI-L,PAT_GRAZ_430,GRAZPEDWRI-DX,train,0,D:\projects\MediMind\ai-prediction-service\artifacts\fracture_v2\experiment5_localization\dataset\images\train\0430_0829478327_01_WRI-L1_F010.png,D:\projects\MediMind\ai-prediction-service\artifacts\fracture_v2\experiment5_localization\dataset\images\train\0430_0829478361_01_WRI-L2_F010.png,NONE,NONE,NONE,NONE,0.0,0.0,FULL_IMAGE,FULL_IMAGE,20pct_expanded_or_full_fallback,0.0,0.0
0431_01_WRI-L,PAT_GRAZ_431,GRAZPEDWRI-DX,train,0,D:\projects\MediMind\ai-prediction-service\artifacts\fracture_v2\experiment5_localization\dataset\images\train\0431_0450736043_01_WRI-L1_M009.png,D:\projects\MediMind\ai-prediction-service\artifacts\fracture_v2\experiment5_localization\dataset\images\train\0431_0450736074_01_WRI-L2_M009.png,NONE,NONE,NONE,NONE,0.0,0.0,FULL_IMAGE,FULL_IMAGE,20pct_expanded_or_full_fallback,0.0,0.0
0431_02_WRI-L,PAT_GRAZ_431,GRAZPEDWRI-DX,train,0,D:\projects\MediMind\ai-prediction-service\artifacts\fracture_v2\experiment5_localization\dataset\images\train\0431_0612615458_02_WRI-L1_M014.png,D:\projects\MediMind\ai-prediction-service\artifacts\fracture_v2\experiment5_localization\dataset\images\train\0431_0612615480_02_WRI-L2_M014.png,NONE,NONE,NONE,NONE,0.0,0.0,FULL_IMAGE,FULL_IMAGE,20pct_expanded_or_full_fallback,0.0,0.0
0432_01_WRI-R,PAT_GRAZ_432,GRAZPEDWRI-DX,train,0,D:\projects\MediMind\ai-prediction-service\artifacts\fracture_v2\experiment5_localization\dataset\images\train\0432_0678716764_01_WRI-R1_F013.png,D:\projects\MediMind\ai-prediction-service\artifacts\fracture_v2\experiment5_localization\dataset\images\train\0432_0678716794_01_WRI-R2_F013.png,NONE,NONE,NONE,NONE,0.0,0.0,FULL_IMAGE,FULL_IMAGE,20pct_expanded_or_full_fallback,0.0,0.0
0433_01_WRI-R,PAT_GRAZ_433,GRAZPEDWRI-DX,train,0,D:\projects\MediMind\ai-prediction-service\artifacts\fracture_v2\experiment5_localization\dataset\images\train\0433_0568134459_01_WRI-R1_M013.png,D:\projects\MediMind\ai-prediction-service\artifacts\fracture_v2\experiment5_localization\dataset\images\train\0433_0568134520_01_WRI-R2_M013.png,NONE,NONE,NONE,NONE,0.0,0.0,FULL_IMAGE,FULL_IMAGE,20pct_expanded_or_full_fallback,0.0,0.0
0434_01_WRI-L,PAT_GRAZ_434,GRAZPEDWRI-DX,train,1,D:\projects\MediMind\ai-prediction-service\artifacts\fracture_v2\experiment5_localization\dataset\images\train\0434_0917474396_01_WRI-L1_M012.png,D:\projects\MediMind\ai-prediction-service\artifacts\fracture_v2\experiment5_localization\dataset\images\train\0434_0917474432_01_WRI-L2_M012.png,"[0.5071685, 0.6558895, 0.7401435, 0.7933025]","[0.351579, 0.517384, 0.557895, 0.626656]","[0.5134, 0.6755, 0.7402, 0.7858]",NONE,0.6197,0.0,"[0.46803999999999996, 0.65344, 0.7855599999999999, 0.80786]",FULL_IMAGE,20pct_expanded_or_full_fallback,0.7811,0.0
0435_01_WRI-L,PAT_GRAZ_435,GRAZPEDWRI-DX,train,0,D:\projects\MediMind\ai-prediction-service\artifacts\fracture_v2\experiment5_localization\dataset\images\train\0435_0561037269_01_WRI-L1_F005.png,D:\projects\MediMind\ai-prediction-service\artifacts\fracture_v2\experiment5_localization\dataset\images\train\0435_0561037333_01_WRI-L2_F005.png,NONE,NONE,NONE,NONE,0.0,0.0,FULL_IMAGE,FULL_IMAGE,20pct_expanded_or_full_fallback,0.0,0.0
0437_01_WRI-L,PAT_GRAZ_437,GRAZPEDWRI-DX,train,1,D:\projects\MediMind\ai-prediction-service\artifacts\fracture_v2\experiment5_localization\dataset\images\train\0437_1252397825_01_WRI-L1_M014.png,D:\projects\MediMind\ai-prediction-service\artifacts\fracture_v2\experiment5_localization\dataset\images\train\0437_1252397871_01_WRI-L2_M014.png,"[0.448105, 0.565637, 0.757825, 0.689189]","[0.27897, 0.566265, 0.6223179999999999, 0.691767]","[0.4514, 0.571, 0.7406, 0.6549]","[0.2865, 0.5681, 0.6099, 0.6724]",0.3185,0.4599,"[0.39356, 0.5542199999999999, 0.79844, 0.67168]","[0.22181999999999996, 0.5472400000000001, 0.67458, 0.69326]",20pct_expanded_or_full_fallback,0.6341,0.7828
0438_01_WRI-L,PAT_GRAZ_438,GRAZPEDWRI-DX,train,0,D:\projects\MediMind\ai-prediction-service\artifacts\fracture_v2\experiment5_localization\dataset\images\train\0438_1141589039_01_WRI-L1_F009.png,D:\projects\MediMind\ai-prediction-service\artifacts\fracture_v2\experiment5_localization\dataset\images\train\0438_1141589064_01_WRI-L2_F009.png,NONE,NONE,NONE,NONE,0.0,0.0,FULL_IMAGE,FULL_IMAGE,20pct_expanded_or_full_fallback,0.0,0.0
0439_01_WRI-R,PAT_GRAZ_439,GRAZPEDWRI-DX,train,0,D:\projects\MediMind\ai-prediction-service\artifacts\fracture_v2\experiment5_localization\dataset\images\train\0439_0688438908_01_WRI-R1_F008.png,D:\projects\MediMind\ai-prediction-service\artifacts\fracture_v2\experiment5_localization\dataset\images\train\0439_0688438945_01_WRI-R2_F008.png,NONE,NONE,NONE,NONE,0.0,0.0,FULL_IMAGE,FULL_IMAGE,20pct_expanded_or_full_fallback,0.0,0.0
0440_01_WRI-R,PAT_GRAZ_440,GRAZPEDWRI-DX,train,0,D:\projects\MediMind\ai-prediction-service\artifacts\fracture_v2\experiment5_localization\dataset\images\train\0440_0674020038_01_WRI-R1_F017.png,D:\projects\MediMind\ai-prediction-service\artifacts\fracture_v2\experiment5_localization\dataset\images\train\0440_0674020099_01_WRI-R2_F017.png,NONE,NONE,"[0.3457, 0.4322, 0.5729, 0.5136]",NONE,0.2473,0.0,"[0.30026, 0.41591999999999996, 0.61834, 0.5298799999999999]",FULL_IMAGE,20pct_expanded_or_full_fallback,0.0,0.0
0441_01_WRI-L,PAT_GRAZ_441,GRAZPEDWRI-DX,train,0,D:\projects\MediMind\ai-prediction-service\artifacts\fracture_v2\experiment5_localization\dataset\images\train\0441_0173552385_01_WRI-L1_M004.png,D:\projects\MediMind\ai-prediction-service\artifacts\fracture_v2\experiment5_localization\dataset\images\train\0441_0173552420_01_WRI-L2_M004.png,NONE,NONE,NONE,NONE,0.0,0.0,FULL_IMAGE,FULL_IMAGE,20pct_expanded_or_full_fallback,0.0,0.0
0442_01_WRI-L,PAT_GRAZ_442,GRAZPEDWRI-DX,train,0,D:\projects\MediMind\ai-prediction-service\artifacts\fracture_v2\experiment5_localization\dataset\images\train\0442_1041950364_01_WRI-L1_F010.png,D:\projects\MediMind\ai-prediction-service\artifacts\fracture_v2\experiment5_localization\dataset\images\train\0442_1041950393_01_WRI-L2_F010.png,NONE,NONE,NONE,NONE,0.0,0.0,FULL_IMAGE,FULL_IMAGE,20pct_expanded_or_full_fallback,0.0,0.0
0443_01_WRI-R,PAT_GRAZ_443,GRAZPEDWRI-DX,train,1,D:\projects\MediMind\ai-prediction-service\artifacts\fracture_v2\experiment5_localization\dataset\images\train\0443_1040194243_01_WRI-R1_F011.png,D:\projects\MediMind\ai-prediction-service\artifacts\fracture_v2\experiment5_localization\dataset\images\train\0443_1040194285_01_WRI-R2_F011.png,"[0.4234530000000001, 0.6031454999999999, 0.589577, 0.6956525]","[0.561224, 0.443299, 0.730612, 0.523899]","[0.4271, 0.6075, 0.5843, 0.6779]","[0.5435, 0.445, 0.7228, 0.531]",0.5048,0.5858,"[0.39565999999999996, 0.5934200000000001, 0.6157400000000001, 0.6919799999999999]","[0.50764, 0.4278, 0.75866, 0.5482]",20pct_expanded_or_full_fallback,0.7201,0.7809
0444_01_WRI-L,PAT_GRAZ_444,GRAZPEDWRI-DX,train,1,D:\projects\MediMind\ai-prediction-service\artifacts\fracture_v2\experiment5_localization\dataset\images\train\0444_0876785282_01_WRI-L1_M011.png,D:\projects\MediMind\ai-prediction-service\artifacts\fracture_v2\experiment5_localization\dataset\images\train\0444_0876785326_01_WRI-L2_M011.png,"[0.23589750000000004, 0.4376205, 0.3141025, 0.5019195000000001]","[0.30686650000000004, 0.49814099999999994, 0.5042915, 0.565985]","[0.4462, 0.5989, 0.5834, 0.6701]","[0.2938, 0.4991, 0.5059, 0.5726]",0.8954,0.8304,"[0.41875999999999997, 0.58466, 0.61084, 0.6843400000000001]","[0.25138, 0.4844, 0.54832, 0.5873]",20pct_expanded_or_full_fallback,0.9121,0.8369
0444_02_WRI-L,PAT_GRAZ_444,GRAZPEDWRI-DX,train,1,D:\projects\MediMind\ai-prediction-service\artifacts\fracture_v2\experiment5_localization\dataset\images\train\0444_0877380714_02_WRI-L1_M011.png,D:\projects\MediMind\ai-prediction-service\artifacts\fracture_v2\experiment5_localization\dataset\images\train\0444_0877380777_02_WRI-L2_M011.png,"[0.47222250000000004, 0.648, 0.6496915000000001, 0.703]","[0.329546, 0.599826, 0.513258, 0.654752]","[0.4816, 0.6534, 0.6496, 0.7276]","[0.3368, 0.599, 0.5157, 0.669]",0.4382,0.322,"[0.44799999999999995, 0.63856, 0.6831999999999999, 0.74244]","[0.30101999999999995, 0.585, 0.5514800000000001, 0.683]",20pct_expanded_or_full_fallback,0.5998,0.7501
0444_03_WRI-L,PAT_GRAZ_444,GRAZPEDWRI-DX,train,1,D:\projects\MediMind\ai-prediction-service\artifacts\fracture_v2\experiment5_localization\dataset\images\train\0444_0878584122_03_WRI-L1_M011.png,D:\projects\MediMind\ai-prediction-service\artifacts\fracture_v2\experiment5_localization\dataset\images\train\0444_0878584262_03_WRI-L2_M011.png,"[0.46332049999999997, 0.586623, 0.6756755, 0.680921]","[0.383408, 0.5454545, 0.5874440000000001, 0.6165095]","[0.4677, 0.5846, 0.6766, 0.6696]","[0.3833, 0.5456, 0.5932, 0.6256]",0.7965,0.7358,"[0.42592, 0.5676, 0.71838, 0.6866]","[0.34131999999999996, 0.5296, 0.63518, 0.6416000000000001]",20pct_expanded_or_full_fallback,0.8408,0.8601
0445_01_WRI-R,PAT_GRAZ_445,GRAZPEDWRI-DX,train,0,D:\projects\MediMind\ai-prediction-service\artifacts\fracture_v2\experiment5_localization\dataset\images\train\0445_0607438821_01_WRI-R1_M014.png,D:\projects\MediMind\ai-prediction-service\artifacts\fracture_v2\experiment5_localization\dataset\images\train\0445_0607438853_01_WRI-R2_M014.png,NONE,NONE,NONE,NONE,0.0,0.0,FULL_IMAGE,FULL_IMAGE,20pct_expanded_or_full_fallback,0.0,0.0
0446_01_WRI-R,PAT_GRAZ_446,GRAZPEDWRI-DX,train,1,D:\projects\MediMind\ai-prediction-service\artifacts\fracture_v2\experiment5_localization\dataset\images\train\0446_0428578304_01_WRI-R1_M013.png,D:\projects\MediMind\ai-prediction-service\artifacts\fracture_v2\experiment5_localization\dataset\images\train\0446_0428578331_01_WRI-R2_M013.png,"[0.765018, 0.245745, 0.8692580000000001, 0.308511]","[0.4502535, 0.40191, 0.7925805, 0.532986]","[0.2607, 0.3319, 0.6171, 0.4275]","[0.4564, 0.4101, 0.7851, 0.5207]",0.4237,0.307,"[0.18941999999999998, 0.31277999999999995, 0.68838, 0.44662]","[0.39065999999999995, 0.38798, 0.85084, 0.5428200000000001]",20pct_expanded_or_full_fallback,0.842,0.8102
0446_02_WRI-R,PAT_GRAZ_446,GRAZPEDWRI-DX,train,1,D:\projects\MediMind\ai-prediction-service\artifacts\fracture_v2\experiment5_localization\dataset\images\train\0446_0428582380_02_WRI-R1_M013.png,D:\projects\MediMind\ai-prediction-service\artifacts\fracture_v2\experiment5_localization\dataset\images\train\0446_0428582417_02_WRI-R2_M013.png,"[0.6952145, 0.3265845, 0.7884135, 0.3873235]","[0.4437875, 0.33860250000000003, 0.7204145, 0.4509155]","[0.696, 0.3366, 0.7848, 0.3973]","[0.4595, 0.3697, 0.705, 0.4392]",0.4073,0.2602,"[0.67824, 0.32446, 0.80256, 0.40943999999999997]","[0.41040000000000004, 0.35579999999999995, 0.7541, 0.4531]",20pct_expanded_or_full_fallback,0.688,0.5492
0446_03_WRI-R,PAT_GRAZ_446,GRAZPEDWRI-DX,train,1,D:\projects\MediMind\ai-prediction-service\artifacts\fracture_v2\experiment5_localization\dataset\images\train\0446_0429235852_03_WRI-R1_M013.png,D:\projects\MediMind\ai-prediction-service\artifacts\fracture_v2\experiment5_localization\dataset\images\train\0446_0429235896_03_WRI-R2_M013.png,"[0.7393855, 0.489679, 0.8184484999999999, 0.550459]","[0.41983100000000007, 0.4612325, 0.837553, 0.6013915]",NONE,NONE,0.0,0.0,FULL_IMAGE,FULL_IMAGE,20pct_expanded_or_full_fallback,0.0,0.0
0446_04_WRI-R,PAT_GRAZ_446,GRAZPEDWRI-DX,train,1,D:\projects\MediMind\ai-prediction-service\artifacts\fracture_v2\experiment5_localization\dataset\images\train\0446_0429838326_04_WRI-R1_M013.png,D:\projects\MediMind\ai-prediction-service\artifacts\fracture_v2\experiment5_localization\dataset\images\train\0446_0429838377_04_WRI-R2_M013.png,"[0.2157895, 0.5, 0.5912285, 0.601064]","[0.5415095, 0.361065, 0.8867925, 0.483361]","[0.2207, 0.5092, 0.5775, 0.5967]","[0.5739, 0.4308, 0.8383, 0.4951]",0.2403,0.351,"[0.14934, 0.49169999999999997, 0.64886, 0.6142]","[0.5210199999999999, 0.41794000000000003, 0.8911800000000001, 0.50796]",20pct_expanded_or_full_fallback,0.8228,0.3066
0447_01_WRI-R,PAT_GRAZ_447,GRAZPEDWRI-DX,train,0,D:\projects\MediMind\ai-prediction-service\artifacts\fracture_v2\experiment5_localization\dataset\images\train\0447_0399270312_01_WRI-R1_F011.png,D:\projects\MediMind\ai-prediction-service\artifacts\fracture_v2\experiment5_localization\dataset\images\train\0447_0399270338_01_WRI-R2_F011.png,NONE,NONE,NONE,NONE,0.0,0.0,FULL_IMAGE,FULL_IMAGE,20pct_expanded_or_full_fallback,0.0,0.0
0447_01_WRI-L,PAT_GRAZ_447,GRAZPEDWRI-DX,train,0,D:\projects\MediMind\ai-prediction-service\artifacts\fracture_v2\experiment5_localization\dataset\images\train\0447_0399270378_01_WRI-L1_F011.png,D:\projects\MediMind\ai-prediction-service\artifacts\fracture_v2\experiment5_localization\dataset\images\train\0447_0399270401_01_WRI-L2_F011.png,NONE,NONE,NONE,NONE,0.0,0.0,FULL_IMAGE,FULL_IMAGE,20pct_expanded_or_full_fallback,0.0,0.0
0450_01_WRI-R,PAT_GRAZ_450,GRAZPEDWRI-DX,train,0,D:\projects\MediMind\ai-prediction-service\artifacts\fracture_v2\experiment5_localization\dataset\images\train\0450_0645760536_01_WRI-R1_M010.png,D:\projects\MediMind\ai-prediction-service\artifacts\fracture_v2\experiment5_localization\dataset\images\train\0450_0645760565_01_WRI-R2_M010.png,NONE,NONE,NONE,NONE,0.0,0.0,FULL_IMAGE,FULL_IMAGE,20pct_expanded_or_full_fallback,0.0,0.0
0451_01_WRI-R,PAT_GRAZ_451,GRAZPEDWRI-DX,train,1,D:\projects\MediMind\ai-prediction-service\artifacts\fracture_v2\experiment5_localization\dataset\images\train\0451_0664088280_01_WRI-R1_M006.png,D:\projects\MediMind\ai-prediction-service\artifacts\fracture_v2\experiment5_localization\dataset\images\train\0451_0664088327_01_WRI-R2_M006.png,"[0.36455350000000003, 0.3500475, 0.5417865000000001, 0.4124885]","[0.3201665, 0.4347455, 0.5634095, 0.4771185]","[0.3264, 0.4843, 0.4485, 0.5457]","[0.3043, 0.4103, 0.5626, 0.4787]",0.1938,0.3424,"[0.30198, 0.47202, 0.47292, 0.5579799999999999]","[0.25264000000000003, 0.39662, 0.61426, 0.49238000000000004]",20pct_expanded_or_full_fallback,0.0,0.5803
0451_02_WRI-L,PAT_GRAZ_451,GRAZPEDWRI-DX,train,1,D:\projects\MediMind\ai-prediction-service\artifacts\fracture_v2\experiment5_localization\dataset\images\train\0451_0664184898_02_WRI-L1_M006.png,D:\projects\MediMind\ai-prediction-service\artifacts\fracture_v2\experiment5_localization\dataset\images\train\0451_0664184926_02_WRI-L2_M006.png,"[0.409953, 0.442495, 0.6966829999999999, 0.5009750000000001]","[0.3582415, 0.440662, 0.5912085, 0.49221800000000004]","[0.407, 0.4405, 0.6967, 0.4981]","[0.3637, 0.4332, 0.5878, 0.4944]",0.1741,0.4695,"[0.34906, 0.42898000000000003, 0.75464, 0.50962]","[0.31888000000000005, 0.42095999999999995, 0.63262, 0.50664]",20pct_expanded_or_full_fallback,0.9105,0.8152
0452_01_WRI-R,PAT_GRAZ_452,GRAZPEDWRI-DX,train,1,D:\projects\MediMind\ai-prediction-service\artifacts\fracture_v2\experiment5_localization\dataset\images\train\0452_0672469190_01_WRI-R1_M011.png,D:\projects\MediMind\ai-prediction-service\artifacts\fracture_v2\experiment5_localization\dataset\images\train\0452_0672469212_01_WRI-R2_M011.png,"[0.357255, 0.493359, 0.567863, 0.573055]","[0.45500850000000004, 0.49700000000000005, 0.6468595, 0.5750000000000001]","[0.3515, 0.4916, 0.5697, 0.5655]","[0.4578, 0.5058, 0.6449, 0.5749]",0.7953,0.6642,"[0.30785999999999997, 0.47681999999999997, 0.61334, 0.58028]","[0.42038, 0.49198000000000003, 0.68232, 0.5887199999999999]",20pct_expanded_or_full_fallback,0.8576,0.864
0453_01_WRI-R,PAT_GRAZ_453,GRAZPEDWRI-DX,train,0,D:\projects\MediMind\ai-prediction-service\artifacts\fracture_v2\experiment5_localization\dataset\images\train\0453_0517992717_01_WRI-R1_M017.png,D:\projects\MediMind\ai-prediction-service\artifacts\fracture_v2\experiment5_localization\dataset\images\train\0453_0517992740_01_WRI-R2_M017.png,NONE,NONE,NONE,NONE,0.0,0.0,FULL_IMAGE,FULL_IMAGE,20pct_expanded_or_full_fallback,0.0,0.0
0454_01_WRI-R,PAT_GRAZ_454,GRAZPEDWRI-DX,train,1,D:\projects\MediMind\ai-prediction-service\artifacts\fracture_v2\experiment5_localization\dataset\images\train\0454_0866269206_01_WRI-R1_M016.png,D:\projects\MediMind\ai-prediction-service\artifacts\fracture_v2\experiment5_localization\dataset\images\train\0454_0866269259_01_WRI-R2_M016.png,"[0.330696, 0.393683, 0.6281640000000001, 0.45685699999999996]","[0.4698795, 0.39881, 0.6596385, 0.463542]","[0.3368, 0.393, 0.6139, 0.4647]","[0.4625, 0.4059, 0.6583, 0.4701]",0.6619,0.2392,"[0.28137999999999996, 0.37866, 0.66932, 0.47904]","[0.42334000000000005, 0.39305999999999996, 0.69746, 0.48294000000000004]",20pct_expanded_or_full_fallback,0.8275,0.7762
0454_02_WRI-R,PAT_GRAZ_454,GRAZPEDWRI-DX,train,1,D:\projects\MediMind\ai-prediction-service\artifacts\fracture_v2\experiment5_localization\dataset\images\train\0454_0868083841_02_WRI-R1_M016.png,D:\projects\MediMind\ai-prediction-service\artifacts\fracture_v2\experiment5_localization\dataset\images\train\0454_0868083874_02_WRI-R2_M016.png,"[0.7755905, 0.3521265, 0.9212595, 0.4411475]","[0.4234045000000001, 0.44587150000000003, 0.7042555, 0.5339445]","[0.7722, 0.3573, 0.8993, 0.4257]","[0.4239, 0.4599, 0.6981, 0.5335]",0.646,0.5512,"[0.74678, 0.34362, 0.92472, 0.43938000000000005]","[0.36906, 0.44517999999999996, 0.75294, 0.5482199999999999]",20pct_expanded_or_full_fallback,0.6411,0.8159
0455_01_WRI-L,PAT_GRAZ_455,GRAZPEDWRI-DX,train,1,D:\projects\MediMind\ai-prediction-service\artifacts\fracture_v2\experiment5_localization\dataset\images\train\0455_1150226256_01_WRI-L1_M008.png,D:\projects\MediMind\ai-prediction-service\artifacts\fracture_v2\experiment5_localization\dataset\images\train\0455_1150226290_01_WRI-L2_M008.png,"[0.5214385, 0.5591135, 0.6625175, 0.6613305]","[0.5359845000000001, 0.507353, 0.6969695, 0.607843]","[0.5167, 0.5539, 0.6626, 0.6586]","[0.5255, 0.4979, 0.7029, 0.6071]",0.7603,0.6858,"[0.48752000000000006, 0.53296, 0.69178, 0.6795399999999999]","[0.49001999999999996, 0.47606000000000004, 0.7383799999999999, 0.6289399999999999]",20pct_expanded_or_full_fallback,0.8962,0.8238
0456_01_WRI-R,PAT_GRAZ_456,GRAZPEDWRI-DX,train,0,D:\projects\MediMind\ai-prediction-service\artifacts\fracture_v2\experiment5_localization\dataset\images\train\0456_0585114780_01_WRI-R1_M012.png,D:\projects\MediMind\ai-prediction-service\artifacts\fracture_v2\experiment5_localization\dataset\images\train\0456_0585114810_01_WRI-R2_M012.png,NONE,NONE,NONE,NONE,0.0,0.0,FULL_IMAGE,FULL_IMAGE,20pct_expanded_or_full_fallback,0.0,0.0
0457_01_WRI-R,PAT_GRAZ_457,GRAZPEDWRI-DX,train,1,D:\projects\MediMind\ai-prediction-service\artifacts\fracture_v2\experiment5_localization\dataset\images\train\0457_1033174827_01_WRI-R1_F008.png,D:\projects\MediMind\ai-prediction-service\artifacts\fracture_v2\experiment5_localization\dataset\images\train\0457_1033174859_01_WRI-R2_F008.png,"[0.3438655, 0.4730025, 0.5724905, 0.5593954999999999]","[0.486607, 0.47988450000000005, 0.709821, 0.5536395000000001]","[0.3529, 0.4824, 0.5664, 0.551]","[0.4887, 0.4835, 0.7171, 0.5481]",0.7336,0.7308,"[0.3102, 0.46868, 0.6091, 0.5647200000000001]","[0.44302, 0.47058, 0.7627799999999999, 0.5610200000000001]",20pct_expanded_or_full_fallback,0.7415,0.8436
0457_02_WRI-R,PAT_GRAZ_457,GRAZPEDWRI-DX,train,1,D:\projects\MediMind\ai-prediction-service\artifacts\fracture_v2\experiment5_localization\dataset\images\train\0457_1033179913_02_WRI-R1_F008.png,D:\projects\MediMind\ai-prediction-service\artifacts\fracture_v2\experiment5_localization\dataset\images\train\0457_1033179928_02_WRI-R2_F008.png,"[0.4538685, 0.5527385, 0.6235115, 0.6298174999999999]","[0.48845500000000003, 0.451704, 0.664299, 0.551136]","[0.4486, 0.5553, 0.627, 0.6307]","[0.4977, 0.4711, 0.6625, 0.5749]",0.744,0.3969,"[0.41292, 0.54022, 0.66268, 0.64578]","[0.46474, 0.45034, 0.69546, 0.59566]",20pct_expanded_or_full_fallback,0.9104,0.6163
0457_03_WRI-R,PAT_GRAZ_457,GRAZPEDWRI-DX,train,1,D:\projects\MediMind\ai-prediction-service\artifacts\fracture_v2\experiment5_localization\dataset\images\train\0457_1033832817_03_WRI-R1_F008.png,D:\projects\MediMind\ai-prediction-service\artifacts\fracture_v2\experiment5_localization\dataset\images\train\0457_1033832861_03_WRI-R2_F008.png,"[0.3035715, 0.5701025, 0.5736605, 0.6536675000000001]","[0.5046085, 0.4910515, 0.7396315, 0.5827745]","[0.3184, 0.5795, 0.577, 0.6474]","[0.5069, 0.5047, 0.7325, 0.5816]",0.7863,0.6872,"[0.26668000000000003, 0.56592, 0.62872, 0.66098]","[0.46178, 0.48932000000000003, 0.7776200000000001, 0.59698]",20pct_expanded_or_full_fallback,0.7603,0.8048
0457_04_WRI-R,PAT_GRAZ_457,GRAZPEDWRI-DX,train,1,D:\projects\MediMind\ai-prediction-service\artifacts\fracture_v2\experiment5_localization\dataset\images\train\0457_1035643076_04_WRI-R1_F008.png,D:\projects\MediMind\ai-prediction-service\artifacts\fracture_v2\experiment5_localization\dataset\images\train\0457_1035643127_04_WRI-R2_F008.png,"[0.3196725, 0.4850654999999999, 0.5614755, 0.6117085]","[0.45744699999999994, 0.5211605, 0.734043, 0.6420795]","[0.3255, 0.4935, 0.5635, 0.6004]","[0.4751, 0.5291, 0.7346, 0.631]",0.5801,0.4976,"[0.27790000000000004, 0.47212, 0.6111, 0.62178]","[0.4232, 0.5087200000000001, 0.7865, 0.65138]",20pct_expanded_or_full_fallback,0.818,0.7876
0458_01_WRI-R,PAT_GRAZ_458,GRAZPEDWRI-DX,train,1,D:\projects\MediMind\ai-prediction-service\artifacts\fracture_v2\experiment5_localization\dataset\images\train\0458_1054495284_01_WRI-R1_M008.png,D:\projects\MediMind\ai-prediction-service\artifacts\fracture_v2\experiment5_localization\dataset\images\train\0458_1054495360_01_WRI-R2_M008.png,"[0.23960449999999997, 0.562044, 0.5940595, 0.6739660000000001]","[0.329177, 0.6288085000000001, 0.650873, 0.7603875]","[0.6527, 0.6129, 0.8254, 0.678]","[0.4062, 0.6557, 0.6338, 0.7307]",0.6467,0.2746,"[0.6181599999999999, 0.59988, 0.85994, 0.6910200000000001]","[0.36068, 0.6406999999999999, 0.67932, 0.7457]",20pct_expanded_or_full_fallback,0.8311,0.4033
0458_02_WRI-R,PAT_GRAZ_458,GRAZPEDWRI-DX,train,1,D:\projects\MediMind\ai-prediction-service\artifacts\fracture_v2\experiment5_localization\dataset\images\train\0458_1055744818_02_WRI-R1_M008.png,D:\projects\MediMind\ai-prediction-service\artifacts\fracture_v2\experiment5_localization\dataset\images\train\0458_1055744851_02_WRI-R2_M008.png,"[0.260115, 0.3630255, 0.539017, 0.45126049999999995]","[0.3284675, 0.41990900000000003, 0.6259125, 0.5183070000000001]","[0.2675, 0.3717, 0.5413, 0.457]","[0.353, 0.4261, 0.6312, 0.5334]",0.4674,0.3267,"[0.21274, 0.35463999999999996, 0.59606, 0.47406000000000004]","[0.29735999999999996, 0.40464, 0.68684, 0.55486]",20pct_expanded_or_full_fallback,0.8194,0.7411
0459_01_WRI-R,PAT_GRAZ_459,GRAZPEDWRI-DX,train,1,D:\projects\MediMind\ai-prediction-service\artifacts\fracture_v2\experiment5_localization\dataset\images\train\0459_0181885702_01_WRI-R1_M006.png,D:\projects\MediMind\ai-prediction-service\artifacts\fracture_v2\experiment5_localization\dataset\images\train\0459_0181885785_01_WRI-R2_M006.png,NONE,"[0.49145300000000003, 0.38636349999999997, 0.735043, 0.4624505]",NONE,NONE,0.0,0.0,FULL_IMAGE,FULL_IMAGE,20pct_expanded_or_full_fallback,0.0,0.0
0460_01_WRI-R,PAT_GRAZ_460,GRAZPEDWRI-DX,train,0,D:\projects\MediMind\ai-prediction-service\artifacts\fracture_v2\experiment5_localization\dataset\images\train\0460_0480586924_01_WRI-R1_M011.png,D:\projects\MediMind\ai-prediction-service\artifacts\fracture_v2\experiment5_localization\dataset\images\train\0460_0480586958_01_WRI-R2_M011.png,NONE,NONE,NONE,NONE,0.0,0.0,FULL_IMAGE,FULL_IMAGE,20pct_expanded_or_full_fallback,0.0,0.0
0460_02_WRI-L,PAT_GRAZ_460,GRAZPEDWRI-DX,train,0,D:\projects\MediMind\ai-prediction-service\artifacts\fracture_v2\experiment5_localization\dataset\images\train\0460_0480587009_02_WRI-L1_M011.png,D:\projects\MediMind\ai-prediction-service\artifacts\fracture_v2\experiment5_localization\dataset\images\train\0460_0480587041_02_WRI-L2_M011.png,NONE,NONE,NONE,NONE,0.0,0.0,FULL_IMAGE,FULL_IMAGE,20pct_expanded_or_full_fallback,0.0,0.0
0461_01_WRI-R,PAT_GRAZ_461,GRAZPEDWRI-DX,train,1,D:\projects\MediMind\ai-prediction-service\artifacts\fracture_v2\experiment5_localization\dataset\images\train\0461_0303721136_01_WRI-R1_M014.png,D:\projects\MediMind\ai-prediction-service\artifacts\fracture_v2\experiment5_localization\dataset\images\train\0461_0303721158_01_WRI-R2_M014.png,NONE,"[0.4587705, 0.5379185, 0.6656675000000001, 0.6067015]",NONE,NONE,0.0,0.0,FULL_IMAGE,FULL_IMAGE,20pct_expanded_or_full_fallback,0.0,0.0
0461_02_WRI-R,PAT_GRAZ_461,GRAZPEDWRI-DX,train,1,D:\projects\MediMind\ai-prediction-service\artifacts\fracture_v2\experiment5_localization\dataset\images\train\0461_0305348251_02_WRI-R1_M014.png,D:\projects\MediMind\ai-prediction-service\artifacts\fracture_v2\experiment5_localization\dataset\images\train\0461_0305348272_02_WRI-R2_M014.png,NONE,"[0.38155500000000003, 0.33185050000000005, 0.629295, 0.4110315]","[0.255, 0.3858, 0.5393, 0.4753]","[0.3789, 0.3456, 0.6254, 0.411]",0.2088,0.4635,"[0.19814, 0.36789999999999995, 0.59616, 0.4932]","[0.3296, 0.33252000000000004, 0.6747, 0.42407999999999996]",20pct_expanded_or_full_fallback,0.0,0.8058
0462_01_WRI-L,PAT_GRAZ_462,GRAZPEDWRI-DX,train,1,D:\projects\MediMind\ai-prediction-service\artifacts\fracture_v2\experiment5_localization\dataset\images\train\0462_0215468618_01_WRI-L1_M010.png,D:\projects\MediMind\ai-prediction-service\artifacts\fracture_v2\experiment5_localization\dataset\images\train\0462_0215468579_01_WRI-L2_M010.png,"[0.298527, 0.4305555, 0.39491299999999996, 0.4839745]","[0.37073900000000004, 0.39802, 0.534091, 0.461386]","[0.2855, 0.4242, 0.4014, 0.4912]","[0.3676, 0.3837, 0.5346, 0.4632]",0.7629,0.7509,"[0.26232, 0.4108, 0.42457999999999996, 0.5046]","[0.3342, 0.36779999999999996, 0.568, 0.4791]",20pct_expanded_or_full_fallback,0.6631,0.7796
0462_02_WRI-L,PAT_GRAZ_462,GRAZPEDWRI-DX,train,1,D:\projects\MediMind\ai-prediction-service\artifacts\fracture_v2\experiment5_localization\dataset\images\train\0462_0216842156_02_WRI-L1_M010.png,D:\projects\MediMind\ai-prediction-service\artifacts\fracture_v2\experiment5_localization\dataset\images\train\0462_0216842208_02_WRI-L2_M010.png,"[0.44499999999999995, 0.5185185, 0.7975, 0.6044975]","[0.35217350000000003, 0.5565035, 0.5847825, 0.6311305]","[0.1871, 0.5021, 0.3922, 0.5796]","[0.345, 0.5445, 0.5927, 0.6356]",0.814,0.7865,"[0.14608, 0.4866, 0.43322, 0.5951]","[0.29545999999999994, 0.52628, 0.64224, 0.6538200000000001]",20pct_expanded_or_full_fallback,0.7735,0.7693
0464_01_WRI-R,PAT_GRAZ_464,GRAZPEDWRI-DX,train,1,D:\projects\MediMind\ai-prediction-service\artifacts\fracture_v2\experiment5_localization\dataset\images\train\0464_0977939811_01_WRI-R1_M015.png,D:\projects\MediMind\ai-prediction-service\artifacts\fracture_v2\experiment5_localization\dataset\images\train\0464_0977939871_01_WRI-R2_M015.png,"[0.3278145, 0.5841585, 0.6009935, 0.6782174999999999]","[0.5217390000000001, 0.56942, 0.717391, 0.6722319999999999]","[0.3259, 0.584, 0.6091, 0.6824]","[0.5149, 0.5647, 0.7206, 0.6597]",0.675,0.6498,"[0.26926000000000005, 0.5643199999999999, 0.66574, 0.70208]","[0.47376, 0.5457, 0.76174, 0.6787]",20pct_expanded_or_full_fallback,0.9221,0.8031
0464_02_WRI-R,PAT_GRAZ_464,GRAZPEDWRI-DX,train,1,D:\projects\MediMind\ai-prediction-service\artifacts\fracture_v2\experiment5_localization\dataset\images\train\0464_0979826248_02_WRI-R1_M015.png,D:\projects\MediMind\ai-prediction-service\artifacts\fracture_v2\experiment5_localization\dataset\images\train\0464_0979826325_02_WRI-R2_M015.png,"[0.289216, 0.6293704999999999, 0.562092, 0.7325175]","[0.46014449999999996, 0.6200345, 0.6884055, 0.6925735]","[0.2877, 0.6286, 0.5631, 0.7344]","[0.4503, 0.6126, 0.6913, 0.7092]",0.7175,0.713,"[0.23262, 0.6074400000000001, 0.6181800000000001, 0.75556]","[0.40209999999999996, 0.59328, 0.7395, 0.7285200000000001]",20pct_expanded_or_full_fallback,0.966,0.7112
0465_01_WRI-L,PAT_GRAZ_465,GRAZPEDWRI-DX,train,1,D:\projects\MediMind\ai-prediction-service\artifacts\fracture_v2\experiment5_localization\dataset\images\train\0465_1256559323_01_WRI-L1_M016.png,D:\projects\MediMind\ai-prediction-service\artifacts\fracture_v2\experiment5_localization\dataset\images\train\0465_1256559223_01_WRI-L2_M016.png,"[0.285498, 0.26200850000000003, 0.364048, 0.3406115]","[0.348802, 0.2292625, 0.625748, 0.4251155]","[0.2801, 0.2608, 0.3674, 0.3335]",NONE,0.3623,0.0,"[0.26264000000000004, 0.24625999999999998, 0.38486, 0.34804]",FULL_IMAGE,20pct_expanded_or_full_fallback,0.8132,0.0
0465_02_WRI-L,PAT_GRAZ_465,GRAZPEDWRI-DX,train,1,D:\projects\MediMind\ai-prediction-service\artifacts\fracture_v2\experiment5_localization\dataset\images\train\0465_1258032450_02_WRI-L1_M016.png,D:\projects\MediMind\ai-prediction-service\artifacts\fracture_v2\experiment5_localization\dataset\images\train\0465_1258032432_02_WRI-L2_M016.png,"[0.2601245, 0.454229, 0.3566975, 0.537659]","[0.33741250000000006, 0.41477300000000006, 0.7080415, 0.621591]","[0.2632, 0.4512, 0.3679, 0.5382]",NONE,0.5002,0.0,"[0.24225999999999998, 0.43379999999999996, 0.38884, 0.5556]",FULL_IMAGE,20pct_expanded_or_full_fallback,0.8329,0.0
0467_01_WRI-R,PAT_GRAZ_467,GRAZPEDWRI-DX,train,1,D:\projects\MediMind\ai-prediction-service\artifacts\fracture_v2\experiment5_localization\dataset\images\train\0467_0369674799_01_WRI-R1_F003.png,D:\projects\MediMind\ai-prediction-service\artifacts\fracture_v2\experiment5_localization\dataset\images\train\0467_0369674891_01_WRI-R2_F003.png,"[0.26497650000000006, 0.62678, 0.4377875, 0.7507119999999999]","[0.477876, 0.575721, 0.710914, 0.739183]","[0.2601, 0.6378, 0.439, 0.7444]","[0.4917, 0.5675, 0.7046, 0.6749]",0.2925,0.1931,"[0.22432, 0.61648, 0.47478, 0.76572]","[0.44912, 0.54602, 0.74718, 0.6963800000000001]",20pct_expanded_or_full_fallback,0.8348,0.53
0469_01_WRI-L,PAT_GRAZ_469,GRAZPEDWRI-DX,train,1,D:\projects\MediMind\ai-prediction-service\artifacts\fracture_v2\experiment5_localization\dataset\images\train\0469_1001424499_01_WRI-L1_F009.png,D:\projects\MediMind\ai-prediction-service\artifacts\fracture_v2\experiment5_localization\dataset\images\train\0469_1001424598_01_WRI-L2_F009.png,"[0.4220665, 0.7524655, 0.6479855, 0.8678505000000001]","[0.329238, 0.7130245, 0.579852, 0.8057395]","[0.476, 0.752, 0.6416, 0.8416]","[0.3074, 0.7293, 0.5552, 0.8221]",0.6832,0.4696,"[0.44288, 0.73408, 0.67472, 0.8595200000000001]","[0.25784, 0.7107399999999999, 0.6047600000000001, 0.8406600000000001]",20pct_expanded_or_full_fallback,0.5646,0.5964
0469_03_WRI-L,PAT_GRAZ_469,GRAZPEDWRI-DX,train,1,D:\projects\MediMind\ai-prediction-service\artifacts\fracture_v2\experiment5_localization\dataset\images\train\0469_1002554736_03_WRI-L1_F009.png,D:\projects\MediMind\ai-prediction-service\artifacts\fracture_v2\experiment5_localization\dataset\images\train\0469_1002554781_03_WRI-L2_F009.png,"[0.4011975, 0.5515374999999999, 0.6606785000000001, 0.6491865]","[0.3486235, 0.572758, 0.6032105, 0.646362]","[0.3993, 0.5479, 0.6593, 0.6416]","[0.3519, 0.5709, 0.6034, 0.6472]",0.7099,0.7399,"[0.3473, 0.5291600000000001, 0.7113, 0.6603399999999999]","[0.3016, 0.5556399999999999, 0.6537000000000001, 0.66246]",20pct_expanded_or_full_fallback,0.8787,0.952
0469_04_WRI-L,PAT_GRAZ_469,GRAZPEDWRI-DX,train,1,D:\projects\MediMind\ai-prediction-service\artifacts\fracture_v2\experiment5_localization\dataset\images\train\0469_1003491236_04_WRI-L1_F009.png,D:\projects\MediMind\ai-prediction-service\artifacts\fracture_v2\experiment5_localization\dataset\images\train\0469_1003491279_04_WRI-L2_F009.png,"[0.39242999999999995, 0.615873, 0.639442, 0.7333329999999999]","[0.3461535, 0.560852, 0.6047005, 0.682556]","[0.3911, 0.6112, 0.6351, 0.727]","[0.3528, 0.5636, 0.5977, 0.6541]",0.7725,0.6084,"[0.3423, 0.58804, 0.6839, 0.7501599999999999]","[0.30382, 0.5455, 0.64668, 0.6722]",20pct_expanded_or_full_fallback,0.8899,0.7044
0469_05_WRI-L,PAT_GRAZ_469,GRAZPEDWRI-DX,train,1,D:\projects\MediMind\ai-prediction-service\artifacts\fracture_v2\experiment5_localization\dataset\images\train\0469_1004366509_05_WRI-L1_F009.png,D:\projects\MediMind\ai-prediction-service\artifacts\fracture_v2\experiment5_localization\dataset\images\train\0469_1004366538_05_WRI-L2_F009.png,"[0.4252495, 0.6724485, 0.6295685, 0.8040814999999999]","[0.49999949999999993, 0.4967685, 0.7203385, 0.6195755000000001]","[0.424, 0.6809, 0.6312, 0.7987]","[0.4937, 0.5154, 0.72, 0.5979]",0.7349,0.7107,"[0.38256, 0.6573399999999999, 0.67264, 0.82226]","[0.44844000000000006, 0.49889999999999995, 0.7652599999999999, 0.6144]",20pct_expanded_or_full_fallback,0.8838,0.6581
0470_01_WRI-R,PAT_GRAZ_470,GRAZPEDWRI-DX,train,1,D:\projects\MediMind\ai-prediction-service\artifacts\fracture_v2\experiment5_localization\dataset\images\train\0470_0366728570_01_WRI-R1_M013.png,D:\projects\MediMind\ai-prediction-service\artifacts\fracture_v2\experiment5_localization\dataset\images\train\0470_0366728614_01_WRI-R2_M013.png,NONE,"[0.504329, 0.443529, 0.859307, 0.49711500000000003]",NONE,"[0.477, 0.4374, 0.8259, 0.4995]",0.0,0.1892,FULL_IMAGE,"[0.40721999999999997, 0.42498, 0.8956799999999999, 0.51192]",20pct_expanded_or_full_fallback,0.0,0.7346
0471_01_WRI-R,PAT_GRAZ_471,GRAZPEDWRI-DX,train,0,D:\projects\MediMind\ai-prediction-service\artifacts\fracture_v2\experiment5_localization\dataset\images\train\0471_0535952474_01_WRI-R1_F007.png,D:\projects\MediMind\ai-prediction-service\artifacts\fracture_v2\experiment5_localization\dataset\images\train\0471_0535952517_01_WRI-R2_F007.png,NONE,NONE,NONE,NONE,0.0,0.0,FULL_IMAGE,FULL_IMAGE,20pct_expanded_or_full_fallback,0.0,0.0
0472_01_WRI-L,PAT_GRAZ_472,GRAZPEDWRI-DX,train,1,D:\projects\MediMind\ai-prediction-service\artifacts\fracture_v2\experiment5_localization\dataset\images\train\0472_0541554828_01_WRI-L1_F012.png,D:\projects\MediMind\ai-prediction-service\artifacts\fracture_v2\experiment5_localization\dataset\images\train\0472_0541554933_01_WRI-L2_F012.png,"[0.46031800000000006, 0.4568295, 0.6996340000000001, 0.5423865]","[0.344948, 0.5202025, 0.6515679999999999, 0.6237375]","[0.4558, 0.4796, 0.6896, 0.5515]","[0.3478, 0.5599, 0.6281, 0.6343]",0.2336,0.5493,"[0.40903999999999996, 0.46522, 0.73636, 0.5658799999999999]","[0.29174, 0.54502, 0.68416, 0.64918]",20pct_expanded_or_full_fallback,0.6289,0.5156
0472_02_WRI-L,PAT_GRAZ_472,GRAZPEDWRI-DX,train,1,D:\projects\MediMind\ai-prediction-service\artifacts\fracture_v2\experiment5_localization\dataset\images\train\0472_0542108633_02_WRI-L1_F013.png,D:\projects\MediMind\ai-prediction-service\artifacts\fracture_v2\experiment5_localization\dataset\images\train\0472_0542108660_02_WRI-L2_F013.png,"[0.4164705, 0.580161, 0.6529415000000001, 0.673347]","[0.271845, 0.42857100000000004, 0.563107, 0.597035]","[0.2419, 0.5341, 0.3313, 0.6038]","[0.3554, 0.6476, 0.5125, 0.774]",0.3882,0.528,"[0.22402, 0.5201600000000001, 0.34918, 0.61774]","[0.32398, 0.62232, 0.54392, 0.79928]",20pct_expanded_or_full_fallback,0.0,0.0
0472_03_WRI-L,PAT_GRAZ_472,GRAZPEDWRI-DX,train,1,D:\projects\MediMind\ai-prediction-service\artifacts\fracture_v2\experiment5_localization\dataset\images\train\0472_0542718889_03_WRI-L1_F013.png,D:\projects\MediMind\ai-prediction-service\artifacts\fracture_v2\experiment5_localization\dataset\images\train\0472_0542718929_03_WRI-L2_F013.png,"[0.3966165, 0.5564945, 0.7518795, 0.6473075]","[0.34296000000000004, 0.572748, 0.640794, 0.669746]","[0.1353, 0.4898, 0.2546, 0.5567]","[0.3483, 0.5634, 0.6532, 0.6753]",0.7483,0.5385,"[0.11144000000000001, 0.47642, 0.27846, 0.5700799999999999]","[0.28732, 0.5410200000000001, 0.71418, 0.69768]",20pct_expanded_or_full_fallback,0.8648,0.8191
0473_01_WRI-R,PAT_GRAZ_473,GRAZPEDWRI-DX,train,1,D:\projects\MediMind\ai-prediction-service\artifacts\fracture_v2\experiment5_localization\dataset\images\train\0473_1196675800_01_WRI-R1_M013.png,D:\projects\MediMind\ai-prediction-service\artifacts\fracture_v2\experiment5_localization\dataset\images\train\0473_1196675848_01_WRI-R2_M013.png,"[0.269294, 0.4115645, 0.619048, 0.48299349999999996]","[0.38461599999999996, 0.3602435, 0.692308, 0.41319449999999996]",NONE,"[0.3861, 0.3664, 0.6682, 0.4404]",0.0,0.2245,FULL_IMAGE,"[0.32968, 0.3516, 0.72462, 0.4552]",20pct_expanded_or_full_fallback,0.0,0.5508
0474_01_WRI-L,PAT_GRAZ_474,GRAZPEDWRI-DX,train,1,D:\projects\MediMind\ai-prediction-service\artifacts\fracture_v2\experiment5_localization\dataset\images\train\0474_0247409014_01_WRI-L1_M003.png,D:\projects\MediMind\ai-prediction-service\artifacts\fracture_v2\experiment5_localization\dataset\images\train\0474_0247409047_01_WRI-L2_M003.png,"[0.49185249999999997, 0.42941199999999996, 0.6251855, 0.5105879999999999]","[0.5208015, 0.327869, 0.6379045, 0.394809]","[0.4906, 0.4366, 0.6229, 0.5114]","[0.5206, 0.3273, 0.6353, 0.3936]",0.7971,0.7407,"[0.46414, 0.42164, 0.64936, 0.5263599999999999]","[0.49765999999999994, 0.31404, 0.6582399999999999, 0.40686]",20pct_expanded_or_full_fallback,0.8796,0.9506
0477_01_WRI-L,PAT_GRAZ_477,GRAZPEDWRI-DX,train,1,D:\projects\MediMind\ai-prediction-service\artifacts\fracture_v2\experiment5_localization\dataset\images\train\0477_0619933063_01_WRI-L1_M012.png,D:\projects\MediMind\ai-prediction-service\artifacts\fracture_v2\experiment5_localization\dataset\images\train\0477_0619933132_01_WRI-L2_M012.png,"[0.47578299999999996, 0.636273, 0.707977, 0.741483]","[0.47278349999999997, 0.6027635, 0.6407465, 0.6545764999999999]","[0.4713, 0.6263, 0.7051, 0.7446]","[0.4722, 0.5915, 0.6426, 0.6572]",0.349,0.7954,"[0.42454000000000003, 0.60264, 0.75186, 0.76826]","[0.43812, 0.57836, 0.67668, 0.67034]",20pct_expanded_or_full_fallback,0.8629,0.7774
0477_02_WRI-L,PAT_GRAZ_477,GRAZPEDWRI-DX,train,1,D:\projects\MediMind\ai-prediction-service\artifacts\fracture_v2\experiment5_localization\dataset\images\train\0477_0620534020_02_WRI-L1_M012.png,D:\projects\MediMind\ai-prediction-service\artifacts\fracture_v2\experiment5_localization\dataset\images\train\0477_0620534054_02_WRI-L2_M012.png,"[0.4643765, 0.6451290000000001, 0.6692115000000001, 0.750497]","[0.339416, 0.6363635, 0.543796, 0.6924564999999999]","[0.4986, 0.6228, 0.6776, 0.7365]","[0.3472, 0.6346, 0.545, 0.7052]",0.3752,0.6399,"[0.4628, 0.60006, 0.7134, 0.75924]","[0.30764, 0.62048, 0.5845600000000001, 0.7193200000000001]",20pct_expanded_or_full_fallback,0.5917,0.7657
0477_03_WRI-L,PAT_GRAZ_477,GRAZPEDWRI-DX,train,1,D:\projects\MediMind\ai-prediction-service\artifacts\fracture_v2\experiment5_localization\dataset\images\train\0477_0621738837_03_WRI-L1_M012.png,D:\projects\MediMind\ai-prediction-service\artifacts\fracture_v2\experiment5_localization\dataset\images\train\0477_0621738904_03_WRI-L2_M012.png,"[0.5281859999999999, 0.554833, 0.710784, 0.640335]","[0.4847565, 0.504817, 0.6539634999999999, 0.568401]","[0.5145, 0.5305, 0.7257, 0.6336]","[0.4785, 0.4953, 0.6552, 0.5692]",0.4417,0.4976,"[0.47225999999999996, 0.50988, 0.7679400000000001, 0.65422]","[0.44316, 0.48052, 0.69054, 0.58398]",20pct_expanded_or_full_fallback,0.6252,0.8239
0477_04_WRI-L,PAT_GRAZ_477,GRAZPEDWRI-DX,train,1,D:\projects\MediMind\ai-prediction-service\artifacts\fracture_v2\experiment5_localization\dataset\images\train\0477_0622347264_04_WRI-L1_M012.png,D:\projects\MediMind\ai-prediction-service\artifacts\fracture_v2\experiment5_localization\dataset\images\train\0477_0622347373_04_WRI-L2_M012.png,"[0.5670729999999999, 0.7585514999999999, 0.810975, 0.8350105]","[0.5112105, 0.6486930000000001, 0.6696555, 0.709151]","[0.5638, 0.7473, 0.8167, 0.8642]","[0.486, 0.6397, 0.6774, 0.7211]",0.6363,0.5653,"[0.51322, 0.72392, 0.8672799999999999, 0.8875799999999999]","[0.44772, 0.6234200000000001, 0.71568, 0.7373799999999999]",20pct_expanded_or_full_fallback,0.6308,0.6148
0477_05_WRI-L,PAT_GRAZ_477,GRAZPEDWRI-DX,train,1,D:\projects\MediMind\ai-prediction-service\artifacts\fracture_v2\experiment5_localization\dataset\images\train\0477_0623210620_05_WRI-L1_M012.png,D:\projects\MediMind\ai-prediction-service\artifacts\fracture_v2\experiment5_localization\dataset\images\train\0477_0623210702_05_WRI-L2_M012.png,"[0.1185185, 0.406423, 0.23148149999999998, 0.470653]","[0.4518345, 0.5301205, 0.6880735, 0.5996295]","[0.5041, 0.6077, 0.8017, 0.7384]","[0.4421, 0.5304, 0.6903, 0.6121]",0.6868,0.7205,"[0.44458, 0.5815600000000001, 0.86122, 0.7645399999999999]","[0.39246, 0.51406, 0.73994, 0.62844]",20pct_expanded_or_full_fallback,0.6374,0.8039
0478_01_WRI-L,PAT_GRAZ_478,GRAZPEDWRI-DX,train,1,D:\projects\MediMind\ai-prediction-service\artifacts\fracture_v2\experiment5_localization\dataset\images\train\0478_0651059401_01_WRI-L1_F007.png,D:\projects\MediMind\ai-prediction-service\artifacts\fracture_v2\experiment5_localization\dataset\images\train\0478_0651059479_01_WRI-L2_F007.png,"[0.414336, 0.42010800000000004, 0.624126, 0.49641]","[0.41869200000000006, 0.551227, 0.618692, 0.608947]","[0.4168, 0.4229, 0.6313, 0.4897]","[0.4141, 0.5453, 0.6351, 0.6014]",0.6884,0.6001,"[0.3739, 0.40954, 0.6741999999999999, 0.5030600000000001]","[0.3699, 0.53408, 0.6793, 0.61262]",20pct_expanded_or_full_fallback,0.84,0.7215
0479_01_WRI-R,PAT_GRAZ_479,GRAZPEDWRI-DX,train,0,D:\projects\MediMind\ai-prediction-service\artifacts\fracture_v2\experiment5_localization\dataset\images\train\0479_0883857124_01_WRI-R1_M012.png,D:\projects\MediMind\ai-prediction-service\artifacts\fracture_v2\experiment5_localization\dataset\images\train\0479_0883857167_01_WRI-R2_M012.png,NONE,NONE,NONE,NONE,0.0,0.0,FULL_IMAGE,FULL_IMAGE,20pct_expanded_or_full_fallback,0.0,0.0
0479_02_WRI-R,PAT_GRAZ_479,GRAZPEDWRI-DX,train,1,D:\projects\MediMind\ai-prediction-service\artifacts\fracture_v2\experiment5_localization\dataset\images\train\0479_0888259160_02_WRI-R1_M012.png,D:\projects\MediMind\ai-prediction-service\artifacts\fracture_v2\experiment5_localization\dataset\images\train\0479_0888259176_02_WRI-R2_M012.png,"[0.5099714999999999, 0.5906155, 0.6486225, 0.7394825]","[0.5412575000000001, 0.5435139999999999, 0.6797645, 0.650246]",NONE,"[0.523, 0.556, 0.6792, 0.6347]",0.0,0.26,FULL_IMAGE,"[0.49176000000000003, 0.5402600000000001, 0.7104400000000001, 0.65044]",20pct_expanded_or_full_fallback,0.0,0.6693
0480_01_WRI-R,PAT_GRAZ_480,GRAZPEDWRI-DX,train,0,D:\projects\MediMind\ai-prediction-service\artifacts\fracture_v2\experiment5_localization\dataset\images\train\0480_0953011791_01_WRI-R1_M001.png,D:\projects\MediMind\ai-prediction-service\artifacts\fracture_v2\experiment5_localization\dataset\images\train\0480_0953011842_01_WRI-R2_M001.png,NONE,NONE,NONE,NONE,0.0,0.0,FULL_IMAGE,FULL_IMAGE,20pct_expanded_or_full_fallback,0.0,0.0
0480_02_WRI-L,PAT_GRAZ_480,GRAZPEDWRI-DX,train,1,D:\projects\MediMind\ai-prediction-service\artifacts\fracture_v2\experiment5_localization\dataset\images\train\0480_1159742224_02_WRI-L1_M007.png,D:\projects\MediMind\ai-prediction-service\artifacts\fracture_v2\experiment5_localization\dataset\images\train\0480_1159742313_02_WRI-L2_M007.png,"[0.283262, 0.5806454999999999, 0.41774, 0.6612905]","[0.525535, 0.622559, 0.680395, 0.704989]","[0.4879, 0.6637, 0.6348, 0.7702]","[0.5303, 0.62, 0.6822, 0.6987]",0.6093,0.7509,"[0.45852, 0.6424, 0.66418, 0.7915]","[0.49992, 0.60426, 0.71258, 0.71444]",20pct_expanded_or_full_fallback,0.8449,0.8598
0480_03_WRI-L,PAT_GRAZ_480,GRAZPEDWRI-DX,train,1,D:\projects\MediMind\ai-prediction-service\artifacts\fracture_v2\experiment5_localization\dataset\images\train\0480_1160356207_03_WRI-L1_M007.png,D:\projects\MediMind\ai-prediction-service\artifacts\fracture_v2\experiment5_localization\dataset\images\train\0480_1160356300_03_WRI-L2_M007.png,"[0.4819275, 0.5407335, 0.6847385, 0.6181265]","[0.46875, 0.351215, 0.6875, 0.424089]","[0.4752, 0.5381, 0.6763, 0.613]","[0.4787, 0.3609, 0.6877, 0.4225]",0.746,0.7757,"[0.43498000000000003, 0.52312, 0.71652, 0.62798]","[0.4369, 0.34858, 0.7294999999999999, 0.43482]",20pct_expanded_or_full_fallback,0.8405,0.8062
0480_04_WRI-L,PAT_GRAZ_480,GRAZPEDWRI-DX,train,1,D:\projects\MediMind\ai-prediction-service\artifacts\fracture_v2\experiment5_localization\dataset\images\train\0480_1161554902_04_WRI-L1_M007.png,D:\projects\MediMind\ai-prediction-service\artifacts\fracture_v2\experiment5_localization\dataset\images\train\0480_1161554952_04_WRI-L2_M007.png,"[0.2571945, 0.637563, 0.40827349999999996, 0.6984769999999999]","[0.4272725, 0.6971755, 0.6295455, 0.7954805]","[0.4867, 0.7101, 0.6766, 0.8045]","[0.4282, 0.7012, 0.6371, 0.7953]",0.7259,0.6981,"[0.44872, 0.69122, 0.71458, 0.82338]","[0.38642000000000004, 0.6823800000000001, 0.67888, 0.81412]",20pct_expanded_or_full_fallback,0.8665,0.9199
0482_01_WRI-R,PAT_GRAZ_482,GRAZPEDWRI-DX,train,1,D:\projects\MediMind\ai-prediction-service\artifacts\fracture_v2\experiment5_localization\dataset\images\train\0482_0828146153_01_WRI-R1_M012.png,D:\projects\MediMind\ai-prediction-service\artifacts\fracture_v2\experiment5_localization\dataset\images\train\0482_0828146218_01_WRI-R2_M012.png,"[0.3280635, 0.413717, 0.6106725, 0.487463]","[0.31477950000000005, 0.3219515, 0.5623805000000001, 0.4048785]","[0.3153, 0.4127, 0.6111, 0.483]","[0.3172, 0.3266, 0.5529, 0.4033]",0.8844,0.8369,"[0.25614000000000003, 0.39864, 0.67026, 0.49706]","[0.27005999999999997, 0.31126, 0.6000399999999999, 0.41864]",20pct_expanded_or_full_fallback,0.8877,0.8805
0482_02_WRI-R,PAT_GRAZ_482,GRAZPEDWRI-DX,train,1,D:\projects\MediMind\ai-prediction-service\artifacts\fracture_v2\experiment5_localization\dataset\images\train\0482_0828760225_02_WRI-R1_M012.png,D:\projects\MediMind\ai-prediction-service\artifacts\fracture_v2\experiment5_localization\dataset\images\train\0482_0828760297_02_WRI-R2_M012.png,"[0.331058, 0.6414255000000001, 0.585324, 0.7461025]","[0.48565549999999996, 0.6050955, 0.7520484999999999, 0.6857745]","[0.3499, 0.6478, 0.582, 0.7356]","[0.4848, 0.6126, 0.7396, 0.6925]",0.5879,0.791,"[0.30347999999999997, 0.63024, 0.62842, 0.75316]","[0.43384, 0.59662, 0.79056, 0.70848]",20pct_expanded_or_full_fallback,0.7656,0.7986
0482_03_WRI-R,PAT_GRAZ_482,GRAZPEDWRI-DX,train,1,D:\projects\MediMind\ai-prediction-service\artifacts\fracture_v2\experiment5_localization\dataset\images\train\0482_0829961380_03_WRI-R1_M012.png,D:\projects\MediMind\ai-prediction-service\artifacts\fracture_v2\experiment5_localization\dataset\images\train\0482_0829961405_03_WRI-R2_M012.png,"[0.330159, 0.556103, 0.576191, 0.659449]","[0.422562, 0.5603445, 0.676864, 0.6704975]","[0.3291, 0.5486, 0.5787, 0.6622]","[0.4212, 0.5756, 0.6801, 0.668]",0.744,0.7195,"[0.27918, 0.52588, 0.62862, 0.68492]","[0.36942, 0.55712, 0.7318800000000001, 0.6864800000000001]",20pct_expanded_or_full_fallback,0.8967,0.8263
0486_01_WRI-L,PAT_GRAZ_486,GRAZPEDWRI-DX,train,1,D:\projects\MediMind\ai-prediction-service\artifacts\fracture_v2\experiment5_localization\dataset\images\train\0486_0289247629_01_WRI-L1_M011.png,D:\projects\MediMind\ai-prediction-service\artifacts\fracture_v2\experiment5_localization\dataset\images\train\0486_0289247663_01_WRI-L2_M011.png,NONE,"[0.3536845, 0.43597549999999996, 0.6189475, 0.5030485]",NONE,"[0.3517, 0.4237, 0.6272, 0.4919]",0.0,0.4529,FULL_IMAGE,"[0.29660000000000003, 0.41006000000000004, 0.6823, 0.50554]",20pct_expanded_or_full_fallback,0.0,0.6822
0488_01_WRI-L,PAT_GRAZ_488,GRAZPEDWRI-DX,train,0,D:\projects\MediMind\ai-prediction-service\artifacts\fracture_v2\experiment5_localization\dataset\images\train\0488_0668060143_01_WRI-L1_M010.png,D:\projects\MediMind\ai-prediction-service\artifacts\fracture_v2\experiment5_localization\dataset\images\train\0488_0668060160_01_WRI-L2_M010.png,NONE,NONE,"[0.3652, 0.5503, 0.4703, 0.6202]",NONE,0.3253,0.0,"[0.34418000000000004, 0.53632, 0.49132, 0.63418]",FULL_IMAGE,20pct_expanded_or_full_fallback,0.0,0.0
0489_01_WRI-L,PAT_GRAZ_489,GRAZPEDWRI-DX,train,0,D:\projects\MediMind\ai-prediction-service\artifacts\fracture_v2\experiment5_localization\dataset\images\train\0489_0632764847_01_WRI-L1_F016.png,D:\projects\MediMind\ai-prediction-service\artifacts\fracture_v2\experiment5_localization\dataset\images\train\0489_0632764913_01_WRI-L2_F016.png,NONE,NONE,NONE,"[0.3754, 0.4958, 0.5843, 0.5702]",0.0,0.2826,FULL_IMAGE,"[0.33362, 0.48092, 0.6260800000000001, 0.58508]",20pct_expanded_or_full_fallback,0.0,0.0
0490_01_WRI-R,PAT_GRAZ_490,GRAZPEDWRI-DX,train,1,D:\projects\MediMind\ai-prediction-service\artifacts\fracture_v2\experiment5_localization\dataset\images\train\0490_0671128517_01_WRI-R1_F012.png,D:\projects\MediMind\ai-prediction-service\artifacts\fracture_v2\experiment5_localization\dataset\images\train\0490_0671128615_01_WRI-R2_F012.png,"[0.6382255, 0.3477975, 0.7952225, 0.3984225]","[0.268245, 0.3307455, 0.6883630000000001, 0.4231365]","[0.6307, 0.3473, 0.8005, 0.3978]","[0.3473, 0.4164, 0.5612, 0.4766]",0.405,0.7788,"[0.59674, 0.3372, 0.83446, 0.4079]","[0.30452, 0.40436, 0.6039800000000001, 0.48864]",20pct_expanded_or_full_fallback,0.9052,0.7385
0490_02_WRI-R,PAT_GRAZ_490,GRAZPEDWRI-DX,train,1,D:\projects\MediMind\ai-prediction-service\artifacts\fracture_v2\experiment5_localization\dataset\images\train\0490_0671612454_02_WRI-R1_F012.png,D:\projects\MediMind\ai-prediction-service\artifacts\fracture_v2\experiment5_localization\dataset\images\train\0490_0671612501_02_WRI-R2_F012.png,"[0.584936, 0.45529200000000003, 0.733974, 0.521898]","[0.32905950000000006, 0.2682485, 0.6837605, 0.37864949999999997]","[0.5895, 0.4545, 0.7384, 0.5169]","[0.3232, 0.271, 0.6952, 0.3647]",0.7302,0.5072,"[0.55972, 0.44202, 0.76818, 0.5293800000000001]","[0.24879999999999997, 0.25226000000000004, 0.7696000000000001, 0.38344]",20pct_expanded_or_full_fallback,0.8627,0.815
0490_03_WRI-R,PAT_GRAZ_490,GRAZPEDWRI-DX,train,1,D:\projects\MediMind\ai-prediction-service\artifacts\fracture_v2\experiment5_localization\dataset\images\train\0490_0672211653_03_WRI-R1_F012.png,D:\projects\MediMind\ai-prediction-service\artifacts\fracture_v2\experiment5_localization\dataset\images\train\0490_0672211695_03_WRI-R2_F012.png,"[0.6730205, 0.528735, 0.8049854999999999, 0.597701]","[0.427914, 0.2354545, 0.6917179999999999, 0.3399995]","[0.6717, 0.5318, 0.8102, 0.593]","[0.4294, 0.2435, 0.6945, 0.3404]",0.7417,0.5452,"[0.6439999999999999, 0.51956, 0.8379000000000001, 0.60524]","[0.37638, 0.22411999999999999, 0.74752, 0.35978]",20pct_expanded_or_full_fallback,0.85,0.9055
0490_04_WRI-R,PAT_GRAZ_490,GRAZPEDWRI-DX,train,1,D:\projects\MediMind\ai-prediction-service\artifacts\fracture_v2\experiment5_localization\dataset\images\train\0490_0673505652_04_WRI-R1_F012.png,D:\projects\MediMind\ai-prediction-service\artifacts\fracture_v2\experiment5_localization\dataset\images\train\0490_0673505687_04_WRI-R2_F012.png,"[0.310811, 0.49428600000000006, 0.6402030000000001, 0.6100000000000001]","[0.4288615, 0.4642, 0.7601625000000001, 0.579952]","[0.6942, 0.6278, 0.841, 0.7369]","[0.5858, 0.5925, 0.7384, 0.6694]",0.7064,0.531,"[0.6648400000000001, 0.6059800000000001, 0.8703599999999999, 0.75872]","[0.55528, 0.5771200000000001, 0.7689199999999999, 0.6847799999999999]",20pct_expanded_or_full_fallback,0.8386,0.6854
0491_01_WRI-L,PAT_GRAZ_491,GRAZPEDWRI-DX,train,0,D:\projects\MediMind\ai-prediction-service\artifacts\fracture_v2\experiment5_localization\dataset\images\train\0491_1201399775_01_WRI-L1_F014.png,D:\projects\MediMind\ai-prediction-service\artifacts\fracture_v2\experiment5_localization\dataset\images\train\0491_1201399799_01_WRI-L2_F014.png,NONE,NONE,NONE,NONE,0.0,0.0,FULL_IMAGE,FULL_IMAGE,20pct_expanded_or_full_fallback,0.0,0.0
0492_01_WRI-R,PAT_GRAZ_492,GRAZPEDWRI-DX,train,0,D:\projects\MediMind\ai-prediction-service\artifacts\fracture_v2\experiment5_localization\dataset\images\train\0492_0880239770_01_WRI-R1_M009.png,D:\projects\MediMind\ai-prediction-service\artifacts\fracture_v2\experiment5_localization\dataset\images\train\0492_0880239815_01_WRI-R2_M009.png,NONE,NONE,NONE,NONE,0.0,0.0,FULL_IMAGE,FULL_IMAGE,20pct_expanded_or_full_fallback,0.0,0.0
0493_01_WRI-L,PAT_GRAZ_493,GRAZPEDWRI-DX,train,0,D:\projects\MediMind\ai-prediction-service\artifacts\fracture_v2\experiment5_localization\dataset\images\train\0493_0286902110_01_WRI-L1_F015.png,D:\projects\MediMind\ai-prediction-service\artifacts\fracture_v2\experiment5_localization\dataset\images\train\0493_0286902143_01_WRI-L2_F015.png,NONE,NONE,NONE,NONE,0.0,0.0,FULL_IMAGE,FULL_IMAGE,20pct_expanded_or_full_fallback,0.0,0.0
0494_01_WRI-L,PAT_GRAZ_494,GRAZPEDWRI-DX,train,0,D:\projects\MediMind\ai-prediction-service\artifacts\fracture_v2\experiment5_localization\dataset\images\train\0494_1023023335_01_WRI-L1_F014.png,D:\projects\MediMind\ai-prediction-service\artifacts\fracture_v2\experiment5_localization\dataset\images\train\0494_1023023373_01_WRI-L2_F014.png,NONE,NONE,NONE,NONE,0.0,0.0,FULL_IMAGE,FULL_IMAGE,20pct_expanded_or_full_fallback,0.0,0.0
0498_01_WRI-R,PAT_GRAZ_498,GRAZPEDWRI-DX,train,1,D:\projects\MediMind\ai-prediction-service\artifacts\fracture_v2\experiment5_localization\dataset\images\train\0498_0247691923_01_WRI-R1_M014.png,D:\projects\MediMind\ai-prediction-service\artifacts\fracture_v2\experiment5_localization\dataset\images\train\0498_0247691959_01_WRI-R2_M014.png,"[0.5969230000000001, 0.3204815, 0.756923, 0.3606425]",NONE,NONE,NONE,0.0,0.0,FULL_IMAGE,FULL_IMAGE,20pct_expanded_or_full_fallback,0.0,0.0
0498_02_WRI-R,PAT_GRAZ_498,GRAZPEDWRI-DX,train,1,D:\projects\MediMind\ai-prediction-service\artifacts\fracture_v2\experiment5_localization\dataset\images\train\0498_0283642033_02_WRI-R1_M015.png,D:\projects\MediMind\ai-prediction-service\artifacts\fracture_v2\experiment5_localization\dataset\images\train\0498_0283642068_02_WRI-R2_M015.png,NONE,"[0.36104499999999995, 0.4378195, 0.731591, 0.4974445]",NONE,NONE,0.0,0.0,FULL_IMAGE,FULL_IMAGE,20pct_expanded_or_full_fallback,0.0,0.0
0499_01_WRI-L,PAT_GRAZ_499,GRAZPEDWRI-DX,train,1,D:\projects\MediMind\ai-prediction-service\artifacts\fracture_v2\experiment5_localization\dataset\images\train\0499_0808233398_01_WRI-L1_M008.png,D:\projects\MediMind\ai-prediction-service\artifacts\fracture_v2\experiment5_localization\dataset\images\train\0499_0808233438_01_WRI-L2_M008.png,"[0.452332, 0.4907405, 0.7261660000000001, 0.5590275]","[0.41098899999999994, 0.450346, 0.654945, 0.54157]","[0.4552, 0.4828, 0.7286, 0.5588]","[0.4037, 0.4581, 0.6418, 0.5332]",0.4799,0.5021,"[0.40052, 0.4676, 0.78328, 0.574]","[0.35608, 0.44308000000000003, 0.68942, 0.54822]",20pct_expanded_or_full_fallback,0.8767,0.7602
0500_01_WRI-L,PAT_GRAZ_500,GRAZPEDWRI-DX,train,1,D:\projects\MediMind\ai-prediction-service\artifacts\fracture_v2\experiment5_localization\dataset\images\train\0500_0515510337_01_WRI-L1_M012.png,D:\projects\MediMind\ai-prediction-service\artifacts\fracture_v2\experiment5_localization\dataset\images\train\0500_0515510361_01_WRI-L2_M012.png,NONE,"[0.30434799999999995, 0.4102845, 0.610672, 0.49234150000000004]",NONE,NONE,0.0,0.0,FULL_IMAGE,FULL_IMAGE,20pct_expanded_or_full_fallback,0.0,0.0
0501_01_WRI-R,PAT_GRAZ_501,GRAZPEDWRI-DX,train,0,D:\projects\MediMind\ai-prediction-service\artifacts\fracture_v2\experiment5_localization\dataset\images\train\0501_0443198334_01_WRI-R1_F005.png,D:\projects\MediMind\ai-prediction-service\artifacts\fracture_v2\experiment5_localization\dataset\images\train\0501_0443198375_01_WRI-R2_F005.png,NONE,NONE,NONE,"[0.4045, 0.5179, 0.5751, 0.5896]",0.0,0.322,FULL_IMAGE,"[0.37038000000000004, 0.50356, 0.6092199999999999, 0.60394]",20pct_expanded_or_full_fallback,0.0,0.0
0502_01_WRI-R,PAT_GRAZ_502,GRAZPEDWRI-DX,train,1,D:\projects\MediMind\ai-prediction-service\artifacts\fracture_v2\experiment5_localization\dataset\images\train\0502_0882596652_01_WRI-R1_F011.png,D:\projects\MediMind\ai-prediction-service\artifacts\fracture_v2\experiment5_localization\dataset\images\train\0502_0882596696_01_WRI-R2_F011.png,NONE,"[0.3536235000000001, 0.5294815, 0.7507245, 0.6120285]",NONE,"[0.3549, 0.5292, 0.7058, 0.6015]",0.0,0.25,FULL_IMAGE,"[0.28472, 0.51474, 0.77598, 0.6159600000000001]",20pct_expanded_or_full_fallback,0.0,0.7686
0503_01_WRI-L,PAT_GRAZ_503,GRAZPEDWRI-DX,train,1,D:\projects\MediMind\ai-prediction-service\artifacts\fracture_v2\experiment5_localization\dataset\images\train\0503_1018511008_01_WRI-L1_M012.png,D:\projects\MediMind\ai-prediction-service\artifacts\fracture_v2\experiment5_localization\dataset\images\train\0503_1018511068_01_WRI-L2_M012.png,"[0.4649805, 0.6466805, 0.7392995, 0.7323335]","[0.253669, 0.616977, 0.475891, 0.715321]","[0.4686, 0.6333, 0.742, 0.7237]","[0.2519, 0.617, 0.4645, 0.7098]",0.8331,0.6078,"[0.41392, 0.61522, 0.7966799999999999, 0.74178]","[0.20938, 0.59844, 0.50702, 0.72836]",20pct_expanded_or_full_fallback,0.762,0.8886
0503_02_WRI-L,PAT_GRAZ_503,GRAZPEDWRI-DX,train,1,D:\projects\MediMind\ai-prediction-service\artifacts\fracture_v2\experiment5_localization\dataset\images\train\0503_1020470848_02_WRI-L1_M012.png,D:\projects\MediMind\ai-prediction-service\artifacts\fracture_v2\experiment5_localization\dataset\images\train\0503_1020470895_02_WRI-L2_M012.png,"[0.40103300000000003, 0.5865560000000001, 0.6282270000000001, 0.666666]","[0.2444445, 0.5448000000000001, 0.4323235, 0.6016]","[0.4012, 0.5762, 0.6349, 0.6642]","[0.2261, 0.5399, 0.4485, 0.6123]",0.8125,0.6053,"[0.35446, 0.5586000000000001, 0.68164, 0.6818]","[0.18162, 0.5254200000000001, 0.49298000000000003, 0.6267799999999999]",20pct_expanded_or_full_fallback,0.8339,0.6628
0504_01_WRI-R,PAT_GRAZ_504,GRAZPEDWRI-DX,train,1,D:\projects\MediMind\ai-prediction-service\artifacts\fracture_v2\experiment5_localization\dataset\images\train\0504_1024018669_01_WRI-R1_M014.png,D:\projects\MediMind\ai-prediction-service\artifacts\fracture_v2\experiment5_localization\dataset\images\train\0504_1024018718_01_WRI-R2_M014.png,"[0.31652199999999997, 0.5201865, 0.457392, 0.6009315000000001]",NONE,NONE,NONE,0.0,0.0,FULL_IMAGE,FULL_IMAGE,20pct_expanded_or_full_fallback,0.0,0.0
0506_01_WRI-R,PAT_GRAZ_506,GRAZPEDWRI-DX,train,1,D:\projects\MediMind\ai-prediction-service\artifacts\fracture_v2\experiment5_localization\dataset\images\train\0506_0763128820_01_WRI-R1_M015.png,D:\projects\MediMind\ai-prediction-service\artifacts\fracture_v2\experiment5_localization\dataset\images\train\0506_0763128866_01_WRI-R2_M015.png,"[0.2780655, 0.563305, 0.5492225, 0.761803]","[0.46008449999999995, 0.5627749999999999, 0.7436974999999999, 0.802863]",NONE,NONE,0.0,0.0,FULL_IMAGE,FULL_IMAGE,20pct_expanded_or_full_fallback,0.0,0.0
0507_01_WRI-L,PAT_GRAZ_507,GRAZPEDWRI-DX,train,1,D:\projects\MediMind\ai-prediction-service\artifacts\fracture_v2\experiment5_localization\dataset\images\train\0507_1135294906_01_WRI-L1_M015.png,D:\projects\MediMind\ai-prediction-service\artifacts\fracture_v2\experiment5_localization\dataset\images\train\0507_1135294951_01_WRI-L2_M015.png,"[0.33628300000000005, 0.35104500000000005, 0.776991, 0.447735]","[0.2909965, 0.33180400000000004, 0.6816715, 0.43578]",NONE,"[0.3058, 0.3611, 0.6755, 0.4444]",0.0,0.3021,FULL_IMAGE,"[0.23186, 0.34443999999999997, 0.74944, 0.46106]",20pct_expanded_or_full_fallback,0.0,0.6302
0507_02_WRI-L,PAT_GRAZ_507,GRAZPEDWRI-DX,train,1,D:\projects\MediMind\ai-prediction-service\artifacts\fracture_v2\experiment5_localization\dataset\images\train\0507_1135296571_02_WRI-L1_M015.png,D:\projects\MediMind\ai-prediction-service\artifacts\fracture_v2\experiment5_localization\dataset\images\train\0507_1135296613_02_WRI-L2_M015.png,NONE,"[0.21341400000000002, 0.399396, 0.617886, 0.509054]",NONE,NONE,0.0,0.0,FULL_IMAGE,FULL_IMAGE,20pct_expanded_or_full_fallback,0.0,0.0
0507_03_WRI-L,PAT_GRAZ_507,GRAZPEDWRI-DX,train,1,D:\projects\MediMind\ai-prediction-service\artifacts\fracture_v2\experiment5_localization\dataset\images\train\0507_1135878287_03_WRI-L1_M015.png,D:\projects\MediMind\ai-prediction-service\artifacts\fracture_v2\experiment5_localization\dataset\images\train\0507_1135878333_03_WRI-L2_M015.png,NONE,"[0.28376049999999997, 0.3205805, 0.6290595, 0.4643795]",NONE,"[0.2995, 0.319, 0.6354, 0.4653]",0.0,0.2145,FULL_IMAGE,"[0.23231999999999997, 0.28974, 0.70258, 0.49456]",20pct_expanded_or_full_fallback,0.0,0.9219
0507_04_WRI-L,PAT_GRAZ_507,GRAZPEDWRI-DX,train,1,D:\projects\MediMind\ai-prediction-service\artifacts\fracture_v2\experiment5_localization\dataset\images\train\0507_1137679606_04_WRI-L1_M015.png,D:\projects\MediMind\ai-prediction-service\artifacts\fracture_v2\experiment5_localization\dataset\images\train\0507_1137679671_04_WRI-L2_M015.png,"[0.1715215, 0.5305905, 0.2912625, 0.6065395]","[0.22649550000000002, 0.5272730000000001, 0.6388885, 0.623637]","[0.1803, 0.5394, 0.2972, 0.6132]","[0.2203, 0.518, 0.651, 0.6291]",0.3892,0.3788,"[0.15691999999999998, 0.52464, 0.32058000000000003, 0.62796]","[0.13416, 0.49578, 0.73714, 0.65132]",20pct_expanded_or_full_fallback,0.7253,0.8305
0509_01_WRI-R,PAT_GRAZ_509,GRAZPEDWRI-DX,train,1,D:\projects\MediMind\ai-prediction-service\artifacts\fracture_v2\experiment5_localization\dataset\images\train\0509_0330533664_01_WRI-R1_F012.png,D:\projects\MediMind\ai-prediction-service\artifacts\fracture_v2\experiment5_localization\dataset\images\train\0509_0330533699_01_WRI-R2_F012.png,"[0.29249, 0.631876, 0.583004, 0.722144]","[0.39394, 0.5159630000000001, 0.6623380000000001, 0.590113]","[0.2923, 0.6274, 0.5788, 0.7236]","[0.3847, 0.5179, 0.6656, 0.5917]",0.6457,0.8123,"[0.23500000000000001, 0.6081599999999999, 0.6361, 0.7428400000000001]","[0.32852, 0.50314, 0.72178, 0.60646]",20pct_expanded_or_full_fallback,0.925,0.9121
0510_01_WRI-L,PAT_GRAZ_510,GRAZPEDWRI-DX,train,0,D:\projects\MediMind\ai-prediction-service\artifacts\fracture_v2\experiment5_localization\dataset\images\train\0510_1189053077_01_WRI-L1_M007.png,D:\projects\MediMind\ai-prediction-service\artifacts\fracture_v2\experiment5_localization\dataset\images\train\0510_1189053111_01_WRI-L2_M007.png,NONE,NONE,NONE,NONE,0.0,0.0,FULL_IMAGE,FULL_IMAGE,20pct_expanded_or_full_fallback,0.0,0.0
0511_01_WRI-L,PAT_GRAZ_511,GRAZPEDWRI-DX,train,1,D:\projects\MediMind\ai-prediction-service\artifacts\fracture_v2\experiment5_localization\dataset\images\train\0511_0398949776_01_WRI-L1_F007.png,D:\projects\MediMind\ai-prediction-service\artifacts\fracture_v2\experiment5_localization\dataset\images\train\0511_0398949816_01_WRI-L2_F007.png,NONE,"[0.354839, 0.4317675, 0.6720430000000001, 0.5000005000000001]",NONE,"[0.3557, 0.4319, 0.669, 0.4979]",0.0,0.4463,FULL_IMAGE,"[0.29304, 0.4187, 0.7316600000000001, 0.5111]",20pct_expanded_or_full_fallback,0.0,0.9554
0513_01_WRI-R,PAT_GRAZ_513,GRAZPEDWRI-DX,train,0,D:\projects\MediMind\ai-prediction-service\artifacts\fracture_v2\experiment5_localization\dataset\images\train\0513_1216912230_01_WRI-R1_F001.png,D:\projects\MediMind\ai-prediction-service\artifacts\fracture_v2\experiment5_localization\dataset\images\train\0513_1216912248_01_WRI-R2_F001.png,NONE,NONE,NONE,"[0.4403, 0.5108, 0.6349, 0.5892]",0.0,0.1767,FULL_IMAGE,"[0.40138, 0.49512000000000006, 0.67382, 0.60488]",20pct_expanded_or_full_fallback,0.0,0.0
0514_01_WRI-L,PAT_GRAZ_514,GRAZPEDWRI-DX,train,1,D:\projects\MediMind\ai-prediction-service\artifacts\fracture_v2\experiment5_localization\dataset\images\train\0514_1069075352_01_WRI-L1_M013.png,D:\projects\MediMind\ai-prediction-service\artifacts\fracture_v2\experiment5_localization\dataset\images\train\0514_1069075473_01_WRI-L2_M013.png,"[0.4384165, 0.46992049999999996, 0.6656895, 0.5891035]","[0.38793150000000004, 0.648817, 0.5758625, 0.7907850000000001]","[0.4315, 0.4704, 0.6689, 0.5806]","[0.3888, 0.6519, 0.5763, 0.7729]",0.6894,0.3314,"[0.38402, 0.44836, 0.71638, 0.6026400000000001]","[0.35129999999999995, 0.6277, 0.6138, 0.7971]",20pct_expanded_or_full_fallback,0.888,0.8467
0514_02_WRI-L,PAT_GRAZ_514,GRAZPEDWRI-DX,train,1,D:\projects\MediMind\ai-prediction-service\artifacts\fracture_v2\experiment5_localization\dataset\images\train\0514_1070451154_02_WRI-L1_M013.png,D:\projects\MediMind\ai-prediction-service\artifacts\fracture_v2\experiment5_localization\dataset\images\train\0514_1070451235_02_WRI-L2_M013.png,"[0.413352, 0.591133, 0.620738, 0.6699510000000001]","[0.33130099999999996, 0.48973900000000004, 0.575203, 0.585821]","[0.2189, 0.5511, 0.34, 0.6193]","[0.3348, 0.4865, 0.5647, 0.5802]",0.737,0.6628,"[0.19468000000000002, 0.53746, 0.36422000000000004, 0.63294]","[0.28881999999999997, 0.46775999999999995, 0.61068, 0.59894]",20pct_expanded_or_full_fallback,0.798,0.8601
0515_01_WRI-L,PAT_GRAZ_515,GRAZPEDWRI-DX,train,1,D:\projects\MediMind\ai-prediction-service\artifacts\fracture_v2\experiment5_localization\dataset\images\train\0515_0926451186_01_WRI-L1_M006.png,D:\projects\MediMind\ai-prediction-service\artifacts\fracture_v2\experiment5_localization\dataset\images\train\0515_0926451299_01_WRI-L2_M006.png,"[0.5149680000000001, 0.4740405, 0.79253, 0.5715775]","[0.4691355, 0.570064, 0.7185185, 0.7117840000000001]","[0.5083, 0.4635, 0.8016, 0.5708]","[0.4788, 0.5796, 0.7199, 0.6981]",0.7173,0.6269,"[0.44964, 0.44204000000000004, 0.86026, 0.59226]","[0.43058, 0.5559, 0.76812, 0.7218000000000001]",20pct_expanded_or_full_fallback,0.8476,0.8
0515_02_WRI-L,PAT_GRAZ_515,GRAZPEDWRI-DX,train,1,D:\projects\MediMind\ai-prediction-service\artifacts\fracture_v2\experiment5_localization\dataset\images\train\0515_0926960482_02_WRI-L1_M006.png,D:\projects\MediMind\ai-prediction-service\artifacts\fracture_v2\experiment5_localization\dataset\images\train\0515_0926960670_02_WRI-L2_M006.png,"[0.49326349999999997, 0.7701485, 0.7088985, 0.8561234999999999]","[0.40740750000000003, 0.486726, 0.5606065, 0.565266]","[0.488, 0.7513, 0.719, 0.8444]","[0.4034, 0.4735, 0.56, 0.5599]",0.5869,0.7879,"[0.44179999999999997, 0.73268, 0.7652, 0.86302]","[0.37207999999999997, 0.45621999999999996, 0.5913200000000001, 0.5771799999999999]",20pct_expanded_or_full_fallback,0.6662,0.7756
0515_03_WRI-L,PAT_GRAZ_515,GRAZPEDWRI-DX,train,1,D:\projects\MediMind\ai-prediction-service\artifacts\fracture_v2\experiment5_localization\dataset\images\train\0515_0928158507_03_WRI-L1_M006.png,D:\projects\MediMind\ai-prediction-service\artifacts\fracture_v2\experiment5_localization\dataset\images\train\0515_0928158528_03_WRI-L2_M006.png,"[0.39644999999999997, 0.6288265, 0.6193299999999999, 0.7397955]","[0.5239185, 0.613521, 0.7744875, 0.727041]","[0.3936, 0.6307, 0.6246, 0.7395]","[0.5234, 0.6154, 0.7744, 0.7172]",0.8196,0.7896,"[0.3474, 0.60894, 0.6708000000000001, 0.76126]","[0.47319999999999995, 0.5950399999999999, 0.8246, 0.73756]",20pct_expanded_or_full_fallback,0.9466,0.8948
0518_01_WRI-L,PAT_GRAZ_518,GRAZPEDWRI-DX,train,0,D:\projects\MediMind\ai-prediction-service\artifacts\fracture_v2\experiment5_localization\dataset\images\train\0518_0948958763_01_WRI-L1_F014.png,D:\projects\MediMind\ai-prediction-service\artifacts\fracture_v2\experiment5_localization\dataset\images\train\0518_0948958811_01_WRI-L2_F014.png,NONE,NONE,NONE,NONE,0.0,0.0,FULL_IMAGE,FULL_IMAGE,20pct_expanded_or_full_fallback,0.0,0.0
0519_01_WRI-L,PAT_GRAZ_519,GRAZPEDWRI-DX,train,1,D:\projects\MediMind\ai-prediction-service\artifacts\fracture_v2\experiment5_localization\dataset\images\train\0519_0589982774_01_WRI-L1_M012.png,D:\projects\MediMind\ai-prediction-service\artifacts\fracture_v2\experiment5_localization\dataset\images\train\0519_0589982811_01_WRI-L2_M012.png,"[0.5378785, 0.42354149999999996, 0.7545455, 0.4979885]","[0.481132, 0.4062505, 0.6679240000000001, 0.5108175]",NONE,"[0.4738, 0.4013, 0.6671, 0.5013]",0.0,0.5398,FULL_IMAGE,"[0.43513999999999997, 0.3813, 0.70576, 0.5213]",20pct_expanded_or_full_fallback,0.0,0.8343
0521_01_WRI-R,PAT_GRAZ_521,GRAZPEDWRI-DX,train,1,D:\projects\MediMind\ai-prediction-service\artifacts\fracture_v2\experiment5_localization\dataset\images\train\0521_1158858139_01_WRI-R1_M009.png,D:\projects\MediMind\ai-prediction-service\artifacts\fracture_v2\experiment5_localization\dataset\images\train\0521_1158858165_01_WRI-R2_M009.png,"[0.3555135, 0.608654, 0.5171105, 0.6788460000000001]","[0.5430579999999999, 0.39478100000000005, 0.695958, 0.462121]","[0.3504, 0.6021, 0.5189, 0.6793]","[0.5404, 0.391, 0.6982, 0.4596]",0.8128,0.6748,"[0.3167, 0.58666, 0.5526, 0.69474]","[0.50884, 0.37728, 0.7297600000000001, 0.47332]",20pct_expanded_or_full_fallback,0.872,0.8841
0523_01_WRI-L,PAT_GRAZ_523,GRAZPEDWRI-DX,train,0,D:\projects\MediMind\ai-prediction-service\artifacts\fracture_v2\experiment5_localization\dataset\images\train\0523_1090614097_01_WRI-L1_M009.png,D:\projects\MediMind\ai-prediction-service\artifacts\fracture_v2\experiment5_localization\dataset\images\train\0523_1090614123_01_WRI-L2_M009.png,NONE,NONE,NONE,NONE,0.0,0.0,FULL_IMAGE,FULL_IMAGE,20pct_expanded_or_full_fallback,0.0,0.0
0524_01_WRI-L,PAT_GRAZ_524,GRAZPEDWRI-DX,train,1,D:\projects\MediMind\ai-prediction-service\artifacts\fracture_v2\experiment5_localization\dataset\images\train\0524_0756321121_01_WRI-L1_M014.png,D:\projects\MediMind\ai-prediction-service\artifacts\fracture_v2\experiment5_localization\dataset\images\train\0524_0756321151_01_WRI-L2_M014.png,"[0.483363, 0.392405, 0.774081, 0.481013]","[0.34722200000000003, 0.46875, 0.725, 0.569712]","[0.4825, 0.3922, 0.7735, 0.4785]","[0.3553, 0.4587, 0.7459, 0.5785]",0.86,0.6831,"[0.4243, 0.37494, 0.8317, 0.49576]","[0.27718, 0.43474, 0.82402, 0.60246]",20pct_expanded_or_full_fallback,0.9647,0.784
0524_02_WRI-R,PAT_GRAZ_524,GRAZPEDWRI-DX,train,1,D:\projects\MediMind\ai-prediction-service\artifacts\fracture_v2\experiment5_localization\dataset\images\train\0524_0773510454_02_WRI-R1_M014.png,D:\projects\MediMind\ai-prediction-service\artifacts\fracture_v2\experiment5_localization\dataset\images\train\0524_0773510498_02_WRI-R2_M014.png,"[0.241033, 0.43260200000000004, 0.5566709999999999, 0.504702]","[0.25044350000000004, 0.439799, 0.5950265, 0.539297]","[0.236, 0.4155, 0.5575, 0.5166]",NONE,0.4884,0.0,"[0.17169999999999996, 0.39527999999999996, 0.6218, 0.53682]",FULL_IMAGE,20pct_expanded_or_full_fallback,0.7002,0.0
0525_01_WRI-L,PAT_GRAZ_525,GRAZPEDWRI-DX,train,0,D:\projects\MediMind\ai-prediction-service\artifacts\fracture_v2\experiment5_localization\dataset\images\train\0525_1046906835_01_WRI-L1_M009.png,D:\projects\MediMind\ai-prediction-service\artifacts\fracture_v2\experiment5_localization\dataset\images\train\0525_1046906867_01_WRI-L2_M009.png,NONE,NONE,NONE,NONE,0.0,0.0,FULL_IMAGE,FULL_IMAGE,20pct_expanded_or_full_fallback,0.0,0.0
0526_01_WRI-L,PAT_GRAZ_526,GRAZPEDWRI-DX,train,0,D:\projects\MediMind\ai-prediction-service\artifacts\fracture_v2\experiment5_localization\dataset\images\train\0526_1159294867_01_WRI-L1_M014.png,D:\projects\MediMind\ai-prediction-service\artifacts\fracture_v2\experiment5_localization\dataset\images\train\0526_1159294895_01_WRI-L2_M014.png,NONE,NONE,NONE,NONE,0.0,0.0,FULL_IMAGE,FULL_IMAGE,20pct_expanded_or_full_fallback,0.0,0.0
0527_01_WRI-L,PAT_GRAZ_527,GRAZPEDWRI-DX,train,1,D:\projects\MediMind\ai-prediction-service\artifacts\fracture_v2\experiment5_localization\dataset\images\train\0527_1063010224_01_WRI-L1_F012.png,D:\projects\MediMind\ai-prediction-service\artifacts\fracture_v2\experiment5_localization\dataset\images\train\0527_1063010256_01_WRI-L2_F012.png,"[0.447005, 0.45795050000000004, 0.694317, 0.5168195]","[0.3327135, 0.49611199999999994, 0.5985125, 0.5520999999999999]",NONE,"[0.3234, 0.4893, 0.5896, 0.5554]",0.0,0.4833,FULL_IMAGE,"[0.27016, 0.47608, 0.64284, 0.56862]",20pct_expanded_or_full_fallback,0.0,0.7948
0530_01_WRI-L,PAT_GRAZ_530,GRAZPEDWRI-DX,train,1,D:\projects\MediMind\ai-prediction-service\artifacts\fracture_v2\experiment5_localization\dataset\images\train\0530_0793118318_01_WRI-L1_M012.png,D:\projects\MediMind\ai-prediction-service\artifacts\fracture_v2\experiment5_localization\dataset\images\train\0530_0793118389_01_WRI-L2_M012.png,"[0.46839699999999995, 0.4023435, 0.6907449999999999, 0.4951165]","[0.2131785, 0.2500005, 0.5465115, 0.3380435]","[0.2914, 0.5156, 0.3982, 0.5899]","[0.2017, 0.2621, 0.5618, 0.3719]",0.5219,0.2024,"[0.27004, 0.50074, 0.41956, 0.60476]","[0.12968, 0.24014, 0.6338199999999999, 0.39386]",20pct_expanded_or_full_fallback,0.0,0.581
0530_02_WRI-L,PAT_GRAZ_530,GRAZPEDWRI-DX,train,1,D:\projects\MediMind\ai-prediction-service\artifacts\fracture_v2\experiment5_localization\dataset\images\train\0530_0793776678_02_WRI-L1_M012.png,D:\projects\MediMind\ai-prediction-service\artifacts\fracture_v2\experiment5_localization\dataset\images\train\0530_0793776717_02_WRI-L2_M012.png,"[0.41715949999999996, 0.415172, 0.7159765, 0.486896]","[0.340391, 0.351724, 0.635179, 0.431034]",NONE,"[0.3311, 0.3477, 0.6361, 0.4376]",0.0,0.285,FULL_IMAGE,"[0.2701, 0.32972, 0.6971, 0.45558]",20pct_expanded_or_full_fallback,0.0,0.8527
0530_03_WRI-L,PAT_GRAZ_530,GRAZPEDWRI-DX,train,1,D:\projects\MediMind\ai-prediction-service\artifacts\fracture_v2\experiment5_localization\dataset\images\train\0530_0794385677_03_WRI-L1_M012.png,D:\projects\MediMind\ai-prediction-service\artifacts\fracture_v2\experiment5_localization\dataset\images\train\0530_0794385724_03_WRI-L2_M012.png,"[0.41105099999999994, 0.5, 0.671159, 0.5815600000000001]","[0.33155049999999997, 0.4082225, 0.5365415, 0.46940750000000003]","[0.4083, 0.5035, 0.6917, 0.5917]","[0.2962, 0.384, 0.6353, 0.4793]",0.357,0.1973,"[0.35162, 0.48585999999999996, 0.7483799999999999, 0.60934]","[0.22838000000000003, 0.36494, 0.70312, 0.49836]",20pct_expanded_or_full_fallback,0.7838,0.3881
0530_04_WRI-L,PAT_GRAZ_530,GRAZPEDWRI-DX,train,1,D:\projects\MediMind\ai-prediction-service\artifacts\fracture_v2\experiment5_localization\dataset\images\train\0530_0794994105_04_WRI-L1_M012.png,D:\projects\MediMind\ai-prediction-service\artifacts\fracture_v2\experiment5_localization\dataset\images\train\0530_0794994139_04_WRI-L2_M012.png,"[0.48312649999999996, 0.3039035, 0.8507994999999999, 0.3754645]","[0.357289, 0.308674, 0.7145790000000001, 0.35969399999999996]","[0.2675, 0.2581, 0.3792, 0.3147]","[0.3464, 0.3059, 0.7101, 0.3973]",0.4129,0.4852,"[0.24516000000000002, 0.24678, 0.40153999999999995, 0.32602]","[0.27366, 0.28762, 0.78284, 0.41558]",20pct_expanded_or_full_fallback,0.8456,0.5378
0532_01_WRI-L,PAT_GRAZ_532,GRAZPEDWRI-DX,train,1,D:\projects\MediMind\ai-prediction-service\artifacts\fracture_v2\experiment5_localization\dataset\images\train\0532_0610158529_01_WRI-L1_F007.png,D:\projects\MediMind\ai-prediction-service\artifacts\fracture_v2\experiment5_localization\dataset\images\train\0532_0610158560_01_WRI-L2_F007.png,"[0.4008265000000001, 0.5383595, 0.6983475, 0.6111105]","[0.3770115, 0.4896645, 0.6183905000000001, 0.5749355]","[0.4079, 0.5383, 0.6983, 0.6167]","[0.3866, 0.4949, 0.621, 0.5736]",0.5585,0.5091,"[0.34981999999999996, 0.52262, 0.75638, 0.63238]","[0.33972, 0.47916000000000003, 0.66788, 0.58934]",20pct_expanded_or_full_fallback,0.9073,0.8775
0534_01_WRI-L,PAT_GRAZ_534,GRAZPEDWRI-DX,train,1,D:\projects\MediMind\ai-prediction-service\artifacts\fracture_v2\experiment5_localization\dataset\images\train\0534_1272950794_01_WRI-L1_M006.png,D:\projects\MediMind\ai-prediction-service\artifacts\fracture_v2\experiment5_localization\dataset\images\train\0534_1272950814_01_WRI-L2_M006.png,"[0.43120549999999996, 0.6385545, 0.5886525, 0.7373495]","[0.316225, 0.6010495, 0.46854300000000004, 0.6968505]","[0.4264, 0.636, 0.5874, 0.729]","[0.3263, 0.595, 0.4747, 0.7029]",0.8165,0.6721,"[0.3942, 0.6174000000000001, 0.6196, 0.7475999999999999]","[0.29662, 0.5734199999999999, 0.50438, 0.72448]",20pct_expanded_or_full_fallback,0.8614,0.8026
0534_02_WRI-L,PAT_GRAZ_534,GRAZPEDWRI-DX,train,1,D:\projects\MediMind\ai-prediction-service\artifacts\fracture_v2\experiment5_localization\dataset\images\train\0534_1273545078_02_WRI-L1_M006.png,D:\projects\MediMind\ai-prediction-service\artifacts\fracture_v2\experiment5_localization\dataset\images\train\0534_1273545141_02_WRI-L2_M006.png,"[0.5155035, 0.49323600000000006, 0.6666664999999999, 0.5650360000000001]","[0.520058, 0.42991949999999995, 0.659026, 0.5175204999999999]","[0.5187, 0.4913, 0.6683, 0.5756]","[0.5242, 0.4348, 0.6595, 0.5184]",0.7981,0.7243,"[0.48878000000000005, 0.47444000000000003, 0.69822, 0.59246]","[0.49714, 0.41808, 0.68656, 0.5351199999999999]",20pct_expanded_or_full_fallback,0.8274,0.9044
0534_03_WRI-L,PAT_GRAZ_534,GRAZPEDWRI-DX,train,1,D:\projects\MediMind\ai-prediction-service\artifacts\fracture_v2\experiment5_localization\dataset\images\train\0534_1274755035_03_WRI-L1_M006.png,D:\projects\MediMind\ai-prediction-service\artifacts\fracture_v2\experiment5_localization\dataset\images\train\0534_1274755076_03_WRI-L2_M006.png,"[0.49831650000000005, 0.551471, 0.6851855, 0.656863]","[0.39899049999999997, 0.5419944999999999, 0.6439395, 0.6561675]","[0.4955, 0.5548, 0.6873, 0.6601]","[0.4094, 0.5468, 0.6411, 0.6535]",0.8447,0.7846,"[0.45714, 0.53374, 0.72566, 0.68116]","[0.36306, 0.5254599999999999, 0.68744, 0.67484]",20pct_expanded_or_full_fallback,0.9161,0.884
0538_01_WRI-L,PAT_GRAZ_538,GRAZPEDWRI-DX,train,0,D:\projects\MediMind\ai-prediction-service\artifacts\fracture_v2\experiment5_localization\dataset\images\train\0538_0506777191_01_WRI-L1_M013.png,D:\projects\MediMind\ai-prediction-service\artifacts\fracture_v2\experiment5_localization\dataset\images\train\0538_0506777238_01_WRI-L2_M013.png,NONE,NONE,NONE,NONE,0.0,0.0,FULL_IMAGE,FULL_IMAGE,20pct_expanded_or_full_fallback,0.0,0.0
0539_01_WRI-L,PAT_GRAZ_539,GRAZPEDWRI-DX,train,1,D:\projects\MediMind\ai-prediction-service\artifacts\fracture_v2\experiment5_localization\dataset\images\train\0539_0809029078_01_WRI-L1_M006.png,D:\projects\MediMind\ai-prediction-service\artifacts\fracture_v2\experiment5_localization\dataset\images\train\0539_0809029124_01_WRI-L2_M006.png,"[0.4485985, 0.580153, 0.6953275, 0.6653950000000001]","[0.3138075, 0.6773395, 0.5355645, 0.7733985000000001]","[0.4557, 0.5834, 0.7002, 0.6658]","[0.33, 0.7165, 0.5267, 0.7902]",0.3605,0.488,"[0.4068, 0.5669200000000001, 0.7491000000000001, 0.6822799999999999]","[0.29066000000000003, 0.70176, 0.5660399999999999, 0.80494]",20pct_expanded_or_full_fallback,0.9126,0.4548
0541_01_WRI-L,PAT_GRAZ_541,GRAZPEDWRI-DX,train,1,D:\projects\MediMind\ai-prediction-service\artifacts\fracture_v2\experiment5_localization\dataset\images\train\0541_0825695524_01_WRI-L1_M007.png,D:\projects\MediMind\ai-prediction-service\artifacts\fracture_v2\experiment5_localization\dataset\images\train\0541_0825695552_01_WRI-L2_M007.png,"[0.24710949999999998, 0.6702589999999999, 0.3526005, 0.717673]","[0.31835899999999995, 0.602088, 0.484375, 0.682134]","[0.3981, 0.7356, 0.5409, 0.8086]","[0.3158, 0.6133, 0.472, 0.6805]",0.8056,0.5474,"[0.36954, 0.7210000000000001, 0.5694600000000001, 0.8231999999999999]","[0.28456000000000004, 0.59986, 0.5032399999999999, 0.69394]",20pct_expanded_or_full_fallback,0.6551,0.767
0541_02_WRI-L,PAT_GRAZ_541,GRAZPEDWRI-DX,train,1,D:\projects\MediMind\ai-prediction-service\artifacts\fracture_v2\experiment5_localization\dataset\images\train\0541_0826267477_02_WRI-L1_M007.png,D:\projects\MediMind\ai-prediction-service\artifacts\fracture_v2\experiment5_localization\dataset\images\train\0541_0826267511_02_WRI-L2_M007.png,"[0.503745, 0.36658599999999997, 0.6910109999999999, 0.461538]","[0.32854550000000005, 0.5264225, 0.4757625, 0.6148374999999999]","[0.4972, 0.3638, 0.6931, 0.4492]","[0.333, 0.5242, 0.4714, 0.5857]",0.7025,0.7242,"[0.45802, 0.34672000000000003, 0.73228, 0.46628]","[0.30532000000000004, 0.5119, 0.49907999999999997, 0.598]",20pct_expanded_or_full_fallback,0.8125,0.6157
0541_03_WRI-R,PAT_GRAZ_541,GRAZPEDWRI-DX,train,1,D:\projects\MediMind\ai-prediction-service\artifacts\fracture_v2\experiment5_localization\dataset\images\train\0541_0857212799_03_WRI-R1_M008.png,D:\projects\MediMind\ai-prediction-service\artifacts\fracture_v2\experiment5_localization\dataset\images\train\0541_0857212844_03_WRI-R2_M008.png,"[0.3935745, 0.574293, 0.5983935, 0.658019]","[0.512755, 0.574728, 0.7168370000000001, 0.6807059999999999]","[0.4018, 0.5819, 0.6037, 0.6651]","[0.5139, 0.5832, 0.7168, 0.681]",0.8408,0.744,"[0.36141999999999996, 0.56526, 0.64408, 0.68174]","[0.47332, 0.56364, 0.7573799999999999, 0.7005600000000001]",20pct_expanded_or_full_fallback,0.7883,0.9122
0542_01_WRI-L,PAT_GRAZ_542,GRAZPEDWRI-DX,train,1,D:\projects\MediMind\ai-prediction-service\artifacts\fracture_v2\experiment5_localization\dataset\images\train\0542_0296223160_01_WRI-L1_F010.png,D:\projects\MediMind\ai-prediction-service\artifacts\fracture_v2\experiment5_localization\dataset\images\train\0542_0296223216_01_WRI-L2_F010.png,"[0.45253099999999996, 0.532646, 0.6772149999999999, 0.6277200000000001]","[0.382166, 0.4687144999999999, 0.5971339999999999, 0.5847555]","[0.451, 0.5277, 0.6848, 0.6205]","[0.3858, 0.4771, 0.6142, 0.5702]",0.4257,0.3003,"[0.40424000000000004, 0.5091399999999999, 0.73156, 0.6390600000000001]","[0.34012, 0.45848, 0.65988, 0.58882]",20pct_expanded_or_full_fallback,0.8465,0.7415
0542_02_WRI-L,PAT_GRAZ_542,GRAZPEDWRI-DX,train,1,D:\projects\MediMind\ai-prediction-service\artifacts\fracture_v2\experiment5_localization\dataset\images\train\0542_0297595083_02_WRI-L1_F010.png,D:\projects\MediMind\ai-prediction-service\artifacts\fracture_v2\experiment5_localization\dataset\images\train\0542_0297595113_02_WRI-L2_F010.png,"[0.44570199999999993, 0.5751445000000001, 0.753394, 0.6965315]","[0.29484, 0.578778, 0.599508, 0.68971]","[0.4398, 0.5861, 0.7562, 0.6978]","[0.3077, 0.5715, 0.5956, 0.6812]",0.701,0.597,"[0.37652, 0.5637599999999999, 0.81948, 0.72014]","[0.25011999999999995, 0.54956, 0.65318, 0.70314]",20pct_expanded_or_full_fallback,0.8777,0.8215
0542_03_WRI-L,PAT_GRAZ_542,GRAZPEDWRI-DX,train,1,D:\projects\MediMind\ai-prediction-service\artifacts\fracture_v2\experiment5_localization\dataset\images\train\0542_0298295683_03_WRI-L1_F010.png,D:\projects\MediMind\ai-prediction-service\artifacts\fracture_v2\experiment5_localization\dataset\images\train\0542_0298295711_03_WRI-L2_F010.png,"[0.43232349999999997, 0.5152285000000001, 0.6989905, 0.6294415]","[0.228833, 0.4936225, 0.521739, 0.5994895]","[0.4292, 0.5243, 0.7104, 0.6315]","[0.2502, 0.4835, 0.5207, 0.5886]",0.7403,0.7063,"[0.37296, 0.50286, 0.76664, 0.65294]","[0.19609999999999997, 0.46248, 0.5748000000000001, 0.60962]",20pct_expanded_or_full_fallback,0.861,0.7613
0543_01_WRI-L,PAT_GRAZ_543,GRAZPEDWRI-DX,train,0,D:\projects\MediMind\ai-prediction-service\artifacts\fracture_v2\experiment5_localization\dataset\images\train\0543_1175085345_01_WRI-L1_F016.png,D:\projects\MediMind\ai-prediction-service\artifacts\fracture_v2\experiment5_localization\dataset\images\train\0543_1175085374_01_WRI-L2_F016.png,NONE,NONE,NONE,"[0.2399, 0.4899, 0.4942, 0.551]",0.0,0.2219,FULL_IMAGE,"[0.18904, 0.47768, 0.54506, 0.56322]",20pct_expanded_or_full_fallback,0.0,0.0
0545_01_WRI-R,PAT_GRAZ_545,GRAZPEDWRI-DX,train,0,D:\projects\MediMind\ai-prediction-service\artifacts\fracture_v2\experiment5_localization\dataset\images\train\0545_0524012898_01_WRI-R1_M012.png,D:\projects\MediMind\ai-prediction-service\artifacts\fracture_v2\experiment5_localization\dataset\images\train\0545_0524012935_01_WRI-R2_M012.png,NONE,NONE,NONE,NONE,0.0,0.0,FULL_IMAGE,FULL_IMAGE,20pct_expanded_or_full_fallback,0.0,0.0
0552_01_WRI-R,PAT_GRAZ_552,GRAZPEDWRI-DX,train,0,D:\projects\MediMind\ai-prediction-service\artifacts\fracture_v2\experiment5_localization\dataset\images\train\0552_1116861359_01_WRI-R1_M014.png,D:\projects\MediMind\ai-prediction-service\artifacts\fracture_v2\experiment5_localization\dataset\images\train\0552_1116861419_01_WRI-R2_M014.png,NONE,NONE,NONE,NONE,0.0,0.0,FULL_IMAGE,FULL_IMAGE,20pct_expanded_or_full_fallback,0.0,0.0
0554_01_WRI-L,PAT_GRAZ_554,GRAZPEDWRI-DX,train,1,D:\projects\MediMind\ai-prediction-service\artifacts\fracture_v2\experiment5_localization\dataset\images\train\0554_0653164727_01_WRI-L1_M014.png,D:\projects\MediMind\ai-prediction-service\artifacts\fracture_v2\experiment5_localization\dataset\images\train\0554_0653164762_01_WRI-L2_M014.png,"[0.3841555, 0.5177569999999999, 0.6935725, 0.614019]",NONE,NONE,NONE,0.0,0.0,FULL_IMAGE,FULL_IMAGE,20pct_expanded_or_full_fallback,0.0,0.0
0555_01_WRI-R,PAT_GRAZ_555,GRAZPEDWRI-DX,train,0,D:\projects\MediMind\ai-prediction-service\artifacts\fracture_v2\experiment5_localization\dataset\images\train\0555_0316621033_01_WRI-R1_F017.png,D:\projects\MediMind\ai-prediction-service\artifacts\fracture_v2\experiment5_localization\dataset\images\train\0555_0316621080_01_WRI-R2_F017.png,NONE,NONE,"[0.545, 0.0496, 0.6986, 0.1052]","[0.3927, 0.6073, 0.7356, 0.6771]",0.2454,0.3591,"[0.5142800000000001, 0.03848, 0.72932, 0.11632]","[0.32411999999999996, 0.59334, 0.80418, 0.69106]",20pct_expanded_or_full_fallback,0.0,0.0
0556_01_WRI-R,PAT_GRAZ_556,GRAZPEDWRI-DX,train,0,D:\projects\MediMind\ai-prediction-service\artifacts\fracture_v2\experiment5_localization\dataset\images\train\0556_0420188958_01_WRI-R1_F012.png,D:\projects\MediMind\ai-prediction-service\artifacts\fracture_v2\experiment5_localization\dataset\images\train\0556_0420188988_01_WRI-R2_F012.png,NONE,NONE,NONE,NONE,0.0,0.0,FULL_IMAGE,FULL_IMAGE,20pct_expanded_or_full_fallback,0.0,0.0
0556_02_WRI-R,PAT_GRAZ_556,GRAZPEDWRI-DX,train,0,D:\projects\MediMind\ai-prediction-service\artifacts\fracture_v2\experiment5_localization\dataset\images\train\0556_0433894056_02_WRI-R1_F012.png,D:\projects\MediMind\ai-prediction-service\artifacts\fracture_v2\experiment5_localization\dataset\images\train\0556_0433894124_02_WRI-R2_F012.png,NONE,NONE,"[0.6817, 0.0744, 0.8087, 0.143]",NONE,0.5633,0.0,"[0.6563, 0.06068, 0.8341, 0.15672]",FULL_IMAGE,20pct_expanded_or_full_fallback,0.0,0.0
0557_01_WRI-R,PAT_GRAZ_557,GRAZPEDWRI-DX,train,1,D:\projects\MediMind\ai-prediction-service\artifacts\fracture_v2\experiment5_localization\dataset\images\train\0557_0898768797_01_WRI-R1_F010.png,D:\projects\MediMind\ai-prediction-service\artifacts\fracture_v2\experiment5_localization\dataset\images\train\0557_0898768842_01_WRI-R2_F010.png,"[0.2428845, 0.5941744999999999, 0.4819735, 0.6572815]","[0.370535, 0.599392, 0.582589, 0.682556]","[0.2447, 0.5898, 0.4732, 0.6566]","[0.3749, 0.604, 0.5677, 0.662]",0.7747,0.7256,"[0.199, 0.57644, 0.5189, 0.66996]","[0.33634000000000003, 0.5923999999999999, 0.60626, 0.6736000000000001]",20pct_expanded_or_full_fallback,0.8867,0.6341
0558_01_WRI-L,PAT_GRAZ_558,GRAZPEDWRI-DX,train,0,D:\projects\MediMind\ai-prediction-service\artifacts\fracture_v2\experiment5_localization\dataset\images\train\0558_0322651610_01_WRI-L1_F008.png,D:\projects\MediMind\ai-prediction-service\artifacts\fracture_v2\experiment5_localization\dataset\images\train\0558_0322651625_01_WRI-L2_F008.png,NONE,NONE,NONE,NONE,0.0,0.0,FULL_IMAGE,FULL_IMAGE,20pct_expanded_or_full_fallback,0.0,0.0
0559_01_WRI-R,PAT_GRAZ_559,GRAZPEDWRI-DX,train,0,D:\projects\MediMind\ai-prediction-service\artifacts\fracture_v2\experiment5_localization\dataset\images\train\0559_0789462229_01_WRI-R1_M002.png,D:\projects\MediMind\ai-prediction-service\artifacts\fracture_v2\experiment5_localization\dataset\images\train\0559_0789462280_01_WRI-R2_M002.png,NONE,NONE,NONE,NONE,0.0,0.0,FULL_IMAGE,FULL_IMAGE,20pct_expanded_or_full_fallback,0.0,0.0
0560_01_WRI-R,PAT_GRAZ_560,GRAZPEDWRI-DX,train,1,D:\projects\MediMind\ai-prediction-service\artifacts\fracture_v2\experiment5_localization\dataset\images\train\0560_0423122118_01_WRI-R1_M007.png,D:\projects\MediMind\ai-prediction-service\artifacts\fracture_v2\experiment5_localization\dataset\images\train\0560_0423122172_01_WRI-R2_M007.png,"[0.161342, 0.4068905, 0.35143800000000003, 0.46741150000000004]","[0.42739249999999995, 0.444068, 0.5594055, 0.500848]","[0.1631, 0.3975, 0.3517, 0.4616]","[0.432, 0.4321, 0.5584, 0.484]",0.723,0.6025,"[0.12538, 0.38468, 0.38942, 0.47442]","[0.40671999999999997, 0.42172, 0.58368, 0.49438]",20pct_expanded_or_full_fallback,0.7753,0.5603
0560_01_WRI-L,PAT_GRAZ_560,GRAZPEDWRI-DX,train,1,D:\projects\MediMind\ai-prediction-service\artifacts\fracture_v2\experiment5_localization\dataset\images\train\0560_0423122214_01_WRI-L1_M007.png,D:\projects\MediMind\ai-prediction-service\artifacts\fracture_v2\experiment5_localization\dataset\images\train\0560_0423122272_01_WRI-L2_M007.png,"[0.25, 0.3645835, 0.378846, 0.4104165]","[0.4017465, 0.451036, 0.5676855, 0.510358]","[0.5176, 0.3586, 0.7182, 0.4328]","[0.3992, 0.4489, 0.5872, 0.5253]",0.8559,0.6601,"[0.47747999999999996, 0.34375999999999995, 0.75832, 0.44764000000000004]","[0.3616, 0.43362, 0.6248, 0.54058]",20pct_expanded_or_full_fallback,0.8478,0.6854
0560_03_WRI-R,PAT_GRAZ_560,GRAZPEDWRI-DX,train,1,D:\projects\MediMind\ai-prediction-service\artifacts\fracture_v2\experiment5_localization\dataset\images\train\0560_0423813004_03_WRI-R1_M007.png,D:\projects\MediMind\ai-prediction-service\artifacts\fracture_v2\experiment5_localization\dataset\images\train\0560_0423813101_03_WRI-R2_M007.png,"[0.3202415, 0.3187375, 0.4818725, 0.38391050000000004]","[0.425455, 0.495686, 0.567273, 0.567594]","[0.3181, 0.3182, 0.4858, 0.3831]","[0.423, 0.5006, 0.5689, 0.5613]",0.6871,0.6654,"[0.28456, 0.30522, 0.51934, 0.39608]","[0.39382, 0.48846000000000006, 0.59808, 0.5734400000000001]",20pct_expanded_or_full_fallback,0.9445,0.8241
0560_04_WRI-R,PAT_GRAZ_560,GRAZPEDWRI-DX,train,1,D:\projects\MediMind\ai-prediction-service\artifacts\fracture_v2\experiment5_localization\dataset\images\train\0560_0423816623_04_WRI-R1_M007.png,D:\projects\MediMind\ai-prediction-service\artifacts\fracture_v2\experiment5_localization\dataset\images\train\0560_0423816728_04_WRI-R2_M007.png,"[0.2837205, 0.292887, 0.4542635, 0.36087899999999995]","[0.45696699999999996, 0.5080359999999999, 0.6229509999999999, 0.559822]","[0.2771, 0.2924, 0.4573, 0.3645]","[0.4427, 0.4913, 0.6293, 0.5564]",0.425,0.6876,"[0.24106000000000002, 0.27798, 0.49334, 0.37892]","[0.40537999999999996, 0.47828000000000004, 0.66662, 0.56942]",20pct_expanded_or_full_fallback,0.8925,0.6313
0560_04_WRI-L,PAT_GRAZ_560,GRAZPEDWRI-DX,train,1,D:\projects\MediMind\ai-prediction-service\artifacts\fracture_v2\experiment5_localization\dataset\images\train\0560_0423816671_04_WRI-L1_M007.png,D:\projects\MediMind\ai-prediction-service\artifacts\fracture_v2\experiment5_localization\dataset\images\train\0560_0423816768_04_WRI-L2_M007.png,"[0.283051, 0.4380435, 0.40169499999999997, 0.5141304999999999]","[0.344758, 0.49414949999999996, 0.469758, 0.5436544999999999]","[0.5106, 0.4275, 0.6975, 0.5064]","[0.2719, 0.4886, 0.449, 0.547]",0.829,0.5319,"[0.4732200000000001, 0.41172, 0.73488, 0.52218]","[0.23647999999999997, 0.47691999999999996, 0.48442, 0.5586800000000001]",20pct_expanded_or_full_fallback,0.9702,0.5189
0560_05_WRI-R,PAT_GRAZ_560,GRAZPEDWRI-DX,train,1,D:\projects\MediMind\ai-prediction-service\artifacts\fracture_v2\experiment5_localization\dataset\images\train\0560_0424420718_05_WRI-R1_M007.png,D:\projects\MediMind\ai-prediction-service\artifacts\fracture_v2\experiment5_localization\dataset\images\train\0560_0424420824_05_WRI-R2_M007.png,"[0.29725050000000003, 0.3661345, 0.4948455, 0.4157795]","[0.491228, 0.439394, 0.662768, 0.50713]","[0.6087, 0.3879, 0.7296, 0.442]","[0.4989, 0.4421, 0.6537, 0.5026]",0.4477,0.7291,"[0.58452, 0.37708, 0.75378, 0.45282]","[0.46794, 0.43, 0.6846599999999999, 0.5147]",20pct_expanded_or_full_fallback,0.8293,0.806
0560_05_WRI-L,PAT_GRAZ_560,GRAZPEDWRI-DX,train,1,D:\projects\MediMind\ai-prediction-service\artifacts\fracture_v2\experiment5_localization\dataset\images\train\0560_0424420765_05_WRI-L1_M007.png,D:\projects\MediMind\ai-prediction-service\artifacts\fracture_v2\experiment5_localization\dataset\images\train\0560_0424420886_05_WRI-L2_M007.png,"[0.4523025, 0.3937155, 0.6282895, 0.4667285]","[0.3967395, 0.4875445, 0.6222825000000001, 0.5453735]","[0.4519, 0.3912, 0.6357, 0.4704]","[0.4103, 0.4764, 0.6174, 0.5491]",0.8747,0.6434,"[0.41514, 0.37535999999999997, 0.6724600000000001, 0.48624]","[0.36888, 0.46186, 0.65882, 0.56364]",20pct_expanded_or_full_fallback,0.8827,0.7428
0560_06_WRI-R,PAT_GRAZ_560,GRAZPEDWRI-DX,train,1,D:\projects\MediMind\ai-prediction-service\artifacts\fracture_v2\experiment5_localization\dataset\images\train\0560_0425029609_06_WRI-R1_M007.png,D:\projects\MediMind\ai-prediction-service\artifacts\fracture_v2\experiment5_localization\dataset\images\train\0560_0425029820_06_WRI-R2_M007.png,"[0.27828749999999997, 0.376612, 0.4541285, 0.4411]","[0.407467, 0.3891405, 0.548701, 0.4464555]","[0.2794, 0.3575, 0.4611, 0.4348]","[0.4125, 0.3908, 0.5575, 0.4579]",0.7407,0.6614,"[0.24305999999999997, 0.34203999999999996, 0.49744, 0.45026000000000005]","[0.38349999999999995, 0.37738, 0.5865, 0.47131999999999996]",20pct_expanded_or_full_fallback,0.6681,0.74
0560_06_WRI-L,PAT_GRAZ_560,GRAZPEDWRI-DX,train,1,D:\projects\MediMind\ai-prediction-service\artifacts\fracture_v2\experiment5_localization\dataset\images\train\0560_0425029673_06_WRI-L1_M007.png,D:\projects\MediMind\ai-prediction-service\artifacts\fracture_v2\experiment5_localization\dataset\images\train\0560_0425029737_06_WRI-L2_M007.png,"[0.5496455, 0.43541450000000004, 0.7570925, 0.5303675]","[0.3122605, 0.4103515, 0.5325675, 0.4916825]","[0.5489, 0.4462, 0.7655, 0.5283]","[0.3286, 0.4131, 0.5096, 0.4853]",0.7877,0.8119,"[0.50558, 0.42978, 0.80882, 0.54472]","[0.2924, 0.39866, 0.5458000000000001, 0.49974]",20pct_expanded_or_full_fallback,0.8329,0.7293
0560_07_WRI-R,PAT_GRAZ_560,GRAZPEDWRI-DX,train,1,D:\projects\MediMind\ai-prediction-service\artifacts\fracture_v2\experiment5_localization\dataset\images\train\0560_0425632878_07_WRI-R1_M007.png,D:\projects\MediMind\ai-prediction-service\artifacts\fracture_v2\experiment5_localization\dataset\images\train\0560_0425632906_07_WRI-R2_M007.png,"[0.22459, 0.6026144999999999, 0.39836, 0.7163395]","[0.39484149999999996, 0.4209155, 0.5694445, 0.5124185]","[0.5098, 0.6604, 0.6245, 0.7461]","[0.393, 0.4254, 0.5732, 0.5226]",0.7309,0.7932,"[0.48686, 0.6432599999999999, 0.64744, 0.76324]","[0.35696, 0.40596, 0.60924, 0.54204]",20pct_expanded_or_full_fallback,0.8012,0.8303
0560_07_WRI-L,PAT_GRAZ_560,GRAZPEDWRI-DX,train,1,D:\projects\MediMind\ai-prediction-service\artifacts\fracture_v2\experiment5_localization\dataset\images\train\0560_0425632927_07_WRI-L1_M007.png,D:\projects\MediMind\ai-prediction-service\artifacts\fracture_v2\experiment5_localization\dataset\images\train\0560_0425632944_07_WRI-L2_M007.png,"[0.387009, 0.577075, 0.506089, 0.6847829999999999]","[0.449728, 0.4457945, 0.574728, 0.5373835]","[0.3867, 0.5979, 0.513, 0.6741]","[0.4495, 0.449, 0.5841, 0.5413]",0.8227,0.6881,"[0.36144, 0.58266, 0.53826, 0.6893400000000001]","[0.42258, 0.43054000000000003, 0.6110199999999999, 0.55976]",20pct_expanded_or_full_fallback,0.6784,0.8615
0560_08_WRI-R,PAT_GRAZ_560,GRAZPEDWRI-DX,train,1,D:\projects\MediMind\ai-prediction-service\artifacts\fracture_v2\experiment5_localization\dataset\images\train\0560_0426426054_08_WRI-R1_M007.png,D:\projects\MediMind\ai-prediction-service\artifacts\fracture_v2\experiment5_localization\dataset\images\train\0560_0426426091_08_WRI-R2_M007.png,"[0.372439, 0.2984425, 0.577281, 0.3745675]","[0.47368450000000006, 0.313758, 0.6652635, 0.39345600000000003]","[0.3789, 0.309, 0.6012, 0.3848]","[0.4834, 0.3199, 0.6608, 0.3817]",0.7486,0.7435,"[0.33444, 0.29384, 0.6456599999999999, 0.39996]","[0.44792, 0.30754000000000004, 0.69628, 0.39405999999999997]",20pct_expanded_or_full_fallback,0.6692,0.718
0560_09_WRI-L,PAT_GRAZ_560,GRAZPEDWRI-DX,train,1,D:\projects\MediMind\ai-prediction-service\artifacts\fracture_v2\experiment5_localization\dataset\images\train\0560_0426749577_09_WRI-L1_M007.png,D:\projects\MediMind\ai-prediction-service\artifacts\fracture_v2\experiment5_localization\dataset\images\train\0560_0426749638_09_WRI-L2_M007.png,"[0.28930849999999997, 0.43528150000000004, 0.4386795, 0.5730685]","[0.3699055, 0.432008, 0.5078365, 0.583682]","[0.4761, 0.4372, 0.6708, 0.5311]","[0.3643, 0.4373, 0.5168, 0.5593]",0.7863,0.6895,"[0.43716000000000005, 0.41841999999999996, 0.7097399999999999, 0.54988]","[0.3338, 0.41290000000000004, 0.5473, 0.5837]",20pct_expanded_or_full_fallback,0.5138,0.7414
0560_10_WRI-R,PAT_GRAZ_560,GRAZPEDWRI-DX,train,1,D:\projects\MediMind\ai-prediction-service\artifacts\fracture_v2\experiment5_localization\dataset\images\train\0560_0427955195_10_WRI-R1_M007.png,D:\projects\MediMind\ai-prediction-service\artifacts\fracture_v2\experiment5_localization\dataset\images\train\0560_0427955252_10_WRI-R2_M007.png,"[0.41666649999999994, 0.6220585000000001, 0.6187495, 0.7338235]","[0.547426, 0.5770164999999999, 0.7560979999999999, 0.6723715]","[0.7149, 0.6172, 0.8917, 0.728]","[0.5377, 0.5774, 0.7642, 0.6716]",0.7741,0.7548,"[0.6795399999999999, 0.59504, 0.9270600000000001, 0.7501599999999999]","[0.49239999999999995, 0.5585600000000001, 0.8095, 0.6904399999999999]",20pct_expanded_or_full_fallback,0.6912,0.911
0561_01_WRI-R,PAT_GRAZ_561,GRAZPEDWRI-DX,train,0,D:\projects\MediMind\ai-prediction-service\artifacts\fracture_v2\experiment5_localization\dataset\images\train\0561_0980586018_01_WRI-R1_M013.png,D:\projects\MediMind\ai-prediction-service\artifacts\fracture_v2\experiment5_localization\dataset\images\train\0561_0980586065_01_WRI-R2_M013.png,NONE,NONE,NONE,NONE,0.0,0.0,FULL_IMAGE,FULL_IMAGE,20pct_expanded_or_full_fallback,0.0,0.0
0564_01_WRI-R,PAT_GRAZ_564,GRAZPEDWRI-DX,train,0,D:\projects\MediMind\ai-prediction-service\artifacts\fracture_v2\experiment5_localization\dataset\images\train\0564_0527662110_01_WRI-R1_F005.png,D:\projects\MediMind\ai-prediction-service\artifacts\fracture_v2\experiment5_localization\dataset\images\train\0564_0527662139_01_WRI-R2_F005.png,NONE,NONE,NONE,NONE,0.0,0.0,FULL_IMAGE,FULL_IMAGE,20pct_expanded_or_full_fallback,0.0,0.0
0565_01_WRI-L,PAT_GRAZ_565,GRAZPEDWRI-DX,train,0,D:\projects\MediMind\ai-prediction-service\artifacts\fracture_v2\experiment5_localization\dataset\images\train\0565_1106531878_01_WRI-L1_F015.png,D:\projects\MediMind\ai-prediction-service\artifacts\fracture_v2\experiment5_localization\dataset\images\train\0565_1106531932_01_WRI-L2_F015.png,NONE,NONE,NONE,"[0.3975, 0.5672, 0.559, 0.6298]",0.0,0.3823,FULL_IMAGE,"[0.3652, 0.5546800000000001, 0.5913, 0.64232]",20pct_expanded_or_full_fallback,0.0,0.0
0565_02_WRI-L,PAT_GRAZ_565,GRAZPEDWRI-DX,train,0,D:\projects\MediMind\ai-prediction-service\artifacts\fracture_v2\experiment5_localization\dataset\images\train\0565_1111018701_02_WRI-L1_F015.png,D:\projects\MediMind\ai-prediction-service\artifacts\fracture_v2\experiment5_localization\dataset\images\train\0565_1111018748_02_WRI-L2_F015.png,NONE,NONE,NONE,"[0.4468, 0.0417, 0.6394, 0.1077]",0.0,0.1866,FULL_IMAGE,"[0.40828, 0.028499999999999998, 0.67792, 0.12090000000000001]",20pct_expanded_or_full_fallback,0.0,0.0
0566_01_WRI-R,PAT_GRAZ_566,GRAZPEDWRI-DX,train,1,D:\projects\MediMind\ai-prediction-service\artifacts\fracture_v2\experiment5_localization\dataset\images\train\0566_1176902613_01_WRI-R1_M015.png,D:\projects\MediMind\ai-prediction-service\artifacts\fracture_v2\experiment5_localization\dataset\images\train\0566_1176902744_01_WRI-R2_M015.png,"[0.6239035, 0.4611035, 0.7236845, 0.5247525]",NONE,NONE,NONE,0.0,0.0,FULL_IMAGE,FULL_IMAGE,20pct_expanded_or_full_fallback,0.0,0.0
0566_01_WRI-L,PAT_GRAZ_566,GRAZPEDWRI-DX,train,1,D:\projects\MediMind\ai-prediction-service\artifacts\fracture_v2\experiment5_localization\dataset\images\train\0566_1176902659_01_WRI-L1_M015.png,D:\projects\MediMind\ai-prediction-service\artifacts\fracture_v2\experiment5_localization\dataset\images\train\0566_1176902707_01_WRI-L2_M015.png,"[0.2892665, 0.450805, 0.3717275, 0.516995]","[0.28680950000000005, 0.4365675, 0.5766865, 0.5093285]","[0.4666, 0.7136, 0.6559, 0.7902]","[0.3649, 0.5773, 0.5293, 0.6521]",0.5815,0.1789,"[0.42874, 0.69828, 0.69376, 0.80552]","[0.33202, 0.5623400000000001, 0.56218, 0.66706]",20pct_expanded_or_full_fallback,0.0,0.0
0566_02_WRI-R,PAT_GRAZ_566,GRAZPEDWRI-DX,train,1,D:\projects\MediMind\ai-prediction-service\artifacts\fracture_v2\experiment5_localization\dataset\images\train\0566_1177594645_02_WRI-R1_M015.png,D:\projects\MediMind\ai-prediction-service\artifacts\fracture_v2\experiment5_localization\dataset\images\train\0566_1177594688_02_WRI-R2_M015.png,"[0.6456695, 0.47877300000000006, 0.7519684999999999, 0.5440250000000001]",NONE,"[0.6433, 0.4666, 0.7513, 0.5356]","[0.5419, 0.5264, 0.7091, 0.5924]",0.2376,0.3269,"[0.6217, 0.45280000000000004, 0.7728999999999999, 0.5494]","[0.50846, 0.5132, 0.74254, 0.6056]",20pct_expanded_or_full_fallback,0.7158,0.0
0566_02_WRI-L,PAT_GRAZ_566,GRAZPEDWRI-DX,train,1,D:\projects\MediMind\ai-prediction-service\artifacts\fracture_v2\experiment5_localization\dataset\images\train\0566_1177594724_02_WRI-L1_M015.png,D:\projects\MediMind\ai-prediction-service\artifacts\fracture_v2\experiment5_localization\dataset\images\train\0566_1177594763_02_WRI-L2_M015.png,"[0.429191, 0.504008, 0.777457, 0.606212]","[0.271704, 0.550325, 0.569132, 0.622565]","[0.2249, 0.4636, 0.3301, 0.542]","[0.2554, 0.5536, 0.5736, 0.6292]",0.4034,0.1804,"[0.20385999999999999, 0.44792, 0.35114, 0.5576800000000001]","[0.19176, 0.53848, 0.63724, 0.64432]",20pct_expanded_or_full_fallback,0.6992,0.8195
0566_03_WRI-R,PAT_GRAZ_566,GRAZPEDWRI-DX,train,1,D:\projects\MediMind\ai-prediction-service\artifacts\fracture_v2\experiment5_localization\dataset\images\train\0566_1178191560_03_WRI-R1_M015.png,D:\projects\MediMind\ai-prediction-service\artifacts\fracture_v2\experiment5_localization\dataset\images\train\0566_1178191598_03_WRI-R2_M015.png,"[0.7682485, 0.305668, 0.8813875000000001, 0.37247]","[0.365958, 0.2956525, 0.751064, 0.3858695]","[0.7485, 0.2964, 0.8823, 0.3784]","[0.3768, 0.3176, 0.734, 0.4081]",0.4492,0.3775,"[0.72174, 0.27999999999999997, 0.90906, 0.39480000000000004]","[0.30536, 0.2995, 0.8054399999999999, 0.4262]",20pct_expanded_or_full_fallback,0.6889,0.5713
0566_04_WRI-R,PAT_GRAZ_566,GRAZPEDWRI-DX,train,1,D:\projects\MediMind\ai-prediction-service\artifacts\fracture_v2\experiment5_localization\dataset\images\train\0566_1179399571_04_WRI-R1_M015.png,D:\projects\MediMind\ai-prediction-service\artifacts\fracture_v2\experiment5_localization\dataset\images\train\0566_1179399625_04_WRI-R2_M015.png,"[0.22857149999999998, 0.5080555, 0.6375005, 0.6272825]","[0.3735185, 0.449747, 0.7588935, 0.509761]","[0.7301, 0.4585, 0.8757, 0.5363]","[0.2132, 0.0414, 0.4805, 0.1113]",0.4636,0.2463,"[0.7009799999999999, 0.44294, 0.9048200000000001, 0.55186]","[0.15974, 0.02742, 0.53396, 0.12528]",20pct_expanded_or_full_fallback,0.7762,0.0
0566_04_WRI-L,PAT_GRAZ_566,GRAZPEDWRI-DX,train,1,D:\projects\MediMind\ai-prediction-service\artifacts\fracture_v2\experiment5_localization\dataset\images\train\0566_1179399725_04_WRI-L1_M015.png,D:\projects\MediMind\ai-prediction-service\artifacts\fracture_v2\experiment5_localization\dataset\images\train\0566_1179399795_04_WRI-L2_M015.png,"[0.165529, 0.44251650000000003, 0.284983, 0.5162695]","[0.3070535, 0.530952, 0.7074685, 0.629762]","[0.1785, 0.4552, 0.2867, 0.5305]",NONE,0.3748,0.0,"[0.15686, 0.44014, 0.30834, 0.5455599999999999]",FULL_IMAGE,20pct_expanded_or_full_fallback,0.622,0.0
0567_01_WRI-L,PAT_GRAZ_567,GRAZPEDWRI-DX,train,1,D:\projects\MediMind\ai-prediction-service\artifacts\fracture_v2\experiment5_localization\dataset\images\train\0567_0408891639_01_WRI-L1_F013.png,D:\projects\MediMind\ai-prediction-service\artifacts\fracture_v2\experiment5_localization\dataset\images\train\0567_0408891665_01_WRI-L2_F013.png,NONE,"[0.4527135, 0.38975200000000004, 0.6558145, 0.444876]",NONE,"[0.4468, 0.385, 0.6543, 0.4473]",0.0,0.4869,FULL_IMAGE,"[0.4053, 0.37254000000000004, 0.6958, 0.45975999999999995]",20pct_expanded_or_full_fallback,0.0,0.8541
0568_01_WRI-L,PAT_GRAZ_568,GRAZPEDWRI-DX,train,0,D:\projects\MediMind\ai-prediction-service\artifacts\fracture_v2\experiment5_localization\dataset\images\train\0568_1144896353_01_WRI-L1_F009.png,D:\projects\MediMind\ai-prediction-service\artifacts\fracture_v2\experiment5_localization\dataset\images\train\0568_1144896379_01_WRI-L2_F009.png,NONE,NONE,"[0.3382, 0.0748, 0.4498, 0.1445]",NONE,0.1872,0.0,"[0.31588, 0.06086000000000001, 0.47212, 0.15844]",FULL_IMAGE,20pct_expanded_or_full_fallback,0.0,0.0
0569_01_WRI-L,PAT_GRAZ_569,GRAZPEDWRI-DX,train,0,D:\projects\MediMind\ai-prediction-service\artifacts\fracture_v2\experiment5_localization\dataset\images\train\0569_1071550812_01_WRI-L1_M006.png,D:\projects\MediMind\ai-prediction-service\artifacts\fracture_v2\experiment5_localization\dataset\images\train\0569_1071550836_01_WRI-L2_M006.png,NONE,NONE,NONE,"[0.3827, 0.6522, 0.548, 0.733]",0.0,0.6182,FULL_IMAGE,"[0.34963999999999995, 0.63604, 0.58106, 0.7491599999999999]",20pct_expanded_or_full_fallback,0.0,0.0
0570_01_WRI-L,PAT_GRAZ_570,GRAZPEDWRI-DX,train,0,D:\projects\MediMind\ai-prediction-service\artifacts\fracture_v2\experiment5_localization\dataset\images\train\0570_1281740402_01_WRI-L1_M010.png,D:\projects\MediMind\ai-prediction-service\artifacts\fracture_v2\experiment5_localization\dataset\images\train\0570_1281740428_01_WRI-L2_M010.png,NONE,NONE,NONE,"[0.4556, 0.451, 0.6937, 0.5259]",0.0,0.2843,FULL_IMAGE,"[0.40798, 0.43602, 0.74132, 0.54088]",20pct_expanded_or_full_fallback,0.0,0.0
0571_01_WRI-R,PAT_GRAZ_571,GRAZPEDWRI-DX,train,1,D:\projects\MediMind\ai-prediction-service\artifacts\fracture_v2\experiment5_localization\dataset\images\train\0571_1036285342_01_WRI-R1_M013.png,D:\projects\MediMind\ai-prediction-service\artifacts\fracture_v2\experiment5_localization\dataset\images\train\0571_1036285370_01_WRI-R2_M013.png,"[0.270992, 0.5765765, 0.528626, 0.6373875]","[0.41101699999999997, 0.5325439999999999, 0.622881, 0.586538]","[0.2739, 0.5745, 0.525, 0.6456]","[0.4047, 0.525, 0.6288, 0.5955]",0.8861,0.8234,"[0.22367999999999996, 0.56028, 0.5752200000000001, 0.65982]","[0.35988, 0.5109, 0.67362, 0.6096]",20pct_expanded_or_full_fallback,0.8367,0.7241
0571_04_WRI-R,PAT_GRAZ_571,GRAZPEDWRI-DX,train,1,D:\projects\MediMind\ai-prediction-service\artifacts\fracture_v2\experiment5_localization\dataset\images\train\0571_1038054372_04_WRI-R1_M013.png,D:\projects\MediMind\ai-prediction-service\artifacts\fracture_v2\experiment5_localization\dataset\images\train\0571_1038054395_04_WRI-R2_M013.png,"[0.7132864999999999, 0.29106, 0.8164335, 0.357588]","[0.4291849999999999, 0.552293, 0.652361, 0.617431]","[0.3194, 0.54, 0.5568, 0.6421]","[0.4062, 0.5357, 0.654, 0.633]",0.8449,0.6682,"[0.27192000000000005, 0.51958, 0.6042799999999999, 0.66252]","[0.35664, 0.5162399999999999, 0.7035600000000001, 0.65246]",20pct_expanded_or_full_fallback,0.8317,0.6029
0572_01_WRI-L,PAT_GRAZ_572,GRAZPEDWRI-DX,train,1,D:\projects\MediMind\ai-prediction-service\artifacts\fracture_v2\experiment5_localization\dataset\images\train\0572_1051828815_01_WRI-L1_M011.png,D:\projects\MediMind\ai-prediction-service\artifacts\fracture_v2\experiment5_localization\dataset\images\train\0572_1051828886_01_WRI-L2_M011.png,"[0.3274955, 0.5445855, 0.46760050000000003, 0.6422505000000001]","[0.3145835, 0.33829000000000004, 0.47291649999999996, 0.473358]","[0.3345, 0.5653, 0.4647, 0.6302]","[0.3073, 0.3395, 0.6442, 0.4765]",0.7491,0.4871,"[0.30846, 0.55232, 0.49074, 0.64318]","[0.23992000000000002, 0.31210000000000004, 0.71158, 0.5039]",20pct_expanded_or_full_fallback,0.6175,0.4573
0572_02_WRI-L,PAT_GRAZ_572,GRAZPEDWRI-DX,train,1,D:\projects\MediMind\ai-prediction-service\artifacts\fracture_v2\experiment5_localization\dataset\images\train\0572_1052437481_02_WRI-L1_M011.png,D:\projects\MediMind\ai-prediction-service\artifacts\fracture_v2\experiment5_localization\dataset\images\train\0572_1052437517_02_WRI-L2_M011.png,"[0.2814135, 0.45725600000000005, 0.3874345, 0.555666]","[0.333333, 0.38153000000000004, 0.575163, 0.466418]","[0.2809, 0.4731, 0.3854, 0.5372]","[0.3383, 0.3821, 0.5726, 0.4747]",0.6582,0.6169,"[0.25999999999999995, 0.46028, 0.40630000000000005, 0.55002]","[0.29144, 0.36358, 0.61946, 0.49322]",20pct_expanded_or_full_fallback,0.6368,0.8792
0572_03_WRI-L,PAT_GRAZ_572,GRAZPEDWRI-DX,train,1,D:\projects\MediMind\ai-prediction-service\artifacts\fracture_v2\experiment5_localization\dataset\images\train\0572_1053556904_03_WRI-L1_M011.png,D:\projects\MediMind\ai-prediction-service\artifacts\fracture_v2\experiment5_localization\dataset\images\train\0572_1053556956_03_WRI-L2_M011.png,"[0.38523149999999995, 0.6255605, 0.5121445, 0.6937195]","[0.3422565, 0.373288, 0.6175915000000001, 0.43493200000000004]","[0.3904, 0.618, 0.5188, 0.6968]","[0.3409, 0.3643, 0.6033, 0.455]",0.7374,0.4193,"[0.36472000000000004, 0.60224, 0.5444800000000001, 0.71256]","[0.28842, 0.34616, 0.6557799999999999, 0.47314]",20pct_expanded_or_full_fallback,0.7925,0.652
0572_04_WRI-L,PAT_GRAZ_572,GRAZPEDWRI-DX,train,1,D:\projects\MediMind\ai-prediction-service\artifacts\fracture_v2\experiment5_localization\dataset\images\train\0572_1054771544_04_WRI-L1_M011.png,D:\projects\MediMind\ai-prediction-service\artifacts\fracture_v2\experiment5_localization\dataset\images\train\0572_1054771611_04_WRI-L2_M011.png,"[0.243243, 0.5610045, 0.395753, 0.7368415]","[0.36, 0.5683765, 0.5625, 0.7136755]","[0.2454, 0.5927, 0.3923, 0.683]","[0.2366, 0.4167, 0.6117, 0.5412]",0.7284,0.4313,"[0.21602000000000002, 0.57464, 0.42168, 0.70106]","[0.16158, 0.39180000000000004, 0.68672, 0.5661]",20pct_expanded_or_full_fallback,0.4947,0.83
0574_01_WRI-L,PAT_GRAZ_574,GRAZPEDWRI-DX,train,1,D:\projects\MediMind\ai-prediction-service\artifacts\fracture_v2\experiment5_localization\dataset\images\train\0574_0355766615_01_WRI-L1_M012.png,D:\projects\MediMind\ai-prediction-service\artifacts\fracture_v2\experiment5_localization\dataset\images\train\0574_0355766687_01_WRI-L2_M012.png,"[0.466763, 0.5290205, 0.653179, 0.5956235]","[0.4295775, 0.566288, 0.6338025, 0.6306820000000001]","[0.2658, 0.5254, 0.3974, 0.5863]","[0.4233, 0.5621, 0.6626, 0.6376]",0.8051,0.7278,"[0.23947999999999997, 0.51322, 0.42372, 0.59848]","[0.37544, 0.547, 0.71046, 0.6527]",20pct_expanded_or_full_fallback,0.8452,0.7279
0574_02_WRI-L,PAT_GRAZ_574,GRAZPEDWRI-DX,train,1,D:\projects\MediMind\ai-prediction-service\artifacts\fracture_v2\experiment5_localization\dataset\images\train\0574_0395968502_02_WRI-L1_M013.png,D:\projects\MediMind\ai-prediction-service\artifacts\fracture_v2\experiment5_localization\dataset\images\train\0574_0395968547_02_WRI-L2_M013.png,"[0.46581199999999995, 0.514815, 0.693732, 0.619445]","[0.3188685, 0.412109, 0.5792455, 0.523437]","[0.466, 0.538, 0.6948, 0.6187]","[0.3248, 0.4425, 0.584, 0.5286]",0.7906,0.5749,"[0.42024000000000006, 0.52186, 0.74056, 0.6348400000000001]","[0.27296, 0.42528, 0.63584, 0.54582]",20pct_expanded_or_full_fallback,0.7679,0.6706
0574_03_WRI-L,PAT_GRAZ_574,GRAZPEDWRI-DX,train,1,D:\projects\MediMind\ai-prediction-service\artifacts\fracture_v2\experiment5_localization\dataset\images\train\0574_0396353879_03_WRI-L1_M013.png,D:\projects\MediMind\ai-prediction-service\artifacts\fracture_v2\experiment5_localization\dataset\images\train\0574_0396353947_03_WRI-L2_M013.png,"[0.44370850000000006, 0.5207849999999999, 0.6986755, 0.621247]","[0.33333349999999995, 0.4878315, 0.6152385, 0.6073005]","[0.4383, 0.5208, 0.7056, 0.6228]","[0.343, 0.5177, 0.5283, 0.6047]",0.7268,0.4191,"[0.38484, 0.5004000000000001, 0.75906, 0.6432]","[0.30594000000000005, 0.5003000000000001, 0.56536, 0.6221]",20pct_expanded_or_full_fallback,0.9392,0.4787
0575_01_WRI-R,PAT_GRAZ_575,GRAZPEDWRI-DX,train,1,D:\projects\MediMind\ai-prediction-service\artifacts\fracture_v2\experiment5_localization\dataset\images\train\0575_0317437877_01_WRI-R1_M010.png,D:\projects\MediMind\ai-prediction-service\artifacts\fracture_v2\experiment5_localization\dataset\images\train\0575_0317437909_01_WRI-R2_M010.png,"[0.312883, 0.5296525, 0.541411, 0.6053175000000001]","[0.426021, 0.4774590000000001, 0.732143, 0.560451]","[0.318, 0.5294, 0.5355, 0.6037]","[0.4343, 0.4877, 0.7263, 0.5566]",0.8193,0.6894,"[0.2745, 0.51454, 0.579, 0.61856]","[0.3759, 0.47392, 0.7847, 0.57038]",20pct_expanded_or_full_fallback,0.9284,0.7919
0576_01_WRI-R,PAT_GRAZ_576,GRAZPEDWRI-DX,train,0,D:\projects\MediMind\ai-prediction-service\artifacts\fracture_v2\experiment5_localization\dataset\images\train\0576_0346496379_01_WRI-R1_F014.png,D:\projects\MediMind\ai-prediction-service\artifacts\fracture_v2\experiment5_localization\dataset\images\train\0576_0346496439_01_WRI-R2_F014.png,NONE,NONE,NONE,NONE,0.0,0.0,FULL_IMAGE,FULL_IMAGE,20pct_expanded_or_full_fallback,0.0,0.0
0577_01_WRI-L,PAT_GRAZ_577,GRAZPEDWRI-DX,train,0,D:\projects\MediMind\ai-prediction-service\artifacts\fracture_v2\experiment5_localization\dataset\images\train\0577_0355113078_01_WRI-L1_F016.png,D:\projects\MediMind\ai-prediction-service\artifacts\fracture_v2\experiment5_localization\dataset\images\train\0577_0355113112_01_WRI-L2_F016.png,NONE,NONE,NONE,NONE,0.0,0.0,FULL_IMAGE,FULL_IMAGE,20pct_expanded_or_full_fallback,0.0,0.0
0578_01_WRI-L,PAT_GRAZ_578,GRAZPEDWRI-DX,train,1,D:\projects\MediMind\ai-prediction-service\artifacts\fracture_v2\experiment5_localization\dataset\images\train\0578_0832175432_01_WRI-L1_F011.png,D:\projects\MediMind\ai-prediction-service\artifacts\fracture_v2\experiment5_localization\dataset\images\train\0578_0832175499_01_WRI-L2_F011.png,"[0.4572645, 0.513172, 0.7606835000000001, 0.701792]","[0.271242, 0.47219399999999995, 0.513072, 0.6268959999999999]","[0.5073, 0.5861, 0.7605, 0.6876]","[0.2768, 0.4821, 0.5123, 0.6171]",0.592,0.3894,"[0.45665999999999995, 0.5658, 0.81114, 0.7079]","[0.2297, 0.45509999999999995, 0.5594, 0.6441]",20pct_expanded_or_full_fallback,0.4491,0.8498
0578_03_WRI-L,PAT_GRAZ_578,GRAZPEDWRI-DX,train,1,D:\projects\MediMind\ai-prediction-service\artifacts\fracture_v2\experiment5_localization\dataset\images\train\0578_0832753824_03_WRI-L1_F011.png,D:\projects\MediMind\ai-prediction-service\artifacts\fracture_v2\experiment5_localization\dataset\images\train\0578_0832753892_03_WRI-L2_F011.png,"[0.23955, 0.5492385, 0.43247599999999997, 0.6558375000000001]","[0.26508, 0.4413735, 0.514286, 0.5619765]","[0.5175, 0.6518, 0.7842, 0.7457]","[0.2712, 0.5051, 0.497, 0.5768]",0.5578,0.6306,"[0.46415999999999996, 0.63302, 0.8375400000000001, 0.76448]","[0.22604, 0.49076, 0.54216, 0.59114]",20pct_expanded_or_full_fallback,0.5019,0.3845
0578_04_WRI-L,PAT_GRAZ_578,GRAZPEDWRI-DX,train,1,D:\projects\MediMind\ai-prediction-service\artifacts\fracture_v2\experiment5_localization\dataset\images\train\0578_0833352091_04_WRI-L1_F011.png,D:\projects\MediMind\ai-prediction-service\artifacts\fracture_v2\experiment5_localization\dataset\images\train\0578_0833352169_04_WRI-L2_F011.png,"[0.2433285, 0.481096, 0.4505495, 0.564272]","[0.294922, 0.6496885000000001, 0.56836, 0.7972975]","[0.248, 0.4906, 0.4457, 0.559]","[0.3039, 0.7121, 0.5562, 0.7962]",0.5573,0.4849,"[0.20846, 0.47691999999999996, 0.48524, 0.5726800000000001]","[0.25344, 0.6952799999999999, 0.60666, 0.8130200000000001]",20pct_expanded_or_full_fallback,0.7846,0.5257
0578_05_WRI-L,PAT_GRAZ_578,GRAZPEDWRI-DX,train,1,D:\projects\MediMind\ai-prediction-service\artifacts\fracture_v2\experiment5_localization\dataset\images\train\0578_0834563500_05_WRI-L1_F011.png,D:\projects\MediMind\ai-prediction-service\artifacts\fracture_v2\experiment5_localization\dataset\images\train\0578_0834563567_05_WRI-L2_F011.png,"[0.24335099999999998, 0.399061, 0.416223, 0.48200299999999996]","[0.3589745, 0.459482, 0.5806935, 0.599676]","[0.4373, 0.4469, 0.6795, 0.5412]","[0.3665, 0.4594, 0.5902, 0.6022]",0.6152,0.5774,"[0.38886000000000004, 0.42804000000000003, 0.72794, 0.56006]","[0.32176, 0.43084, 0.63494, 0.63076]",20pct_expanded_or_full_fallback,0.6739,0.91
0579_01_WRI-L,PAT_GRAZ_579,GRAZPEDWRI-DX,train,0,D:\projects\MediMind\ai-prediction-service\artifacts\fracture_v2\experiment5_localization\dataset\images\train\0579_0669065172_01_WRI-L1_M013.png,D:\projects\MediMind\ai-prediction-service\artifacts\fracture_v2\experiment5_localization\dataset\images\train\0579_0669065217_01_WRI-L2_M013.png,NONE,NONE,NONE,NONE,0.0,0.0,FULL_IMAGE,FULL_IMAGE,20pct_expanded_or_full_fallback,0.0,0.0
0581_01_WRI-L,PAT_GRAZ_581,GRAZPEDWRI-DX,train,1,D:\projects\MediMind\ai-prediction-service\artifacts\fracture_v2\experiment5_localization\dataset\images\train\0581_0562535760_01_WRI-L1_F005.png,D:\projects\MediMind\ai-prediction-service\artifacts\fracture_v2\experiment5_localization\dataset\images\train\0581_0562535807_01_WRI-L2_F005.png,"[0.49570850000000005, 0.55287, 0.7467815, 0.60574]","[0.3562235, 0.5119049999999999, 0.5515025, 0.579365]",NONE,"[0.3508, 0.5098, 0.5547, 0.5899]",0.0,0.5547,FULL_IMAGE,"[0.31002, 0.49378000000000005, 0.59548, 0.60592]",20pct_expanded_or_full_fallback,0.0,0.8066
0581_02_WRI-R,PAT_GRAZ_581,GRAZPEDWRI-DX,train,1,D:\projects\MediMind\ai-prediction-service\artifacts\fracture_v2\experiment5_localization\dataset\images\train\0581_0572727351_02_WRI-R1_F006.png,D:\projects\MediMind\ai-prediction-service\artifacts\fracture_v2\experiment5_localization\dataset\images\train\0581_0572727402_02_WRI-R2_F006.png,"[0.29981050000000004, 0.5712695, 0.5464895000000001, 0.6325165]","[0.43914050000000004, 0.5548244999999999, 0.6897375, 0.6293855]","[0.2963, 0.5587, 0.548, 0.6361]","[0.4402, 0.5527, 0.6833, 0.6212]",0.6308,0.7088,"[0.24596, 0.5432199999999999, 0.5983400000000001, 0.65158]","[0.39158, 0.5389999999999999, 0.73192, 0.6349]",20pct_expanded_or_full_fallback,0.7755,0.8404
0582_01_WRI-R,PAT_GRAZ_582,GRAZPEDWRI-DX,train,0,D:\projects\MediMind\ai-prediction-service\artifacts\fracture_v2\experiment5_localization\dataset\images\train\0582_1121808734_01_WRI-R1_M002.png,D:\projects\MediMind\ai-prediction-service\artifacts\fracture_v2\experiment5_localization\dataset\images\train\0582_1121808770_01_WRI-R2_M002.png,NONE,NONE,NONE,"[0.412, 0.2902, 0.6006, 0.3672]",0.0,0.2152,FULL_IMAGE,"[0.37427999999999995, 0.2748, 0.63832, 0.38260000000000005]",20pct_expanded_or_full_fallback,0.0,0.0
0583_01_WRI-R,PAT_GRAZ_583,GRAZPEDWRI-DX,train,0,D:\projects\MediMind\ai-prediction-service\artifacts\fracture_v2\experiment5_localization\dataset\images\train\0583_0675105198_01_WRI-R1_F011.png,D:\projects\MediMind\ai-prediction-service\artifacts\fracture_v2\experiment5_localization\dataset\images\train\0583_0675105240_01_WRI-R2_F011.png,NONE,NONE,NONE,NONE,0.0,0.0,FULL_IMAGE,FULL_IMAGE,20pct_expanded_or_full_fallback,0.0,0.0
0584_01_WRI-L,PAT_GRAZ_584,GRAZPEDWRI-DX,train,1,D:\projects\MediMind\ai-prediction-service\artifacts\fracture_v2\experiment5_localization\dataset\images\train\0584_1113167861_01_WRI-L1_M013.png,D:\projects\MediMind\ai-prediction-service\artifacts\fracture_v2\experiment5_localization\dataset\images\train\0584_1113167879_01_WRI-L2_M013.png,"[0.515371, 0.3314495, 0.788427, 0.41902049999999996]","[0.49640350000000005, 0.26715700000000003, 0.7248205000000001, 0.388481]","[0.5137, 0.3332, 0.7872, 0.4081]","[0.4966, 0.2867, 0.7246, 0.3819]",0.654,0.5361,"[0.4590000000000001, 0.31822, 0.8419, 0.42308]","[0.45099999999999996, 0.26766, 0.7702, 0.40094]",20pct_expanded_or_full_fallback,0.847,0.7832
0585_01_WRI-L,PAT_GRAZ_585,GRAZPEDWRI-DX,train,1,D:\projects\MediMind\ai-prediction-service\artifacts\fracture_v2\experiment5_localization\dataset\images\train\0585_0800885657_01_WRI-L1_M013.png,D:\projects\MediMind\ai-prediction-service\artifacts\fracture_v2\experiment5_localization\dataset\images\train\0585_0800885706_01_WRI-L2_M013.png,"[0.4809285, 0.6641794999999999, 0.5986735, 0.7653405]","[0.46233399999999997, 0.6041355, 0.5612999999999999, 0.6698665]","[0.4755, 0.6661, 0.6027, 0.7673]","[0.4623, 0.5933, 0.5663, 0.674]",0.7118,0.7444,"[0.45005999999999996, 0.64586, 0.62814, 0.78754]","[0.4415, 0.57716, 0.5871000000000001, 0.6901400000000001]",20pct_expanded_or_full_fallback,0.8921,0.7751
0586_01_WRI-L,PAT_GRAZ_586,GRAZPEDWRI-DX,train,0,D:\projects\MediMind\ai-prediction-service\artifacts\fracture_v2\experiment5_localization\dataset\images\train\0586_0853794638_01_WRI-L1_F005.png,D:\projects\MediMind\ai-prediction-service\artifacts\fracture_v2\experiment5_localization\dataset\images\train\0586_0853794703_01_WRI-L2_F005.png,NONE,NONE,"[0.3436, 0.3958, 0.4538, 0.4505]","[0.3394, 0.364, 0.5008, 0.4196]",0.1754,0.3024,"[0.32156, 0.38486, 0.47584, 0.46144]","[0.30711999999999995, 0.35287999999999997, 0.53308, 0.43072]",20pct_expanded_or_full_fallback,0.0,0.0
0586_03_WRI-L,PAT_GRAZ_586,GRAZPEDWRI-DX,train,1,D:\projects\MediMind\ai-prediction-service\artifacts\fracture_v2\experiment5_localization\dataset\images\train\0586_0938420411_03_WRI-L1_F008.png,D:\projects\MediMind\ai-prediction-service\artifacts\fracture_v2\experiment5_localization\dataset\images\train\0586_0938420453_03_WRI-L2_F008.png,"[0.49379649999999997, 0.492629, 0.8312655, 0.571253]","[0.338192, 0.5147854999999999, 0.667638, 0.5981185]","[0.4917, 0.4867, 0.8349, 0.5777]","[0.3352, 0.5093, 0.6732, 0.6007]",0.5626,0.5164,"[0.42306000000000005, 0.4685, 0.90354, 0.5959]","[0.2676, 0.49101999999999996, 0.7408, 0.61898]",20pct_expanded_or_full_fallback,0.8496,0.8887
0588_01_WRI-R,PAT_GRAZ_588,GRAZPEDWRI-DX,train,0,D:\projects\MediMind\ai-prediction-service\artifacts\fracture_v2\experiment5_localization\dataset\images\train\0588_0707867337_01_WRI-R1_M011.png,D:\projects\MediMind\ai-prediction-service\artifacts\fracture_v2\experiment5_localization\dataset\images\train\0588_0707867388_01_WRI-R2_M011.png,NONE,NONE,NONE,NONE,0.0,0.0,FULL_IMAGE,FULL_IMAGE,20pct_expanded_or_full_fallback,0.0,0.0
0589_01_WRI-L,PAT_GRAZ_589,GRAZPEDWRI-DX,train,1,D:\projects\MediMind\ai-prediction-service\artifacts\fracture_v2\experiment5_localization\dataset\images\train\0589_0819675938_01_WRI-L1_M017.png,D:\projects\MediMind\ai-prediction-service\artifacts\fracture_v2\experiment5_localization\dataset\images\train\0589_0819675956_01_WRI-L2_M017.png,"[0.36130300000000004, 0.115385, 0.437315, 0.165035]","[0.432851, 0.32521300000000003, 0.663223, 0.392813]","[0.4876, 0.1776, 0.6966, 0.2544]","[0.4288, 0.3324, 0.6682, 0.3998]",0.5531,0.6642,"[0.4458, 0.16224, 0.7384, 0.26976]","[0.38092000000000004, 0.31892, 0.71608, 0.41328]",20pct_expanded_or_full_fallback,0.8121,0.7823
0589_02_WRI-L,PAT_GRAZ_589,GRAZPEDWRI-DX,train,1,D:\projects\MediMind\ai-prediction-service\artifacts\fracture_v2\experiment5_localization\dataset\images\train\0589_0820090244_02_WRI-L1_M017.png,D:\projects\MediMind\ai-prediction-service\artifacts\fracture_v2\experiment5_localization\dataset\images\train\0589_0820090937_02_WRI-L2_M017.png,"[0.42119199999999996, 0.6941175, 0.6781459999999999, 0.7976465]","[0.3306055, 0.646316, 0.5761045, 0.7168420000000001]","[0.4226, 0.6829, 0.6838, 0.7979]","[0.3354, 0.6459, 0.5749, 0.7253]",0.4055,0.5399,"[0.37035999999999997, 0.6598999999999999, 0.7360399999999999, 0.8209000000000001]","[0.2875, 0.63002, 0.6228, 0.74118]",20pct_expanded_or_full_fallback,0.8765,0.8689
0589_03_WRI-L,PAT_GRAZ_589,GRAZPEDWRI-DX,train,1,D:\projects\MediMind\ai-prediction-service\artifacts\fracture_v2\experiment5_localization\dataset\images\train\0589_0820619217_03_WRI-L1_M017.png,D:\projects\MediMind\ai-prediction-service\artifacts\fracture_v2\experiment5_localization\dataset\images\train\0589_0820619253_03_WRI-L2_M017.png,"[0.45294850000000003, 0.47730799999999995, 0.6963615000000001, 0.540688]","[0.285481, 0.4001865, 0.539967, 0.47667950000000003]","[0.4546, 0.4622, 0.7075, 0.5471]","[0.2782, 0.3978, 0.5283, 0.4723]",0.6058,0.6099,"[0.40402, 0.44522, 0.75808, 0.56408]","[0.22818, 0.38289999999999996, 0.57832, 0.4872]",20pct_expanded_or_full_fallback,0.7102,0.8505
0589_04_WRI-L,PAT_GRAZ_589,GRAZPEDWRI-DX,train,1,D:\projects\MediMind\ai-prediction-service\artifacts\fracture_v2\experiment5_localization\dataset\images\train\0589_0821736373_04_WRI-L1_M017.png,D:\projects\MediMind\ai-prediction-service\artifacts\fracture_v2\experiment5_localization\dataset\images\train\0589_0821736438_04_WRI-L2_M017.png,"[0.489198, 0.6862555, 0.7777780000000001, 0.7943125000000001]","[0.41762449999999995, 0.521235, 0.7011495, 0.6196910000000001]","[0.4717, 0.6631, 0.7897, 0.7667]","[0.4074, 0.5121, 0.7235, 0.617]",0.5047,0.465,"[0.4081, 0.6423800000000001, 0.8533, 0.78742]","[0.34418, 0.49112, 0.7867200000000001, 0.63798]",20pct_expanded_or_full_fallback,0.5674,0.8004
0590_01_WRI-L,PAT_GRAZ_590,GRAZPEDWRI-DX,train,1,D:\projects\MediMind\ai-prediction-service\artifacts\fracture_v2\experiment5_localization\dataset\images\train\0590_0592592332_01_WRI-L1_M013.png,D:\projects\MediMind\ai-prediction-service\artifacts\fracture_v2\experiment5_localization\dataset\images\train\0590_0592592407_01_WRI-L2_M013.png,"[0.4750730000000001, 0.6622180000000001, 0.728739, 0.74846]","[0.34710799999999997, 0.535072, 0.573554, 0.58813]","[0.4829, 0.6636, 0.7326, 0.7604]","[0.3507, 0.5258, 0.5664, 0.6018]",0.5774,0.561,"[0.43296, 0.6442399999999999, 0.78254, 0.77976]","[0.30756, 0.5106, 0.60954, 0.617]",20pct_expanded_or_full_fallback,0.8283,0.6747
0590_02_WRI-L,PAT_GRAZ_590,GRAZPEDWRI-DX,train,1,D:\projects\MediMind\ai-prediction-service\artifacts\fracture_v2\experiment5_localization\dataset\images\train\0590_0593110103_02_WRI-L1_M013.png,D:\projects\MediMind\ai-prediction-service\artifacts\fracture_v2\experiment5_localization\dataset\images\train\0590_0593110156_02_WRI-L2_M013.png,"[0.45890449999999994, 0.5980675, 0.6890415, 0.6792265]","[0.362952, 0.523976, 0.588856, 0.5762860000000001]","[0.46, 0.6016, 0.6964, 0.6983]","[0.3513, 0.5135, 0.5797, 0.5926]",0.5444,0.6642,"[0.41272000000000003, 0.58226, 0.74368, 0.7176400000000001]","[0.30562, 0.49767999999999996, 0.62538, 0.6084200000000001]",20pct_expanded_or_full_fallback,0.7484,0.6114
0590_03_WRI-L,PAT_GRAZ_590,GRAZPEDWRI-DX,train,1,D:\projects\MediMind\ai-prediction-service\artifacts\fracture_v2\experiment5_localization\dataset\images\train\0590_0593711644_03_WRI-L1_M013.png,D:\projects\MediMind\ai-prediction-service\artifacts\fracture_v2\experiment5_localization\dataset\images\train\0590_0593711705_03_WRI-L2_M013.png,"[0.45182350000000004, 0.4965925, 0.6901045, 0.5562175]","[0.428954, 0.4965885, 0.600536, 0.5534495]","[0.4601, 0.4887, 0.6965, 0.5753]","[0.421, 0.4883, 0.601, 0.5571]",0.6324,0.8069,"[0.41282, 0.47138, 0.74378, 0.59262]","[0.385, 0.47454, 0.637, 0.57086]",20pct_expanded_or_full_fallback,0.6541,0.7878
0590_04_WRI-L,PAT_GRAZ_590,GRAZPEDWRI-DX,train,1,D:\projects\MediMind\ai-prediction-service\artifacts\fracture_v2\experiment5_localization\dataset\images\train\0590_0594914667_04_WRI-L1_M013.png,D:\projects\MediMind\ai-prediction-service\artifacts\fracture_v2\experiment5_localization\dataset\images\train\0590_0594914753_04_WRI-L2_M013.png,"[0.154362, 0.578125, 0.25, 0.6337889999999999]","[0.44336, 0.575144, 0.683594, 0.6387280000000001]","[0.4282, 0.6275, 0.7152, 0.7333]","[0.4106, 0.5622, 0.687, 0.6438]",0.7982,0.7313,"[0.3708, 0.60634, 0.7726, 0.7544599999999999]","[0.35532, 0.54588, 0.74228, 0.66012]",20pct_expanded_or_full_fallback,0.7896,0.6773
0591_01_WRI-R,PAT_GRAZ_591,GRAZPEDWRI-DX,train,1,D:\projects\MediMind\ai-prediction-service\artifacts\fracture_v2\experiment5_localization\dataset\images\train\0591_0897539760_01_WRI-R1_F010.png,D:\projects\MediMind\ai-prediction-service\artifacts\fracture_v2\experiment5_localization\dataset\images\train\0591_0897539806_01_WRI-R2_F010.png,"[0.34196, 0.5411625, 0.57671, 0.6246974999999999]","[0.44642899999999996, 0.429975, 0.669643, 0.508599]","[0.3489, 0.5571, 0.576, 0.6277]","[0.4513, 0.4428, 0.6665, 0.5172]",0.5584,0.793,"[0.30347999999999997, 0.54298, 0.62142, 0.6418200000000001]","[0.40825999999999996, 0.42792, 0.70954, 0.53208]",20pct_expanded_or_full_fallback,0.7565,0.7299
0592_01_WRI-R,PAT_GRAZ_592,GRAZPEDWRI-DX,train,1,D:\projects\MediMind\ai-prediction-service\artifacts\fracture_v2\experiment5_localization\dataset\images\train\0592_0689185768_01_WRI-R1_F017.png,D:\projects\MediMind\ai-prediction-service\artifacts\fracture_v2\experiment5_localization\dataset\images\train\0592_0689185799_01_WRI-R2_F017.png,"[0.274964, 0.47248599999999996, 0.59479, 0.564516]","[0.37857150000000006, 0.49709849999999994, 0.6857145, 0.5725334999999999]",NONE,NONE,0.0,0.0,FULL_IMAGE,FULL_IMAGE,20pct_expanded_or_full_fallback,0.0,0.0
0593_01_WRI-L,PAT_GRAZ_593,GRAZPEDWRI-DX,train,1,D:\projects\MediMind\ai-prediction-service\artifacts\fracture_v2\experiment5_localization\dataset\images\train\0593_0822375984_01_WRI-L1_F010.png,D:\projects\MediMind\ai-prediction-service\artifacts\fracture_v2\experiment5_localization\dataset\images\train\0593_0822375999_01_WRI-L2_F010.png,"[0.47625700000000004, 0.7459525, 0.641061, 0.8144454999999999]","[0.3914375, 0.6438360000000001, 0.5321105, 0.693738]","[0.4766, 0.7303, 0.6439, 0.8144]","[0.3875, 0.6406, 0.5351, 0.6993]",0.2176,0.6975,"[0.44314000000000003, 0.7134799999999999, 0.6773600000000001, 0.8312200000000001]","[0.35798, 0.62886, 0.56462, 0.71104]",20pct_expanded_or_full_fallback,0.7983,0.8102
0594_01_WRI-R,PAT_GRAZ_594,GRAZPEDWRI-DX,train,0,D:\projects\MediMind\ai-prediction-service\artifacts\fracture_v2\experiment5_localization\dataset\images\train\0594_0695763108_01_WRI-R1_F012.png,D:\projects\MediMind\ai-prediction-service\artifacts\fracture_v2\experiment5_localization\dataset\images\train\0594_0695763167_01_WRI-R2_F012.png,NONE,NONE,NONE,NONE,0.0,0.0,FULL_IMAGE,FULL_IMAGE,20pct_expanded_or_full_fallback,0.0,0.0
0598_01_WRI-L,PAT_GRAZ_598,GRAZPEDWRI-DX,train,1,D:\projects\MediMind\ai-prediction-service\artifacts\fracture_v2\experiment5_localization\dataset\images\train\0598_0792616571_01_WRI-L1_F008.png,D:\projects\MediMind\ai-prediction-service\artifacts\fracture_v2\experiment5_localization\dataset\images\train\0598_0792616610_01_WRI-L2_F008.png,"[0.45778550000000007, 0.337168, 0.7035645, 0.4]","[0.34042550000000005, 0.335753, 0.6784865, 0.44010900000000003]","[0.4538, 0.3367, 0.7093, 0.3996]","[0.3622, 0.3644, 0.6575, 0.4323]",0.76,0.6619,"[0.40269999999999995, 0.32412, 0.7604000000000001, 0.41218]","[0.30314, 0.35082, 0.71656, 0.44588]",20pct_expanded_or_full_fallback,0.949,0.5684
0598_02_WRI-L,PAT_GRAZ_598,GRAZPEDWRI-DX,train,1,D:\projects\MediMind\ai-prediction-service\artifacts\fracture_v2\experiment5_localization\dataset\images\train\0598_0792844253_02_WRI-L1_F008.png,D:\projects\MediMind\ai-prediction-service\artifacts\fracture_v2\experiment5_localization\dataset\images\train\0598_0792844418_02_WRI-L2_F008.png,"[0.43333350000000004, 0.4987215, 0.6907405, 0.5959085]","[0.34415599999999996, 0.482245, 0.6363639999999999, 0.603665]","[0.4232, 0.4698, 0.7057, 0.5844]","[0.3373, 0.4762, 0.6494, 0.6041]",0.4375,0.3725,"[0.3667, 0.44688, 0.7622, 0.6073200000000001]","[0.27488, 0.45062, 0.71182, 0.62968]",20pct_expanded_or_full_fallback,0.6241,0.8888
0598_03_WRI-L,PAT_GRAZ_598,GRAZPEDWRI-DX,train,1,D:\projects\MediMind\ai-prediction-service\artifacts\fracture_v2\experiment5_localization\dataset\images\train\0598_0793282342_03_WRI-L1_F008.png,D:\projects\MediMind\ai-prediction-service\artifacts\fracture_v2\experiment5_localization\dataset\images\train\0598_0793282418_03_WRI-L2_F008.png,"[0.40331449999999996, 0.49524950000000006, 0.5994474999999999, 0.5997625000000001]","[0.34099599999999997, 0.5160775, 0.574712, 0.6800645000000001]","[0.4022, 0.4934, 0.6004, 0.5902]","[0.3287, 0.5103, 0.5796, 0.6438]",0.5836,0.3104,"[0.36256, 0.47404, 0.64004, 0.6095599999999999]","[0.27852, 0.4836, 0.62978, 0.6705000000000001]",20pct_expanded_or_full_fallback,0.8842,0.7112
0599_01_WRI-R,PAT_GRAZ_599,GRAZPEDWRI-DX,train,0,D:\projects\MediMind\ai-prediction-service\artifacts\fracture_v2\experiment5_localization\dataset\images\train\0599_0236877252_01_WRI-R1_F013.png,D:\projects\MediMind\ai-prediction-service\artifacts\fracture_v2\experiment5_localization\dataset\images\train\0599_0236877291_01_WRI-R2_F013.png,NONE,NONE,NONE,NONE,0.0,0.0,FULL_IMAGE,FULL_IMAGE,20pct_expanded_or_full_fallback,0.0,0.0
0600_01_WRI-L,PAT_GRAZ_600,GRAZPEDWRI-DX,train,1,D:\projects\MediMind\ai-prediction-service\artifacts\fracture_v2\experiment5_localization\dataset\images\train\0600_0784447749_01_WRI-L1_F005.png,D:\projects\MediMind\ai-prediction-service\artifacts\fracture_v2\experiment5_localization\dataset\images\train\0600_0784447876_01_WRI-L2_F005.png,"[0.5326375, 0.3333335, 0.7062665, 0.4042145]","[0.239437, 0.254862, 0.533451, 0.334698]","[0.5375, 0.3269, 0.7035, 0.4002]","[0.1745, 0.2515, 0.4105, 0.3374]",0.6341,0.3232,"[0.5043, 0.31224, 0.7367, 0.41486]","[0.1273, 0.23432, 0.4577, 0.35457999999999995]",20pct_expanded_or_full_fallback,0.8299,0.4539
0600_02_WRI-L,PAT_GRAZ_600,GRAZPEDWRI-DX,train,1,D:\projects\MediMind\ai-prediction-service\artifacts\fracture_v2\experiment5_localization\dataset\images\train\0600_0784603263_02_WRI-L1_F005.png,D:\projects\MediMind\ai-prediction-service\artifacts\fracture_v2\experiment5_localization\dataset\images\train\0600_0784603358_02_WRI-L2_F005.png,"[0.497959, 0.6048, 0.722449, 0.6896]","[0.336538, 0.4415405, 0.5625, 0.5226955]","[0.495, 0.5785, 0.7336, 0.6719]","[0.3049, 0.4174, 0.561, 0.5063]",0.3932,0.3331,"[0.44728, 0.55982, 0.78132, 0.6905800000000001]","[0.25368, 0.39962, 0.6122200000000001, 0.52408]",20pct_expanded_or_full_fallback,0.5736,0.5471
0600_03_WRI-L,PAT_GRAZ_600,GRAZPEDWRI-DX,train,1,D:\projects\MediMind\ai-prediction-service\artifacts\fracture_v2\experiment5_localization\dataset\images\train\0600_0785215482_03_WRI-L1_F005.png,D:\projects\MediMind\ai-prediction-service\artifacts\fracture_v2\experiment5_localization\dataset\images\train\0600_0785215566_03_WRI-L2_F005.png,"[0.502982, 0.5555555, 0.733598, 0.6404325000000001]","[0.30821950000000004, 0.25342450000000005, 0.5456625, 0.3410955]","[0.4997, 0.5313, 0.7388, 0.6331]","[0.3192, 0.2597, 0.5418, 0.341]",0.4104,0.6177,"[0.45187999999999995, 0.51094, 0.78662, 0.65346]","[0.27468, 0.24344, 0.58632, 0.35726]",20pct_expanded_or_full_fallback,0.687,0.8694
0600_04_WRI-L,PAT_GRAZ_600,GRAZPEDWRI-DX,train,1,D:\projects\MediMind\ai-prediction-service\artifacts\fracture_v2\experiment5_localization\dataset\images\train\0600_0786418054_04_WRI-L1_F005.png,D:\projects\MediMind\ai-prediction-service\artifacts\fracture_v2\experiment5_localization\dataset\images\train\0600_0786418117_04_WRI-L2_F005.png,"[0.36483950000000004, 0.46202550000000003, 0.5992445000000001, 0.5696205000000001]","[0.3872175, 0.400212, 0.5958645, 0.454352]","[0.3689, 0.4574, 0.6023, 0.5752]","[0.3732, 0.3842, 0.5907, 0.4572]",0.7108,0.7034,"[0.32222, 0.43383999999999995, 0.6489799999999999, 0.5987600000000001]","[0.3297, 0.3696, 0.6342, 0.4718]",20pct_expanded_or_full_fallback,0.8873,0.6818
0601_01_WRI-R,PAT_GRAZ_601,GRAZPEDWRI-DX,train,0,D:\projects\MediMind\ai-prediction-service\artifacts\fracture_v2\experiment5_localization\dataset\images\train\0601_0667709788_01_WRI-R1_M011.png,D:\projects\MediMind\ai-prediction-service\artifacts\fracture_v2\experiment5_localization\dataset\images\train\0601_0667709821_01_WRI-R2_M011.png,NONE,NONE,NONE,NONE,0.0,0.0,FULL_IMAGE,FULL_IMAGE,20pct_expanded_or_full_fallback,0.0,0.0
0601_02_WRI-L,PAT_GRAZ_601,GRAZPEDWRI-DX,train,1,D:\projects\MediMind\ai-prediction-service\artifacts\fracture_v2\experiment5_localization\dataset\images\train\0601_0784179362_02_WRI-L1_M015.png,D:\projects\MediMind\ai-prediction-service\artifacts\fracture_v2\experiment5_localization\dataset\images\train\0601_0784179407_02_WRI-L2_M015.png,"[0.47988549999999996, 0.5215945, 0.7428165, 0.6295675000000001]","[0.238938, 0.5574205000000001, 0.5597340000000001, 0.6431095]","[0.479, 0.5261, 0.7455, 0.6067]","[0.3153, 0.5584, 0.5615, 0.6312]",0.8103,0.7177,"[0.42569999999999997, 0.50998, 0.7988000000000001, 0.62282]","[0.26606, 0.54384, 0.61074, 0.64576]",20pct_expanded_or_full_fallback,0.739,0.6443
0601_03_WRI-L,PAT_GRAZ_601,GRAZPEDWRI-DX,train,1,D:\projects\MediMind\ai-prediction-service\artifacts\fracture_v2\experiment5_localization\dataset\images\train\0601_0784772645_03_WRI-L1_M015.png,D:\projects\MediMind\ai-prediction-service\artifacts\fracture_v2\experiment5_localization\dataset\images\train\0601_0784772701_03_WRI-L2_M015.png,"[0.473872, 0.4267155, 0.703088, 0.5398885]","[0.3188045, 0.381179, 0.5105855, 0.484791]","[0.4762, 0.4322, 0.7094, 0.5287]","[0.3202, 0.3904, 0.5103, 0.4773]",0.6011,0.6176,"[0.42956, 0.4129, 0.75604, 0.5479999999999999]","[0.28218, 0.37302, 0.5483199999999999, 0.49468]",20pct_expanded_or_full_fallback,0.8247,0.8314
0601_04_WRI-L,PAT_GRAZ_601,GRAZPEDWRI-DX,train,1,D:\projects\MediMind\ai-prediction-service\artifacts\fracture_v2\experiment5_localization\dataset\images\train\0601_0785978038_04_WRI-L1_M015.png,D:\projects\MediMind\ai-prediction-service\artifacts\fracture_v2\experiment5_localization\dataset\images\train\0601_0785978105_04_WRI-L2_M015.png,"[0.4544075, 0.5541944999999999, 0.7507604999999999, 0.6635255]","[0.29895099999999997, 0.5476390000000001, 0.550699, 0.635193]","[0.4622, 0.5591, 0.7447, 0.6591]","[0.3218, 0.5479, 0.556, 0.6397]",0.767,0.6962,"[0.4057, 0.5391, 0.8012, 0.6791]","[0.27496, 0.52954, 0.60284, 0.6580600000000001]",20pct_expanded_or_full_fallback,0.8719,0.8481
0602_01_WRI-L,PAT_GRAZ_602,GRAZPEDWRI-DX,train,0,D:\projects\MediMind\ai-prediction-service\artifacts\fracture_v2\experiment5_localization\dataset\images\train\0602_0247084664_01_WRI-L1_F016.png,D:\projects\MediMind\ai-prediction-service\artifacts\fracture_v2\experiment5_localization\dataset\images\train\0602_0247084701_01_WRI-L2_F016.png,NONE,NONE,NONE,NONE,0.0,0.0,FULL_IMAGE,FULL_IMAGE,20pct_expanded_or_full_fallback,0.0,0.0
0603_01_WRI-L,PAT_GRAZ_603,GRAZPEDWRI-DX,train,1,D:\projects\MediMind\ai-prediction-service\artifacts\fracture_v2\experiment5_localization\dataset\images\train\0603_0680875296_01_WRI-L1_F009.png,D:\projects\MediMind\ai-prediction-service\artifacts\fracture_v2\experiment5_localization\dataset\images\train\0603_0680875365_01_WRI-L2_F009.png,"[0.36479999999999996, 0.5199305000000001, 0.4864, 0.5710575]","[0.39890749999999997, 0.539383, 0.5901645, 0.600171]","[0.573, 0.5199, 0.7564, 0.5825]","[0.4063, 0.5459, 0.5921, 0.607]",0.8696,0.8772,"[0.5363199999999999, 0.50738, 0.79308, 0.59502]","[0.36914, 0.53368, 0.6292599999999999, 0.61922]",20pct_expanded_or_full_fallback,0.8428,0.7676
0603_02_WRI-L,PAT_GRAZ_603,GRAZPEDWRI-DX,train,1,D:\projects\MediMind\ai-prediction-service\artifacts\fracture_v2\experiment5_localization\dataset\images\train\0603_0681472173_02_WRI-L1_F009.png,D:\projects\MediMind\ai-prediction-service\artifacts\fracture_v2\experiment5_localization\dataset\images\train\0603_0681472221_02_WRI-L2_F009.png,"[0.534314, 0.348129, 0.7401960000000001, 0.39686699999999997]","[0.3805965, 0.37910150000000004, 0.5932835, 0.4317785]","[0.5374, 0.3369, 0.7303, 0.4025]","[0.4038, 0.3788, 0.5934, 0.4355]",0.7286,0.6839,"[0.49882, 0.32377999999999996, 0.7688799999999999, 0.41562000000000004]","[0.36588, 0.36746, 0.6313200000000001, 0.44684]",20pct_expanded_or_full_fallback,0.7076,0.8337
0603_03_WRI-L,PAT_GRAZ_603,GRAZPEDWRI-DX,train,1,D:\projects\MediMind\ai-prediction-service\artifacts\fracture_v2\experiment5_localization\dataset\images\train\0603_0681475585_03_WRI-L1_F009.png,D:\projects\MediMind\ai-prediction-service\artifacts\fracture_v2\experiment5_localization\dataset\images\train\0603_0681475642_03_WRI-L2_F009.png,"[0.600932, 0.43871, 0.7919259999999999, 0.503226]","[0.45094350000000005, 0.348101, 0.6433965, 0.402351]","[0.6022, 0.4385, 0.7906, 0.5016]","[0.4496, 0.3325, 0.6487, 0.3979]",0.7801,0.6431,"[0.5645199999999999, 0.42588, 0.82828, 0.51422]","[0.40978, 0.31942000000000004, 0.68852, 0.41097999999999996]",20pct_expanded_or_full_fallback,0.9585,0.6906
0604_01_WRI-L,PAT_GRAZ_604,GRAZPEDWRI-DX,train,1,D:\projects\MediMind\ai-prediction-service\artifacts\fracture_v2\experiment5_localization\dataset\images\train\0604_0330817887_01_WRI-L1_M005.png,D:\projects\MediMind\ai-prediction-service\artifacts\fracture_v2\experiment5_localization\dataset\images\train\0604_0330817903_01_WRI-L2_M005.png,"[0.4623335, 0.432339, 0.6454945, 0.5194949999999999]","[0.3898915, 0.48395099999999996, 0.5523465, 0.5925929999999999]","[0.4614, 0.4226, 0.6533, 0.5055]","[0.39, 0.4766, 0.5597, 0.5677]",0.7999,0.7124,"[0.42301999999999995, 0.40602, 0.69168, 0.52208]","[0.35606000000000004, 0.45838, 0.59364, 0.58592]",20pct_expanded_or_full_fallback,0.7254,0.6968
0605_01_WRI-R,PAT_GRAZ_605,GRAZPEDWRI-DX,train,1,D:\projects\MediMind\ai-prediction-service\artifacts\fracture_v2\experiment5_localization\dataset\images\train\0605_0445461306_01_WRI-R1_F006.png,D:\projects\MediMind\ai-prediction-service\artifacts\fracture_v2\experiment5_localization\dataset\images\train\0605_0445461341_01_WRI-R2_F006.png,"[0.21249949999999998, 0.6172505, 0.4604165, 0.6967655]","[0.38753399999999993, 0.5309134999999999, 0.636856, 0.6088705]","[0.2171, 0.6135, 0.4537, 0.6919]","[0.4261, 0.5379, 0.6361, 0.6037]",0.799,0.653,"[0.16978, 0.59782, 0.50102, 0.70758]","[0.3841, 0.5247400000000001, 0.6781, 0.61686]",20pct_expanded_or_full_fallback,0.8574,0.7109
0605_02_WRI-L,PAT_GRAZ_605,GRAZPEDWRI-DX,train,1,D:\projects\MediMind\ai-prediction-service\artifacts\fracture_v2\experiment5_localization\dataset\images\train\0605_0445545777_02_WRI-L1_F006.png,D:\projects\MediMind\ai-prediction-service\artifacts\fracture_v2\experiment5_localization\dataset\images\train\0605_0445545811_02_WRI-L2_F006.png,"[0.49414850000000005, 0.409278, 0.6384915, 0.473196]","[0.47290600000000005, 0.41991300000000004, 0.656814, 0.470779]","[0.4888, 0.4047, 0.6415, 0.4761]","[0.4814, 0.4046, 0.6638, 0.4797]",0.5901,0.7536,"[0.45826, 0.39042, 0.67204, 0.49038000000000004]","[0.44492, 0.38958000000000004, 0.7002799999999999, 0.49472]",20pct_expanded_or_full_fallback,0.8462,0.6315
0605_03_WRI-L,PAT_GRAZ_605,GRAZPEDWRI-DX,train,1,D:\projects\MediMind\ai-prediction-service\artifacts\fracture_v2\experiment5_localization\dataset\images\train\0605_0446145691_03_WRI-L1_F006.png,D:\projects\MediMind\ai-prediction-service\artifacts\fracture_v2\experiment5_localization\dataset\images\train\0605_0446145782_03_WRI-L2_F006.png,"[0.41558449999999997, 0.4627165, 0.6796534999999999, 0.5321755]","[0.4009015, 0.379121, 0.6463965, 0.43516499999999997]","[0.4162, 0.4605, 0.685, 0.5355]","[0.4061, 0.3712, 0.6529, 0.4428]",0.7447,0.6905,"[0.36244, 0.4455, 0.7387600000000001, 0.5505]","[0.35674, 0.35688, 0.70226, 0.45712]",20pct_expanded_or_full_fallback,0.9058,0.7497
0605_04_WRI-L,PAT_GRAZ_605,GRAZPEDWRI-DX,train,1,D:\projects\MediMind\ai-prediction-service\artifacts\fracture_v2\experiment5_localization\dataset\images\train\0605_0446147830_04_WRI-L1_F006.png,D:\projects\MediMind\ai-prediction-service\artifacts\fracture_v2\experiment5_localization\dataset\images\train\0605_0446147887_04_WRI-L2_F006.png,"[0.455173, 0.4830825, 0.660345, 0.5394735]","[0.3426965, 0.5381950000000001, 0.6179775000000001, 0.604167]","[0.4582, 0.4726, 0.6682, 0.5411]","[0.3347, 0.5347, 0.6297, 0.6094]",0.8198,0.7697,"[0.4162, 0.45890000000000003, 0.7102, 0.5548000000000001]","[0.2757, 0.5197599999999999, 0.6887000000000001, 0.6243400000000001]",20pct_expanded_or_full_fallback,0.7831,0.8241
0605_05_WRI-L,PAT_GRAZ_605,GRAZPEDWRI-DX,train,1,D:\projects\MediMind\ai-prediction-service\artifacts\fracture_v2\experiment5_localization\dataset\images\train\0605_0447354198_05_WRI-L1_F006.png,D:\projects\MediMind\ai-prediction-service\artifacts\fracture_v2\experiment5_localization\dataset\images\train\0605_0447354266_05_WRI-L2_F006.png,"[0.442748, 0.4619885, 0.673664, 0.5833335000000001]","[0.385965, 0.3907895, 0.618421, 0.4828945]","[0.4385, 0.4611, 0.6782, 0.5636]","[0.3887, 0.3865, 0.6213, 0.4849]",0.7503,0.6961,"[0.39056, 0.4406, 0.72614, 0.5841]","[0.34218, 0.36682000000000003, 0.66782, 0.50458]",20pct_expanded_or_full_fallback,0.8056,0.9144
0607_01_WRI-L,PAT_GRAZ_607,GRAZPEDWRI-DX,train,1,D:\projects\MediMind\ai-prediction-service\artifacts\fracture_v2\experiment5_localization\dataset\images\train\0607_0307627927_01_WRI-L1_F010.png,D:\projects\MediMind\ai-prediction-service\artifacts\fracture_v2\experiment5_localization\dataset\images\train\0607_0307627971_01_WRI-L2_F010.png,"[0.43133050000000006, 0.4704545, 0.7446355, 0.5363635]","[0.261506, 0.3762255, 0.518828, 0.45588249999999997]",NONE,"[0.2647, 0.3726, 0.5138, 0.447]",0.0,0.4845,FULL_IMAGE,"[0.21488, 0.35772, 0.56362, 0.46188]",20pct_expanded_or_full_fallback,0.0,0.8238
0608_01_WRI-R,PAT_GRAZ_608,GRAZPEDWRI-DX,train,1,D:\projects\MediMind\ai-prediction-service\artifacts\fracture_v2\experiment5_localization\dataset\images\train\0608_0420285579_01_WRI-R1_M004.png,D:\projects\MediMind\ai-prediction-service\artifacts\fracture_v2\experiment5_localization\dataset\images\train\0608_0420285627_01_WRI-R2_M004.png,"[0.2705885, 0.6941890000000001, 0.43764749999999997, 0.772171]","[0.237288, 0.6342855000000001, 0.44406799999999996, 0.7328565]","[0.5842, 0.5057, 0.7353, 0.5761]","[0.4453, 0.4874, 0.6666, 0.5501]",0.8126,0.7345,"[0.55398, 0.49162000000000006, 0.76552, 0.5901799999999999]","[0.40103999999999995, 0.47486, 0.7108599999999999, 0.56264]",20pct_expanded_or_full_fallback,0.9083,0.8461
0608_02_WRI-R,PAT_GRAZ_608,GRAZPEDWRI-DX,train,1,D:\projects\MediMind\ai-prediction-service\artifacts\fracture_v2\experiment5_localization\dataset\images\train\0608_0422748627_02_WRI-R1_M004.png,D:\projects\MediMind\ai-prediction-service\artifacts\fracture_v2\experiment5_localization\dataset\images\train\0608_0422748677_02_WRI-R2_M004.png,"[0.21982800000000002, 0.5256554999999999, 0.396552, 0.6294185]","[0.3718745, 0.431053, 0.5624995, 0.510315]","[0.5467, 0.4225, 0.6753, 0.4783]","[0.3612, 0.4185, 0.6223, 0.511]",0.771,0.5998,"[0.52098, 0.41134, 0.70102, 0.48946]","[0.30898000000000003, 0.39999999999999997, 0.67452, 0.5295]",20pct_expanded_or_full_fallback,0.8479,0.6256
0610_01_WRI-R,PAT_GRAZ_610,GRAZPEDWRI-DX,train,1,D:\projects\MediMind\ai-prediction-service\artifacts\fracture_v2\experiment5_localization\dataset\images\train\0610_1110681232_01_WRI-R1_M007.png,D:\projects\MediMind\ai-prediction-service\artifacts\fracture_v2\experiment5_localization\dataset\images\train\0610_1110681290_01_WRI-R2_M007.png,NONE,"[0.4022555, 0.5238575, 0.5582705, 0.5959385]","[0.6306, 0.5787, 0.7748, 0.639]","[0.3954, 0.5246, 0.5629, 0.5983]",0.3102,0.7434,"[0.6017600000000001, 0.56664, 0.80364, 0.65106]","[0.3619, 0.50986, 0.5963999999999999, 0.61304]",20pct_expanded_or_full_fallback,0.0,0.8932
0611_01_WRI-L,PAT_GRAZ_611,GRAZPEDWRI-DX,train,1,D:\projects\MediMind\ai-prediction-service\artifacts\fracture_v2\experiment5_localization\dataset\images\train\0611_0470191292_01_WRI-L1_F014.png,D:\projects\MediMind\ai-prediction-service\artifacts\fracture_v2\experiment5_localization\dataset\images\train\0611_0470191350_01_WRI-L2_F014.png,"[0.44667700000000005, 0.3555555, 0.6908810000000001, 0.42129649999999996]","[0.2728705, 0.398198, 0.5047315, 0.48018]","[0.4484, 0.3534, 0.6959, 0.4278]",NONE,0.5889,0.0,"[0.39890000000000003, 0.33852, 0.7454, 0.44268]",FULL_IMAGE,20pct_expanded_or_full_fallback,0.8604,0.0
0611_02_WRI-L,PAT_GRAZ_611,GRAZPEDWRI-DX,train,1,D:\projects\MediMind\ai-prediction-service\artifacts\fracture_v2\experiment5_localization\dataset\images\train\0611_0470785440_02_WRI-L1_F014.png,D:\projects\MediMind\ai-prediction-service\artifacts\fracture_v2\experiment5_localization\dataset\images\train\0611_0470785500_02_WRI-L2_F014.png,"[0.44169100000000006, 0.509029, 0.696793, 0.590293]","[0.370429, 0.36545150000000004, 0.604133, 0.4505205]","[0.4455, 0.5021, 0.7022, 0.5925]","[0.3801, 0.3851, 0.6071, 0.4495]",0.4865,0.1906,"[0.39416, 0.48402, 0.7535400000000001, 0.61058]","[0.3347, 0.37222, 0.6525, 0.46238]",20pct_expanded_or_full_fallback,0.8684,0.7188
0611_03_WRI-L,PAT_GRAZ_611,GRAZPEDWRI-DX,train,0,D:\projects\MediMind\ai-prediction-service\artifacts\fracture_v2\experiment5_localization\dataset\images\train\0611_0471386266_03_WRI-L1_F014.png,D:\projects\MediMind\ai-prediction-service\artifacts\fracture_v2\experiment5_localization\dataset\images\train\0611_0471386391_03_WRI-L2_F014.png,NONE,NONE,"[0.3085, 0.3858, 0.3991, 0.4436]","[0.3303, 0.3925, 0.5933, 0.4831]",0.4323,0.2321,"[0.29037999999999997, 0.37423999999999996, 0.41722000000000004, 0.45516]","[0.27769999999999995, 0.37438000000000005, 0.6459, 0.50122]",20pct_expanded_or_full_fallback,0.0,0.0
0611_04_WRI-L,PAT_GRAZ_611,GRAZPEDWRI-DX,train,1,D:\projects\MediMind\ai-prediction-service\artifacts\fracture_v2\experiment5_localization\dataset\images\train\0611_0472593826_04_WRI-L1_F014.png,D:\projects\MediMind\ai-prediction-service\artifacts\fracture_v2\experiment5_localization\dataset\images\train\0611_0472593904_04_WRI-L2_F014.png,"[0.508547, 0.492424, 0.735043, 0.578598]","[0.32499999999999996, 0.5151515, 0.520312, 0.5905564999999999]","[0.5029, 0.4742, 0.7431, 0.5643]",NONE,0.6293,0.0,"[0.45486000000000004, 0.45618000000000003, 0.79114, 0.5823200000000001]",FULL_IMAGE,20pct_expanded_or_full_fallback,0.6543,0.0
0612_01_WRI-L,PAT_GRAZ_612,GRAZPEDWRI-DX,train,1,D:\projects\MediMind\ai-prediction-service\artifacts\fracture_v2\experiment5_localization\dataset\images\train\0612_0362049367_01_WRI-L1_M012.png,D:\projects\MediMind\ai-prediction-service\artifacts\fracture_v2\experiment5_localization\dataset\images\train\0612_0362049410_01_WRI-L2_M012.png,"[0.3976375, 0.39761399999999997, 0.6889765, 0.447316]","[0.3394735, 0.4432165, 0.6184205, 0.5246235]","[0.407, 0.3855, 0.6947, 0.4587]","[0.3442, 0.439, 0.617, 0.5058]",0.6642,0.4256,"[0.34946, 0.37086, 0.75224, 0.47334]","[0.28964, 0.42564, 0.6715599999999999, 0.5191600000000001]",20pct_expanded_or_full_fallback,0.6511,0.7156
0613_01_WRI-R,PAT_GRAZ_613,GRAZPEDWRI-DX,train,1,D:\projects\MediMind\ai-prediction-service\artifacts\fracture_v2\experiment5_localization\dataset\images\train\0613_0824817558_01_WRI-R1_M012.png,D:\projects\MediMind\ai-prediction-service\artifacts\fracture_v2\experiment5_localization\dataset\images\train\0613_0824817622_01_WRI-R2_M012.png,"[0.6864785, 0.4370505, 0.7771174999999999, 0.4928055]","[0.34739, 0.596074, 0.600402, 0.681818]","[0.3042, 0.5443, 0.5324, 0.62]","[0.3493, 0.6096, 0.5895, 0.6895]",0.8638,0.3945,"[0.25856, 0.52916, 0.57804, 0.63514]","[0.30126, 0.59362, 0.63754, 0.70548]",20pct_expanded_or_full_fallback,0.9036,0.7369
0614_01_WRI-R,PAT_GRAZ_614,GRAZPEDWRI-DX,train,0,D:\projects\MediMind\ai-prediction-service\artifacts\fracture_v2\experiment5_localization\dataset\images\train\0614_0983349504_01_WRI-R1_F008.png,D:\projects\MediMind\ai-prediction-service\artifacts\fracture_v2\experiment5_localization\dataset\images\train\0614_0983349539_01_WRI-R2_F008.png,NONE,NONE,NONE,NONE,0.0,0.0,FULL_IMAGE,FULL_IMAGE,20pct_expanded_or_full_fallback,0.0,0.0
0614_02_WRI-L,PAT_GRAZ_614,GRAZPEDWRI-DX,train,0,D:\projects\MediMind\ai-prediction-service\artifacts\fracture_v2\experiment5_localization\dataset\images\train\0614_1050814663_02_WRI-L1_F010.png,D:\projects\MediMind\ai-prediction-service\artifacts\fracture_v2\experiment5_localization\dataset\images\train\0614_1050814702_02_WRI-L2_F010.png,NONE,NONE,NONE,NONE,0.0,0.0,FULL_IMAGE,FULL_IMAGE,20pct_expanded_or_full_fallback,0.0,0.0
0616_01_WRI-R,PAT_GRAZ_616,GRAZPEDWRI-DX,train,1,D:\projects\MediMind\ai-prediction-service\artifacts\fracture_v2\experiment5_localization\dataset\images\train\0616_0248564877_01_WRI-R1_M016.png,D:\projects\MediMind\ai-prediction-service\artifacts\fracture_v2\experiment5_localization\dataset\images\train\0616_0248564961_01_WRI-R2_M016.png,"[0.253463, 0.560951, 0.527701, 0.621407]","[0.4799325, 0.5208339999999999, 0.7491635, 0.599638]","[0.2554, 0.5251, 0.5346, 0.6146]","[0.4747, 0.5264, 0.7438, 0.604]",0.3352,0.2566,"[0.19956000000000002, 0.5072, 0.59044, 0.6325000000000001]","[0.42088000000000003, 0.51088, 0.79762, 0.61952]",20pct_expanded_or_full_fallback,0.5419,0.8486
0616_02_WRI-R,PAT_GRAZ_616,GRAZPEDWRI-DX,train,1,D:\projects\MediMind\ai-prediction-service\artifacts\fracture_v2\experiment5_localization\dataset\images\train\0616_0249342891_02_WRI-R1_M016.png,D:\projects\MediMind\ai-prediction-service\artifacts\fracture_v2\experiment5_localization\dataset\images\train\0616_0249342948_02_WRI-R2_M016.png,NONE,"[0.41279050000000006, 0.3515415, 0.7306195, 0.4255505]","[0.2067, 0.3662, 0.4943, 0.4696]","[0.4163, 0.3545, 0.7241, 0.427]",0.4191,0.1882,"[0.14917999999999998, 0.34552000000000005, 0.55182, 0.49028]","[0.35474, 0.33999999999999997, 0.7856599999999999, 0.4415]",20pct_expanded_or_full_fallback,0.0,0.9124
0616_03_WRI-R,PAT_GRAZ_616,GRAZPEDWRI-DX,train,1,D:\projects\MediMind\ai-prediction-service\artifacts\fracture_v2\experiment5_localization\dataset\images\train\0616_0250288056_03_WRI-R1_M016.png,D:\projects\MediMind\ai-prediction-service\artifacts\fracture_v2\experiment5_localization\dataset\images\train\0616_0250288157_03_WRI-R2_M016.png,"[0.291248, 0.36072649999999995, 0.5667139999999999, 0.4472315]","[0.4497035, 0.41816549999999997, 0.6819525, 0.4973025]","[0.2947, 0.3306, 0.5929, 0.4453]","[0.4567, 0.4309, 0.6847, 0.5101]",0.5293,0.4578,"[0.23506000000000002, 0.30766, 0.65254, 0.46824]","[0.4111, 0.41506, 0.7303, 0.52594]",20pct_expanded_or_full_fallback,0.6568,0.6963
0618_01_WRI-R,PAT_GRAZ_618,GRAZPEDWRI-DX,train,1,D:\projects\MediMind\ai-prediction-service\artifacts\fracture_v2\experiment5_localization\dataset\images\train\0618_0613990210_01_WRI-R1_M013.png,D:\projects\MediMind\ai-prediction-service\artifacts\fracture_v2\experiment5_localization\dataset\images\train\0618_0613990251_01_WRI-R2_M013.png,"[0.6899329999999999, 0.41379350000000004, 0.774497, 0.4663385]","[0.41357999999999995, 0.35972350000000003, 0.70216, 0.4235205]",NONE,NONE,0.0,0.0,FULL_IMAGE,FULL_IMAGE,20pct_expanded_or_full_fallback,0.0,0.0
0619_01_WRI-L,PAT_GRAZ_619,GRAZPEDWRI-DX,train,0,D:\projects\MediMind\ai-prediction-service\artifacts\fracture_v2\experiment5_localization\dataset\images\train\0619_0887603786_01_WRI-L1_F010.png,D:\projects\MediMind\ai-prediction-service\artifacts\fracture_v2\experiment5_localization\dataset\images\train\0619_0887603814_01_WRI-L2_F010.png,NONE,NONE,NONE,NONE,0.0,0.0,FULL_IMAGE,FULL_IMAGE,20pct_expanded_or_full_fallback,0.0,0.0
0619_02_WRI-R,PAT_GRAZ_619,GRAZPEDWRI-DX,train,0,D:\projects\MediMind\ai-prediction-service\artifacts\fracture_v2\experiment5_localization\dataset\images\train\0619_0892534689_02_WRI-R1_F011.png,D:\projects\MediMind\ai-prediction-service\artifacts\fracture_v2\experiment5_localization\dataset\images\train\0619_0892534730_02_WRI-R2_F011.png,NONE,NONE,NONE,NONE,0.0,0.0,FULL_IMAGE,FULL_IMAGE,20pct_expanded_or_full_fallback,0.0,0.0
0620_01_WRI-R,PAT_GRAZ_620,GRAZPEDWRI-DX,train,1,D:\projects\MediMind\ai-prediction-service\artifacts\fracture_v2\experiment5_localization\dataset\images\train\0620_0503679744_01_WRI-R1_F004.png,D:\projects\MediMind\ai-prediction-service\artifacts\fracture_v2\experiment5_localization\dataset\images\train\0620_0503679802_01_WRI-R2_F004.png,"[0.3372775, 0.584175, 0.5759365, 0.664983]","[0.4951925, 0.5399405, 0.6995195, 0.6050295]","[0.6324, 0.5681, 0.789, 0.6379]","[0.4877, 0.524, 0.702, 0.5987]",0.4025,0.6999,"[0.60108, 0.5541400000000001, 0.82032, 0.65186]","[0.44484, 0.5090600000000001, 0.74486, 0.61364]",20pct_expanded_or_full_fallback,0.6891,0.6939
0622_01_WRI-L,PAT_GRAZ_622,GRAZPEDWRI-DX,train,0,D:\projects\MediMind\ai-prediction-service\artifacts\fracture_v2\experiment5_localization\dataset\images\train\0622_1019421824_01_WRI-L1_M011.png,D:\projects\MediMind\ai-prediction-service\artifacts\fracture_v2\experiment5_localization\dataset\images\train\0622_1019421896_01_WRI-L2_M011.png,NONE,NONE,NONE,NONE,0.0,0.0,FULL_IMAGE,FULL_IMAGE,20pct_expanded_or_full_fallback,0.0,0.0
0623_01_WRI-L,PAT_GRAZ_623,GRAZPEDWRI-DX,train,0,D:\projects\MediMind\ai-prediction-service\artifacts\fracture_v2\experiment5_localization\dataset\images\train\0623_0227287621_01_WRI-L1_F009.png,D:\projects\MediMind\ai-prediction-service\artifacts\fracture_v2\experiment5_localization\dataset\images\train\0623_0227287649_01_WRI-L2_F009.png,NONE,NONE,NONE,NONE,0.0,0.0,FULL_IMAGE,FULL_IMAGE,20pct_expanded_or_full_fallback,0.0,0.0
0627_01_WRI-L,PAT_GRAZ_627,GRAZPEDWRI-DX,train,1,D:\projects\MediMind\ai-prediction-service\artifacts\fracture_v2\experiment5_localization\dataset\images\train\0627_1039293475_01_WRI-L1_M010.png,D:\projects\MediMind\ai-prediction-service\artifacts\fracture_v2\experiment5_localization\dataset\images\train\0627_1039293518_01_WRI-L2_M010.png,"[0.600372, 0.772014, 0.7657999999999999, 0.895054]","[0.42124549999999994, 0.4746345, 0.5659345, 0.5451415000000001]","[0.5989, 0.7718, 0.766, 0.8714]","[0.3341, 0.4659, 0.4875, 0.5297]",0.6947,0.4379,"[0.56548, 0.7518800000000001, 0.79942, 0.8913199999999999]","[0.30342, 0.45314, 0.51818, 0.5424599999999999]",20pct_expanded_or_full_fallback,0.7998,0.2233
0627_02_WRI-L,PAT_GRAZ_627,GRAZPEDWRI-DX,train,1,D:\projects\MediMind\ai-prediction-service\artifacts\fracture_v2\experiment5_localization\dataset\images\train\0627_1039296301_02_WRI-L1_M010.png,D:\projects\MediMind\ai-prediction-service\artifacts\fracture_v2\experiment5_localization\dataset\images\train\0627_1039296383_02_WRI-L2_M010.png,"[0.5216759999999999, 0.678607, 0.66474, 0.7930349999999999]","[0.34300349999999996, 0.49375, 0.5221844999999999, 0.64]","[0.4703, 0.4805, 0.6856, 0.5666]","[0.3655, 0.509, 0.5089, 0.5909]",0.1754,0.545,"[0.42724, 0.46327999999999997, 0.72866, 0.58382]","[0.33682, 0.49262, 0.5375800000000001, 0.6072799999999999]",20pct_expanded_or_full_fallback,0.0,0.4482
0627_03_WRI-L,PAT_GRAZ_627,GRAZPEDWRI-DX,train,1,D:\projects\MediMind\ai-prediction-service\artifacts\fracture_v2\experiment5_localization\dataset\images\train\0627_1039878455_03_WRI-L1_M010.png,D:\projects\MediMind\ai-prediction-service\artifacts\fracture_v2\experiment5_localization\dataset\images\train\0627_1039878539_03_WRI-L2_M010.png,"[0.6063595, 0.610208, 0.7528885, 0.6740160000000001]","[0.304878, 0.537037, 0.477352, 0.627451]","[0.6033, 0.584, 0.7605, 0.6768]","[0.311, 0.5444, 0.4766, 0.6455]",0.7096,0.7006,"[0.5718599999999999, 0.5654399999999999, 0.79194, 0.69536]","[0.27788, 0.52418, 0.5097200000000001, 0.66572]",20pct_expanded_or_full_fallback,0.6409,0.7401
0627_04_WRI-L,PAT_GRAZ_627,GRAZPEDWRI-DX,train,1,D:\projects\MediMind\ai-prediction-service\artifacts\fracture_v2\experiment5_localization\dataset\images\train\0627_1041082859_04_WRI-L1_M010.png,D:\projects\MediMind\ai-prediction-service\artifacts\fracture_v2\experiment5_localization\dataset\images\train\0627_1041082936_04_WRI-L2_M010.png,"[0.4259265, 0.602781, 0.6074075, 0.7338629999999999]","[0.261977, 0.6767025, 0.487181, 0.8054975]","[0.4227, 0.6188, 0.6089, 0.7208]","[0.2798, 0.6818, 0.4883, 0.799]",0.7068,0.5695,"[0.38546, 0.5984, 0.6461399999999999, 0.7412]","[0.23809999999999998, 0.65836, 0.53, 0.8224400000000001]",20pct_expanded_or_full_fallback,0.7627,0.8342
0628_01_WRI-L,PAT_GRAZ_628,GRAZPEDWRI-DX,train,1,D:\projects\MediMind\ai-prediction-service\artifacts\fracture_v2\experiment5_localization\dataset\images\train\0628_0628606579_01_WRI-L1_F007.png,D:\projects\MediMind\ai-prediction-service\artifacts\fracture_v2\experiment5_localization\dataset\images\train\0628_0628606612_01_WRI-L2_F007.png,"[0.42068949999999994, 0.506637, 0.6327585, 0.576327]","[0.32683999999999996, 0.457516, 0.5497839999999999, 0.519608]","[0.4267, 0.5048, 0.6332, 0.5758]","[0.3351, 0.4547, 0.5474, 0.5225]",0.7725,0.7422,"[0.3854, 0.49060000000000004, 0.6745, 0.59]","[0.29264, 0.44114, 0.58986, 0.53606]",20pct_expanded_or_full_fallback,0.9383,0.8756
0632_01_WRI-L,PAT_GRAZ_632,GRAZPEDWRI-DX,train,1,D:\projects\MediMind\ai-prediction-service\artifacts\fracture_v2\experiment5_localization\dataset\images\train\0632_0191416794_01_WRI-L1_F009.png,D:\projects\MediMind\ai-prediction-service\artifacts\fracture_v2\experiment5_localization\dataset\images\train\0632_0191416871_01_WRI-L2_F009.png,"[0.48669799999999996, 0.658683, 0.665102, 0.756487]","[0.5085535, 0.7009529999999999, 0.6516325, 0.746667]","[0.4846, 0.6616, 0.6656, 0.7509]","[0.5009, 0.679, 0.6599, 0.7565]",0.8304,0.8277,"[0.44839999999999997, 0.64374, 0.7018, 0.76876]","[0.4691, 0.6635000000000001, 0.6917000000000001, 0.7719999999999999]",20pct_expanded_or_full_fallback,0.9011,0.5308
0632_02_WRI-L,PAT_GRAZ_632,GRAZPEDWRI-DX,train,1,D:\projects\MediMind\ai-prediction-service\artifacts\fracture_v2\experiment5_localization\dataset\images\train\0632_0191420689_02_WRI-L1_F009.png,D:\projects\MediMind\ai-prediction-service\artifacts\fracture_v2\experiment5_localization\dataset\images\train\0632_0191420752_02_WRI-L2_F009.png,"[0.5037825, 0.658683, 0.6883515, 0.7345309999999999]","[0.4972375, 0.43914600000000004, 0.6229285, 0.48968]","[0.5041, 0.6622, 0.688, 0.7509]","[0.4896, 0.4307, 0.626, 0.4888]",0.8393,0.7912,"[0.46732, 0.64446, 0.72478, 0.76864]","[0.46231999999999995, 0.41908, 0.65328, 0.50042]",20pct_expanded_or_full_fallback,0.782,0.7767
0632_03_WRI-L,PAT_GRAZ_632,GRAZPEDWRI-DX,train,1,D:\projects\MediMind\ai-prediction-service\artifacts\fracture_v2\experiment5_localization\dataset\images\train\0632_0192030256_03_WRI-L1_F009.png,D:\projects\MediMind\ai-prediction-service\artifacts\fracture_v2\experiment5_localization\dataset\images\train\0632_0192030296_03_WRI-L2_F009.png,"[0.47975749999999995, 0.4648975000000001, 0.7246965, 0.5530825]","[0.5068809999999999, 0.39311, 0.722477, 0.456714]","[0.467, 0.4582, 0.7308, 0.5582]","[0.4969, 0.3924, 0.7234, 0.4638]",0.7836,0.8974,"[0.41424000000000005, 0.4382, 0.78356, 0.5782]","[0.4516, 0.37812, 0.7687, 0.47808]",20pct_expanded_or_full_fallback,0.8188,0.8479
0632_04_WRI-L,PAT_GRAZ_632,GRAZPEDWRI-DX,train,1,D:\projects\MediMind\ai-prediction-service\artifacts\fracture_v2\experiment5_localization\dataset\images\train\0632_0192632382_04_WRI-L1_F009.png,D:\projects\MediMind\ai-prediction-service\artifacts\fracture_v2\experiment5_localization\dataset\images\train\0632_0192632470_04_WRI-L2_F009.png,"[0.48484700000000003, 0.4393875, 0.724151, 0.5380685]","[0.46458350000000004, 0.3425765, 0.6666665, 0.4239715]","[0.4747, 0.4368, 0.7229, 0.5324]","[0.4382, 0.3465, 0.6683, 0.421]",0.8042,0.7432,"[0.42506, 0.41768000000000005, 0.77254, 0.55152]","[0.39218, 0.33159999999999995, 0.7143200000000001, 0.4359]",20pct_expanded_or_full_fallback,0.8786,0.8122
0632_05_WRI-R,PAT_GRAZ_632,GRAZPEDWRI-DX,train,1,D:\projects\MediMind\ai-prediction-service\artifacts\fracture_v2\experiment5_localization\dataset\images\train\0632_0257026647_05_WRI-R1_F011.png,D:\projects\MediMind\ai-prediction-service\artifacts\fracture_v2\experiment5_localization\dataset\images\train\0632_0257026724_05_WRI-R2_F011.png,"[0.642253, 0.3745015, 0.7788729999999999, 0.4223105]","[0.5738805, 0.47360300000000005, 0.7226254999999999, 0.5424150000000001]","[0.3985, 0.426, 0.5746, 0.5048]","[0.5717, 0.467, 0.7235, 0.5361]",0.8193,0.6789,"[0.36328000000000005, 0.41024, 0.60982, 0.52056]","[0.5413399999999999, 0.45318, 0.7538600000000001, 0.54992]",20pct_expanded_or_full_fallback,0.861,0.8134
0632_06_WRI-R,PAT_GRAZ_632,GRAZPEDWRI-DX,train,1,D:\projects\MediMind\ai-prediction-service\artifacts\fracture_v2\experiment5_localization\dataset\images\train\0632_0257610288_06_WRI-R1_F011.png,D:\projects\MediMind\ai-prediction-service\artifacts\fracture_v2\experiment5_localization\dataset\images\train\0632_0257610365_06_WRI-R2_F011.png,"[0.3192565, 0.6892474999999999, 0.5304055, 0.7913985]","[0.46320300000000003, 0.5511710000000001, 0.6659390000000001, 0.622425]","[0.3194, 0.698, 0.5321, 0.7848]","[0.4754, 0.5416, 0.6791, 0.6151]",0.8242,0.7405,"[0.27686, 0.6806399999999999, 0.57464, 0.8021600000000001]","[0.43466, 0.5268999999999999, 0.71984, 0.6298]",20pct_expanded_or_full_fallback,0.8434,0.7067
0632_08_WRI-R,PAT_GRAZ_632,GRAZPEDWRI-DX,train,1,D:\projects\MediMind\ai-prediction-service\artifacts\fracture_v2\experiment5_localization\dataset\images\train\0632_0259759762_08_WRI-R1_F011.png,D:\projects\MediMind\ai-prediction-service\artifacts\fracture_v2\experiment5_localization\dataset\images\train\0632_0259759792_08_WRI-R2_F011.png,"[0.3539825, 0.5872489999999999, 0.5805315, 0.725951]","[0.42855150000000003, 0.49767300000000003, 0.6346545, 0.605647]","[0.6727, 0.5354, 0.8121, 0.6062]","[0.4285, 0.5084, 0.6354, 0.5987]",0.7748,0.6324,"[0.64482, 0.52124, 0.8399800000000001, 0.6203599999999999]","[0.38712, 0.49033999999999994, 0.6767799999999999, 0.61676]",20pct_expanded_or_full_fallback,0.8025,0.8336
0633_01_WRI-L,PAT_GRAZ_633,GRAZPEDWRI-DX,train,1,D:\projects\MediMind\ai-prediction-service\artifacts\fracture_v2\experiment5_localization\dataset\images\train\0633_0672727855_01_WRI-L1_M015.png,D:\projects\MediMind\ai-prediction-service\artifacts\fracture_v2\experiment5_localization\dataset\images\train\0633_0672727912_01_WRI-L2_M015.png,NONE,"[0.18330299999999997, 0.2752655, 0.540835, 0.3251325]",NONE,NONE,0.0,0.0,FULL_IMAGE,FULL_IMAGE,20pct_expanded_or_full_fallback,0.0,0.0
0635_01_WRI-R,PAT_GRAZ_635,GRAZPEDWRI-DX,train,0,D:\projects\MediMind\ai-prediction-service\artifacts\fracture_v2\experiment5_localization\dataset\images\train\0635_0563605096_01_WRI-R1_F008.png,D:\projects\MediMind\ai-prediction-service\artifacts\fracture_v2\experiment5_localization\dataset\images\train\0635_0563605143_01_WRI-R2_F008.png,NONE,NONE,NONE,NONE,0.0,0.0,FULL_IMAGE,FULL_IMAGE,20pct_expanded_or_full_fallback,0.0,0.0
0637_01_WRI-R,PAT_GRAZ_637,GRAZPEDWRI-DX,train,0,D:\projects\MediMind\ai-prediction-service\artifacts\fracture_v2\experiment5_localization\dataset\images\train\0637_0609939383_01_WRI-R1_F007.png,D:\projects\MediMind\ai-prediction-service\artifacts\fracture_v2\experiment5_localization\dataset\images\train\0637_0609939442_01_WRI-R2_F007.png,NONE,NONE,"[0.1383, 0.1186, 0.312, 0.1823]",NONE,0.1987,0.0,"[0.10356000000000001, 0.10586, 0.34674, 0.19504]",FULL_IMAGE,20pct_expanded_or_full_fallback,0.0,0.0
0638_01_WRI-R,PAT_GRAZ_638,GRAZPEDWRI-DX,train,0,D:\projects\MediMind\ai-prediction-service\artifacts\fracture_v2\experiment5_localization\dataset\images\train\0638_0568706646_01_WRI-R1_F012.png,D:\projects\MediMind\ai-prediction-service\artifacts\fracture_v2\experiment5_localization\dataset\images\train\0638_0568706681_01_WRI-R2_F012.png,NONE,NONE,NONE,NONE,0.0,0.0,FULL_IMAGE,FULL_IMAGE,20pct_expanded_or_full_fallback,0.0,0.0
0641_03_WRI-R,PAT_GRAZ_641,GRAZPEDWRI-DX,train,1,D:\projects\MediMind\ai-prediction-service\artifacts\fracture_v2\experiment5_localization\dataset\images\train\0641_0948652082_03_WRI-R1_F012.png,D:\projects\MediMind\ai-prediction-service\artifacts\fracture_v2\experiment5_localization\dataset\images\train\0641_0948652108_03_WRI-R2_F012.png,"[0.26003200000000004, 0.423809, 0.5313, 0.538095]","[0.3801495, 0.337338, 0.6666665, 0.47597]","[0.2539, 0.4431, 0.5313, 0.5384]","[0.4113, 0.3763, 0.6761, 0.4697]",0.5816,0.5974,"[0.19842, 0.42404, 0.58678, 0.55746]","[0.35834, 0.35762000000000005, 0.72906, 0.48838]",20pct_expanded_or_full_fallback,0.8137,0.5874
0642_01_WRI-L,PAT_GRAZ_642,GRAZPEDWRI-DX,train,1,D:\projects\MediMind\ai-prediction-service\artifacts\fracture_v2\experiment5_localization\dataset\images\train\0642_0931369148_01_WRI-L1_F009.png,D:\projects\MediMind\ai-prediction-service\artifacts\fracture_v2\experiment5_localization\dataset\images\train\0642_0931369220_01_WRI-L2_F009.png,"[0.49065400000000003, 0.576224, 0.803738, 0.6601400000000001]","[0.23446299999999998, 0.5533245, 0.550847, 0.6398995000000001]","[0.482, 0.5496, 0.7999, 0.645]","[0.2268, 0.5524, 0.4578, 0.6251]",0.6847,0.572,"[0.41841999999999996, 0.53052, 0.86348, 0.66408]","[0.1806, 0.53786, 0.504, 0.63964]",20pct_expanded_or_full_fallback,0.602,0.5694
0643_01_WRI-L,PAT_GRAZ_643,GRAZPEDWRI-DX,train,1,D:\projects\MediMind\ai-prediction-service\artifacts\fracture_v2\experiment5_localization\dataset\images\train\0643_1171833545_01_WRI-L1_F008.png,D:\projects\MediMind\ai-prediction-service\artifacts\fracture_v2\experiment5_localization\dataset\images\train\0643_1171833579_01_WRI-L2_F008.png,"[0.5482165, 0.39457850000000005, 0.7001315, 0.4688755]","[0.584867, 0.332905, 0.758691, 0.44215899999999997]","[0.5501, 0.3959, 0.6989, 0.4716]","[0.5841, 0.3352, 0.7601, 0.4335]",0.9047,0.7556,"[0.52034, 0.38076, 0.72866, 0.48674]","[0.5488999999999999, 0.31554, 0.7953, 0.45316]",20pct_expanded_or_full_fallback,0.9287,0.8897
0643_02_WRI-L,PAT_GRAZ_643,GRAZPEDWRI-DX,train,1,D:\projects\MediMind\ai-prediction-service\artifacts\fracture_v2\experiment5_localization\dataset\images\train\0643_1171841086_02_WRI-L1_F008.png,D:\projects\MediMind\ai-prediction-service\artifacts\fracture_v2\experiment5_localization\dataset\images\train\0643_1171841118_02_WRI-L2_F008.png,"[0.5602404999999999, 0.248609, 0.7198795, 0.326531]","[0.3546665, 0.33806850000000005, 0.47333349999999996, 0.3958335]","[0.5577, 0.2491, 0.7223, 0.3225]","[0.3512, 0.3424, 0.4806, 0.4086]",0.7515,0.6838,"[0.5247799999999999, 0.23442, 0.7552200000000001, 0.33718000000000004]","[0.32532, 0.32915999999999995, 0.50648, 0.42184000000000005]",20pct_expanded_or_full_fallback,0.9152,0.6983
0646_01_WRI-R,PAT_GRAZ_646,GRAZPEDWRI-DX,train,1,D:\projects\MediMind\ai-prediction-service\artifacts\fracture_v2\experiment5_localization\dataset\images\train\0646_0912388349_01_WRI-R1_F009.png,D:\projects\MediMind\ai-prediction-service\artifacts\fracture_v2\experiment5_localization\dataset\images\train\0646_0912388382_01_WRI-R2_F009.png,"[0.291176, 0.413991, 0.516176, 0.521789]","[0.30769250000000004, 0.232739, 0.5984995, 0.361915]","[0.2832, 0.4135, 0.5257, 0.5255]","[0.354, 0.2858, 0.5696, 0.3538]",0.4645,0.5276,"[0.23470000000000002, 0.3911, 0.5741999999999999, 0.5478999999999999]","[0.31088, 0.2722, 0.61272, 0.3674]",20pct_expanded_or_full_fallback,0.893,0.3903
0646_02_WRI-R,PAT_GRAZ_646,GRAZPEDWRI-DX,train,1,D:\projects\MediMind\ai-prediction-service\artifacts\fracture_v2\experiment5_localization\dataset\images\train\0646_0912393493_02_WRI-R1_F009.png,D:\projects\MediMind\ai-prediction-service\artifacts\fracture_v2\experiment5_localization\dataset\images\train\0646_0912393538_02_WRI-R2_F009.png,"[0.23760299999999998, 0.4867175, 0.5227269999999999, 0.5474385]","[0.3827745, 0.428425, 0.7057415, 0.522495]","[0.2101, 0.4489, 0.5421, 0.5346]","[0.384, 0.4142, 0.7068, 0.5005]",0.2102,0.4577,"[0.1437, 0.43176000000000003, 0.6085, 0.5517399999999999]","[0.31944, 0.39694, 0.7713599999999999, 0.5177599999999999]",20pct_expanded_or_full_fallback,0.4251,0.6616
0646_03_WRI-R,PAT_GRAZ_646,GRAZPEDWRI-DX,train,1,D:\projects\MediMind\ai-prediction-service\artifacts\fracture_v2\experiment5_localization\dataset\images\train\0646_0913578570_03_WRI-R1_F009.png,D:\projects\MediMind\ai-prediction-service\artifacts\fracture_v2\experiment5_localization\dataset\images\train\0646_0913578594_03_WRI-R2_F009.png,"[0.376997, 0.5621955, 0.573483, 0.6390245]","[0.40384600000000004, 0.48505400000000004, 0.67094, 0.601902]","[0.6857, 0.6613, 0.8082, 0.7472]","[0.4466, 0.7725, 0.6202, 0.8784]",0.3798,0.5181,"[0.6612, 0.64412, 0.8327, 0.76438]","[0.41188, 0.75132, 0.65492, 0.8995799999999999]",20pct_expanded_or_full_fallback,0.0,0.0
0646_04_WRI-L,PAT_GRAZ_646,GRAZPEDWRI-DX,train,1,D:\projects\MediMind\ai-prediction-service\artifacts\fracture_v2\experiment5_localization\dataset\images\train\0646_0958450226_04_WRI-L1_F010.png,D:\projects\MediMind\ai-prediction-service\artifacts\fracture_v2\experiment5_localization\dataset\images\train\0646_0958450251_04_WRI-L2_F010.png,NONE,"[0.35162099999999996, 0.4538285, 0.608479, 0.5315315]",NONE,"[0.3394, 0.4365, 0.623, 0.5]",0.0,0.3574,FULL_IMAGE,"[0.28268, 0.4238, 0.67972, 0.5127]",20pct_expanded_or_full_fallback,0.0,0.4543
0647_01_WRI-L,PAT_GRAZ_647,GRAZPEDWRI-DX,train,1,D:\projects\MediMind\ai-prediction-service\artifacts\fracture_v2\experiment5_localization\dataset\images\train\0647_0425957098_01_WRI-L1_F008.png,D:\projects\MediMind\ai-prediction-service\artifacts\fracture_v2\experiment5_localization\dataset\images\train\0647_0425957122_01_WRI-L2_F008.png,"[0.441037, 0.3635045, 0.5864090000000001, 0.4332275]","[0.425249, 0.4228135, 0.566445, 0.4854205]","[0.4413, 0.3584, 0.5899, 0.4256]","[0.4238, 0.4135, 0.5644, 0.4771]",0.8164,0.4783,"[0.41158000000000006, 0.34496, 0.61962, 0.43904]","[0.39568000000000003, 0.40077999999999997, 0.59252, 0.48982000000000003]",20pct_expanded_or_full_fallback,0.811,0.7386
0649_01_WRI-L,PAT_GRAZ_649,GRAZPEDWRI-DX,train,0,D:\projects\MediMind\ai-prediction-service\artifacts\fracture_v2\experiment5_localization\dataset\images\train\0649_0824283566_01_WRI-L1_M013.png,D:\projects\MediMind\ai-prediction-service\artifacts\fracture_v2\experiment5_localization\dataset\images\train\0649_0824283580_01_WRI-L2_M013.png,NONE,NONE,NONE,NONE,0.0,0.0,FULL_IMAGE,FULL_IMAGE,20pct_expanded_or_full_fallback,0.0,0.0
0650_01_WRI-L,PAT_GRAZ_650,GRAZPEDWRI-DX,train,1,D:\projects\MediMind\ai-prediction-service\artifacts\fracture_v2\experiment5_localization\dataset\images\train\0650_0883344837_01_WRI-L1_M010.png,D:\projects\MediMind\ai-prediction-service\artifacts\fracture_v2\experiment5_localization\dataset\images\train\0650_0883344921_01_WRI-L2_M010.png,"[0.5016075000000001, 0.4916295, 0.7363345, 0.6158585]","[0.4013165, 0.43567500000000003, 0.5921055, 0.535123]","[0.5037, 0.5037, 0.7467, 0.6035]","[0.3826, 0.452, 0.591, 0.5343]",0.7831,0.7258,"[0.45510000000000006, 0.48374000000000006, 0.7953, 0.62346]","[0.34092, 0.43554000000000004, 0.6326799999999999, 0.55076]",20pct_expanded_or_full_fallback,0.7689,0.761
0650_02_WRI-L,PAT_GRAZ_650,GRAZPEDWRI-DX,train,0,D:\projects\MediMind\ai-prediction-service\artifacts\fracture_v2\experiment5_localization\dataset\images\train\0650_1035368122_02_WRI-L1_M015.png,D:\projects\MediMind\ai-prediction-service\artifacts\fracture_v2\experiment5_localization\dataset\images\train\0650_1035368083_02_WRI-L2_M015.png,NONE,NONE,NONE,"[0.3188, 0.462, 0.5289, 0.546]",0.0,0.373,FULL_IMAGE,"[0.27677999999999997, 0.44520000000000004, 0.5709200000000001, 0.5628000000000001]",20pct_expanded_or_full_fallback,0.0,0.0
0653_01_WRI-R,PAT_GRAZ_653,GRAZPEDWRI-DX,train,0,D:\projects\MediMind\ai-prediction-service\artifacts\fracture_v2\experiment5_localization\dataset\images\train\0653_0866463001_01_WRI-R1_M013.png,D:\projects\MediMind\ai-prediction-service\artifacts\fracture_v2\experiment5_localization\dataset\images\train\0653_0866463030_01_WRI-R2_M013.png,NONE,NONE,NONE,NONE,0.0,0.0,FULL_IMAGE,FULL_IMAGE,20pct_expanded_or_full_fallback,0.0,0.0
0655_01_WRI-L,PAT_GRAZ_655,GRAZPEDWRI-DX,train,1,D:\projects\MediMind\ai-prediction-service\artifacts\fracture_v2\experiment5_localization\dataset\images\train\0655_0365548075_01_WRI-L1_M016.png,D:\projects\MediMind\ai-prediction-service\artifacts\fracture_v2\experiment5_localization\dataset\images\train\0655_0365548136_01_WRI-L2_M016.png,"[0.5425735, 0.5491785, 0.8380704999999999, 0.6288875]","[0.26212100000000005, 0.5357780000000001, 0.583333, 0.657424]","[0.5519, 0.5547, 0.8439, 0.6396]","[0.3479, 0.578, 0.5755, 0.6545]",0.5568,0.4284,"[0.49349999999999994, 0.53772, 0.9023, 0.6565799999999999]","[0.30238, 0.5627, 0.62102, 0.6698]",20pct_expanded_or_full_fallback,0.783,0.4456
0655_02_WRI-L,PAT_GRAZ_655,GRAZPEDWRI-DX,train,1,D:\projects\MediMind\ai-prediction-service\artifacts\fracture_v2\experiment5_localization\dataset\images\train\0655_0366242740_02_WRI-L1_M016.png,D:\projects\MediMind\ai-prediction-service\artifacts\fracture_v2\experiment5_localization\dataset\images\train\0655_0366242768_02_WRI-L2_M016.png,"[0.43994599999999995, 0.37701, 0.747638, 0.455788]","[0.2548435, 0.4610505, 0.5633385, 0.5715574999999999]","[0.4467, 0.3842, 0.7518, 0.4665]","[0.4075, 0.5118, 0.5444, 0.5739]",0.2325,0.2111,"[0.38567999999999997, 0.36773999999999996, 0.81282, 0.48296000000000006]","[0.38011999999999996, 0.49938000000000005, 0.57178, 0.58632]",20pct_expanded_or_full_fallback,0.7748,0.2377
0656_01_WRI-R,PAT_GRAZ_656,GRAZPEDWRI-DX,train,1,D:\projects\MediMind\ai-prediction-service\artifacts\fracture_v2\experiment5_localization\dataset\images\train\0656_0679222160_01_WRI-R1_M009.png,D:\projects\MediMind\ai-prediction-service\artifacts\fracture_v2\experiment5_localization\dataset\images\train\0656_0679222193_01_WRI-R2_M009.png,"[0.3583615, 0.4090215, 0.5597265, 0.48623849999999996]","[0.46050900000000006, 0.540644, 0.576975, 0.596626]","[0.3606, 0.421, 0.5596, 0.4827]","[0.458, 0.5322, 0.5765, 0.5896]",0.8517,0.7708,"[0.3208, 0.40865999999999997, 0.5993999999999999, 0.49504000000000004]","[0.4343, 0.52072, 0.6002000000000001, 0.6010800000000001]",20pct_expanded_or_full_fallback,0.7897,0.7429
0657_01_WRI-R,PAT_GRAZ_657,GRAZPEDWRI-DX,train,1,D:\projects\MediMind\ai-prediction-service\artifacts\fracture_v2\experiment5_localization\dataset\images\train\0657_0598967743_01_WRI-R1_M004.png,D:\projects\MediMind\ai-prediction-service\artifacts\fracture_v2\experiment5_localization\dataset\images\train\0657_0598967856_01_WRI-R2_M004.png,"[0.286667, 0.447706, 0.44266700000000003, 0.509174]","[0.5809665, 0.3553295, 0.7230115, 0.4071065]","[0.2853, 0.4407, 0.4485, 0.5122]","[0.5826, 0.3462, 0.7174, 0.4121]",0.7449,0.7631,"[0.25266, 0.4264, 0.48114, 0.5265]","[0.55564, 0.33302, 0.74436, 0.42528000000000005]",20pct_expanded_or_full_fallback,0.8218,0.7539
0657_04_WRI-R,PAT_GRAZ_657,GRAZPEDWRI-DX,train,1,D:\projects\MediMind\ai-prediction-service\artifacts\fracture_v2\experiment5_localization\dataset\images\train\0657_0600258259_04_WRI-R1_M004.png,D:\projects\MediMind\ai-prediction-service\artifacts\fracture_v2\experiment5_localization\dataset\images\train\0657_0600258313_04_WRI-R2_M004.png,"[0.3673145, 0.4048585, 0.5711975, 0.4696355]","[0.483307, 0.3114285, 0.631161, 0.3695235]","[0.6297, 0.4167, 0.7602, 0.4804]","[0.4825, 0.3043, 0.6334, 0.3671]",0.7272,0.707,"[0.6036, 0.40396000000000004, 0.7863, 0.49313999999999997]","[0.45232, 0.29174, 0.66358, 0.37966]",20pct_expanded_or_full_fallback,0.8741,0.8369
0657_05_WRI-R,PAT_GRAZ_657,GRAZPEDWRI-DX,train,1,D:\projects\MediMind\ai-prediction-service\artifacts\fracture_v2\experiment5_localization\dataset\images\train\0657_0603279340_05_WRI-R1_M004.png,D:\projects\MediMind\ai-prediction-service\artifacts\fracture_v2\experiment5_localization\dataset\images\train\0657_0603279359_05_WRI-R2_M004.png,"[0.4565215, 0.40215500000000004, 0.6257765, 0.476661]","[0.4713375, 0.410284, 0.6178345000000001, 0.47811800000000004]","[0.6477, 0.3945, 0.7785, 0.4569]","[0.5264, 0.3992, 0.66, 0.4716]",0.7713,0.6677,"[0.6215400000000001, 0.38202, 0.8046599999999999, 0.46937999999999996]","[0.49967999999999996, 0.38472, 0.68672, 0.48608]",20pct_expanded_or_full_fallback,0.7658,0.7459
0659_01_WRI-L,PAT_GRAZ_659,GRAZPEDWRI-DX,train,1,D:\projects\MediMind\ai-prediction-service\artifacts\fracture_v2\experiment5_localization\dataset\images\train\0659_0493301255_01_WRI-L1_M009.png,D:\projects\MediMind\ai-prediction-service\artifacts\fracture_v2\experiment5_localization\dataset\images\train\0659_0493301296_01_WRI-L2_M009.png,"[0.4920945, 0.5505154999999999, 0.7351774999999999, 0.6030925]","[0.3136245, 0.5891725, 0.5758355000000001, 0.6507435]","[0.4868, 0.5397, 0.7351, 0.6029]","[0.317, 0.5774, 0.5802, 0.641]",0.6143,0.6565,"[0.43714000000000003, 0.52706, 0.78476, 0.61554]","[0.26436, 0.5646800000000001, 0.6328400000000001, 0.65372]",20pct_expanded_or_full_fallback,0.8086,0.689
0660_01_WRI-L,PAT_GRAZ_660,GRAZPEDWRI-DX,train,0,D:\projects\MediMind\ai-prediction-service\artifacts\fracture_v2\experiment5_localization\dataset\images\train\0660_0987181747_01_WRI-L1_M015.png,D:\projects\MediMind\ai-prediction-service\artifacts\fracture_v2\experiment5_localization\dataset\images\train\0660_0987181784_01_WRI-L2_M015.png,NONE,NONE,NONE,"[0.301, 0.3858, 0.5948, 0.4463]",0.0,0.2393,FULL_IMAGE,"[0.24223999999999998, 0.3737, 0.65356, 0.4584]",20pct_expanded_or_full_fallback,0.0,0.0
0661_01_WRI-R,PAT_GRAZ_661,GRAZPEDWRI-DX,train,0,D:\projects\MediMind\ai-prediction-service\artifacts\fracture_v2\experiment5_localization\dataset\images\train\0661_0227737042_01_WRI-R1_F011.png,D:\projects\MediMind\ai-prediction-service\artifacts\fracture_v2\experiment5_localization\dataset\images\train\0661_0227737075_01_WRI-R2_F011.png,NONE,NONE,NONE,NONE,0.0,0.0,FULL_IMAGE,FULL_IMAGE,20pct_expanded_or_full_fallback,0.0,0.0
0662_01_WRI-R,PAT_GRAZ_662,GRAZPEDWRI-DX,train,0,D:\projects\MediMind\ai-prediction-service\artifacts\fracture_v2\experiment5_localization\dataset\images\train\0662_0518404360_01_WRI-R1_F012.png,D:\projects\MediMind\ai-prediction-service\artifacts\fracture_v2\experiment5_localization\dataset\images\train\0662_0518404394_01_WRI-R2_F012.png,NONE,NONE,"[0.2928, 0.6777, 0.3603, 0.7549]","[0.2982, 0.1294, 0.4634, 0.2159]",0.2216,0.4036,"[0.2793, 0.66226, 0.3738, 0.77034]","[0.26516, 0.11209999999999998, 0.49644, 0.23320000000000002]",20pct_expanded_or_full_fallback,0.0,0.0
0662_02_WRI-R,PAT_GRAZ_662,GRAZPEDWRI-DX,train,0,D:\projects\MediMind\ai-prediction-service\artifacts\fracture_v2\experiment5_localization\dataset\images\train\0662_0585778596_02_WRI-R1_F014.png,D:\projects\MediMind\ai-prediction-service\artifacts\fracture_v2\experiment5_localization\dataset\images\train\0662_0585778629_02_WRI-R2_F014.png,NONE,NONE,"[0.6974, 0.62, 0.8558, 0.7155]",NONE,0.1718,0.0,"[0.66572, 0.6009, 0.88748, 0.7346]",FULL_IMAGE,20pct_expanded_or_full_fallback,0.0,0.0
0663_01_WRI-R,PAT_GRAZ_663,GRAZPEDWRI-DX,train,0,D:\projects\MediMind\ai-prediction-service\artifacts\fracture_v2\experiment5_localization\dataset\images\train\0663_0857365894_01_WRI-R1_M014.png,D:\projects\MediMind\ai-prediction-service\artifacts\fracture_v2\experiment5_localization\dataset\images\train\0663_0857365929_01_WRI-R2_M014.png,NONE,NONE,NONE,NONE,0.0,0.0,FULL_IMAGE,FULL_IMAGE,20pct_expanded_or_full_fallback,0.0,0.0
0664_01_WRI-R,PAT_GRAZ_664,GRAZPEDWRI-DX,train,0,D:\projects\MediMind\ai-prediction-service\artifacts\fracture_v2\experiment5_localization\dataset\images\train\0664_0933546463_01_WRI-R1_F011.png,D:\projects\MediMind\ai-prediction-service\artifacts\fracture_v2\experiment5_localization\dataset\images\train\0664_0933546514_01_WRI-R2_F011.png,NONE,NONE,NONE,NONE,0.0,0.0,FULL_IMAGE,FULL_IMAGE,20pct_expanded_or_full_fallback,0.0,0.0
0666_01_WRI-R,PAT_GRAZ_666,GRAZPEDWRI-DX,train,0,D:\projects\MediMind\ai-prediction-service\artifacts\fracture_v2\experiment5_localization\dataset\images\train\0666_0542757670_01_WRI-R1_M009.png,D:\projects\MediMind\ai-prediction-service\artifacts\fracture_v2\experiment5_localization\dataset\images\train\0666_0542757703_01_WRI-R2_M009.png,NONE,NONE,NONE,NONE,0.0,0.0,FULL_IMAGE,FULL_IMAGE,20pct_expanded_or_full_fallback,0.0,0.0
0667_01_WRI-L,PAT_GRAZ_667,GRAZPEDWRI-DX,train,0,D:\projects\MediMind\ai-prediction-service\artifacts\fracture_v2\experiment5_localization\dataset\images\train\0667_0332974387_01_WRI-L1_M005.png,D:\projects\MediMind\ai-prediction-service\artifacts\fracture_v2\experiment5_localization\dataset\images\train\0667_0332974448_01_WRI-L2_M005.png,NONE,NONE,NONE,NONE,0.0,0.0,FULL_IMAGE,FULL_IMAGE,20pct_expanded_or_full_fallback,0.0,0.0
0668_01_WRI-L,PAT_GRAZ_668,GRAZPEDWRI-DX,train,1,D:\projects\MediMind\ai-prediction-service\artifacts\fracture_v2\experiment5_localization\dataset\images\train\0668_0652192106_01_WRI-L1_F008.png,D:\projects\MediMind\ai-prediction-service\artifacts\fracture_v2\experiment5_localization\dataset\images\train\0668_0652192169_01_WRI-L2_F008.png,"[0.5056544999999999, 0.2837575, 0.7318255, 0.33953049999999996]","[0.40564350000000005, 0.4079455, 0.6049385, 0.4689925]","[0.5236, 0.2931, 0.7249, 0.3537]","[0.3993, 0.3964, 0.594, 0.4692]",0.282,0.5481,"[0.48333999999999994, 0.28098, 0.76516, 0.36582000000000003]","[0.36036, 0.38183999999999996, 0.63294, 0.48376]",20pct_expanded_or_full_fallback,0.6043,0.7747
0669_01_WRI-R,PAT_GRAZ_669,GRAZPEDWRI-DX,train,1,D:\projects\MediMind\ai-prediction-service\artifacts\fracture_v2\experiment5_localization\dataset\images\train\0669_0733226345_01_WRI-R1_F012.png,D:\projects\MediMind\ai-prediction-service\artifacts\fracture_v2\experiment5_localization\dataset\images\train\0669_0733226380_01_WRI-R2_F012.png,"[0.3067845, 0.434084, 0.6047195, 0.503216]","[0.39565249999999996, 0.49045550000000004, 0.7130434999999999, 0.5543325]",NONE,"[0.3909, 0.4846, 0.7135, 0.5419]",0.0,0.545,FULL_IMAGE,"[0.32638, 0.47313999999999995, 0.77802, 0.5533600000000001]",20pct_expanded_or_full_fallback,0.0,0.7279
0669_04_WRI-L,PAT_GRAZ_669,GRAZPEDWRI-DX,train,0,D:\projects\MediMind\ai-prediction-service\artifacts\fracture_v2\experiment5_localization\dataset\images\train\0669_0843921792_04_WRI-L1_F015.png,D:\projects\MediMind\ai-prediction-service\artifacts\fracture_v2\experiment5_localization\dataset\images\train\0669_0843921843_04_WRI-L2_F015.png,NONE,NONE,NONE,"[0.2867, 0.5873, 0.4665, 0.6932]",0.0,0.3006,FULL_IMAGE,"[0.25074, 0.5661200000000001, 0.50246, 0.71438]",20pct_expanded_or_full_fallback,0.0,0.0
0671_01_WRI-R,PAT_GRAZ_671,GRAZPEDWRI-DX,train,1,D:\projects\MediMind\ai-prediction-service\artifacts\fracture_v2\experiment5_localization\dataset\images\train\0671_1190160901_01_WRI-R1_M010.png,D:\projects\MediMind\ai-prediction-service\artifacts\fracture_v2\experiment5_localization\dataset\images\train\0671_1190160952_01_WRI-R2_M010.png,"[0.29878099999999996, 0.5975055, 0.542683, 0.6666665]","[0.411799, 0.509478, 0.686923, 0.5918100000000001]","[0.306, 0.5989, 0.5425, 0.6671]","[0.4098, 0.5226, 0.6809, 0.5896]",0.7529,0.7261,"[0.2587, 0.58526, 0.5898, 0.68074]","[0.35558, 0.5092, 0.73512, 0.603]",20pct_expanded_or_full_fallback,0.9444,0.7913
0672_01_WRI-R,PAT_GRAZ_672,GRAZPEDWRI-DX,train,0,D:\projects\MediMind\ai-prediction-service\artifacts\fracture_v2\experiment5_localization\dataset\images\train\0672_1046828210_01_WRI-R1_M015.png,D:\projects\MediMind\ai-prediction-service\artifacts\fracture_v2\experiment5_localization\dataset\images\train\0672_1046828235_01_WRI-R2_M015.png,NONE,NONE,NONE,NONE,0.0,0.0,FULL_IMAGE,FULL_IMAGE,20pct_expanded_or_full_fallback,0.0,0.0
0673_01_WRI-L,PAT_GRAZ_673,GRAZPEDWRI-DX,train,1,D:\projects\MediMind\ai-prediction-service\artifacts\fracture_v2\experiment5_localization\dataset\images\train\0673_0390923893_01_WRI-L1_F000.png,D:\projects\MediMind\ai-prediction-service\artifacts\fracture_v2\experiment5_localization\dataset\images\train\0673_0390923946_01_WRI-L2_F000.png,"[0.4731179999999999, 0.5304345, 0.666666, 0.5978255]",NONE,"[0.3497, 0.5754, 0.464, 0.6396]","[0.3492, 0.4463, 0.5265, 0.5309]",0.4463,0.3917,"[0.32684, 0.5625600000000001, 0.48686, 0.6524399999999999]","[0.31374, 0.42938, 0.56196, 0.5478200000000001]",20pct_expanded_or_full_fallback,0.5901,0.0
0674_01_WRI-R,PAT_GRAZ_674,GRAZPEDWRI-DX,train,0,D:\projects\MediMind\ai-prediction-service\artifacts\fracture_v2\experiment5_localization\dataset\images\train\0674_0952145876_01_WRI-R1_F012.png,D:\projects\MediMind\ai-prediction-service\artifacts\fracture_v2\experiment5_localization\dataset\images\train\0674_0952145908_01_WRI-R2_F012.png,NONE,NONE,NONE,NONE,0.0,0.0,FULL_IMAGE,FULL_IMAGE,20pct_expanded_or_full_fallback,0.0,0.0
0675_01_WRI-R,PAT_GRAZ_675,GRAZPEDWRI-DX,train,0,D:\projects\MediMind\ai-prediction-service\artifacts\fracture_v2\experiment5_localization\dataset\images\train\0675_0371682635_01_WRI-R1_M017.png,D:\projects\MediMind\ai-prediction-service\artifacts\fracture_v2\experiment5_localization\dataset\images\train\0675_0371682669_01_WRI-R2_M017.png,NONE,NONE,NONE,NONE,0.0,0.0,FULL_IMAGE,FULL_IMAGE,20pct_expanded_or_full_fallback,0.0,0.0
0676_01_WRI-L,PAT_GRAZ_676,GRAZPEDWRI-DX,train,0,D:\projects\MediMind\ai-prediction-service\artifacts\fracture_v2\experiment5_localization\dataset\images\train\0676_0977287506_01_WRI-L1_M015.png,D:\projects\MediMind\ai-prediction-service\artifacts\fracture_v2\experiment5_localization\dataset\images\train\0676_0977287563_01_WRI-L2_M015.png,NONE,NONE,NONE,NONE,0.0,0.0,FULL_IMAGE,FULL_IMAGE,20pct_expanded_or_full_fallback,0.0,0.0
0677_01_WRI-L,PAT_GRAZ_677,GRAZPEDWRI-DX,train,1,D:\projects\MediMind\ai-prediction-service\artifacts\fracture_v2\experiment5_localization\dataset\images\train\0677_0480059595_01_WRI-L1_M010.png,D:\projects\MediMind\ai-prediction-service\artifacts\fracture_v2\experiment5_localization\dataset\images\train\0677_0480059663_01_WRI-L2_M010.png,"[0.43387800000000004, 0.2943325, 0.7102520000000001, 0.37477150000000004]","[0.3536579999999999, 0.196062, 0.735772, 0.26883599999999996]",NONE,"[0.3406, 0.197, 0.7353, 0.2805]",0.0,0.287,FULL_IMAGE,"[0.26166, 0.18030000000000002, 0.81424, 0.2972]",20pct_expanded_or_full_fallback,0.0,0.8221
0677_02_WRI-L,PAT_GRAZ_677,GRAZPEDWRI-DX,train,1,D:\projects\MediMind\ai-prediction-service\artifacts\fracture_v2\experiment5_localization\dataset\images\train\0677_0480064233_02_WRI-L1_M010.png,D:\projects\MediMind\ai-prediction-service\artifacts\fracture_v2\experiment5_localization\dataset\images\train\0677_0480064202_02_WRI-L2_M010.png,"[0.390821, 0.2577405, 0.655077, 0.3289475]","[0.3273805, 0.330846, 0.5565475, 0.41874]","[0.1951, 0.2389, 0.2988, 0.296]","[0.332, 0.3615, 0.5379, 0.4319]",0.2905,0.4058,"[0.17436, 0.22748000000000002, 0.31954, 0.30741999999999997]","[0.29082, 0.34742, 0.57908, 0.44598]",20pct_expanded_or_full_fallback,0.0,0.5157
0677_03_WRI-L,PAT_GRAZ_677,GRAZPEDWRI-DX,train,0,D:\projects\MediMind\ai-prediction-service\artifacts\fracture_v2\experiment5_localization\dataset\images\train\0677_0480644525_03_WRI-L1_M010.png,D:\projects\MediMind\ai-prediction-service\artifacts\fracture_v2\experiment5_localization\dataset\images\train\0677_0480644590_03_WRI-L2_M010.png,NONE,NONE,"[0.5483, 0.6739, 0.7008, 0.7615]","[0.3724, 0.4979, 0.5074, 0.5694]",0.2346,0.5627,"[0.5178, 0.6563800000000001, 0.7313, 0.7790199999999999]","[0.34540000000000004, 0.48360000000000003, 0.5344, 0.5837]",20pct_expanded_or_full_fallback,0.0,0.0
0677_04_WRI-L,PAT_GRAZ_677,GRAZPEDWRI-DX,train,1,D:\projects\MediMind\ai-prediction-service\artifacts\fracture_v2\experiment5_localization\dataset\images\train\0677_0481246699_04_WRI-L1_M010.png,D:\projects\MediMind\ai-prediction-service\artifacts\fracture_v2\experiment5_localization\dataset\images\train\0677_0481246747_04_WRI-L2_M010.png,"[0.4870125, 0.39624550000000003, 0.7711034999999999, 0.4911365]","[0.307531, 0.3181385, 0.633891, 0.39506149999999995]","[0.331, 0.611, 0.4496, 0.6763]","[0.3217, 0.3581, 0.6015, 0.4283]",0.1853,0.2509,"[0.30728, 0.59794, 0.47332, 0.68936]","[0.26574, 0.34406, 0.65746, 0.44234]",20pct_expanded_or_full_fallback,0.0,0.3006
0677_05_WRI-L,PAT_GRAZ_677,GRAZPEDWRI-DX,train,1,D:\projects\MediMind\ai-prediction-service\artifacts\fracture_v2\experiment5_localization\dataset\images\train\0677_0482451780_05_WRI-L1_M010.png,D:\projects\MediMind\ai-prediction-service\artifacts\fracture_v2\experiment5_localization\dataset\images\train\0677_0482451851_05_WRI-L2_M010.png,"[0.394895, 0.4658975000000001, 0.665165, 0.5592865]","[0.2707185, 0.615291, 0.7237575, 0.716019]",NONE,NONE,0.0,0.0,FULL_IMAGE,FULL_IMAGE,20pct_expanded_or_full_fallback,0.0,0.0
0678_01_WRI-L,PAT_GRAZ_678,GRAZPEDWRI-DX,train,0,D:\projects\MediMind\ai-prediction-service\artifacts\fracture_v2\experiment5_localization\dataset\images\train\0678_1023464220_01_WRI-L1_F005.png,D:\projects\MediMind\ai-prediction-service\artifacts\fracture_v2\experiment5_localization\dataset\images\train\0678_1023464265_01_WRI-L2_F005.png,NONE,NONE,NONE,NONE,0.0,0.0,FULL_IMAGE,FULL_IMAGE,20pct_expanded_or_full_fallback,0.0,0.0
0680_01_WRI-L,PAT_GRAZ_680,GRAZPEDWRI-DX,train,0,D:\projects\MediMind\ai-prediction-service\artifacts\fracture_v2\experiment5_localization\dataset\images\train\0680_0437318596_01_WRI-L1_F014.png,D:\projects\MediMind\ai-prediction-service\artifacts\fracture_v2\experiment5_localization\dataset\images\train\0680_0437318614_01_WRI-L2_F014.png,NONE,NONE,NONE,NONE,0.0,0.0,FULL_IMAGE,FULL_IMAGE,20pct_expanded_or_full_fallback,0.0,0.0
0681_01_WRI-R,PAT_GRAZ_681,GRAZPEDWRI-DX,train,1,D:\projects\MediMind\ai-prediction-service\artifacts\fracture_v2\experiment5_localization\dataset\images\train\0681_0623704258_01_WRI-R1_F016.png,D:\projects\MediMind\ai-prediction-service\artifacts\fracture_v2\experiment5_localization\dataset\images\train\0681_0623704312_01_WRI-R2_F016.png,NONE,"[0.4233865, 0.5781585, 0.7439515, 0.6509635]",NONE,NONE,0.0,0.0,FULL_IMAGE,FULL_IMAGE,20pct_expanded_or_full_fallback,0.0,0.0
0682_01_WRI-R,PAT_GRAZ_682,GRAZPEDWRI-DX,train,0,D:\projects\MediMind\ai-prediction-service\artifacts\fracture_v2\experiment5_localization\dataset\images\train\0682_0610073442_01_WRI-R1_F015.png,D:\projects\MediMind\ai-prediction-service\artifacts\fracture_v2\experiment5_localization\dataset\images\train\0682_0610073494_01_WRI-R2_F015.png,NONE,NONE,NONE,NONE,0.0,0.0,FULL_IMAGE,FULL_IMAGE,20pct_expanded_or_full_fallback,0.0,0.0
0684_01_WRI-L,PAT_GRAZ_684,GRAZPEDWRI-DX,train,1,D:\projects\MediMind\ai-prediction-service\artifacts\fracture_v2\experiment5_localization\dataset\images\train\0684_0588739662_01_WRI-L1_M014.png,D:\projects\MediMind\ai-prediction-service\artifacts\fracture_v2\experiment5_localization\dataset\images\train\0684_0588739709_01_WRI-L2_M014.png,NONE,"[0.185484, 0.5306325, 0.553764, 0.6077075]",NONE,"[0.1773, 0.5136, 0.5714, 0.5925]",0.0,0.3356,FULL_IMAGE,"[0.09848000000000001, 0.49781999999999993, 0.65022, 0.60828]",20pct_expanded_or_full_fallback,0.0,0.6209
0685_01_WRI-L,PAT_GRAZ_685,GRAZPEDWRI-DX,train,1,D:\projects\MediMind\ai-prediction-service\artifacts\fracture_v2\experiment5_localization\dataset\images\train\0685_0422722084_01_WRI-L1_M006.png,D:\projects\MediMind\ai-prediction-service\artifacts\fracture_v2\experiment5_localization\dataset\images\train\0685_0422722138_01_WRI-L2_M006.png,"[0.42971899999999996, 0.47875999999999996, 0.696787, 0.540758]","[0.3806815, 0.427793, 0.6041664999999999, 0.517711]","[0.4235, 0.4529, 0.7093, 0.5399]","[0.3756, 0.4113, 0.6031, 0.5074]",0.5276,0.4702,"[0.36634, 0.4355, 0.76646, 0.5573]","[0.3301, 0.39208, 0.6486, 0.52662]",20pct_expanded_or_full_fallback,0.6507,0.7301
0687_01_WRI-L,PAT_GRAZ_687,GRAZPEDWRI-DX,train,1,D:\projects\MediMind\ai-prediction-service\artifacts\fracture_v2\experiment5_localization\dataset\images\train\0687_0609751064_01_WRI-L1_F010.png,D:\projects\MediMind\ai-prediction-service\artifacts\fracture_v2\experiment5_localization\dataset\images\train\0687_0609751106_01_WRI-L2_F010.png,"[0.380715, 0.35950350000000003, 0.637933, 0.4245425]","[0.250485, 0.321486, 0.634951, 0.441034]","[0.3802, 0.3666, 0.6387, 0.4321]","[0.2785, 0.3595, 0.61, 0.4445]",0.7304,0.4097,"[0.32849999999999996, 0.3535, 0.6904, 0.4452]","[0.21220000000000003, 0.34249999999999997, 0.6763, 0.4615]",20pct_expanded_or_full_fallback,0.7946,0.5737
0687_02_WRI-L,PAT_GRAZ_687,GRAZPEDWRI-DX,train,1,D:\projects\MediMind\ai-prediction-service\artifacts\fracture_v2\experiment5_localization\dataset\images\train\0687_0609755098_02_WRI-L1_F010.png,D:\projects\MediMind\ai-prediction-service\artifacts\fracture_v2\experiment5_localization\dataset\images\train\0687_0609755197_02_WRI-L2_F010.png,"[0.44915249999999995, 0.361331, 0.6878535, 0.438193]","[0.3271425, 0.3482765, 0.5442855, 0.4213795]","[0.4493, 0.3603, 0.6935, 0.439]","[0.3249, 0.3572, 0.5473, 0.4258]",0.4215,0.6413,"[0.40046, 0.34456000000000003, 0.74234, 0.45474]","[0.28042, 0.34348, 0.59178, 0.43952]",20pct_expanded_or_full_fallback,0.9535,0.8105
0687_03_WRI-L,PAT_GRAZ_687,GRAZPEDWRI-DX,train,1,D:\projects\MediMind\ai-prediction-service\artifacts\fracture_v2\experiment5_localization\dataset\images\train\0687_0610321247_03_WRI-L1_F010.png,D:\projects\MediMind\ai-prediction-service\artifacts\fracture_v2\experiment5_localization\dataset\images\train\0687_0610321310_03_WRI-L2_F010.png,"[0.4117645, 0.2455545, 0.6602935, 0.3243015]","[0.31499950000000004, 0.3486395, 0.5566665000000001, 0.4472785]","[0.4115, 0.2472, 0.6645, 0.3231]","[0.3167, 0.3801, 0.5446, 0.4495]",0.4408,0.4017,"[0.3609, 0.23202, 0.7151, 0.33828]","[0.27111999999999997, 0.36622, 0.5901799999999999, 0.46338]",20pct_expanded_or_full_fallback,0.9474,0.6289
0687_04_WRI-L,PAT_GRAZ_687,GRAZPEDWRI-DX,train,1,D:\projects\MediMind\ai-prediction-service\artifacts\fracture_v2\experiment5_localization\dataset\images\train\0687_0610917264_04_WRI-L1_F010.png,D:\projects\MediMind\ai-prediction-service\artifacts\fracture_v2\experiment5_localization\dataset\images\train\0687_0610917324_04_WRI-L2_F010.png,"[0.38569450000000005, 0.35426050000000003, 0.6171115, 0.4133035]","[0.3533725, 0.33640950000000003, 0.5835775, 0.42785249999999997]","[0.394, 0.3542, 0.6249, 0.4223]","[0.3574, 0.3197, 0.5814, 0.413]",0.5376,0.3121,"[0.34782, 0.34058, 0.67108, 0.43592000000000003]","[0.3126, 0.30104, 0.6262000000000001, 0.43166]",20pct_expanded_or_full_fallback,0.8124,0.692
0688_03_WRI-R,PAT_GRAZ_688,GRAZPEDWRI-DX,train,1,D:\projects\MediMind\ai-prediction-service\artifacts\fracture_v2\experiment5_localization\dataset\images\train\0688_1229162197_03_WRI-R1_M013.png,D:\projects\MediMind\ai-prediction-service\artifacts\fracture_v2\experiment5_localization\dataset\images\train\0688_1229162300_03_WRI-R2_M013.png,"[0.375157, 0.5529295000000001, 0.613551, 0.6720225]","[0.5329345000000001, 0.426768, 0.8343315, 0.64394]","[0.3782, 0.5866, 0.6124, 0.68]","[0.535, 0.5802, 0.6849, 0.6603]",0.2462,0.4812,"[0.33136, 0.56792, 0.65924, 0.6986800000000001]","[0.50502, 0.56418, 0.71488, 0.67632]",20pct_expanded_or_full_fallback,0.6611,0.1407
0689_01_WRI-L,PAT_GRAZ_689,GRAZPEDWRI-DX,train,0,D:\projects\MediMind\ai-prediction-service\artifacts\fracture_v2\experiment5_localization\dataset\images\train\0689_0441796128_01_WRI-L1_F003.png,D:\projects\MediMind\ai-prediction-service\artifacts\fracture_v2\experiment5_localization\dataset\images\train\0689_0441796170_01_WRI-L2_F003.png,NONE,NONE,NONE,NONE,0.0,0.0,FULL_IMAGE,FULL_IMAGE,20pct_expanded_or_full_fallback,0.0,0.0
0690_01_WRI-L,PAT_GRAZ_690,GRAZPEDWRI-DX,train,1,D:\projects\MediMind\ai-prediction-service\artifacts\fracture_v2\experiment5_localization\dataset\images\train\0690_0472239824_01_WRI-L1_F006.png,D:\projects\MediMind\ai-prediction-service\artifacts\fracture_v2\experiment5_localization\dataset\images\train\0690_0472239865_01_WRI-L2_F006.png,"[0.42499950000000003, 0.5877865, 0.6954545000000001, 0.6526715000000001]","[0.2350995, 0.479675, 0.5430465, 0.554201]","[0.4285, 0.5815, 0.6965, 0.6539]","[0.2401, 0.4769, 0.5366, 0.5452]",0.5862,0.6969,"[0.3749, 0.56702, 0.7501, 0.6683800000000001]","[0.18080000000000002, 0.46324, 0.5959, 0.55886]",20pct_expanded_or_full_fallback,0.8824,0.8172
0691_01_WRI-L,PAT_GRAZ_691,GRAZPEDWRI-DX,train,1,D:\projects\MediMind\ai-prediction-service\artifacts\fracture_v2\experiment5_localization\dataset\images\train\0691_0530232674_01_WRI-L1_M011.png,D:\projects\MediMind\ai-prediction-service\artifacts\fracture_v2\experiment5_localization\dataset\images\train\0691_0530232703_01_WRI-L2_M011.png,"[0.402062, 0.5618690000000001, 0.682474, 0.614899]","[0.40042849999999997, 0.534783, 0.6316915, 0.603261]","[0.4037, 0.5556, 0.6879, 0.6281]","[0.3888, 0.4933, 0.6539, 0.5869]",0.3268,0.4207,"[0.34686, 0.5411, 0.74474, 0.6426]","[0.33577999999999997, 0.47458, 0.70692, 0.6056199999999999]",20pct_expanded_or_full_fallback,0.7145,0.4215
0692_01_WRI-L,PAT_GRAZ_692,GRAZPEDWRI-DX,train,0,D:\projects\MediMind\ai-prediction-service\artifacts\fracture_v2\experiment5_localization\dataset\images\train\0692_0364273771_01_WRI-L1_M010.png,D:\projects\MediMind\ai-prediction-service\artifacts\fracture_v2\experiment5_localization\dataset\images\train\0692_0364273798_01_WRI-L2_M010.png,NONE,NONE,NONE,NONE,0.0,0.0,FULL_IMAGE,FULL_IMAGE,20pct_expanded_or_full_fallback,0.0,0.0
0696_01_WRI-L,PAT_GRAZ_696,GRAZPEDWRI-DX,train,0,D:\projects\MediMind\ai-prediction-service\artifacts\fracture_v2\experiment5_localization\dataset\images\train\0696_0806136715_01_WRI-L1_M017.png,D:\projects\MediMind\ai-prediction-service\artifacts\fracture_v2\experiment5_localization\dataset\images\train\0696_0806136761_01_WRI-L2_M017.png,NONE,NONE,NONE,NONE,0.0,0.0,FULL_IMAGE,FULL_IMAGE,20pct_expanded_or_full_fallback,0.0,0.0
0697_01_WRI-L,PAT_GRAZ_697,GRAZPEDWRI-DX,train,1,D:\projects\MediMind\ai-prediction-service\artifacts\fracture_v2\experiment5_localization\dataset\images\train\0697_0524893673_01_WRI-L1_M014.png,D:\projects\MediMind\ai-prediction-service\artifacts\fracture_v2\experiment5_localization\dataset\images\train\0697_0524893705_01_WRI-L2_M014.png,NONE,"[0.19486050000000002, 0.3917135, 0.5995715, 0.4726925]",NONE,"[0.1845, 0.3827, 0.5989, 0.4642]",0.0,0.3551,FULL_IMAGE,"[0.10161999999999999, 0.3664, 0.68178, 0.4805]",20pct_expanded_or_full_fallback,0.0,0.786
0698_01_WRI-L,PAT_GRAZ_698,GRAZPEDWRI-DX,train,1,D:\projects\MediMind\ai-prediction-service\artifacts\fracture_v2\experiment5_localization\dataset\images\train\0698_0730641902_01_WRI-L1_M014.png,D:\projects\MediMind\ai-prediction-service\artifacts\fracture_v2\experiment5_localization\dataset\images\train\0698_0730641935_01_WRI-L2_M014.png,"[0.472089, 0.6094375, 0.674641, 0.6757025]",NONE,"[0.4748, 0.6014, 0.6741, 0.67]",NONE,0.1715,0.0,"[0.43494, 0.5876800000000001, 0.71396, 0.68372]",FULL_IMAGE,20pct_expanded_or_full_fallback,0.8034,0.0
0702_01_WRI-R,PAT_GRAZ_702,GRAZPEDWRI-DX,train,0,D:\projects\MediMind\ai-prediction-service\artifacts\fracture_v2\experiment5_localization\dataset\images\train\0702_0960448775_01_WRI-R1_F012.png,D:\projects\MediMind\ai-prediction-service\artifacts\fracture_v2\experiment5_localization\dataset\images\train\0702_0960448804_01_WRI-R2_F012.png,NONE,NONE,NONE,NONE,0.0,0.0,FULL_IMAGE,FULL_IMAGE,20pct_expanded_or_full_fallback,0.0,0.0
0703_01_WRI-L,PAT_GRAZ_703,GRAZPEDWRI-DX,train,0,D:\projects\MediMind\ai-prediction-service\artifacts\fracture_v2\experiment5_localization\dataset\images\train\0703_1098055072_01_WRI-L1_F010.png,D:\projects\MediMind\ai-prediction-service\artifacts\fracture_v2\experiment5_localization\dataset\images\train\0703_1098055113_01_WRI-L2_F010.png,NONE,NONE,NONE,"[0.3299, 0.5042, 0.5666, 0.5695]",0.0,0.2272,FULL_IMAGE,"[0.28256000000000003, 0.49113999999999997, 0.6139399999999999, 0.58256]",20pct_expanded_or_full_fallback,0.0,0.0
0705_01_WRI-R,PAT_GRAZ_705,GRAZPEDWRI-DX,train,0,D:\projects\MediMind\ai-prediction-service\artifacts\fracture_v2\experiment5_localization\dataset\images\train\0705_0520378370_01_WRI-R1_F014.png,D:\projects\MediMind\ai-prediction-service\artifacts\fracture_v2\experiment5_localization\dataset\images\train\0705_0520378409_01_WRI-R2_F014.png,NONE,NONE,NONE,NONE,0.0,0.0,FULL_IMAGE,FULL_IMAGE,20pct_expanded_or_full_fallback,0.0,0.0
0711_01_WRI-R,PAT_GRAZ_711,GRAZPEDWRI-DX,train,0,D:\projects\MediMind\ai-prediction-service\artifacts\fracture_v2\experiment5_localization\dataset\images\train\0711_0441214298_01_WRI-R1_F014.png,D:\projects\MediMind\ai-prediction-service\artifacts\fracture_v2\experiment5_localization\dataset\images\train\0711_0441214328_01_WRI-R2_F014.png,NONE,NONE,NONE,NONE,0.0,0.0,FULL_IMAGE,FULL_IMAGE,20pct_expanded_or_full_fallback,0.0,0.0
0713_01_WRI-L,PAT_GRAZ_713,GRAZPEDWRI-DX,train,1,D:\projects\MediMind\ai-prediction-service\artifacts\fracture_v2\experiment5_localization\dataset\images\train\0713_0289914891_01_WRI-L1_M010.png,D:\projects\MediMind\ai-prediction-service\artifacts\fracture_v2\experiment5_localization\dataset\images\train\0713_0289914944_01_WRI-L2_M010.png,"[0.463557, 0.49921750000000004, 0.674927, 0.5602505]","[0.34385350000000003, 0.35051499999999997, 0.5249165, 0.412371]","[0.4691, 0.492, 0.6767, 0.5571]","[0.3441, 0.3495, 0.5177, 0.4131]",0.7734,0.8433,"[0.42758, 0.47897999999999996, 0.71822, 0.5701200000000001]","[0.30938, 0.33677999999999997, 0.55242, 0.42582000000000003]",20pct_expanded_or_full_fallback,0.8216,0.9335
0714_01_WRI-R,PAT_GRAZ_714,GRAZPEDWRI-DX,train,0,D:\projects\MediMind\ai-prediction-service\artifacts\fracture_v2\experiment5_localization\dataset\images\train\0714_0432437153_01_WRI-R1_M015.png,D:\projects\MediMind\ai-prediction-service\artifacts\fracture_v2\experiment5_localization\dataset\images\train\0714_0432437265_01_WRI-R2_M015.png,NONE,NONE,"[0.6885, 0.6012, 0.831, 0.7169]","[0.3658, 0.3217, 0.7176, 0.4017]",0.2968,0.3891,"[0.66, 0.5780599999999999, 0.8594999999999999, 0.74004]","[0.29544000000000004, 0.30569999999999997, 0.78796, 0.4177]",20pct_expanded_or_full_fallback,0.0,0.0
0714_04_WRI-R,PAT_GRAZ_714,GRAZPEDWRI-DX,train,1,D:\projects\MediMind\ai-prediction-service\artifacts\fracture_v2\experiment5_localization\dataset\images\train\0714_0433704356_04_WRI-R1_M015.png,D:\projects\MediMind\ai-prediction-service\artifacts\fracture_v2\experiment5_localization\dataset\images\train\0714_0433704389_04_WRI-R2_M015.png,"[0.672365, 0.42100000000000004, 0.797721, 0.483]","[0.40589899999999995, 0.3996065, 0.7008429999999999, 0.4812995]",NONE,NONE,0.0,0.0,FULL_IMAGE,FULL_IMAGE,20pct_expanded_or_full_fallback,0.0,0.0
0717_01_WRI-L,PAT_GRAZ_717,GRAZPEDWRI-DX,train,0,D:\projects\MediMind\ai-prediction-service\artifacts\fracture_v2\experiment5_localization\dataset\images\train\0717_0943009589_01_WRI-L1_F010.png,D:\projects\MediMind\ai-prediction-service\artifacts\fracture_v2\experiment5_localization\dataset\images\train\0717_0943009633_01_WRI-L2_F010.png,NONE,NONE,NONE,NONE,0.0,0.0,FULL_IMAGE,FULL_IMAGE,20pct_expanded_or_full_fallback,0.0,0.0
0718_01_WRI-R,PAT_GRAZ_718,GRAZPEDWRI-DX,train,1,D:\projects\MediMind\ai-prediction-service\artifacts\fracture_v2\experiment5_localization\dataset\images\train\0718_0817139604_01_WRI-R1_M015.png,D:\projects\MediMind\ai-prediction-service\artifacts\fracture_v2\experiment5_localization\dataset\images\train\0718_0817139668_01_WRI-R2_M015.png,"[0.321669, 0.462989, 0.550471, 0.536313]","[0.373333, 0.4703225, 0.573333, 0.5374194999999999]","[0.3325, 0.4574, 0.5554, 0.5402]","[0.3813, 0.4735, 0.5735, 0.5329]",0.7915,0.8115,"[0.28792, 0.44083999999999995, 0.59998, 0.55676]","[0.34285999999999994, 0.46162, 0.61194, 0.54478]",20pct_expanded_or_full_fallback,0.8302,0.8494
0721_01_WRI-R,PAT_GRAZ_721,GRAZPEDWRI-DX,train,0,D:\projects\MediMind\ai-prediction-service\artifacts\fracture_v2\experiment5_localization\dataset\images\train\0721_0255838536_01_WRI-R1_F014.png,D:\projects\MediMind\ai-prediction-service\artifacts\fracture_v2\experiment5_localization\dataset\images\train\0721_0255838591_01_WRI-R2_F014.png,NONE,NONE,NONE,NONE,0.0,0.0,FULL_IMAGE,FULL_IMAGE,20pct_expanded_or_full_fallback,0.0,0.0
0723_01_WRI-R,PAT_GRAZ_723,GRAZPEDWRI-DX,train,0,D:\projects\MediMind\ai-prediction-service\artifacts\fracture_v2\experiment5_localization\dataset\images\train\0723_0430535528_01_WRI-R1_F006.png,D:\projects\MediMind\ai-prediction-service\artifacts\fracture_v2\experiment5_localization\dataset\images\train\0723_0430535554_01_WRI-R2_F006.png,NONE,NONE,NONE,NONE,0.0,0.0,FULL_IMAGE,FULL_IMAGE,20pct_expanded_or_full_fallback,0.0,0.0
0724_01_WRI-L,PAT_GRAZ_724,GRAZPEDWRI-DX,train,0,D:\projects\MediMind\ai-prediction-service\artifacts\fracture_v2\experiment5_localization\dataset\images\train\0724_0629202147_01_WRI-L1_F016.png,D:\projects\MediMind\ai-prediction-service\artifacts\fracture_v2\experiment5_localization\dataset\images\train\0724_0629202204_01_WRI-L2_F016.png,NONE,NONE,NONE,NONE,0.0,0.0,FULL_IMAGE,FULL_IMAGE,20pct_expanded_or_full_fallback,0.0,0.0
0725_01_WRI-R,PAT_GRAZ_725,GRAZPEDWRI-DX,train,1,D:\projects\MediMind\ai-prediction-service\artifacts\fracture_v2\experiment5_localization\dataset\images\train\0725_0955936410_01_WRI-R1_M012.png,D:\projects\MediMind\ai-prediction-service\artifacts\fracture_v2\experiment5_localization\dataset\images\train\0725_0955936450_01_WRI-R2_M012.png,"[0.33453200000000005, 0.5688465, 0.591726, 0.6351115]","[0.4078675, 0.6389865, 0.6231885, 0.6879375]","[0.3461, 0.5755, 0.5937, 0.6479]","[0.4062, 0.6283, 0.6246, 0.699]",0.8107,0.3795,"[0.29658, 0.56102, 0.64322, 0.6623800000000001]","[0.36252, 0.6141599999999999, 0.6682800000000001, 0.71314]",20pct_expanded_or_full_fallback,0.7203,0.6826
0726_01_WRI-R,PAT_GRAZ_726,GRAZPEDWRI-DX,train,1,D:\projects\MediMind\ai-prediction-service\artifacts\fracture_v2\experiment5_localization\dataset\images\train\0726_0522083225_01_WRI-R1_F008.png,D:\projects\MediMind\ai-prediction-service\artifacts\fracture_v2\experiment5_localization\dataset\images\train\0726_0522083261_01_WRI-R2_F008.png,"[0.3054005, 0.517413, 0.5456235, 0.5733830000000001]","[0.47099749999999996, 0.406582, 0.7030164999999999, 0.46072199999999996]","[0.3034, 0.4998, 0.5487, 0.5744]","[0.4703, 0.4137, 0.6977, 0.475]",0.484,0.5546,"[0.25434, 0.48488000000000003, 0.59776, 0.5893200000000001]","[0.42482, 0.40144, 0.74318, 0.48725999999999997]",20pct_expanded_or_full_fallback,0.7347,0.6729
0727_01_WRI-R,PAT_GRAZ_727,GRAZPEDWRI-DX,train,1,D:\projects\MediMind\ai-prediction-service\artifacts\fracture_v2\experiment5_localization\dataset\images\train\0727_0560039026_01_WRI-R1_M014.png,D:\projects\MediMind\ai-prediction-service\artifacts\fracture_v2\experiment5_localization\dataset\images\train\0727_0560039059_01_WRI-R2_M014.png,"[0.30755699999999997, 0.487829, 0.604569, 0.557809]","[0.4685865, 0.559671, 0.7722515000000001, 0.638889]","[0.3057, 0.4786, 0.6103, 0.5633]","[0.4721, 0.5644, 0.7609, 0.6339]",0.7337,0.7406,"[0.24478000000000005, 0.46166, 0.6712199999999999, 0.58024]","[0.41434000000000004, 0.5505, 0.81866, 0.6478]",20pct_expanded_or_full_fallback,0.8056,0.8344
0729_01_WRI-R,PAT_GRAZ_729,GRAZPEDWRI-DX,train,1,D:\projects\MediMind\ai-prediction-service\artifacts\fracture_v2\experiment5_localization\dataset\images\train\0729_0635598056_01_WRI-R1_F007.png,D:\projects\MediMind\ai-prediction-service\artifacts\fracture_v2\experiment5_localization\dataset\images\train\0729_0635598091_01_WRI-R2_F007.png,"[0.34419500000000003, 0.4987595, 0.608961, 0.6079405]","[0.49005000000000004, 0.47750000000000004, 0.716418, 0.56125]","[0.3486, 0.5043, 0.6018, 0.5863]","[0.4908, 0.4846, 0.7151, 0.5531]",0.8025,0.5777,"[0.29796, 0.48789999999999994, 0.65244, 0.6027]","[0.44594, 0.4709, 0.75996, 0.5668000000000001]",20pct_expanded_or_full_fallback,0.7182,0.8104
0730_01_WRI-R,PAT_GRAZ_730,GRAZPEDWRI-DX,train,0,D:\projects\MediMind\ai-prediction-service\artifacts\fracture_v2\experiment5_localization\dataset\images\train\0730_0860128343_01_WRI-R1_F004.png,D:\projects\MediMind\ai-prediction-service\artifacts\fracture_v2\experiment5_localization\dataset\images\train\0730_0860128427_01_WRI-R2_F004.png,NONE,NONE,NONE,NONE,0.0,0.0,FULL_IMAGE,FULL_IMAGE,20pct_expanded_or_full_fallback,0.0,0.0
0732_01_WRI-L,PAT_GRAZ_732,GRAZPEDWRI-DX,train,1,D:\projects\MediMind\ai-prediction-service\artifacts\fracture_v2\experiment5_localization\dataset\images\train\0732_0731016527_01_WRI-L1_F009.png,D:\projects\MediMind\ai-prediction-service\artifacts\fracture_v2\experiment5_localization\dataset\images\train\0732_0731016578_01_WRI-L2_F009.png,"[0.427631, 0.536023, 0.739035, 0.6325649999999999]","[0.2741935, 0.5273975, 0.5725805, 0.6383565]","[0.4505, 0.5348, 0.7382, 0.6197]","[0.2722, 0.5204, 0.5721, 0.6179]",0.6356,0.662,"[0.39296000000000003, 0.5178200000000001, 0.79574, 0.63668]","[0.21222, 0.5009, 0.6320800000000001, 0.6374]",20pct_expanded_or_full_fallback,0.7915,0.7619
0732_02_WRI-L,PAT_GRAZ_732,GRAZPEDWRI-DX,train,1,D:\projects\MediMind\ai-prediction-service\artifacts\fracture_v2\experiment5_localization\dataset\images\train\0732_0731853282_02_WRI-L1_F009.png,D:\projects\MediMind\ai-prediction-service\artifacts\fracture_v2\experiment5_localization\dataset\images\train\0732_0731853321_02_WRI-L2_F009.png,"[0.5210655000000001, 0.476348, 0.7616625, 0.563132]","[0.42556700000000003, 0.38902400000000004, 0.614887, 0.508536]","[0.5287, 0.4757, 0.7543, 0.5666]","[0.4479, 0.5585, 0.5747, 0.6397]",0.5916,0.6345,"[0.48357999999999995, 0.45752000000000004, 0.79942, 0.58478]","[0.42254, 0.54226, 0.60006, 0.6559400000000001]",20pct_expanded_or_full_fallback,0.8977,0.0
0733_01_WRI-L,PAT_GRAZ_733,GRAZPEDWRI-DX,train,1,D:\projects\MediMind\ai-prediction-service\artifacts\fracture_v2\experiment5_localization\dataset\images\train\0733_1191678400_01_WRI-L1_F008.png,D:\projects\MediMind\ai-prediction-service\artifacts\fracture_v2\experiment5_localization\dataset\images\train\0733_1191678438_01_WRI-L2_F008.png,"[0.2569975, 0.323359, 0.43511449999999996, 0.37451700000000004]","[0.40092150000000004, 0.530769, 0.6290325, 0.639743]","[0.5536, 0.3347, 0.8463, 0.3961]","[0.4061, 0.5449, 0.6263, 0.6333]",0.821,0.7431,"[0.49505999999999994, 0.32242, 0.9048400000000001, 0.40838]","[0.36206000000000005, 0.52722, 0.6703399999999999, 0.65098]",20pct_expanded_or_full_fallback,0.8012,0.7831
0736_01_WRI-L,PAT_GRAZ_736,GRAZPEDWRI-DX,train,0,D:\projects\MediMind\ai-prediction-service\artifacts\fracture_v2\experiment5_localization\dataset\images\train\0736_0854943864_01_WRI-L1_M012.png,D:\projects\MediMind\ai-prediction-service\artifacts\fracture_v2\experiment5_localization\dataset\images\train\0736_0854943912_01_WRI-L2_M012.png,NONE,NONE,NONE,"[0.2732, 0.4294, 0.5373, 0.4863]",0.0,0.3028,FULL_IMAGE,"[0.22038, 0.41802, 0.59012, 0.49768]",20pct_expanded_or_full_fallback,0.0,0.0
0737_01_WRI-R,PAT_GRAZ_737,GRAZPEDWRI-DX,train,1,D:\projects\MediMind\ai-prediction-service\artifacts\fracture_v2\experiment5_localization\dataset\images\train\0737_0195853201_01_WRI-R1_F014.png,D:\projects\MediMind\ai-prediction-service\artifacts\fracture_v2\experiment5_localization\dataset\images\train\0737_0195853224_01_WRI-R2_F014.png,NONE,"[0.44696949999999996, 0.266727, 0.6696964999999999, 0.336347]",NONE,"[0.4584, 0.274, 0.6631, 0.3455]",0.0,0.4002,FULL_IMAGE,"[0.41745999999999994, 0.25970000000000004, 0.70404, 0.35979999999999995]",20pct_expanded_or_full_fallback,0.0,0.7343
0738_01_WRI-L,PAT_GRAZ_738,GRAZPEDWRI-DX,train,1,D:\projects\MediMind\ai-prediction-service\artifacts\fracture_v2\experiment5_localization\dataset\images\train\0738_1030157350_01_WRI-L1_F009.png,D:\projects\MediMind\ai-prediction-service\artifacts\fracture_v2\experiment5_localization\dataset\images\train\0738_1030157448_01_WRI-L2_F009.png,"[0.27306250000000004, 0.521459, 0.3948335, 0.568669]","[0.4406785, 0.6045815, 0.6758474999999999, 0.6683264999999999]","[0.5069, 0.5028, 0.7307, 0.5699]","[0.4498, 0.605, 0.6825, 0.6723]",0.8696,0.7757,"[0.46214, 0.48938000000000004, 0.77546, 0.58332]","[0.40325999999999995, 0.59154, 0.72904, 0.68576]",20pct_expanded_or_full_fallback,0.9399,0.8762
0740_01_WRI-R,PAT_GRAZ_740,GRAZPEDWRI-DX,train,1,D:\projects\MediMind\ai-prediction-service\artifacts\fracture_v2\experiment5_localization\dataset\images\train\0740_0636791012_01_WRI-R1_M001.png,D:\projects\MediMind\ai-prediction-service\artifacts\fracture_v2\experiment5_localization\dataset\images\train\0740_0636791199_01_WRI-R2_M001.png,"[0.3007965, 0.4290175, 0.5059755, 0.5132605]","[0.368039, 0.5606059999999999, 0.593221, 0.656566]","[0.3075, 0.4429, 0.5056, 0.5213]","[0.3897, 0.5802, 0.5915, 0.6689]",0.6512,0.6789,"[0.26788, 0.42722000000000004, 0.54522, 0.53698]","[0.34934, 0.5624600000000001, 0.6318600000000001, 0.68664]",20pct_expanded_or_full_fallback,0.7384,0.6395
0742_01_WRI-L,PAT_GRAZ_742,GRAZPEDWRI-DX,train,0,D:\projects\MediMind\ai-prediction-service\artifacts\fracture_v2\experiment5_localization\dataset\images\train\0742_1086895561_01_WRI-L1_M012.png,D:\projects\MediMind\ai-prediction-service\artifacts\fracture_v2\experiment5_localization\dataset\images\train\0742_1086895615_01_WRI-L2_M012.png,NONE,NONE,NONE,NONE,0.0,0.0,FULL_IMAGE,FULL_IMAGE,20pct_expanded_or_full_fallback,0.0,0.0
0744_01_WRI-L,PAT_GRAZ_744,GRAZPEDWRI-DX,train,1,D:\projects\MediMind\ai-prediction-service\artifacts\fracture_v2\experiment5_localization\dataset\images\train\0744_1247976494_01_WRI-L1_M010.png,D:\projects\MediMind\ai-prediction-service\artifacts\fracture_v2\experiment5_localization\dataset\images\train\0744_1247976553_01_WRI-L2_M010.png,"[0.4212, 0.4969085, 0.684798, 0.5965995]","[0.23588000000000003, 0.504296, 0.538206, 0.63488]","[0.4234, 0.5215, 0.6638, 0.5918]","[0.2248, 0.5379, 0.5443, 0.6336]",0.4976,0.4896,"[0.37532, 0.50744, 0.71188, 0.60586]","[0.1609, 0.51876, 0.6082, 0.6527400000000001]",20pct_expanded_or_full_fallback,0.6431,0.7036
0744_02_WRI-L,PAT_GRAZ_744,GRAZPEDWRI-DX,train,1,D:\projects\MediMind\ai-prediction-service\artifacts\fracture_v2\experiment5_localization\dataset\images\train\0744_1248555200_02_WRI-L1_M010.png,D:\projects\MediMind\ai-prediction-service\artifacts\fracture_v2\experiment5_localization\dataset\images\train\0744_1248555285_02_WRI-L2_M010.png,"[0.21986999999999998, 0.5551325, 0.36319199999999996, 0.6064635]","[0.31749099999999997, 0.44916, 0.644487, 0.56145]","[0.4041, 0.5873, 0.6511, 0.6635]","[0.3824, 0.4954, 0.6056, 0.5571]",0.3601,0.397,"[0.3547, 0.57206, 0.7005, 0.67874]","[0.33776, 0.48306, 0.65024, 0.5694400000000001]",20pct_expanded_or_full_fallback,0.6178,0.3751
0744_03_WRI-L,PAT_GRAZ_744,GRAZPEDWRI-DX,train,1,D:\projects\MediMind\ai-prediction-service\artifacts\fracture_v2\experiment5_localization\dataset\images\train\0744_1250975266_03_WRI-L1_M010.png,D:\projects\MediMind\ai-prediction-service\artifacts\fracture_v2\experiment5_localization\dataset\images\train\0744_1250975300_03_WRI-L2_M010.png,"[0.1538465, 0.406951, 0.3333335, 0.467489]","[0.3069305, 0.358597, 0.5999995, 0.49773700000000004]","[0.365, 0.3991, 0.6848, 0.498]","[0.3003, 0.385, 0.5619, 0.495]",0.646,0.3437,"[0.30104, 0.37932, 0.74876, 0.51778]","[0.24798000000000003, 0.363, 0.61422, 0.517]",20pct_expanded_or_full_fallback,0.6417,0.6757
0746_01_WRI-L,PAT_GRAZ_746,GRAZPEDWRI-DX,train,1,D:\projects\MediMind\ai-prediction-service\artifacts\fracture_v2\experiment5_localization\dataset\images\train\0746_1085100523_01_WRI-L1_F007.png,D:\projects\MediMind\ai-prediction-service\artifacts\fracture_v2\experiment5_localization\dataset\images\train\0746_1085100564_01_WRI-L2_F007.png,"[0.43855449999999996, 0.522654, 0.7638555, 0.622978]","[0.30487850000000005, 0.5116580000000001, 0.5414635, 0.59715]","[0.1658, 0.5437, 0.3611, 0.6175]",NONE,0.3472,0.0,"[0.12674000000000002, 0.52894, 0.40015999999999996, 0.63226]",FULL_IMAGE,20pct_expanded_or_full_fallback,0.0,0.0
0746_02_WRI-L,PAT_GRAZ_746,GRAZPEDWRI-DX,train,1,D:\projects\MediMind\ai-prediction-service\artifacts\fracture_v2\experiment5_localization\dataset\images\train\0746_1085711393_02_WRI-L1_F007.png,D:\projects\MediMind\ai-prediction-service\artifacts\fracture_v2\experiment5_localization\dataset\images\train\0746_1085711449_02_WRI-L2_F007.png,"[0.42094, 0.470649, 0.745726, 0.575695]","[0.2522325, 0.3938775, 0.5178575000000001, 0.48571450000000005]","[0.4553, 0.5381, 0.719, 0.6141]","[0.2498, 0.3878, 0.5313, 0.4653]",0.463,0.5003,"[0.40256, 0.5229, 0.77174, 0.6293]","[0.1935, 0.37229999999999996, 0.5876, 0.4808]",20pct_expanded_or_full_fallback,0.2241,0.6965
0746_03_WRI-L,PAT_GRAZ_746,GRAZPEDWRI-DX,train,1,D:\projects\MediMind\ai-prediction-service\artifacts\fracture_v2\experiment5_localization\dataset\images\train\0746_1086484119_03_WRI-L1_F007.png,D:\projects\MediMind\ai-prediction-service\artifacts\fracture_v2\experiment5_localization\dataset\images\train\0746_1086484148_03_WRI-L2_F007.png,"[0.42060050000000004, 0.47518649999999996, 0.7296135, 0.5918114999999999]","[0.42307700000000004, 0.47130249999999996, 0.6433570000000001, 0.5540835]","[0.4277, 0.5057, 0.7209, 0.5938]","[0.4234, 0.4752, 0.6256, 0.5503]",0.2037,0.6175,"[0.36906000000000005, 0.48808000000000007, 0.77954, 0.61142]","[0.38295999999999997, 0.46018000000000003, 0.6660400000000001, 0.56532]",20pct_expanded_or_full_fallback,0.6894,0.8328
0749_01_WRI-L,PAT_GRAZ_749,GRAZPEDWRI-DX,train,1,D:\projects\MediMind\ai-prediction-service\artifacts\fracture_v2\experiment5_localization\dataset\images\train\0749_0872559045_01_WRI-L1_M005.png,D:\projects\MediMind\ai-prediction-service\artifacts\fracture_v2\experiment5_localization\dataset\images\train\0749_0872559133_01_WRI-L2_M005.png,"[0.406863, 0.4136905, 0.6160129999999999, 0.4950395]","[0.31379250000000003, 0.40609100000000004, 0.4982755, 0.498477]","[0.1856, 0.456, 0.318, 0.5142]","[0.3179, 0.4121, 0.4913, 0.4807]",0.5755,0.7332,"[0.15911999999999998, 0.44436000000000003, 0.34448, 0.52584]","[0.28322, 0.39838, 0.52598, 0.49442]",20pct_expanded_or_full_fallback,0.7636,0.6979
0749_02_WRI-L,PAT_GRAZ_749,GRAZPEDWRI-DX,train,1,D:\projects\MediMind\ai-prediction-service\artifacts\fracture_v2\experiment5_localization\dataset\images\train\0749_0873208231_02_WRI-L1_M005.png,D:\projects\MediMind\ai-prediction-service\artifacts\fracture_v2\experiment5_localization\dataset\images\train\0749_0873208330_02_WRI-L2_M005.png,"[0.4857625, 0.5196505, 0.6934675, 0.6124455]","[0.41389750000000003, 0.49148049999999993, 0.5785505, 0.5721974999999999]","[0.5051, 0.5566, 0.6951, 0.6388]","[0.4151, 0.4914, 0.57, 0.5628]",0.4796,0.7093,"[0.46709999999999996, 0.54016, 0.7331000000000001, 0.65524]","[0.38412, 0.47712, 0.60098, 0.5770799999999999]",20pct_expanded_or_full_fallback,0.4316,0.8305
0749_05_WRI-L,PAT_GRAZ_749,GRAZPEDWRI-DX,train,1,D:\projects\MediMind\ai-prediction-service\artifacts\fracture_v2\experiment5_localization\dataset\images\train\0749_0874509442_05_WRI-L1_M005.png,D:\projects\MediMind\ai-prediction-service\artifacts\fracture_v2\experiment5_localization\dataset\images\train\0749_0874509515_05_WRI-L2_M005.png,"[0.46828349999999996, 0.5539820000000001, 0.7014925, 0.711504]","[0.3989725, 0.4572445, 0.5804795, 0.5486935]","[0.2476, 0.6812, 0.3952, 0.801]","[0.4015, 0.4376, 0.5837, 0.537]",0.6235,0.7157,"[0.21808, 0.65724, 0.42472, 0.82496]","[0.36506000000000005, 0.41772, 0.62014, 0.55688]",20pct_expanded_or_full_fallback,0.795,0.6985
0749_06_WRI-L,PAT_GRAZ_749,GRAZPEDWRI-DX,train,1,D:\projects\MediMind\ai-prediction-service\artifacts\fracture_v2\experiment5_localization\dataset\images\train\0749_0875713484_06_WRI-L1_M005.png,D:\projects\MediMind\ai-prediction-service\artifacts\fracture_v2\experiment5_localization\dataset\images\train\0749_0875713689_06_WRI-L2_M005.png,"[0.4454715, 0.6434544999999999, 0.6820705, 0.7298055]","[0.39855000000000007, 0.5516179999999999, 0.63285, 0.662558]","[0.4421, 0.6221, 0.6777, 0.7342]","[0.3736, 0.5445, 0.6239, 0.6589]",0.6503,0.6775,"[0.39498, 0.59968, 0.72482, 0.75662]","[0.32354, 0.52162, 0.67396, 0.68178]",20pct_expanded_or_full_fallback,0.7486,0.7939
0750_01_WRI-R,PAT_GRAZ_750,GRAZPEDWRI-DX,train,0,D:\projects\MediMind\ai-prediction-service\artifacts\fracture_v2\experiment5_localization\dataset\images\train\0750_0428432265_01_WRI-R1_M014.png,D:\projects\MediMind\ai-prediction-service\artifacts\fracture_v2\experiment5_localization\dataset\images\train\0750_0428432302_01_WRI-R2_M014.png,NONE,NONE,NONE,NONE,0.0,0.0,FULL_IMAGE,FULL_IMAGE,20pct_expanded_or_full_fallback,0.0,0.0
0751_01_WRI-L,PAT_GRAZ_751,GRAZPEDWRI-DX,train,1,D:\projects\MediMind\ai-prediction-service\artifacts\fracture_v2\experiment5_localization\dataset\images\train\0751_0352223092_01_WRI-L1_M015.png,D:\projects\MediMind\ai-prediction-service\artifacts\fracture_v2\experiment5_localization\dataset\images\train\0751_0352223192_01_WRI-L2_M015.png,"[0.121875, 0.45264000000000004, 0.24062499999999998, 0.507764]","[0.49891500000000005, 0.7349060000000001, 0.8394790000000001, 0.825472]","[0.3949, 0.6388, 0.6923, 0.7367]","[0.4248, 0.696, 0.6241, 0.7707]",0.7636,0.484,"[0.33541999999999994, 0.61922, 0.75178, 0.7562800000000001]","[0.38494, 0.6810599999999999, 0.66396, 0.7856400000000001]",20pct_expanded_or_full_fallback,0.7767,0.1086
0751_02_WRI-L,PAT_GRAZ_751,GRAZPEDWRI-DX,train,1,D:\projects\MediMind\ai-prediction-service\artifacts\fracture_v2\experiment5_localization\dataset\images\train\0751_0359483963_02_WRI-L1_M015.png,D:\projects\MediMind\ai-prediction-service\artifacts\fracture_v2\experiment5_localization\dataset\images\train\0751_0359483998_02_WRI-L2_M015.png,"[0.24896249999999998, 0.343354, 0.3831255, 0.398734]","[0.4028665, 0.569572, 0.6576435, 0.682722]","[0.2534, 0.3388, 0.3645, 0.4028]","[0.3853, 0.666, 0.5495, 0.7431]",0.5636,0.3397,"[0.23118000000000002, 0.326, 0.38672, 0.41559999999999997]","[0.35246, 0.65058, 0.58234, 0.75852]",20pct_expanded_or_full_fallback,0.7335,0.0628
0752_01_WRI-R,PAT_GRAZ_752,GRAZPEDWRI-DX,train,1,D:\projects\MediMind\ai-prediction-service\artifacts\fracture_v2\experiment5_localization\dataset\images\train\0752_1224865288_01_WRI-R1_F009.png,D:\projects\MediMind\ai-prediction-service\artifacts\fracture_v2\experiment5_localization\dataset\images\train\0752_1224865230_01_WRI-R2_F009.png,"[0.22477650000000002, 0.326812, 0.5325675, 0.43188400000000005]","[0.505576, 0.49519250000000004, 0.614622, 0.5515115]","[0.5373, 0.3927, 0.6711, 0.4637]","[0.4183, 0.436, 0.6408, 0.5168]",0.5531,0.4084,"[0.51054, 0.3785, 0.69786, 0.4779]","[0.3738, 0.41984, 0.6853, 0.5329600000000001]",20pct_expanded_or_full_fallback,0.8343,0.6026
0753_01_WRI-L,PAT_GRAZ_753,GRAZPEDWRI-DX,train,0,D:\projects\MediMind\ai-prediction-service\artifacts\fracture_v2\experiment5_localization\dataset\images\train\0753_1030785028_01_WRI-L1_F007.png,D:\projects\MediMind\ai-prediction-service\artifacts\fracture_v2\experiment5_localization\dataset\images\train\0753_1030785061_01_WRI-L2_F007.png,NONE,NONE,NONE,NONE,0.0,0.0,FULL_IMAGE,FULL_IMAGE,20pct_expanded_or_full_fallback,0.0,0.0
0754_01_WRI-R,PAT_GRAZ_754,GRAZPEDWRI-DX,train,1,D:\projects\MediMind\ai-prediction-service\artifacts\fracture_v2\experiment5_localization\dataset\images\train\0754_0459397267_01_WRI-R1_F006.png,D:\projects\MediMind\ai-prediction-service\artifacts\fracture_v2\experiment5_localization\dataset\images\train\0754_0459397344_01_WRI-R2_F006.png,"[0.28191449999999996, 0.379065, 0.4663115, 0.440041]","[0.372483, 0.43287000000000003, 0.535235, 0.5231480000000001]","[0.3546, 0.3856, 0.4694, 0.4402]","[0.3684, 0.4274, 0.5226, 0.5158]",0.6345,0.5842,"[0.33164000000000005, 0.37468, 0.49235999999999996, 0.45111999999999997]","[0.33756, 0.40972, 0.5534399999999999, 0.5334800000000001]",20pct_expanded_or_full_fallback,0.5321,0.7842
0754_02_WRI-R,PAT_GRAZ_754,GRAZPEDWRI-DX,train,1,D:\projects\MediMind\ai-prediction-service\artifacts\fracture_v2\experiment5_localization\dataset\images\train\0754_0460604014_02_WRI-R1_F006.png,D:\projects\MediMind\ai-prediction-service\artifacts\fracture_v2\experiment5_localization\dataset\images\train\0754_0460604042_02_WRI-R2_F006.png,"[0.325, 0.5113205000000001, 0.568182, 0.6415095]","[0.438257, 0.44902, 0.6610170000000001, 0.609804]","[0.6654, 0.5203, 0.8439, 0.6173]","[0.4368, 0.4572, 0.6526, 0.5859]",0.7196,0.6071,"[0.6297, 0.5009, 0.8795999999999999, 0.6366999999999999]","[0.39364000000000005, 0.43146, 0.6957599999999999, 0.61164]",20pct_expanded_or_full_fallback,0.7041,0.7662
0760_01_WRI-R,PAT_GRAZ_760,GRAZPEDWRI-DX,train,1,D:\projects\MediMind\ai-prediction-service\artifacts\fracture_v2\experiment5_localization\dataset\images\train\0760_0649455453_01_WRI-R1_F006.png,D:\projects\MediMind\ai-prediction-service\artifacts\fracture_v2\experiment5_localization\dataset\images\train\0760_0649455493_01_WRI-R2_F006.png,"[0.337474, 0.4284165, 0.569358, 0.4924075]","[0.513393, 0.431522, 0.698661, 0.490218]","[0.3384, 0.4189, 0.5747, 0.4884]","[0.507, 0.4311, 0.6949, 0.4914]",0.7177,0.7375,"[0.29113999999999995, 0.40499999999999997, 0.62196, 0.5023]","[0.46942, 0.41903999999999997, 0.7324799999999999, 0.50346]",20pct_expanded_or_full_fallback,0.7958,0.9223
0761_01_WRI-R,PAT_GRAZ_761,GRAZPEDWRI-DX,train,1,D:\projects\MediMind\ai-prediction-service\artifacts\fracture_v2\experiment5_localization\dataset\images\train\0761_1228278547_01_WRI-R1_F009.png,D:\projects\MediMind\ai-prediction-service\artifacts\fracture_v2\experiment5_localization\dataset\images\train\0761_1228278573_01_WRI-R2_F009.png,"[0.4955525, 0.7055790000000001, 0.6149935, 0.813017]","[0.4216135, 0.506933, 0.5357685, 0.6083189999999999]","[0.5007, 0.7265, 0.6154, 0.8085]","[0.4257, 0.5079, 0.5344, 0.5728]",0.7335,0.5024,"[0.4777600000000001, 0.7101000000000001, 0.6383399999999999, 0.8249]","[0.40396000000000004, 0.49492, 0.55614, 0.58578]",20pct_expanded_or_full_fallback,0.7284,0.6095
0761_02_WRI-R,PAT_GRAZ_761,GRAZPEDWRI-DX,train,1,D:\projects\MediMind\ai-prediction-service\artifacts\fracture_v2\experiment5_localization\dataset\images\train\0761_1230063292_02_WRI-R1_F009.png,D:\projects\MediMind\ai-prediction-service\artifacts\fracture_v2\experiment5_localization\dataset\images\train\0761_1230063355_02_WRI-R2_F009.png,"[0.3866395, 0.6405655, 0.5607285, 0.8125805]","[0.502825, 0.614815, 0.720339, 0.753087]","[0.3914, 0.6489, 0.5666, 0.7845]","[0.5132, 0.6307, 0.7271, 0.7511]",0.3291,0.3819,"[0.35636, 0.62178, 0.60164, 0.81162]","[0.47042, 0.60662, 0.76988, 0.77518]",20pct_expanded_or_full_fallback,0.7469,0.8074
0762_01_WRI-L,PAT_GRAZ_762,GRAZPEDWRI-DX,train,0,D:\projects\MediMind\ai-prediction-service\artifacts\fracture_v2\experiment5_localization\dataset\images\train\0762_1220070795_01_WRI-L1_M016.png,D:\projects\MediMind\ai-prediction-service\artifacts\fracture_v2\experiment5_localization\dataset\images\train\0762_1220070837_01_WRI-L2_M016.png,NONE,NONE,NONE,NONE,0.0,0.0,FULL_IMAGE,FULL_IMAGE,20pct_expanded_or_full_fallback,0.0,0.0
0764_01_WRI-R,PAT_GRAZ_764,GRAZPEDWRI-DX,train,1,D:\projects\MediMind\ai-prediction-service\artifacts\fracture_v2\experiment5_localization\dataset\images\train\0764_0286535628_01_WRI-R1_M014.png,D:\projects\MediMind\ai-prediction-service\artifacts\fracture_v2\experiment5_localization\dataset\images\train\0764_0286535673_01_WRI-R2_M014.png,"[0.300149, 0.445312, 0.555721, 0.503906]","[0.34131750000000005, 0.49074049999999997, 0.6387225, 0.5555555]","[0.2843, 0.4365, 0.5483, 0.5034]","[0.3552, 0.4925, 0.6384, 0.5559]",0.5696,0.4753,"[0.23149999999999998, 0.42312, 0.6011, 0.5167799999999999]","[0.29856000000000005, 0.47982, 0.69504, 0.56858]",20pct_expanded_or_full_fallback,0.7911,0.9217
0765_01_WRI-R,PAT_GRAZ_765,GRAZPEDWRI-DX,train,1,D:\projects\MediMind\ai-prediction-service\artifacts\fracture_v2\experiment5_localization\dataset\images\train\0765_0753238870_01_WRI-R1_M003.png,D:\projects\MediMind\ai-prediction-service\artifacts\fracture_v2\experiment5_localization\dataset\images\train\0765_0753238943_01_WRI-R2_M003.png,"[0.269231, 0.5817945, 0.44117700000000004, 0.6662275]","[0.491042, 0.73709, 0.649904, 0.8443419999999999]","[0.2679, 0.5901, 0.4413, 0.6694]","[0.4965, 0.7096, 0.6401, 0.8581]",0.7036,0.4518,"[0.23322000000000004, 0.57424, 0.47598, 0.68526]","[0.46778, 0.6799000000000001, 0.66882, 0.8877999999999999]",20pct_expanded_or_full_fallback,0.8624,0.6707
0765_02_WRI-R,PAT_GRAZ_765,GRAZPEDWRI-DX,train,1,D:\projects\MediMind\ai-prediction-service\artifacts\fracture_v2\experiment5_localization\dataset\images\train\0765_0753932545_02_WRI-R1_M003.png,D:\projects\MediMind\ai-prediction-service\artifacts\fracture_v2\experiment5_localization\dataset\images\train\0765_0753932597_02_WRI-R2_M003.png,"[0.268293, 0.380488, 0.439025, 0.47439000000000003]","[0.44573650000000004, 0.5911605, 0.6065895, 0.6850835]","[0.2685, 0.3872, 0.4484, 0.4872]","[0.4421, 0.5868, 0.5995, 0.6598]",0.6776,0.4422,"[0.23252, 0.36719999999999997, 0.48438000000000003, 0.5072]","[0.41062, 0.5721999999999999, 0.6309800000000001, 0.6744000000000001]",20pct_expanded_or_full_fallback,0.7762,0.6578
0767_01_WRI-R,PAT_GRAZ_767,GRAZPEDWRI-DX,train,0,D:\projects\MediMind\ai-prediction-service\artifacts\fracture_v2\experiment5_localization\dataset\images\train\0767_0893923616_01_WRI-R1_F013.png,D:\projects\MediMind\ai-prediction-service\artifacts\fracture_v2\experiment5_localization\dataset\images\train\0767_0893923717_01_WRI-R2_F013.png,NONE,NONE,"[0.7723, 0.2186, 0.881, 0.2771]",NONE,0.1748,0.0,"[0.75056, 0.20689999999999997, 0.90274, 0.2888]",FULL_IMAGE,20pct_expanded_or_full_fallback,0.0,0.0
0769_01_WRI-R,PAT_GRAZ_769,GRAZPEDWRI-DX,train,0,D:\projects\MediMind\ai-prediction-service\artifacts\fracture_v2\experiment5_localization\dataset\images\train\0769_0405192390_01_WRI-R1_F013.png,D:\projects\MediMind\ai-prediction-service\artifacts\fracture_v2\experiment5_localization\dataset\images\train\0769_0405192423_01_WRI-R2_F013.png,NONE,NONE,NONE,NONE,0.0,0.0,FULL_IMAGE,FULL_IMAGE,20pct_expanded_or_full_fallback,0.0,0.0
0772_01_WRI-R,PAT_GRAZ_772,GRAZPEDWRI-DX,train,0,D:\projects\MediMind\ai-prediction-service\artifacts\fracture_v2\experiment5_localization\dataset\images\train\0772_0380772560_01_WRI-R1_M012.png,D:\projects\MediMind\ai-prediction-service\artifacts\fracture_v2\experiment5_localization\dataset\images\train\0772_0380772588_01_WRI-R2_M012.png,NONE,NONE,NONE,NONE,0.0,0.0,FULL_IMAGE,FULL_IMAGE,20pct_expanded_or_full_fallback,0.0,0.0
0772_02_WRI-L,PAT_GRAZ_772,GRAZPEDWRI-DX,train,1,D:\projects\MediMind\ai-prediction-service\artifacts\fracture_v2\experiment5_localization\dataset\images\train\0772_0501084010_02_WRI-L1_M016.png,D:\projects\MediMind\ai-prediction-service\artifacts\fracture_v2\experiment5_localization\dataset\images\train\0772_0501084052_02_WRI-L2_M016.png,"[0.6104295000000001, 0.391225, 0.7730065, 0.461609]",NONE,"[0.1133, 0.019, 0.2566, 0.0817]",NONE,0.3573,0.0,"[0.08463999999999999, 0.0064600000000000005, 0.28526, 0.09423999999999999]",FULL_IMAGE,20pct_expanded_or_full_fallback,0.0,0.0
0773_01_WRI-R,PAT_GRAZ_773,GRAZPEDWRI-DX,train,1,D:\projects\MediMind\ai-prediction-service\artifacts\fracture_v2\experiment5_localization\dataset\images\train\0773_1135100326_01_WRI-R1_M014.png,D:\projects\MediMind\ai-prediction-service\artifacts\fracture_v2\experiment5_localization\dataset\images\train\0773_1135100383_01_WRI-R2_M014.png,"[0.16275199999999998, 0.4486275, 0.501678, 0.5372545]","[0.33003950000000004, 0.428572, 0.6996045, 0.551308]","[0.1769, 0.4611, 0.4863, 0.5321]","[0.3461, 0.4629, 0.6773, 0.5446]",0.6331,0.4697,"[0.11502, 0.4469, 0.54818, 0.5463]","[0.27986, 0.44655999999999996, 0.74354, 0.56094]",20pct_expanded_or_full_fallback,0.7313,0.5966
0774_01_WRI-L,PAT_GRAZ_774,GRAZPEDWRI-DX,train,1,D:\projects\MediMind\ai-prediction-service\artifacts\fracture_v2\experiment5_localization\dataset\images\train\0774_0691154112_01_WRI-L1_F008.png,D:\projects\MediMind\ai-prediction-service\artifacts\fracture_v2\experiment5_localization\dataset\images\train\0774_0691154149_01_WRI-L2_F008.png,"[0.419422, 0.5554155, 0.6714880000000001, 0.6397985]","[0.3143565, 0.479274, 0.5420795, 0.55829]","[0.4221, 0.5562, 0.6797, 0.6378]","[0.3219, 0.48, 0.5426, 0.5562]",0.694,0.6692,"[0.37057999999999996, 0.53988, 0.73122, 0.65412]","[0.27776, 0.46475999999999995, 0.5867399999999999, 0.5714400000000001]",20pct_expanded_or_full_fallback,0.9275,0.9304
0775_01_WRI-L,PAT_GRAZ_775,GRAZPEDWRI-DX,train,1,D:\projects\MediMind\ai-prediction-service\artifacts\fracture_v2\experiment5_localization\dataset\images\train\0775_0631063448_01_WRI-L1_M007.png,D:\projects\MediMind\ai-prediction-service\artifacts\fracture_v2\experiment5_localization\dataset\images\train\0775_0631063500_01_WRI-L2_M007.png,"[0.49365099999999995, 0.442424, 0.652381, 0.50202]","[0.20528800000000003, 0.520309, 0.362364, 0.5686650000000001]","[0.499, 0.435, 0.6591, 0.4997]","[0.2159, 0.5111, 0.3643, 0.5749]",0.8099,0.6534,"[0.46698, 0.42206, 0.6911200000000001, 0.51264]","[0.18622, 0.49834, 0.39398, 0.58766]",20pct_expanded_or_full_fallback,0.7962,0.7096
0775_02_WRI-L,PAT_GRAZ_775,GRAZPEDWRI-DX,train,1,D:\projects\MediMind\ai-prediction-service\artifacts\fracture_v2\experiment5_localization\dataset\images\train\0775_0631663053_02_WRI-L1_M007.png,D:\projects\MediMind\ai-prediction-service\artifacts\fracture_v2\experiment5_localization\dataset\images\train\0775_0631663208_02_WRI-L2_M007.png,"[0.24769200000000002, 0.5419050000000001, 0.38, 0.597143]","[0.330986, 0.43471099999999996, 0.435446, 0.486777]","[0.4612, 0.5312, 0.6197, 0.5996]","[0.3303, 0.4243, 0.4419, 0.4902]",0.8566,0.7661,"[0.4295, 0.51752, 0.6514, 0.61328]","[0.30798, 0.41112, 0.46422, 0.50338]",20pct_expanded_or_full_fallback,0.7419,0.7395
0775_03_WRI-L,PAT_GRAZ_775,GRAZPEDWRI-DX,train,1,D:\projects\MediMind\ai-prediction-service\artifacts\fracture_v2\experiment5_localization\dataset\images\train\0775_0632263886_03_WRI-L1_M007.png,D:\projects\MediMind\ai-prediction-service\artifacts\fracture_v2\experiment5_localization\dataset\images\train\0775_0632263948_03_WRI-L2_M007.png,"[0.46951249999999994, 0.48199099999999995, 0.6204274999999999, 0.550847]","[0.20040950000000002, 0.5467095000000001, 0.38445850000000004, 0.6135885]","[0.4665, 0.4827, 0.6201, 0.5536]","[0.1967, 0.5423, 0.3961, 0.6193]",0.8248,0.7782,"[0.43578000000000006, 0.46852000000000005, 0.65082, 0.56778]","[0.15682000000000001, 0.5269, 0.43598000000000003, 0.6346999999999999]",20pct_expanded_or_full_fallback,0.9313,0.8017
0775_04_WRI-L,PAT_GRAZ_775,GRAZPEDWRI-DX,train,1,D:\projects\MediMind\ai-prediction-service\artifacts\fracture_v2\experiment5_localization\dataset\images\train\0775_0632266365_04_WRI-L1_M007.png,D:\projects\MediMind\ai-prediction-service\artifacts\fracture_v2\experiment5_localization\dataset\images\train\0775_0632266571_04_WRI-L2_M007.png,"[0.364354, 0.6312905000000001, 0.509464, 0.7145475]","[0.32666649999999997, 0.5004959999999999, 0.4883335, 0.552032]","[0.5765, 0.627, 0.7326, 0.6929]","[0.3292, 0.4845, 0.4902, 0.5661]",0.8538,0.7345,"[0.54528, 0.61382, 0.76382, 0.7060799999999999]","[0.297, 0.46818, 0.5224, 0.58242]",20pct_expanded_or_full_fallback,0.8098,0.6181
0775_05_WRI-L,PAT_GRAZ_775,GRAZPEDWRI-DX,train,1,D:\projects\MediMind\ai-prediction-service\artifacts\fracture_v2\experiment5_localization\dataset\images\train\0775_0633474831_05_WRI-L1_M007.png,D:\projects\MediMind\ai-prediction-service\artifacts\fracture_v2\experiment5_localization\dataset\images\train\0775_0633474912_05_WRI-L2_M007.png,"[0.4933925, 0.4268705, 0.7092515, 0.5034015]","[0.27553399999999995, 0.4544705, 0.56057, 0.5306295]","[0.4962, 0.4262, 0.7087, 0.4924]","[0.2795, 0.4516, 0.5207, 0.5205]",0.8202,0.8485,"[0.4537, 0.41296000000000005, 0.7512, 0.50564]","[0.23126000000000002, 0.43782, 0.56894, 0.53428]",20pct_expanded_or_full_fallback,0.8357,0.711
0775_06_WRI-L,PAT_GRAZ_775,GRAZPEDWRI-DX,train,1,D:\projects\MediMind\ai-prediction-service\artifacts\fracture_v2\experiment5_localization\dataset\images\train\0775_0635982043_06_WRI-L1_M008.png,D:\projects\MediMind\ai-prediction-service\artifacts\fracture_v2\experiment5_localization\dataset\images\train\0775_0635982150_06_WRI-L2_M008.png,"[0.252404, 0.501121, 0.471154, 0.6177130000000001]","[0.23446300000000003, 0.380342, 0.5367230000000001, 0.472222]","[0.574, 0.5227, 0.806, 0.6112]","[0.2395, 0.3805, 0.5013, 0.4605]",0.7911,0.7392,"[0.5276, 0.5050000000000001, 0.8524, 0.6288999999999999]","[0.18714, 0.3645, 0.5536599999999999, 0.47650000000000003]",20pct_expanded_or_full_fallback,0.908,0.7542
0777_01_WRI-L,PAT_GRAZ_777,GRAZPEDWRI-DX,train,0,D:\projects\MediMind\ai-prediction-service\artifacts\fracture_v2\experiment5_localization\dataset\images\train\0777_0356317550_01_WRI-L1_M011.png,D:\projects\MediMind\ai-prediction-service\artifacts\fracture_v2\experiment5_localization\dataset\images\train\0777_0356317571_01_WRI-L2_M011.png,NONE,NONE,NONE,NONE,0.0,0.0,FULL_IMAGE,FULL_IMAGE,20pct_expanded_or_full_fallback,0.0,0.0
0779_01_WRI-R,PAT_GRAZ_779,GRAZPEDWRI-DX,train,1,D:\projects\MediMind\ai-prediction-service\artifacts\fracture_v2\experiment5_localization\dataset\images\train\0779_0481470176_01_WRI-R1_F010.png,D:\projects\MediMind\ai-prediction-service\artifacts\fracture_v2\experiment5_localization\dataset\images\train\0779_0481470207_01_WRI-R2_F010.png,"[0.31068, 0.425481, 0.634952, 0.48677899999999996]","[0.45477349999999994, 0.4181225, 0.7713565, 0.4945415]",NONE,NONE,0.0,0.0,FULL_IMAGE,FULL_IMAGE,20pct_expanded_or_full_fallback,0.0,0.0
0780_01_WRI-R,PAT_GRAZ_780,GRAZPEDWRI-DX,train,1,D:\projects\MediMind\ai-prediction-service\artifacts\fracture_v2\experiment5_localization\dataset\images\train\0780_0727389030_01_WRI-R1_M005.png,D:\projects\MediMind\ai-prediction-service\artifacts\fracture_v2\experiment5_localization\dataset\images\train\0780_0727389071_01_WRI-R2_M005.png,"[0.27008899999999997, 0.5083565, 0.553571, 0.5793875]","[0.350575, 0.4537575, 0.629311, 0.5187865]","[0.2781, 0.5044, 0.5546, 0.5842]","[0.3517, 0.4507, 0.6279, 0.5235]",0.7707,0.7803,"[0.22280000000000003, 0.48843999999999993, 0.6099, 0.60016]","[0.29646, 0.43613999999999997, 0.68314, 0.53806]",20pct_expanded_or_full_fallback,0.8645,0.886
0781_01_WRI-L,PAT_GRAZ_781,GRAZPEDWRI-DX,train,1,D:\projects\MediMind\ai-prediction-service\artifacts\fracture_v2\experiment5_localization\dataset\images\train\0781_1152944386_01_WRI-L1_F010.png,D:\projects\MediMind\ai-prediction-service\artifacts\fracture_v2\experiment5_localization\dataset\images\train\0781_1152944444_01_WRI-L2_F010.png,"[0.48418950000000005, 0.542022, 0.7252965, 0.612668]","[0.3074715, 0.594086, 0.6005745, 0.6841400000000001]","[0.4858, 0.5347, 0.7315, 0.6135]","[0.3127, 0.6019, 0.6014, 0.6867]",0.8456,0.8092,"[0.43666, 0.51894, 0.78064, 0.62926]","[0.25495999999999996, 0.58494, 0.6591400000000001, 0.70366]",20pct_expanded_or_full_fallback,0.8688,0.8703
0781_01_WRI-R,PAT_GRAZ_781,GRAZPEDWRI-DX,train,1,D:\projects\MediMind\ai-prediction-service\artifacts\fracture_v2\experiment5_localization\dataset\images\train\0781_1152944492_01_WRI-R1_F010.png,D:\projects\MediMind\ai-prediction-service\artifacts\fracture_v2\experiment5_localization\dataset\images\train\0781_1152944555_01_WRI-R2_F010.png,"[0.357843, 0.6245165, 0.619281, 0.7083875000000001]","[0.47772249999999994, 0.5993735, 0.7846535, 0.7496084999999999]","[0.3708, 0.6272, 0.6025, 0.7259]","[0.4702, 0.6593, 0.7531, 0.763]",0.5656,0.407,"[0.32446, 0.60746, 0.6488400000000001, 0.74564]","[0.41362, 0.63856, 0.80968, 0.78374]",20pct_expanded_or_full_fallback,0.7239,0.4917
0784_03_WRI-R,PAT_GRAZ_784,GRAZPEDWRI-DX,train,1,D:\projects\MediMind\ai-prediction-service\artifacts\fracture_v2\experiment5_localization\dataset\images\train\0784_0973926273_03_WRI-R1_M007.png,D:\projects\MediMind\ai-prediction-service\artifacts\fracture_v2\experiment5_localization\dataset\images\train\0784_0973926314_03_WRI-R2_M007.png,"[0.27897000000000005, 0.5808675000000001, 0.48927, 0.6568045]","[0.386534, 0.5775859999999999, 0.5985039999999999, 0.644636]","[0.2711, 0.5828, 0.4917, 0.6546]","[0.389, 0.5718, 0.6064, 0.6491]",0.6576,0.6996,"[0.22698000000000002, 0.56844, 0.5358200000000001, 0.66896]","[0.34552, 0.55634, 0.64988, 0.66456]",20pct_expanded_or_full_fallback,0.9037,0.8278
0786_01_WRI-L,PAT_GRAZ_786,GRAZPEDWRI-DX,train,0,D:\projects\MediMind\ai-prediction-service\artifacts\fracture_v2\experiment5_localization\dataset\images\train\0786_1038650205_01_WRI-L1_F010.png,D:\projects\MediMind\ai-prediction-service\artifacts\fracture_v2\experiment5_localization\dataset\images\train\0786_1038650238_01_WRI-L2_F010.png,NONE,NONE,NONE,NONE,0.0,0.0,FULL_IMAGE,FULL_IMAGE,20pct_expanded_or_full_fallback,0.0,0.0
0787_01_WRI-R,PAT_GRAZ_787,GRAZPEDWRI-DX,train,0,D:\projects\MediMind\ai-prediction-service\artifacts\fracture_v2\experiment5_localization\dataset\images\train\0787_0767215768_01_WRI-R1_M009.png,D:\projects\MediMind\ai-prediction-service\artifacts\fracture_v2\experiment5_localization\dataset\images\train\0787_0767215822_01_WRI-R2_M009.png,NONE,NONE,NONE,NONE,0.0,0.0,FULL_IMAGE,FULL_IMAGE,20pct_expanded_or_full_fallback,0.0,0.0
0788_01_WRI-R,PAT_GRAZ_788,GRAZPEDWRI-DX,train,1,D:\projects\MediMind\ai-prediction-service\artifacts\fracture_v2\experiment5_localization\dataset\images\train\0788_0730837893_01_WRI-R1_F008.png,D:\projects\MediMind\ai-prediction-service\artifacts\fracture_v2\experiment5_localization\dataset\images\train\0788_0730837943_01_WRI-R2_F008.png,"[0.32794500000000004, 0.46042900000000003, 0.445067, 0.512179]","[0.3822395, 0.47518400000000005, 0.6100385, 0.5395220000000001]","[0.3292, 0.4557, 0.4431, 0.5075]","[0.3796, 0.4758, 0.6222, 0.5453]",0.6199,0.6279,"[0.30641999999999997, 0.44534, 0.46588, 0.51786]","[0.33108, 0.4619, 0.67072, 0.5592]",20pct_expanded_or_full_fallback,0.8124,0.8538
0788_02_WRI-R,PAT_GRAZ_788,GRAZPEDWRI-DX,train,1,D:\projects\MediMind\ai-prediction-service\artifacts\fracture_v2\experiment5_localization\dataset\images\train\0788_0732046550_02_WRI-R1_F008.png,D:\projects\MediMind\ai-prediction-service\artifacts\fracture_v2\experiment5_localization\dataset\images\train\0788_0732046596_02_WRI-R2_F008.png,"[0.6485355, 0.366109, 0.8389125000000001, 0.417713]","[0.2637435, 0.3261375, 0.5778605, 0.3825525]","[0.2792, 0.3633, 0.5996, 0.4311]","[0.2599, 0.3188, 0.5754, 0.3831]",0.698,0.7575,"[0.21511999999999998, 0.34974, 0.66368, 0.44466]","[0.19680000000000003, 0.30594, 0.6385000000000001, 0.39596]",20pct_expanded_or_full_fallback,0.797,0.8608
0788_03_WRI-R,PAT_GRAZ_788,GRAZPEDWRI-DX,train,1,D:\projects\MediMind\ai-prediction-service\artifacts\fracture_v2\experiment5_localization\dataset\images\train\0788_0734470455_03_WRI-R1_F008.png,D:\projects\MediMind\ai-prediction-service\artifacts\fracture_v2\experiment5_localization\dataset\images\train\0788_0734470494_03_WRI-R2_F008.png,"[0.349233, 0.46204999999999996, 0.616695, 0.56167]","[0.3888285, 0.42211350000000003, 0.5921815, 0.4893645]","[0.3544, 0.4747, 0.6192, 0.5614]","[0.3854, 0.4181, 0.5955, 0.4821]",0.6126,0.7226,"[0.30144, 0.45736, 0.67216, 0.57874]","[0.34338, 0.40530000000000005, 0.6375200000000001, 0.49489999999999995]",20pct_expanded_or_full_fallback,0.8466,0.8174
0788_04_WRI-L,PAT_GRAZ_788,GRAZPEDWRI-DX,train,1,D:\projects\MediMind\ai-prediction-service\artifacts\fracture_v2\experiment5_localization\dataset\images\train\0788_0823071136_04_WRI-L1_F011.png,D:\projects\MediMind\ai-prediction-service\artifacts\fracture_v2\experiment5_localization\dataset\images\train\0788_0823071162_04_WRI-L2_F011.png,"[0.4325325, 0.4128785, 0.7282815, 0.47821949999999996]","[0.270492, 0.46199550000000006, 0.5348360000000001, 0.5605705000000001]",NONE,"[0.2821, 0.4779, 0.5329, 0.5507]",0.0,0.3729,FULL_IMAGE,"[0.23194, 0.46334, 0.58306, 0.56526]",20pct_expanded_or_full_fallback,0.0,0.7007
0789_03_WRI-R,PAT_GRAZ_789,GRAZPEDWRI-DX,train,1,D:\projects\MediMind\ai-prediction-service\artifacts\fracture_v2\experiment5_localization\dataset\images\train\0789_0634809542_03_WRI-R1_M009.png,D:\projects\MediMind\ai-prediction-service\artifacts\fracture_v2\experiment5_localization\dataset\images\train\0789_0634809567_03_WRI-R2_M009.png,"[0.5466669999999999, 0.7721965, 0.669091, 0.8598135]","[0.535849, 0.6016595, 0.6440250000000001, 0.7043565]","[0.5445, 0.7824, 0.6733, 0.8731]",NONE,0.2541,0.0,"[0.51874, 0.7642599999999999, 0.69906, 0.89124]",FULL_IMAGE,20pct_expanded_or_full_fallback,0.7329,0.0
0790_01_WRI-L,PAT_GRAZ_790,GRAZPEDWRI-DX,train,1,D:\projects\MediMind\ai-prediction-service\artifacts\fracture_v2\experiment5_localization\dataset\images\train\0790_0388682804_01_WRI-L1_M006.png,D:\projects\MediMind\ai-prediction-service\artifacts\fracture_v2\experiment5_localization\dataset\images\train\0790_0388682844_01_WRI-L2_M006.png,"[0.5209205, 0.5798425, 0.7364015, 0.6452875]","[0.407408, 0.356165, 0.58642, 0.43150700000000003]","[0.5188, 0.5722, 0.7366, 0.6498]","[0.4114, 0.3491, 0.5932, 0.4435]",0.7662,0.6701,"[0.47524000000000005, 0.5566800000000001, 0.7801600000000001, 0.66532]","[0.37504, 0.33022, 0.6295599999999999, 0.46238]",20pct_expanded_or_full_fallback,0.8344,0.7551
0791_01_WRI-L,PAT_GRAZ_791,GRAZPEDWRI-DX,train,1,D:\projects\MediMind\ai-prediction-service\artifacts\fracture_v2\experiment5_localization\dataset\images\train\0791_0965035347_01_WRI-L1_M016.png,D:\projects\MediMind\ai-prediction-service\artifacts\fracture_v2\experiment5_localization\dataset\images\train\0791_0965035399_01_WRI-L2_M016.png,"[0.3888210000000001, 0.4033455, 0.691373, 0.4786245]","[0.20629400000000003, 0.361719, 0.5961540000000001, 0.44531299999999996]","[0.201, 0.4866, 0.3522, 0.5513]","[0.2152, 0.3556, 0.5954, 0.4488]",0.3904,0.3062,"[0.17076000000000002, 0.47365999999999997, 0.38244, 0.5642400000000001]","[0.13916, 0.33696000000000004, 0.67144, 0.46743999999999997]",20pct_expanded_or_full_fallback,0.0,0.8769
0791_02_WRI-L,PAT_GRAZ_791,GRAZPEDWRI-DX,train,1,D:\projects\MediMind\ai-prediction-service\artifacts\fracture_v2\experiment5_localization\dataset\images\train\0791_0965037900_02_WRI-L1_M016.png,D:\projects\MediMind\ai-prediction-service\artifacts\fracture_v2\experiment5_localization\dataset\images\train\0791_0965037958_02_WRI-L2_M016.png,"[0.3488065, 0.4640885, 0.7002655, 0.5543275]","[0.23455050000000002, 0.35007999999999995, 0.5379215, 0.42823]",NONE,NONE,0.0,0.0,FULL_IMAGE,FULL_IMAGE,20pct_expanded_or_full_fallback,0.0,0.0
0791_03_WRI-L,PAT_GRAZ_791,GRAZPEDWRI-DX,train,1,D:\projects\MediMind\ai-prediction-service\artifacts\fracture_v2\experiment5_localization\dataset\images\train\0791_0965671224_03_WRI-L1_M016.png,D:\projects\MediMind\ai-prediction-service\artifacts\fracture_v2\experiment5_localization\dataset\images\train\0791_0965671308_03_WRI-L2_M016.png,"[0.34509200000000007, 0.5923425, 0.714724, 0.7229734999999999]","[0.207049, 0.4337075, 0.674009, 0.5752805]","[0.3774, 0.634, 0.704, 0.7538]","[0.2084, 0.4625, 0.6627, 0.5817]",0.3875,0.345,"[0.31208, 0.61004, 0.76932, 0.77776]","[0.11754, 0.43866000000000005, 0.75356, 0.60554]",20pct_expanded_or_full_fallback,0.498,0.7423
0791_04_WRI-L,PAT_GRAZ_791,GRAZPEDWRI-DX,train,1,D:\projects\MediMind\ai-prediction-service\artifacts\fracture_v2\experiment5_localization\dataset\images\train\0791_0965672834_04_WRI-L1_M016.png,D:\projects\MediMind\ai-prediction-service\artifacts\fracture_v2\experiment5_localization\dataset\images\train\0791_0965672895_04_WRI-L2_M016.png,"[0.3420245, 0.691315, 0.7147235000000001, 0.827465]","[0.29219649999999997, 0.3076135, 0.6733215, 0.4156385]",NONE,"[0.2962, 0.3132, 0.6617, 0.4305]",0.0,0.4354,FULL_IMAGE,"[0.22310000000000002, 0.28974, 0.7347999999999999, 0.45396]",20pct_expanded_or_full_fallback,0.0,0.8034
0791_05_WRI-L,PAT_GRAZ_791,GRAZPEDWRI-DX,train,1,D:\projects\MediMind\ai-prediction-service\artifacts\fracture_v2\experiment5_localization\dataset\images\train\0791_0966283156_05_WRI-L1_M016.png,D:\projects\MediMind\ai-prediction-service\artifacts\fracture_v2\experiment5_localization\dataset\images\train\0791_0966283229_05_WRI-L2_M016.png,"[0.34363600000000005, 0.5633455, 0.783636, 0.7047965]","[0.24552000000000002, 0.443287, 0.621864, 0.5925929999999999]","[0.3751, 0.5896, 0.7707, 0.7298]","[0.2547, 0.455, 0.6145, 0.601]",0.3882,0.4147,"[0.29597999999999997, 0.5615600000000001, 0.84982, 0.75784]","[0.18273999999999996, 0.4258, 0.6864600000000001, 0.6302]",20pct_expanded_or_full_fallback,0.6318,0.836
0791_06_WRI-L,PAT_GRAZ_791,GRAZPEDWRI-DX,train,1,D:\projects\MediMind\ai-prediction-service\artifacts\fracture_v2\experiment5_localization\dataset\images\train\0791_0966893712_06_WRI-L1_M016.png,D:\projects\MediMind\ai-prediction-service\artifacts\fracture_v2\experiment5_localization\dataset\images\train\0791_0966893754_06_WRI-L2_M016.png,"[0.40624950000000004, 0.4897455, 0.7648805, 0.6062345]","[0.261029, 0.4676265, 0.665441, 0.5809355]",NONE,"[0.2628, 0.4718, 0.6578, 0.5801]",0.0,0.507,FULL_IMAGE,"[0.18379999999999996, 0.45014, 0.7368000000000001, 0.60176]",20pct_expanded_or_full_fallback,0.0,0.9335
0792_01_WRI-L,PAT_GRAZ_792,GRAZPEDWRI-DX,train,0,D:\projects\MediMind\ai-prediction-service\artifacts\fracture_v2\experiment5_localization\dataset\images\train\0792_0783244395_01_WRI-L1_F014.png,D:\projects\MediMind\ai-prediction-service\artifacts\fracture_v2\experiment5_localization\dataset\images\train\0792_0783244422_01_WRI-L2_F014.png,NONE,NONE,NONE,NONE,0.0,0.0,FULL_IMAGE,FULL_IMAGE,20pct_expanded_or_full_fallback,0.0,0.0
0793_01_WRI-L,PAT_GRAZ_793,GRAZPEDWRI-DX,train,1,D:\projects\MediMind\ai-prediction-service\artifacts\fracture_v2\experiment5_localization\dataset\images\train\0793_0901644365_01_WRI-L1_F008.png,D:\projects\MediMind\ai-prediction-service\artifacts\fracture_v2\experiment5_localization\dataset\images\train\0793_0901644407_01_WRI-L2_F008.png,NONE,"[0.371765, 0.4680285, 0.687059, 0.5328595]",NONE,"[0.3593, 0.4535, 0.7019, 0.5208]",0.0,0.3513,FULL_IMAGE,"[0.29078000000000004, 0.44004, 0.77042, 0.5342600000000001]",20pct_expanded_or_full_fallback,0.0,0.6195
0795_01_WRI-R,PAT_GRAZ_795,GRAZPEDWRI-DX,train,0,D:\projects\MediMind\ai-prediction-service\artifacts\fracture_v2\experiment5_localization\dataset\images\train\0795_0938974238_01_WRI-R1_M009.png,D:\projects\MediMind\ai-prediction-service\artifacts\fracture_v2\experiment5_localization\dataset\images\train\0795_0938974316_01_WRI-R2_M009.png,NONE,NONE,NONE,NONE,0.0,0.0,FULL_IMAGE,FULL_IMAGE,20pct_expanded_or_full_fallback,0.0,0.0
0796_01_WRI-L,PAT_GRAZ_796,GRAZPEDWRI-DX,train,1,D:\projects\MediMind\ai-prediction-service\artifacts\fracture_v2\experiment5_localization\dataset\images\train\0796_0975573308_01_WRI-L1_F005.png,D:\projects\MediMind\ai-prediction-service\artifacts\fracture_v2\experiment5_localization\dataset\images\train\0796_0975573329_01_WRI-L2_F005.png,"[0.522663, 0.452631, 0.660057, 0.528947]","[0.44000000000000006, 0.4020105, 0.5792, 0.4798995]","[0.5226, 0.4549, 0.6628, 0.5337]","[0.4381, 0.3944, 0.5805, 0.4728]",0.8666,0.7576,"[0.49455999999999994, 0.43914000000000003, 0.6908399999999999, 0.54946]","[0.40962, 0.37871999999999995, 0.6089800000000001, 0.48848]",20pct_expanded_or_full_fallback,0.8956,0.8109
0797_01_WRI-L,PAT_GRAZ_797,GRAZPEDWRI-DX,train,0,D:\projects\MediMind\ai-prediction-service\artifacts\fracture_v2\experiment5_localization\dataset\images\train\0797_0723552281_01_WRI-L1_M013.png,D:\projects\MediMind\ai-prediction-service\artifacts\fracture_v2\experiment5_localization\dataset\images\train\0797_0723552312_01_WRI-L2_M013.png,NONE,NONE,NONE,NONE,0.0,0.0,FULL_IMAGE,FULL_IMAGE,20pct_expanded_or_full_fallback,0.0,0.0
0798_01_WRI-L,PAT_GRAZ_798,GRAZPEDWRI-DX,train,1,D:\projects\MediMind\ai-prediction-service\artifacts\fracture_v2\experiment5_localization\dataset\images\train\0798_1176968464_01_WRI-L1_M010.png,D:\projects\MediMind\ai-prediction-service\artifacts\fracture_v2\experiment5_localization\dataset\images\train\0798_1176968591_01_WRI-L2_M010.png,"[0.37092100000000006, 0.4427365, 0.659103, 0.5364415]","[0.41940299999999997, 0.314921, 0.698507, 0.424567]","[0.3604, 0.4452, 0.6163, 0.5389]","[0.4129, 0.3211, 0.6891, 0.4235]",0.4343,0.2818,"[0.30922, 0.42645999999999995, 0.66748, 0.55764]","[0.35766, 0.30062, 0.74434, 0.44398]",20pct_expanded_or_full_fallback,0.783,0.8832
0798_01_WRI-R,PAT_GRAZ_798,GRAZPEDWRI-DX,train,1,D:\projects\MediMind\ai-prediction-service\artifacts\fracture_v2\experiment5_localization\dataset\images\train\0798_1176968729_01_WRI-R1_M010.png,D:\projects\MediMind\ai-prediction-service\artifacts\fracture_v2\experiment5_localization\dataset\images\train\0798_1176968656_01_WRI-R2_M010.png,"[0.3357755, 0.473491, 0.5030525, 0.540501]","[0.519953, 0.49195099999999997, 0.649061, 0.5556989999999999]","[0.3416, 0.469, 0.4995, 0.5429]","[0.5057, 0.4789, 0.6526, 0.5652]",0.7234,0.429,"[0.31002, 0.45421999999999996, 0.53108, 0.5576800000000001]","[0.4763200000000001, 0.46164, 0.6819799999999999, 0.5824600000000001]",20pct_expanded_or_full_fallback,0.8604,0.6492
0798_02_WRI-R,PAT_GRAZ_798,GRAZPEDWRI-DX,train,1,D:\projects\MediMind\ai-prediction-service\artifacts\fracture_v2\experiment5_localization\dataset\images\train\0798_1176971375_02_WRI-R1_M010.png,D:\projects\MediMind\ai-prediction-service\artifacts\fracture_v2\experiment5_localization\dataset\images\train\0798_1176971459_02_WRI-R2_M010.png,"[0.238487, 0.550201, 0.444079, 0.663655]","[0.486289, 0.5249525, 0.703839, 0.6717855]","[0.2391, 0.5601, 0.4453, 0.6654]","[0.5015, 0.5154, 0.7032, 0.6126]",0.7574,0.6969,"[0.19786, 0.5390400000000001, 0.48654, 0.68646]","[0.4611599999999999, 0.49595999999999996, 0.7435400000000001, 0.63204]",20pct_expanded_or_full_fallback,0.8914,0.5219
0798_03_WRI-L,PAT_GRAZ_798,GRAZPEDWRI-DX,train,1,D:\projects\MediMind\ai-prediction-service\artifacts\fracture_v2\experiment5_localization\dataset\images\train\0798_1177663348_03_WRI-L1_M010.png,D:\projects\MediMind\ai-prediction-service\artifacts\fracture_v2\experiment5_localization\dataset\images\train\0798_1177663398_03_WRI-L2_M010.png,"[0.28350549999999997, 0.4066725, 0.6443305, 0.5293055]","[0.3181815, 0.4161675, 0.6272725, 0.5499005]","[0.2758, 0.4231, 0.6224, 0.5309]","[0.2986, 0.4038, 0.6408, 0.5478]",0.6122,0.4692,"[0.20648, 0.40153999999999995, 0.6917199999999999, 0.5524600000000001]","[0.23015999999999998, 0.375, 0.7092400000000001, 0.5766]",20pct_expanded_or_full_fallback,0.789,0.8149
0798_03_WRI-R,PAT_GRAZ_798,GRAZPEDWRI-DX,train,1,D:\projects\MediMind\ai-prediction-service\artifacts\fracture_v2\experiment5_localization\dataset\images\train\0798_1177663611_03_WRI-R1_M010.png,D:\projects\MediMind\ai-prediction-service\artifacts\fracture_v2\experiment5_localization\dataset\images\train\0798_1177663651_03_WRI-R2_M010.png,"[0.2916665, 0.5086655, 0.48878150000000004, 0.5953204999999999]","[0.2689245, 0.44842649999999995, 0.4800795, 0.5804195]","[0.5619, 0.4671, 0.7505, 0.5455]","[0.2707, 0.4961, 0.4801, 0.5733]",0.7752,0.6959,"[0.52418, 0.45142000000000004, 0.7882199999999999, 0.56118]","[0.22882, 0.48066, 0.52198, 0.58874]",20pct_expanded_or_full_fallback,0.788,0.5799
0798_04_WRI-L,PAT_GRAZ_798,GRAZPEDWRI-DX,train,1,D:\projects\MediMind\ai-prediction-service\artifacts\fracture_v2\experiment5_localization\dataset\images\train\0798_1178268437_04_WRI-L1_M010.png,D:\projects\MediMind\ai-prediction-service\artifacts\fracture_v2\experiment5_localization\dataset\images\train\0798_1178268484_04_WRI-L2_M010.png,"[0.36819500000000005, 0.447775, 0.648997, 0.564941]","[0.42184849999999996, 0.309874, 0.7193275, 0.49369799999999997]","[0.3645, 0.4379, 0.6533, 0.5618]","[0.4166, 0.301, 0.7202, 0.4592]",0.6212,0.3978,"[0.30674, 0.41312000000000004, 0.71106, 0.58658]","[0.35588000000000003, 0.26936, 0.78092, 0.49084]",20pct_expanded_or_full_fallback,0.8733,0.762
0798_04_WRI-R,PAT_GRAZ_798,GRAZPEDWRI-DX,train,1,D:\projects\MediMind\ai-prediction-service\artifacts\fracture_v2\experiment5_localization\dataset\images\train\0798_1178268539_04_WRI-R1_M010.png,D:\projects\MediMind\ai-prediction-service\artifacts\fracture_v2\experiment5_localization\dataset\images\train\0798_1178268570_04_WRI-R2_M010.png,"[0.37088350000000003, 0.6124455, 0.5736565, 0.7325325]","[0.415435, 0.497047, 0.589491, 0.636811]","[0.3767, 0.6217, 0.57, 0.7286]","[0.4058, 0.5165, 0.5838, 0.6371]",0.7646,0.5101,"[0.33804, 0.6003200000000001, 0.60866, 0.74998]","[0.3702, 0.49237999999999993, 0.6194, 0.66122]",20pct_expanded_or_full_fallback,0.8486,0.7932
0798_05_WRI-L,PAT_GRAZ_798,GRAZPEDWRI-DX,train,1,D:\projects\MediMind\ai-prediction-service\artifacts\fracture_v2\experiment5_localization\dataset\images\train\0798_1179468075_05_WRI-L1_M010.png,D:\projects\MediMind\ai-prediction-service\artifacts\fracture_v2\experiment5_localization\dataset\images\train\0798_1179468107_05_WRI-L2_M010.png,"[0.3237775, 0.32840199999999997, 0.6543005, 0.48027600000000004]","[0.4724545, 0.42483100000000007, 0.7529215, 0.589527]","[0.325, 0.3411, 0.6532, 0.4834]","[0.478, 0.4357, 0.7412, 0.531]",0.5018,0.3687,"[0.25936000000000003, 0.31264000000000003, 0.71884, 0.51186]","[0.42535999999999996, 0.41663999999999995, 0.79384, 0.55006]",20pct_expanded_or_full_fallback,0.8917,0.543
0798_05_WRI-R,PAT_GRAZ_798,GRAZPEDWRI-DX,train,1,D:\projects\MediMind\ai-prediction-service\artifacts\fracture_v2\experiment5_localization\dataset\images\train\0798_1179468148_05_WRI-R1_M010.png,D:\projects\MediMind\ai-prediction-service\artifacts\fracture_v2\experiment5_localization\dataset\images\train\0798_1179468179_05_WRI-R2_M010.png,"[0.33125000000000004, 0.5696085, 0.520312, 0.6833335]","[0.2945815, 0.564681, 0.49655849999999996, 0.697603]","[0.3355, 0.5867, 0.518, 0.6782]","[0.2872, 0.5774, 0.4779, 0.6849]",0.7486,0.6578,"[0.29900000000000004, 0.5684, 0.5545, 0.6965]","[0.24906, 0.5559000000000001, 0.5160399999999999, 0.7063999999999999]",20pct_expanded_or_full_fallback,0.7766,0.713
0799_01_WRI-R,PAT_GRAZ_799,GRAZPEDWRI-DX,train,0,D:\projects\MediMind\ai-prediction-service\artifacts\fracture_v2\experiment5_localization\dataset\images\train\0799_0624753311_01_WRI-R1_M014.png,D:\projects\MediMind\ai-prediction-service\artifacts\fracture_v2\experiment5_localization\dataset\images\train\0799_0624753350_01_WRI-R2_M014.png,NONE,NONE,NONE,NONE,0.0,0.0,FULL_IMAGE,FULL_IMAGE,20pct_expanded_or_full_fallback,0.0,0.0
0800_01_WRI-R,PAT_GRAZ_800,GRAZPEDWRI-DX,train,0,D:\projects\MediMind\ai-prediction-service\artifacts\fracture_v2\experiment5_localization\dataset\images\train\0800_0822407562_01_WRI-R1_F012.png,D:\projects\MediMind\ai-prediction-service\artifacts\fracture_v2\experiment5_localization\dataset\images\train\0800_0822407611_01_WRI-R2_F012.png,NONE,NONE,NONE,NONE,0.0,0.0,FULL_IMAGE,FULL_IMAGE,20pct_expanded_or_full_fallback,0.0,0.0
0803_01_WRI-L,PAT_GRAZ_803,GRAZPEDWRI-DX,train,1,D:\projects\MediMind\ai-prediction-service\artifacts\fracture_v2\experiment5_localization\dataset\images\train\0803_1010503340_01_WRI-L1_M013.png,D:\projects\MediMind\ai-prediction-service\artifacts\fracture_v2\experiment5_localization\dataset\images\train\0803_1010503381_01_WRI-L2_M013.png,"[0.47272699999999995, 0.5665365, 0.690909, 0.6223095000000001]","[0.433333, 0.5299225000000001, 0.6176470000000001, 0.5936295]",NONE,"[0.4226, 0.5253, 0.6262, 0.5883]",0.0,0.7259,FULL_IMAGE,"[0.38188, 0.5126999999999999, 0.66692, 0.6009000000000001]",20pct_expanded_or_full_fallback,0.0,0.7792
0804_01_WRI-L,PAT_GRAZ_804,GRAZPEDWRI-DX,train,1,D:\projects\MediMind\ai-prediction-service\artifacts\fracture_v2\experiment5_localization\dataset\images\train\0804_0496003849_01_WRI-L1_F009.png,D:\projects\MediMind\ai-prediction-service\artifacts\fracture_v2\experiment5_localization\dataset\images\train\0804_0496003881_01_WRI-L2_F009.png,"[0.49789049999999996, 0.5211950000000001, 0.6554154999999999, 0.587669]","[0.44051850000000004, 0.4222415, 0.5713275, 0.4871425]","[0.4966, 0.5201, 0.6549, 0.5919]","[0.4494, 0.4273, 0.5714, 0.4848]",0.8578,0.6542,"[0.46493999999999996, 0.50574, 0.6865600000000001, 0.60626]","[0.42500000000000004, 0.4158, 0.5958, 0.4963]",20pct_expanded_or_full_fallback,0.9155,0.8254
0804_02_WRI-L,PAT_GRAZ_804,GRAZPEDWRI-DX,train,1,D:\projects\MediMind\ai-prediction-service\artifacts\fracture_v2\experiment5_localization\dataset\images\train\0804_0496677517_02_WRI-L1_F009.png,D:\projects\MediMind\ai-prediction-service\artifacts\fracture_v2\experiment5_localization\dataset\images\train\0804_0496677583_02_WRI-L2_F009.png,"[0.5359480000000001, 0.5824755, 0.765636, 0.6642145]","[0.4256305, 0.6250964999999999, 0.5679715, 0.6927515]","[0.5234, 0.5828, 0.7764, 0.6729]","[0.4317, 0.6208, 0.5701, 0.6951]",0.6954,0.7432,"[0.4728, 0.56478, 0.827, 0.6909200000000001]","[0.40401999999999993, 0.60594, 0.5977800000000001, 0.70996]",20pct_expanded_or_full_fallback,0.8177,0.8621
0804_03_WRI-L,PAT_GRAZ_804,GRAZPEDWRI-DX,train,1,D:\projects\MediMind\ai-prediction-service\artifacts\fracture_v2\experiment5_localization\dataset\images\train\0804_0497634102_03_WRI-L1_F009.png,D:\projects\MediMind\ai-prediction-service\artifacts\fracture_v2\experiment5_localization\dataset\images\train\0804_0497634156_03_WRI-L2_F009.png,"[0.5232555000000001, 0.47813449999999996, 0.7275745, 0.5568514999999999]","[0.398917, 0.55662, 0.563177, 0.6324040000000001]","[0.5285, 0.4798, 0.7293, 0.5582]","[0.4069, 0.5518, 0.5609, 0.6164]",0.7287,0.5827,"[0.48834, 0.46412, 0.7694599999999999, 0.5738800000000001]","[0.3761, 0.5388799999999999, 0.5916999999999999, 0.62932]",20pct_expanded_or_full_fallback,0.9304,0.6979
0804_04_WRI-L,PAT_GRAZ_804,GRAZPEDWRI-DX,train,1,D:\projects\MediMind\ai-prediction-service\artifacts\fracture_v2\experiment5_localization\dataset\images\train\0804_0498497240_04_WRI-L1_F009.png,D:\projects\MediMind\ai-prediction-service\artifacts\fracture_v2\experiment5_localization\dataset\images\train\0804_0498497313_04_WRI-L2_F009.png,"[0.488359, 0.7002765, 0.691981, 0.8098835]","[0.34871450000000004, 0.683867, 0.5503715, 0.8219669999999999]","[0.1931, 0.6436, 0.3593, 0.7161]","[0.3608, 0.7175, 0.5636, 0.8101]",0.7966,0.6459,"[0.15986, 0.6291, 0.39254, 0.7305999999999999]","[0.32024, 0.69898, 0.60416, 0.82862]",20pct_expanded_or_full_fallback,0.9033,0.6038
0805_01_WRI-R,PAT_GRAZ_805,GRAZPEDWRI-DX,train,1,D:\projects\MediMind\ai-prediction-service\artifacts\fracture_v2\experiment5_localization\dataset\images\train\0805_0187420756_01_WRI-R1_M005.png,D:\projects\MediMind\ai-prediction-service\artifacts\fracture_v2\experiment5_localization\dataset\images\train\0805_0187420775_01_WRI-R2_M005.png,"[0.337248, 0.34273349999999997, 0.53859, 0.4175705]","[0.4429755, 0.355599, 0.5933885, 0.41846700000000003]","[0.3421, 0.3477, 0.5399, 0.418]","[0.4343, 0.3473, 0.5913, 0.4115]",0.8672,0.8013,"[0.30254000000000003, 0.33364, 0.5794600000000001, 0.43206]","[0.40290000000000004, 0.33446, 0.6227, 0.42434]",20pct_expanded_or_full_fallback,0.9006,0.7374
0807_01_WRI-L,PAT_GRAZ_807,GRAZPEDWRI-DX,train,1,D:\projects\MediMind\ai-prediction-service\artifacts\fracture_v2\experiment5_localization\dataset\images\train\0807_0274215122_01_WRI-L1_F012.png,D:\projects\MediMind\ai-prediction-service\artifacts\fracture_v2\experiment5_localization\dataset\images\train\0807_0274215177_01_WRI-L2_F012.png,"[0.46255500000000005, 0.48484849999999996, 0.690161, 0.5757574999999999]","[0.3732125, 0.39899700000000005, 0.5773735, 0.467765]","[0.4643, 0.4869, 0.6885, 0.5657]","[0.3703, 0.3975, 0.5494, 0.4614]",0.8465,0.8147,"[0.41946, 0.47114, 0.73334, 0.58146]","[0.33448, 0.38472, 0.58522, 0.47418]",20pct_expanded_or_full_fallback,0.8538,0.7588
0807_02_WRI-L,PAT_GRAZ_807,GRAZPEDWRI-DX,train,1,D:\projects\MediMind\ai-prediction-service\artifacts\fracture_v2\experiment5_localization\dataset\images\train\0807_0274218699_02_WRI-L1_F012.png,D:\projects\MediMind\ai-prediction-service\artifacts\fracture_v2\experiment5_localization\dataset\images\train\0807_0274218857_02_WRI-L2_F012.png,"[0.49310300000000007, 0.621622, 0.765517, 0.7297300000000001]","[0.35507299999999997, 0.6332720000000001, 0.585145, 0.7104779999999999]","[0.5, 0.6321, 0.7622, 0.7241]","[0.3588, 0.6192, 0.5851, 0.6948]",0.6413,0.5846,"[0.44756, 0.6137, 0.81464, 0.7424999999999999]","[0.31354000000000004, 0.60408, 0.6303599999999999, 0.70992]",20pct_expanded_or_full_fallback,0.8191,0.6647
0808_01_WRI-L,PAT_GRAZ_808,GRAZPEDWRI-DX,train,1,D:\projects\MediMind\ai-prediction-service\artifacts\fracture_v2\experiment5_localization\dataset\images\train\0808_0236041090_01_WRI-L1_F008.png,D:\projects\MediMind\ai-prediction-service\artifacts\fracture_v2\experiment5_localization\dataset\images\train\0808_0236041133_01_WRI-L2_F008.png,"[0.40506300000000006, 0.4114905, 0.731645, 0.49999950000000004]","[0.364557, 0.47033850000000005, 0.622785, 0.5720335000000001]","[0.4021, 0.3951, 0.7247, 0.4988]","[0.3524, 0.4744, 0.6572, 0.5773]",0.6384,0.2301,"[0.33758, 0.37436, 0.78922, 0.51954]","[0.29144, 0.45382, 0.71816, 0.5978800000000001]",20pct_expanded_or_full_fallback,0.81,0.7778
0808_02_WRI-L,PAT_GRAZ_808,GRAZPEDWRI-DX,train,1,D:\projects\MediMind\ai-prediction-service\artifacts\fracture_v2\experiment5_localization\dataset\images\train\0808_0236816535_02_WRI-L1_F008.png,D:\projects\MediMind\ai-prediction-service\artifacts\fracture_v2\experiment5_localization\dataset\images\train\0808_0236816579_02_WRI-L2_F008.png,"[0.435764, 0.3744235, 0.6493059999999999, 0.4516125]","[0.399582, 0.5065354999999999, 0.585774, 0.5664485]","[0.4352, 0.3981, 0.6403, 0.4661]","[0.396, 0.5006, 0.584, 0.5621]",0.3052,0.6749,"[0.39418, 0.3845, 0.6813199999999999, 0.4797]","[0.35840000000000005, 0.48830000000000007, 0.6215999999999999, 0.5744]",20pct_expanded_or_full_fallback,0.5617,0.8217
0808_03_WRI-L,PAT_GRAZ_808,GRAZPEDWRI-DX,train,0,D:\projects\MediMind\ai-prediction-service\artifacts\fracture_v2\experiment5_localization\dataset\images\train\0808_0322686747_03_WRI-L1_F010.png,D:\projects\MediMind\ai-prediction-service\artifacts\fracture_v2\experiment5_localization\dataset\images\train\0808_0322686824_03_WRI-L2_F010.png,NONE,NONE,NONE,NONE,0.0,0.0,FULL_IMAGE,FULL_IMAGE,20pct_expanded_or_full_fallback,0.0,0.0
0809_01_WRI-L,PAT_GRAZ_809,GRAZPEDWRI-DX,train,1,D:\projects\MediMind\ai-prediction-service\artifacts\fracture_v2\experiment5_localization\dataset\images\train\0809_0407236468_01_WRI-L1_F007.png,D:\projects\MediMind\ai-prediction-service\artifacts\fracture_v2\experiment5_localization\dataset\images\train\0809_0407236550_01_WRI-L2_F007.png,"[0.5304965, 0.6451610000000001, 0.6893615000000001, 0.733333]","[0.48440099999999997, 0.5391215, 0.568145, 0.5992365]","[0.5303, 0.6516, 0.6872, 0.7357]","[0.3739, 0.5527, 0.5299, 0.6291]",0.8208,0.7645,"[0.49892, 0.6347799999999999, 0.71858, 0.7525200000000001]","[0.3427, 0.53742, 0.5611, 0.64438]",20pct_expanded_or_full_fallback,0.8897,0.6258
0809_02_WRI-L,PAT_GRAZ_809,GRAZPEDWRI-DX,train,1,D:\projects\MediMind\ai-prediction-service\artifacts\fracture_v2\experiment5_localization\dataset\images\train\0809_0408005708_02_WRI-L1_F007.png,D:\projects\MediMind\ai-prediction-service\artifacts\fracture_v2\experiment5_localization\dataset\images\train\0809_0408005841_02_WRI-L2_F007.png,"[0.5603445, 0.7593169999999999, 0.7931035, 0.914597]","[0.16176450000000003, 0.6616544999999999, 0.3480395, 0.7684215]","[0.2925, 0.776, 0.474, 0.8625]","[0.1596, 0.6622, 0.3398, 0.7607]",0.7097,0.5735,"[0.2562, 0.7587, 0.5103, 0.8798]","[0.12355999999999999, 0.6425, 0.37584, 0.7804000000000001]",20pct_expanded_or_full_fallback,0.7676,0.8724
0809_03_WRI-L,PAT_GRAZ_809,GRAZPEDWRI-DX,train,1,D:\projects\MediMind\ai-prediction-service\artifacts\fracture_v2\experiment5_localization\dataset\images\train\0809_0409215033_03_WRI-L1_F007.png,D:\projects\MediMind\ai-prediction-service\artifacts\fracture_v2\experiment5_localization\dataset\images\train\0809_0409215096_03_WRI-L2_F007.png,"[0.49040549999999994, 0.5413865, 0.7206825, 0.6454135000000001]","[0.29384999999999994, 0.567143, 0.482916, 0.671429]","[0.4852, 0.5524, 0.7238, 0.6417]","[0.3054, 0.5548, 0.4808, 0.6598]",0.8608,0.6286,"[0.43748000000000004, 0.53454, 0.77152, 0.65956]","[0.27032, 0.5337999999999999, 0.51588, 0.6808000000000001]",20pct_expanded_or_full_fallback,0.8326,0.7427
0809_04_WRI-L,PAT_GRAZ_809,GRAZPEDWRI-DX,train,1,D:\projects\MediMind\ai-prediction-service\artifacts\fracture_v2\experiment5_localization\dataset\images\train\0809_0410166736_04_WRI-L1_F007.png,D:\projects\MediMind\ai-prediction-service\artifacts\fracture_v2\experiment5_localization\dataset\images\train\0809_0410166803_04_WRI-L2_F007.png,"[0.46524049999999995, 0.6432869999999999, 0.6631015, 0.7214430000000001]","[0.1543625, 0.5752835, 0.4362415, 0.6832385]","[0.462, 0.6373, 0.6616, 0.7164]","[0.1361, 0.5688, 0.4462, 0.7011]",0.8583,0.5905,"[0.42208, 0.6214799999999999, 0.7015199999999999, 0.7322200000000001]","[0.07408000000000001, 0.5423399999999999, 0.50822, 0.72756]",20pct_expanded_or_full_fallback,0.8497,0.7417
0810_01_WRI-R,PAT_GRAZ_810,GRAZPEDWRI-DX,train,0,D:\projects\MediMind\ai-prediction-service\artifacts\fracture_v2\experiment5_localization\dataset\images\train\0810_0608516482_01_WRI-R1_M010.png,D:\projects\MediMind\ai-prediction-service\artifacts\fracture_v2\experiment5_localization\dataset\images\train\0810_0608516512_01_WRI-R2_M010.png,NONE,NONE,"[0.3029, 0.1928, 0.4241, 0.2457]",NONE,0.217,0.0,"[0.27866, 0.18222, 0.44833999999999996, 0.25628]",FULL_IMAGE,20pct_expanded_or_full_fallback,0.0,0.0
0811_01_WRI-R,PAT_GRAZ_811,GRAZPEDWRI-DX,train,1,D:\projects\MediMind\ai-prediction-service\artifacts\fracture_v2\experiment5_localization\dataset\images\train\0811_1050805021_01_WRI-R1_M006.png,D:\projects\MediMind\ai-prediction-service\artifacts\fracture_v2\experiment5_localization\dataset\images\train\0811_1050805055_01_WRI-R2_M006.png,"[0.284873, 0.447704, 0.557957, 0.503826]","[0.3333335, 0.4379655, 0.6498605, 0.5322585]",NONE,"[0.3506, 0.4373, 0.6426, 0.5077]",0.0,0.2477,FULL_IMAGE,"[0.2922, 0.42322000000000004, 0.701, 0.52178]",20pct_expanded_or_full_fallback,0.0,0.6778
0814_01_WRI-L,PAT_GRAZ_814,GRAZPEDWRI-DX,train,0,D:\projects\MediMind\ai-prediction-service\artifacts\fracture_v2\experiment5_localization\dataset\images\train\0814_1055586622_01_WRI-L1_F013.png,D:\projects\MediMind\ai-prediction-service\artifacts\fracture_v2\experiment5_localization\dataset\images\train\0814_1055586657_01_WRI-L2_F013.png,NONE,NONE,NONE,NONE,0.0,0.0,FULL_IMAGE,FULL_IMAGE,20pct_expanded_or_full_fallback,0.0,0.0
0817_01_WRI-R,PAT_GRAZ_817,GRAZPEDWRI-DX,train,1,D:\projects\MediMind\ai-prediction-service\artifacts\fracture_v2\experiment5_localization\dataset\images\train\0817_0782054459_01_WRI-R1_F006.png,D:\projects\MediMind\ai-prediction-service\artifacts\fracture_v2\experiment5_localization\dataset\images\train\0817_0782054506_01_WRI-R2_F006.png,"[0.2925615, 0.363893, 0.4975205, 0.418195]","[0.3457755, 0.35161749999999997, 0.5579565, 0.4057665]","[0.2904, 0.363, 0.4993, 0.4211]","[0.3499, 0.349, 0.5677, 0.4035]",0.8403,0.7642,"[0.24861999999999998, 0.35137999999999997, 0.54108, 0.43272]","[0.30634, 0.33809999999999996, 0.61126, 0.41440000000000005]",20pct_expanded_or_full_fallback,0.917,0.8591
0817_02_WRI-L,PAT_GRAZ_817,GRAZPEDWRI-DX,train,0,D:\projects\MediMind\ai-prediction-service\artifacts\fracture_v2\experiment5_localization\dataset\images\train\0817_0898410163_02_WRI-L1_F010.png,D:\projects\MediMind\ai-prediction-service\artifacts\fracture_v2\experiment5_localization\dataset\images\train\0817_0898410205_02_WRI-L2_F010.png,NONE,NONE,NONE,NONE,0.0,0.0,FULL_IMAGE,FULL_IMAGE,20pct_expanded_or_full_fallback,0.0,0.0
0818_01_WRI-R,PAT_GRAZ_818,GRAZPEDWRI-DX,train,1,D:\projects\MediMind\ai-prediction-service\artifacts\fracture_v2\experiment5_localization\dataset\images\train\0818_0569831784_01_WRI-R1_M013.png,D:\projects\MediMind\ai-prediction-service\artifacts\fracture_v2\experiment5_localization\dataset\images\train\0818_0569831894_01_WRI-R2_M013.png,"[0.3469675, 0.6061225, 0.5684065, 0.6836734999999999]","[0.46833349999999996, 0.5243645, 0.7216665, 0.6133475]","[0.339, 0.5895, 0.5764, 0.6808]","[0.4385, 0.5028, 0.7204, 0.613]",0.5638,0.3426,"[0.29152, 0.5712400000000001, 0.62388, 0.6990599999999999]","[0.38212, 0.48076, 0.77678, 0.6350399999999999]",20pct_expanded_or_full_fallback,0.7412,0.7146
0818_01_WRI-L,PAT_GRAZ_818,GRAZPEDWRI-DX,train,1,D:\projects\MediMind\ai-prediction-service\artifacts\fracture_v2\experiment5_localization\dataset\images\train\0818_0569831838_01_WRI-L1_M013.png,D:\projects\MediMind\ai-prediction-service\artifacts\fracture_v2\experiment5_localization\dataset\images\train\0818_0569831865_01_WRI-L2_M013.png,"[0.47914199999999996, 0.45824799999999993, 0.724672, 0.5692459999999999]","[0.1787, 0.442157, 0.483754, 0.542157]","[0.494, 0.4954, 0.7079, 0.5758]","[0.189, 0.4297, 0.4941, 0.5239]",0.2073,0.3545,"[0.45122, 0.47932, 0.75068, 0.59188]","[0.12798, 0.41086, 0.55512, 0.54274]",20pct_expanded_or_full_fallback,0.5512,0.6854
0818_02_WRI-R,PAT_GRAZ_818,GRAZPEDWRI-DX,train,1,D:\projects\MediMind\ai-prediction-service\artifacts\fracture_v2\experiment5_localization\dataset\images\train\0818_0570613692_02_WRI-R1_M013.png,D:\projects\MediMind\ai-prediction-service\artifacts\fracture_v2\experiment5_localization\dataset\images\train\0818_0570613846_02_WRI-R2_M013.png,"[0.3298505, 0.7714725, 0.5716415, 0.9079755]","[0.39765049999999996, 0.6096195, 0.6593955, 0.6901565000000001]","[0.3253, 0.753, 0.5772, 0.9021]","[0.3983, 0.6038, 0.6588, 0.6981]",0.6484,0.5083,"[0.27491999999999994, 0.72318, 0.62758, 0.93192]","[0.34619999999999995, 0.58494, 0.7109000000000001, 0.71696]",20pct_expanded_or_full_fallback,0.8103,0.8506
0818_02_WRI-L,PAT_GRAZ_818,GRAZPEDWRI-DX,train,1,D:\projects\MediMind\ai-prediction-service\artifacts\fracture_v2\experiment5_localization\dataset\images\train\0818_0570613754_02_WRI-L1_M013.png,D:\projects\MediMind\ai-prediction-service\artifacts\fracture_v2\experiment5_localization\dataset\images\train\0818_0570613800_02_WRI-L2_M013.png,"[0.4266305, 0.541878, 0.6834235000000001, 0.673858]","[0.27070099999999997, 0.49113100000000004, 0.539809, 0.5809310000000001]","[0.4218, 0.5286, 0.6885, 0.6698]","[0.3779, 0.6641, 0.5512, 0.7696]",0.3947,0.6415,"[0.36846, 0.5003599999999999, 0.74184, 0.69804]","[0.34324, 0.643, 0.58586, 0.7907]",20pct_expanded_or_full_fallback,0.8488,0.0
0818_03_WRI-R,PAT_GRAZ_818,GRAZPEDWRI-DX,train,1,D:\projects\MediMind\ai-prediction-service\artifacts\fracture_v2\experiment5_localization\dataset\images\train\0818_0571314867_03_WRI-R1_M013.png,D:\projects\MediMind\ai-prediction-service\artifacts\fracture_v2\experiment5_localization\dataset\images\train\0818_0571314910_03_WRI-R2_M013.png,"[0.293769, 0.563366, 0.543027, 0.6623760000000001]","[0.24950150000000001, 0.6050415, 0.5369265, 0.6672265]","[0.2925, 0.5689, 0.5416, 0.6689]","[0.2509, 0.6054, 0.5352, 0.6826]",0.6951,0.7336,"[0.24267999999999998, 0.5488999999999999, 0.59142, 0.6889000000000001]","[0.19404000000000002, 0.58996, 0.59206, 0.69804]",20pct_expanded_or_full_fallback,0.8768,0.7902
0818_03_WRI-L,PAT_GRAZ_818,GRAZPEDWRI-DX,train,1,D:\projects\MediMind\ai-prediction-service\artifacts\fracture_v2\experiment5_localization\dataset\images\train\0818_0571314957_03_WRI-L1_M013.png,D:\projects\MediMind\ai-prediction-service\artifacts\fracture_v2\experiment5_localization\dataset\images\train\0818_0571314996_03_WRI-L2_M013.png,"[0.40795249999999994, 0.46765750000000006, 0.6907215, 0.5603145]","[0.3522935, 0.416978, 0.6532104999999999, 0.484142]","[0.1922, 0.51, 0.35, 0.5717]","[0.3933, 0.5577, 0.6085, 0.6365]",0.4499,0.3675,"[0.16064, 0.49766, 0.38155999999999995, 0.58404]","[0.35025999999999996, 0.54194, 0.65154, 0.65226]",20pct_expanded_or_full_fallback,0.0,0.0
0818_04_WRI-R,PAT_GRAZ_818,GRAZPEDWRI-DX,train,1,D:\projects\MediMind\ai-prediction-service\artifacts\fracture_v2\experiment5_localization\dataset\images\train\0818_0571828119_04_WRI-R1_M013.png,D:\projects\MediMind\ai-prediction-service\artifacts\fracture_v2\experiment5_localization\dataset\images\train\0818_0571828172_04_WRI-R2_M013.png,"[0.289813, 0.571591, 0.532281, 0.690909]","[0.405797, 0.585574, 0.6721010000000001, 0.6833739999999999]","[0.2926, 0.5716, 0.5457, 0.6949]","[0.4069, 0.5769, 0.6843, 0.6935]",0.5809,0.609,"[0.24198000000000003, 0.54694, 0.59632, 0.71956]","[0.35141999999999995, 0.55358, 0.73978, 0.71682]",20pct_expanded_or_full_fallback,0.9066,0.7992
0818_04_WRI-L,PAT_GRAZ_818,GRAZPEDWRI-DX,train,1,D:\projects\MediMind\ai-prediction-service\artifacts\fracture_v2\experiment5_localization\dataset\images\train\0818_0571828241_04_WRI-L1_M013.png,D:\projects\MediMind\ai-prediction-service\artifacts\fracture_v2\experiment5_localization\dataset\images\train\0818_0571828316_04_WRI-L2_M013.png,"[0.47413800000000006, 0.4287285, 0.738506, 0.5339915]","[0.30564800000000003, 0.4173915, 0.561462, 0.4891305]","[0.4704, 0.4042, 0.7548, 0.5205]","[0.3062, 0.3949, 0.5861, 0.5008]",0.3881,0.2951,"[0.41352, 0.38094, 0.8116800000000001, 0.5437599999999999]","[0.25022000000000005, 0.37371999999999994, 0.64208, 0.52198]",20pct_expanded_or_full_fallback,0.6621,0.617
0819_01_WRI-L,PAT_GRAZ_819,GRAZPEDWRI-DX,train,0,D:\projects\MediMind\ai-prediction-service\artifacts\fracture_v2\experiment5_localization\dataset\images\train\0819_0567750811_01_WRI-L1_F005.png,D:\projects\MediMind\ai-prediction-service\artifacts\fracture_v2\experiment5_localization\dataset\images\train\0819_0567750840_01_WRI-L2_F005.png,NONE,NONE,NONE,NONE,0.0,0.0,FULL_IMAGE,FULL_IMAGE,20pct_expanded_or_full_fallback,0.0,0.0
0819_02_WRI-L,PAT_GRAZ_819,GRAZPEDWRI-DX,train,1,D:\projects\MediMind\ai-prediction-service\artifacts\fracture_v2\experiment5_localization\dataset\images\train\0819_0768805502_02_WRI-L1_F012.png,D:\projects\MediMind\ai-prediction-service\artifacts\fracture_v2\experiment5_localization\dataset\images\train\0819_0768805556_02_WRI-L2_F012.png,"[0.29733699999999996, 0.48233799999999993, 0.389053, 0.556638]","[0.3595505, 0.5315789999999999, 0.5941015000000001, 0.611579]","[0.3073, 0.4913, 0.3872, 0.5595]","[0.3613, 0.5245, 0.5949, 0.6232]",0.425,0.527,"[0.29132, 0.47766000000000003, 0.40318, 0.57314]","[0.31458, 0.50476, 0.64162, 0.64294]",20pct_expanded_or_full_fallback,0.7412,0.8029
0820_01_WRI-L,PAT_GRAZ_820,GRAZPEDWRI-DX,train,1,D:\projects\MediMind\ai-prediction-service\artifacts\fracture_v2\experiment5_localization\dataset\images\train\0820_0297580256_01_WRI-L1_M001.png,D:\projects\MediMind\ai-prediction-service\artifacts\fracture_v2\experiment5_localization\dataset\images\train\0820_0297580296_01_WRI-L2_M001.png,"[0.4983275, 0.498382, 0.6471564999999999, 0.597088]","[0.359684, 0.388316, 0.539526, 0.498282]","[0.5046, 0.5146, 0.6468, 0.5974]","[0.3601, 0.3808, 0.544, 0.4921]",0.6098,0.3201,"[0.47616, 0.4980399999999999, 0.6752400000000001, 0.6139600000000001]","[0.32331999999999994, 0.35854, 0.5807800000000001, 0.5143599999999999]",20pct_expanded_or_full_fallback,0.7961,0.8612
0821_01_WRI-R,PAT_GRAZ_821,GRAZPEDWRI-DX,train,1,D:\projects\MediMind\ai-prediction-service\artifacts\fracture_v2\experiment5_localization\dataset\images\train\0821_0937972561_01_WRI-R1_F012.png,D:\projects\MediMind\ai-prediction-service\artifacts\fracture_v2\experiment5_localization\dataset\images\train\0821_0937972604_01_WRI-R2_F012.png,"[0.330446, 0.389216, 0.592822, 0.47451]","[0.5061180000000001, 0.330729, 0.685206, 0.393229]","[0.6852, 0.5571, 0.7764, 0.6191]","[0.568, 0.4548, 0.6836, 0.5234]",0.3118,0.6573,"[0.66696, 0.5447000000000001, 0.79464, 0.6315]","[0.5448799999999999, 0.44107999999999997, 0.70672, 0.5371199999999999]",20pct_expanded_or_full_fallback,0.0,0.0
0821_02_WRI-R,PAT_GRAZ_821,GRAZPEDWRI-DX,train,1,D:\projects\MediMind\ai-prediction-service\artifacts\fracture_v2\experiment5_localization\dataset\images\train\0821_0938228188_02_WRI-R1_F012.png,D:\projects\MediMind\ai-prediction-service\artifacts\fracture_v2\experiment5_localization\dataset\images\train\0821_0938228248_02_WRI-R2_F012.png,"[0.611331, 0.26600300000000004, 0.704875, 0.310811]","[0.415064, 0.381536, 0.6987180000000001, 0.455882]","[0.6031, 0.2631, 0.7101, 0.3184]","[0.4157, 0.3814, 0.6965, 0.4547]",0.2784,0.3875,"[0.5817, 0.25204, 0.7314999999999999, 0.32946000000000003]","[0.35954, 0.36674, 0.75266, 0.46936]",20pct_expanded_or_full_fallback,0.7084,0.9724
0824_01_WRI-L,PAT_GRAZ_824,GRAZPEDWRI-DX,train,0,D:\projects\MediMind\ai-prediction-service\artifacts\fracture_v2\experiment5_localization\dataset\images\train\0824_1030293122_01_WRI-L1_F014.png,D:\projects\MediMind\ai-prediction-service\artifacts\fracture_v2\experiment5_localization\dataset\images\train\0824_1030293067_01_WRI-L2_F014.png,NONE,NONE,NONE,NONE,0.0,0.0,FULL_IMAGE,FULL_IMAGE,20pct_expanded_or_full_fallback,0.0,0.0
0825_01_WRI-R,PAT_GRAZ_825,GRAZPEDWRI-DX,train,1,D:\projects\MediMind\ai-prediction-service\artifacts\fracture_v2\experiment5_localization\dataset\images\train\0825_1150208785_01_WRI-R1_F004.png,D:\projects\MediMind\ai-prediction-service\artifacts\fracture_v2\experiment5_localization\dataset\images\train\0825_1150208835_01_WRI-R2_F004.png,"[0.30873799999999996, 0.6490515, 0.508738, 0.7140924999999999]","[0.4378695, 0.5619595, 0.6893485, 0.6440925]","[0.3079, 0.6448, 0.5019, 0.7176]","[0.4337, 0.5528, 0.6867, 0.6349]",0.8468,0.7077,"[0.2691, 0.63024, 0.5407, 0.73216]","[0.3831, 0.53638, 0.7373, 0.65132]",20pct_expanded_or_full_fallback,0.8624,0.7798
0826_01_WRI-R,PAT_GRAZ_826,GRAZPEDWRI-DX,train,0,D:\projects\MediMind\ai-prediction-service\artifacts\fracture_v2\experiment5_localization\dataset\images\train\0826_0834537043_01_WRI-R1_F012.png,D:\projects\MediMind\ai-prediction-service\artifacts\fracture_v2\experiment5_localization\dataset\images\train\0826_0834537061_01_WRI-R2_F012.png,NONE,NONE,NONE,NONE,0.0,0.0,FULL_IMAGE,FULL_IMAGE,20pct_expanded_or_full_fallback,0.0,0.0
0826_02_WRI-R,PAT_GRAZ_826,GRAZPEDWRI-DX,train,0,D:\projects\MediMind\ai-prediction-service\artifacts\fracture_v2\experiment5_localization\dataset\images\train\0826_0837293756_02_WRI-R1_F012.png,D:\projects\MediMind\ai-prediction-service\artifacts\fracture_v2\experiment5_localization\dataset\images\train\0826_0837293773_02_WRI-R2_F012.png,NONE,NONE,NONE,NONE,0.0,0.0,FULL_IMAGE,FULL_IMAGE,20pct_expanded_or_full_fallback,0.0,0.0
0827_01_WRI-L,PAT_GRAZ_827,GRAZPEDWRI-DX,train,1,D:\projects\MediMind\ai-prediction-service\artifacts\fracture_v2\experiment5_localization\dataset\images\train\0827_0782390551_01_WRI-L1_M016.png,D:\projects\MediMind\ai-prediction-service\artifacts\fracture_v2\experiment5_localization\dataset\images\train\0827_0782390595_01_WRI-L2_M016.png,"[0.42739249999999995, 0.3447205, 0.7788775, 0.4213255]","[0.27222199999999996, 0.408524, 0.598148, 0.512474]","[0.4333, 0.3518, 0.7739, 0.4328]","[0.2837, 0.4347, 0.5888, 0.5181]",0.4179,0.406,"[0.36518, 0.3356, 0.84202, 0.449]","[0.22268000000000002, 0.41801999999999995, 0.64982, 0.53478]",20pct_expanded_or_full_fallback,0.768,0.6666
0828_01_WRI-L,PAT_GRAZ_828,GRAZPEDWRI-DX,train,1,D:\projects\MediMind\ai-prediction-service\artifacts\fracture_v2\experiment5_localization\dataset\images\train\0828_0781495878_01_WRI-L1_M005.png,D:\projects\MediMind\ai-prediction-service\artifacts\fracture_v2\experiment5_localization\dataset\images\train\0828_0781495958_01_WRI-L2_M005.png,"[0.5621214999999999, 0.5229539999999999, 0.7000005, 0.593812]","[0.5502319999999999, 0.4507435, 0.658424, 0.5195165]","[0.3273, 0.4258, 0.4711, 0.4812]","[0.553, 0.452, 0.6557, 0.5106]",0.2809,0.4603,"[0.29853999999999997, 0.41472000000000003, 0.49986, 0.49228]","[0.53246, 0.44028, 0.67624, 0.5223200000000001]",20pct_expanded_or_full_fallback,0.0,0.8088
0828_02_WRI-L,PAT_GRAZ_828,GRAZPEDWRI-DX,train,1,D:\projects\MediMind\ai-prediction-service\artifacts\fracture_v2\experiment5_localization\dataset\images\train\0828_0782101109_02_WRI-L1_M005.png,D:\projects\MediMind\ai-prediction-service\artifacts\fracture_v2\experiment5_localization\dataset\images\train\0828_0782101169_02_WRI-L2_M005.png,NONE,"[0.44547, 0.521812, 0.503356, 0.576342]","[0.5462, 0.4844, 0.6344, 0.5565]","[0.442, 0.5085, 0.506, 0.5679]",0.549,0.6039,"[0.52856, 0.46998, 0.65204, 0.57092]","[0.4292, 0.49661999999999995, 0.5188, 0.57978]",20pct_expanded_or_full_fallback,0.0,0.6218
0828_03_WRI-L,PAT_GRAZ_828,GRAZPEDWRI-DX,train,1,D:\projects\MediMind\ai-prediction-service\artifacts\fracture_v2\experiment5_localization\dataset\images\train\0828_0782709629_03_WRI-L1_M005.png,D:\projects\MediMind\ai-prediction-service\artifacts\fracture_v2\experiment5_localization\dataset\images\train\0828_0782709672_03_WRI-L2_M005.png,"[0.5043105, 0.58211, 0.5725574999999999, 0.666222]","[0.570688, 0.267123, 0.6627759999999999, 0.346379]","[0.5037, 0.5813, 0.5856, 0.6527]","[0.5776, 0.2807, 0.6633, 0.3413]",0.3738,0.3529,"[0.48732000000000003, 0.5670200000000001, 0.60198, 0.6669799999999999]","[0.56046, 0.26858, 0.68044, 0.35342]",20pct_expanded_or_full_fallback,0.7116,0.7042
0828_04_WRI-L,PAT_GRAZ_828,GRAZPEDWRI-DX,train,1,D:\projects\MediMind\ai-prediction-service\artifacts\fracture_v2\experiment5_localization\dataset\images\train\0828_0783829345_04_WRI-L1_M005.png,D:\projects\MediMind\ai-prediction-service\artifacts\fracture_v2\experiment5_localization\dataset\images\train\0828_0783829396_04_WRI-L2_M005.png,"[0.5269835, 0.37260499999999996, 0.6936505, 0.439319]","[0.434934, 0.40317800000000004, 0.590702, 0.469406]","[0.5342, 0.377, 0.6977, 0.4494]","[0.4396, 0.4187, 0.6014, 0.4847]",0.5137,0.4688,"[0.5015000000000001, 0.36252, 0.7303999999999999, 0.46388]","[0.40724, 0.4055, 0.6337600000000001, 0.4979]",20pct_expanded_or_full_fallback,0.7632,0.5746
0829_01_WRI-R,PAT_GRAZ_829,GRAZPEDWRI-DX,train,0,D:\projects\MediMind\ai-prediction-service\artifacts\fracture_v2\experiment5_localization\dataset\images\train\0829_0527048896_01_WRI-R1_F011.png,D:\projects\MediMind\ai-prediction-service\artifacts\fracture_v2\experiment5_localization\dataset\images\train\0829_0527048930_01_WRI-R2_F011.png,NONE,NONE,NONE,NONE,0.0,0.0,FULL_IMAGE,FULL_IMAGE,20pct_expanded_or_full_fallback,0.0,0.0
0830_01_WRI-L,PAT_GRAZ_830,GRAZPEDWRI-DX,train,1,D:\projects\MediMind\ai-prediction-service\artifacts\fracture_v2\experiment5_localization\dataset\images\train\0830_0614463389_01_WRI-L1_M009.png,D:\projects\MediMind\ai-prediction-service\artifacts\fracture_v2\experiment5_localization\dataset\images\train\0830_0614463350_01_WRI-L2_M009.png,"[0.21465949999999998, 0.637158, 0.5157065, 0.704918]","[0.23883949999999998, 0.6319585, 0.4754465, 0.6979375]","[0.242, 0.6278, 0.4647, 0.7089]","[0.3402, 0.5736, 0.5212, 0.6554]",0.7657,0.6362,"[0.19746, 0.61158, 0.50924, 0.72512]","[0.304, 0.55724, 0.5574, 0.67176]",20pct_expanded_or_full_fallback,0.6457,0.5061
0831_01_WRI-R,PAT_GRAZ_831,GRAZPEDWRI-DX,train,0,D:\projects\MediMind\ai-prediction-service\artifacts\fracture_v2\experiment5_localization\dataset\images\train\0831_0106419709_01_WRI-R1_M011.png,D:\projects\MediMind\ai-prediction-service\artifacts\fracture_v2\experiment5_localization\dataset\images\train\0831_0106419752_01_WRI-R2_M011.png,NONE,NONE,NONE,NONE,0.0,0.0,FULL_IMAGE,FULL_IMAGE,20pct_expanded_or_full_fallback,0.0,0.0
0832_01_WRI-L,PAT_GRAZ_832,GRAZPEDWRI-DX,train,1,D:\projects\MediMind\ai-prediction-service\artifacts\fracture_v2\experiment5_localization\dataset\images\train\0832_0834883220_01_WRI-L1_F009.png,D:\projects\MediMind\ai-prediction-service\artifacts\fracture_v2\experiment5_localization\dataset\images\train\0832_0834883263_01_WRI-L2_F009.png,"[0.3822635, 0.4487175, 0.6896025, 0.5470085]","[0.27124800000000004, 0.3871895, 0.622062, 0.5124285]","[0.2101, 0.3744, 0.3118, 0.4339]","[0.2827, 0.4169, 0.6158, 0.5072]",0.5273,0.3407,"[0.18976, 0.3625, 0.33214000000000005, 0.44580000000000003]","[0.21608, 0.39884, 0.68242, 0.52526]",20pct_expanded_or_full_fallback,0.7265,0.6846
0832_02_WRI-L,PAT_GRAZ_832,GRAZPEDWRI-DX,train,1,D:\projects\MediMind\ai-prediction-service\artifacts\fracture_v2\experiment5_localization\dataset\images\train\0832_0836171369_02_WRI-L1_F009.png,D:\projects\MediMind\ai-prediction-service\artifacts\fracture_v2\experiment5_localization\dataset\images\train\0832_0836171403_02_WRI-L2_F009.png,"[0.46089800000000003, 0.3925235, 0.775374, 0.4680685]","[0.36617400000000005, 0.3780495, 0.6502460000000001, 0.4526545]","[0.4754, 0.4053, 0.7749, 0.4792]","[0.3751, 0.4046, 0.6287, 0.4697]",0.4489,0.5095,"[0.4155, 0.39052, 0.8348, 0.49398000000000003]","[0.32438, 0.39158000000000004, 0.67942, 0.48272]",20pct_expanded_or_full_fallback,0.6939,0.4776
0832_03_WRI-L,PAT_GRAZ_832,GRAZPEDWRI-DX,train,1,D:\projects\MediMind\ai-prediction-service\artifacts\fracture_v2\experiment5_localization\dataset\images\train\0832_0837389024_03_WRI-L1_F009.png,D:\projects\MediMind\ai-prediction-service\artifacts\fracture_v2\experiment5_localization\dataset\images\train\0832_0837389043_03_WRI-L2_F009.png,"[0.223343, 0.348185, 0.31412100000000004, 0.401815]","[0.36981149999999996, 0.29, 0.7094345, 0.44]","[0.2262, 0.3475, 0.3259, 0.4048]","[0.3703, 0.3478, 0.6633, 0.4779]",0.3509,0.466,"[0.20626, 0.33603999999999995, 0.34584000000000004, 0.41626]","[0.31170000000000003, 0.32178, 0.7219, 0.50392]",20pct_expanded_or_full_fallback,0.8038,0.4354
0833_01_WRI-R,PAT_GRAZ_833,GRAZPEDWRI-DX,train,0,D:\projects\MediMind\ai-prediction-service\artifacts\fracture_v2\experiment5_localization\dataset\images\train\0833_1048442590_01_WRI-R1_F001.png,D:\projects\MediMind\ai-prediction-service\artifacts\fracture_v2\experiment5_localization\dataset\images\train\0833_1048442621_01_WRI-R2_F001.png,NONE,NONE,NONE,NONE,0.0,0.0,FULL_IMAGE,FULL_IMAGE,20pct_expanded_or_full_fallback,0.0,0.0
0834_01_WRI-R,PAT_GRAZ_834,GRAZPEDWRI-DX,train,0,D:\projects\MediMind\ai-prediction-service\artifacts\fracture_v2\experiment5_localization\dataset\images\train\0834_0240036198_01_WRI-R1_M014.png,D:\projects\MediMind\ai-prediction-service\artifacts\fracture_v2\experiment5_localization\dataset\images\train\0834_0240036228_01_WRI-R2_M014.png,NONE,NONE,NONE,NONE,0.0,0.0,FULL_IMAGE,FULL_IMAGE,20pct_expanded_or_full_fallback,0.0,0.0
0835_01_WRI-R,PAT_GRAZ_835,GRAZPEDWRI-DX,train,1,D:\projects\MediMind\ai-prediction-service\artifacts\fracture_v2\experiment5_localization\dataset\images\train\0835_1009855774_01_WRI-R1_M009.png,D:\projects\MediMind\ai-prediction-service\artifacts\fracture_v2\experiment5_localization\dataset\images\train\0835_1009855864_01_WRI-R2_M009.png,"[0.3268555, 0.5484605, 0.6272085000000001, 0.6237174999999999]","[0.33944949999999996, 0.5447679999999999, 0.6605505, 0.63754]",NONE,"[0.3608, 0.5697, 0.6569, 0.6387]",0.0,0.3145,FULL_IMAGE,"[0.30158, 0.5559, 0.7161200000000001, 0.6525000000000001]",20pct_expanded_or_full_fallback,0.0,0.6666
0837_01_WRI-L,PAT_GRAZ_837,GRAZPEDWRI-DX,train,1,D:\projects\MediMind\ai-prediction-service\artifacts\fracture_v2\experiment5_localization\dataset\images\train\0837_0990326356_01_WRI-L1_M013.png,D:\projects\MediMind\ai-prediction-service\artifacts\fracture_v2\experiment5_localization\dataset\images\train\0837_0990326372_01_WRI-L2_M013.png,"[0.49435, 0.44230800000000003, 0.68644, 0.534856]","[0.4686469999999999, 0.43942749999999997, 0.650165, 0.5187225]","[0.4968, 0.4493, 0.6894, 0.5413]","[0.4645, 0.4379, 0.6505, 0.5231]",0.6444,0.6848,"[0.45828, 0.43089999999999995, 0.72792, 0.5597]","[0.4273, 0.42086, 0.6877, 0.5401400000000001]",20pct_expanded_or_full_fallback,0.8419,0.9083
0838_01_WRI-R,PAT_GRAZ_838,GRAZPEDWRI-DX,train,0,D:\projects\MediMind\ai-prediction-service\artifacts\fracture_v2\experiment5_localization\dataset\images\train\0838_0272142103_01_WRI-R1_M011.png,D:\projects\MediMind\ai-prediction-service\artifacts\fracture_v2\experiment5_localization\dataset\images\train\0838_0272142150_01_WRI-R2_M011.png,NONE,NONE,NONE,NONE,0.0,0.0,FULL_IMAGE,FULL_IMAGE,20pct_expanded_or_full_fallback,0.0,0.0
0839_01_WRI-L,PAT_GRAZ_839,GRAZPEDWRI-DX,train,1,D:\projects\MediMind\ai-prediction-service\artifacts\fracture_v2\experiment5_localization\dataset\images\train\0839_0514599589_01_WRI-L1_F006.png,D:\projects\MediMind\ai-prediction-service\artifacts\fracture_v2\experiment5_localization\dataset\images\train\0839_0514599703_01_WRI-L2_F006.png,"[0.35258350000000005, 0.6025645, 0.5227965, 0.6846155]","[0.42094849999999995, 0.337143, 0.5928855, 0.427143]","[0.3539, 0.5946, 0.5284, 0.6843]","[0.4199, 0.3288, 0.5953, 0.4161]",0.1876,0.4973,"[0.319, 0.5766600000000001, 0.5633, 0.70224]","[0.38482, 0.31133999999999995, 0.63038, 0.43356000000000006]",20pct_expanded_or_full_fallback,0.873,0.7888
0839_02_WRI-L,PAT_GRAZ_839,GRAZPEDWRI-DX,train,1,D:\projects\MediMind\ai-prediction-service\artifacts\fracture_v2\experiment5_localization\dataset\images\train\0839_0515282281_02_WRI-L1_F006.png,D:\projects\MediMind\ai-prediction-service\artifacts\fracture_v2\experiment5_localization\dataset\images\train\0839_0515282389_02_WRI-L2_F006.png,"[0.387446, 0.475728, 0.621212, 0.595874]","[0.25781299999999996, 0.4006885, 0.510417, 0.49942549999999997]","[0.3788, 0.476, 0.6338, 0.5804]","[0.2495, 0.4072, 0.5001, 0.5004]",0.7344,0.6,"[0.32780000000000004, 0.45511999999999997, 0.6848000000000001, 0.60128]","[0.19938, 0.38856, 0.5502199999999999, 0.51904]",20pct_expanded_or_full_fallback,0.8054,0.861
0843_01_WRI-L,PAT_GRAZ_843,GRAZPEDWRI-DX,train,0,D:\projects\MediMind\ai-prediction-service\artifacts\fracture_v2\experiment5_localization\dataset\images\train\0843_1072397744_01_WRI-L1_F013.png,D:\projects\MediMind\ai-prediction-service\artifacts\fracture_v2\experiment5_localization\dataset\images\train\0843_1072397788_01_WRI-L2_F013.png,NONE,NONE,NONE,NONE,0.0,0.0,FULL_IMAGE,FULL_IMAGE,20pct_expanded_or_full_fallback,0.0,0.0
0844_01_WRI-R,PAT_GRAZ_844,GRAZPEDWRI-DX,train,1,D:\projects\MediMind\ai-prediction-service\artifacts\fracture_v2\experiment5_localization\dataset\images\train\0844_1081550657_01_WRI-R1_F011.png,D:\projects\MediMind\ai-prediction-service\artifacts\fracture_v2\experiment5_localization\dataset\images\train\0844_1081550705_01_WRI-R2_F011.png,"[0.3146475, 0.3392855, 0.5696205000000001, 0.4430805]","[0.5330075, 0.48666699999999996, 0.8312965, 0.601111]","[0.3132, 0.3475, 0.5766, 0.4318]",NONE,0.7085,0.0,"[0.26052, 0.33064, 0.6292800000000001, 0.44866]",FULL_IMAGE,20pct_expanded_or_full_fallback,0.7909,0.0
0846_01_WRI-L,PAT_GRAZ_846,GRAZPEDWRI-DX,train,1,D:\projects\MediMind\ai-prediction-service\artifacts\fracture_v2\experiment5_localization\dataset\images\train\0846_1069510464_01_WRI-L1_M011.png,D:\projects\MediMind\ai-prediction-service\artifacts\fracture_v2\experiment5_localization\dataset\images\train\0846_1069510511_01_WRI-L2_M011.png,"[0.45804149999999993, 0.532957, 0.7430064999999999, 0.597929]","[0.2146225, 0.6031065, 0.4976415, 0.6660915000000001]","[0.469, 0.5401, 0.7266, 0.6077]","[0.2088, 0.5979, 0.4928, 0.6616]",0.5751,0.4233,"[0.41747999999999996, 0.52658, 0.77812, 0.62122]","[0.152, 0.58516, 0.5496, 0.6743399999999999]",20pct_expanded_or_full_fallback,0.7083,0.8283
0848_01_WRI-R,PAT_GRAZ_848,GRAZPEDWRI-DX,train,0,D:\projects\MediMind\ai-prediction-service\artifacts\fracture_v2\experiment5_localization\dataset\images\train\0848_1108257595_01_WRI-R1_M011.png,D:\projects\MediMind\ai-prediction-service\artifacts\fracture_v2\experiment5_localization\dataset\images\train\0848_1108257639_01_WRI-R2_M011.png,NONE,NONE,NONE,NONE,0.0,0.0,FULL_IMAGE,FULL_IMAGE,20pct_expanded_or_full_fallback,0.0,0.0
0849_01_WRI-R,PAT_GRAZ_849,GRAZPEDWRI-DX,train,1,D:\projects\MediMind\ai-prediction-service\artifacts\fracture_v2\experiment5_localization\dataset\images\train\0849_0644115777_01_WRI-R1_M017.png,D:\projects\MediMind\ai-prediction-service\artifacts\fracture_v2\experiment5_localization\dataset\images\train\0849_0644115805_01_WRI-R2_M017.png,NONE,"[0.5, 0.5388050000000001, 0.869718, 0.594113]","[0.3817, 0.5549, 0.6668, 0.6342]","[0.5507, 0.5531, 0.8357, 0.6303]",0.2856,0.3033,"[0.32467999999999997, 0.53904, 0.7238199999999999, 0.65006]","[0.49369999999999997, 0.53766, 0.8927, 0.64574]",20pct_expanded_or_full_fallback,0.0,0.38
0850_01_WRI-L,PAT_GRAZ_850,GRAZPEDWRI-DX,train,1,D:\projects\MediMind\ai-prediction-service\artifacts\fracture_v2\experiment5_localization\dataset\images\train\0850_0940603078_01_WRI-L1_F003.png,D:\projects\MediMind\ai-prediction-service\artifacts\fracture_v2\experiment5_localization\dataset\images\train\0850_0940603163_01_WRI-L2_F003.png,"[0.4544115, 0.4463215, 0.6323525, 0.5208745]","[0.3722945, 0.3605355, 0.5930735, 0.49939049999999996]","[0.5012, 0.5431, 0.6563, 0.6168]","[0.3983, 0.4351, 0.585, 0.5127]",0.2547,0.5317,"[0.47018, 0.52836, 0.68732, 0.63154]","[0.36096, 0.41957999999999995, 0.62234, 0.52822]",20pct_expanded_or_full_fallback,0.0,0.3622
0852_01_WRI-L,PAT_GRAZ_852,GRAZPEDWRI-DX,train,0,D:\projects\MediMind\ai-prediction-service\artifacts\fracture_v2\experiment5_localization\dataset\images\train\0852_0420702371_01_WRI-L1_M015.png,D:\projects\MediMind\ai-prediction-service\artifacts\fracture_v2\experiment5_localization\dataset\images\train\0852_0420702407_01_WRI-L2_M015.png,NONE,NONE,NONE,NONE,0.0,0.0,FULL_IMAGE,FULL_IMAGE,20pct_expanded_or_full_fallback,0.0,0.0
0853_01_WRI-L,PAT_GRAZ_853,GRAZPEDWRI-DX,train,1,D:\projects\MediMind\ai-prediction-service\artifacts\fracture_v2\experiment5_localization\dataset\images\train\0853_0329114383_01_WRI-L1_F010.png,D:\projects\MediMind\ai-prediction-service\artifacts\fracture_v2\experiment5_localization\dataset\images\train\0853_0329114427_01_WRI-L2_F010.png,"[0.45992350000000004, 0.608696, 0.6755725, 0.6879799999999999]","[0.327835, 0.5310809999999999, 0.521649, 0.613513]","[0.4663, 0.6151, 0.6767, 0.6846]","[0.3326, 0.537, 0.5273, 0.6128]",0.4357,0.6593,"[0.42422, 0.6012, 0.71878, 0.6985]","[0.29366000000000003, 0.5218400000000001, 0.56624, 0.62796]",20pct_expanded_or_full_fallback,0.8468,0.8735
0854_01_WRI-R,PAT_GRAZ_854,GRAZPEDWRI-DX,train,0,D:\projects\MediMind\ai-prediction-service\artifacts\fracture_v2\experiment5_localization\dataset\images\train\0854_0822326614_01_WRI-R1_M012.png,D:\projects\MediMind\ai-prediction-service\artifacts\fracture_v2\experiment5_localization\dataset\images\train\0854_0822326643_01_WRI-R2_M012.png,NONE,NONE,NONE,"[0.4789, 0.4976, 0.7365, 0.5564]",0.0,0.2339,FULL_IMAGE,"[0.42738, 0.48584, 0.78802, 0.56816]",20pct_expanded_or_full_fallback,0.0,0.0
0855_01_WRI-L,PAT_GRAZ_855,GRAZPEDWRI-DX,train,1,D:\projects\MediMind\ai-prediction-service\artifacts\fracture_v2\experiment5_localization\dataset\images\train\0855_1026068920_01_WRI-L1_M014.png,D:\projects\MediMind\ai-prediction-service\artifacts\fracture_v2\experiment5_localization\dataset\images\train\0855_1026068955_01_WRI-L2_M014.png,"[0.49841549999999996, 0.30366150000000003, 0.6599785, 0.3705805]","[0.351145, 0.261745, 0.476145, 0.325503]","[0.5047, 0.3025, 0.6713, 0.3688]","[0.3559, 0.258, 0.4718, 0.3251]",0.8159,0.829,"[0.47138, 0.28924, 0.70462, 0.38206]","[0.33272, 0.24458000000000002, 0.49498, 0.33852]",20pct_expanded_or_full_fallback,0.8614,0.8738
0855_02_WRI-L,PAT_GRAZ_855,GRAZPEDWRI-DX,train,1,D:\projects\MediMind\ai-prediction-service\artifacts\fracture_v2\experiment5_localization\dataset\images\train\0855_1026386819_02_WRI-L1_M014.png,D:\projects\MediMind\ai-prediction-service\artifacts\fracture_v2\experiment5_localization\dataset\images\train\0855_1026386879_02_WRI-L2_M014.png,"[0.48956700000000003, 0.5529195, 0.757625, 0.6186125]","[0.341504, 0.5709280000000001, 0.53268, 0.6331]","[0.5163, 0.5537, 0.7474, 0.6284]","[0.3471, 0.57, 0.5318, 0.6491]",0.7609,0.4167,"[0.47008, 0.53876, 0.79362, 0.6433399999999999]","[0.31016, 0.5541799999999999, 0.56874, 0.6649200000000001]",20pct_expanded_or_full_fallback,0.7549,0.7649
0855_03_WRI-L,PAT_GRAZ_855,GRAZPEDWRI-DX,train,1,D:\projects\MediMind\ai-prediction-service\artifacts\fracture_v2\experiment5_localization\dataset\images\train\0855_1027584017_03_WRI-L1_M014.png,D:\projects\MediMind\ai-prediction-service\artifacts\fracture_v2\experiment5_localization\dataset\images\train\0855_1027584110_03_WRI-L2_M014.png,"[0.4679875, 0.571536, 0.7210365000000001, 0.6385540000000001]","[0.311619, 0.46941399999999994, 0.535211, 0.5479719999999999]","[0.4742, 0.5545, 0.7203, 0.6358]","[0.315, 0.482, 0.5325, 0.5477]",0.6879,0.4873,"[0.42498, 0.5382399999999999, 0.7695200000000001, 0.6520600000000001]","[0.2715, 0.46886, 0.576, 0.56084]",20pct_expanded_or_full_fallback,0.7477,0.8135
0855_04_WRI-L,PAT_GRAZ_855,GRAZPEDWRI-DX,train,1,D:\projects\MediMind\ai-prediction-service\artifacts\fracture_v2\experiment5_localization\dataset\images\train\0855_1028823432_04_WRI-L1_M014.png,D:\projects\MediMind\ai-prediction-service\artifacts\fracture_v2\experiment5_localization\dataset\images\train\0855_1028823462_04_WRI-L2_M014.png,"[0.40039849999999994, 0.4601125, 0.7231075, 0.5713135]","[0.2627115, 0.3854245, 0.5084745, 0.4913595]","[0.408, 0.4565, 0.7236, 0.5551]","[0.2565, 0.3979, 0.5187, 0.481]",0.8444,0.6511,"[0.34487999999999996, 0.43678, 0.7867200000000001, 0.57482]","[0.20406, 0.38127999999999995, 0.5711400000000001, 0.49762]",20pct_expanded_or_full_fallback,0.8074,0.7453
0857_01_WRI-L,PAT_GRAZ_857,GRAZPEDWRI-DX,train,0,D:\projects\MediMind\ai-prediction-service\artifacts\fracture_v2\experiment5_localization\dataset\images\train\0857_0795567778_01_WRI-L1_M012.png,D:\projects\MediMind\ai-prediction-service\artifacts\fracture_v2\experiment5_localization\dataset\images\train\0857_0795567813_01_WRI-L2_M012.png,NONE,NONE,NONE,NONE,0.0,0.0,FULL_IMAGE,FULL_IMAGE,20pct_expanded_or_full_fallback,0.0,0.0
0859_01_WRI-R,PAT_GRAZ_859,GRAZPEDWRI-DX,train,0,D:\projects\MediMind\ai-prediction-service\artifacts\fracture_v2\experiment5_localization\dataset\images\train\0859_0279701288_01_WRI-R1_M015.png,D:\projects\MediMind\ai-prediction-service\artifacts\fracture_v2\experiment5_localization\dataset\images\train\0859_0279701319_01_WRI-R2_M015.png,NONE,NONE,NONE,NONE,0.0,0.0,FULL_IMAGE,FULL_IMAGE,20pct_expanded_or_full_fallback,0.0,0.0
0860_01_WRI-R,PAT_GRAZ_860,GRAZPEDWRI-DX,train,1,D:\projects\MediMind\ai-prediction-service\artifacts\fracture_v2\experiment5_localization\dataset\images\train\0860_0815914324_01_WRI-R1_F002.png,D:\projects\MediMind\ai-prediction-service\artifacts\fracture_v2\experiment5_localization\dataset\images\train\0860_0815914366_01_WRI-R2_F002.png,"[0.2874895, 0.3799445, 0.5015845, 0.4469875]","[0.3821135, 0.366042, 0.5508125, 0.42337400000000003]","[0.2896, 0.3781, 0.4886, 0.4493]","[0.3867, 0.3618, 0.5457, 0.4189]",0.8123,0.6475,"[0.24980000000000002, 0.36386, 0.5284, 0.46353999999999995]","[0.3549, 0.35038, 0.5774999999999999, 0.43032]",20pct_expanded_or_full_fallback,0.8788,0.8123
0861_01_WRI-R,PAT_GRAZ_861,GRAZPEDWRI-DX,train,0,D:\projects\MediMind\ai-prediction-service\artifacts\fracture_v2\experiment5_localization\dataset\images\train\0861_0443925064_01_WRI-R1_F011.png,D:\projects\MediMind\ai-prediction-service\artifacts\fracture_v2\experiment5_localization\dataset\images\train\0861_0443925086_01_WRI-R2_F011.png,NONE,NONE,"[0.3119, 0.7012, 0.5725, 0.7697]",NONE,0.238,0.0,"[0.25978, 0.6875, 0.62462, 0.7834000000000001]",FULL_IMAGE,20pct_expanded_or_full_fallback,0.0,0.0
0863_01_WRI-L,PAT_GRAZ_863,GRAZPEDWRI-DX,train,1,D:\projects\MediMind\ai-prediction-service\artifacts\fracture_v2\experiment5_localization\dataset\images\train\0863_1107746878_01_WRI-L1_F007.png,D:\projects\MediMind\ai-prediction-service\artifacts\fracture_v2\experiment5_localization\dataset\images\train\0863_1107746940_01_WRI-L2_F007.png,"[0.40217400000000003, 0.635945, 0.653986, 0.7357910000000001]","[0.42821800000000004, 0.45699850000000003, 0.7029700000000001, 0.6003375]","[0.4053, 0.6609, 0.6481, 0.7404]","[0.4392, 0.4656, 0.7162, 0.5815]",0.2745,0.3721,"[0.35674, 0.645, 0.6966600000000001, 0.7563]","[0.3838, 0.44242000000000004, 0.7716, 0.60468]",20pct_expanded_or_full_fallback,0.6924,0.7472
0864_01_WRI-R,PAT_GRAZ_864,GRAZPEDWRI-DX,train,1,D:\projects\MediMind\ai-prediction-service\artifacts\fracture_v2\experiment5_localization\dataset\images\train\0864_1015612009_01_WRI-R1_F008.png,D:\projects\MediMind\ai-prediction-service\artifacts\fracture_v2\experiment5_localization\dataset\images\train\0864_1015612061_01_WRI-R2_F008.png,"[0.283859, 0.44943849999999996, 0.549165, 0.5235955]","[0.40566050000000003, 0.375, 0.6509435, 0.46412]","[0.2883, 0.4611, 0.5483, 0.537]","[0.3954, 0.3536, 0.6451, 0.4608]",0.5516,0.3986,"[0.2363, 0.44592, 0.6003000000000001, 0.55218]","[0.34546, 0.33216, 0.69504, 0.48224]",20pct_expanded_or_full_fallback,0.7016,0.7315
0864_02_WRI-R,PAT_GRAZ_864,GRAZPEDWRI-DX,train,1,D:\projects\MediMind\ai-prediction-service\artifacts\fracture_v2\experiment5_localization\dataset\images\train\0864_1016178073_02_WRI-R1_F008.png,D:\projects\MediMind\ai-prediction-service\artifacts\fracture_v2\experiment5_localization\dataset\images\train\0864_1016178129_02_WRI-R2_F008.png,"[0.252174, 0.5302665, 0.50087, 0.5980635000000001]","[0.28440350000000003, 0.43385650000000003, 0.5963305, 0.5033635000000001]","[0.2493, 0.5113, 0.5033, 0.6025]","[0.2312, 0.3897, 0.6095, 0.5035]",0.5464,0.4305,"[0.19849999999999998, 0.49305999999999994, 0.5540999999999999, 0.6207400000000001]","[0.15553999999999996, 0.36694, 0.6851600000000001, 0.52626]",20pct_expanded_or_full_fallback,0.7279,0.5036
0864_03_WRI-L,PAT_GRAZ_864,GRAZPEDWRI-DX,train,0,D:\projects\MediMind\ai-prediction-service\artifacts\fracture_v2\experiment5_localization\dataset\images\train\0864_1027842850_03_WRI-L1_F009.png,D:\projects\MediMind\ai-prediction-service\artifacts\fracture_v2\experiment5_localization\dataset\images\train\0864_1027842891_03_WRI-L2_F009.png,NONE,NONE,NONE,"[0.3601, 0.498, 0.5995, 0.556]",0.0,0.2371,FULL_IMAGE,"[0.31221999999999994, 0.4864, 0.6473800000000001, 0.5676000000000001]",20pct_expanded_or_full_fallback,0.0,0.0
0864_04_WRI-R,PAT_GRAZ_864,GRAZPEDWRI-DX,train,0,D:\projects\MediMind\ai-prediction-service\artifacts\fracture_v2\experiment5_localization\dataset\images\train\0864_1050594000_04_WRI-R1_F009.png,D:\projects\MediMind\ai-prediction-service\artifacts\fracture_v2\experiment5_localization\dataset\images\train\0864_1050594017_04_WRI-R2_F009.png,NONE,NONE,NONE,NONE,0.0,0.0,FULL_IMAGE,FULL_IMAGE,20pct_expanded_or_full_fallback,0.0,0.0
0865_01_WRI-R,PAT_GRAZ_865,GRAZPEDWRI-DX,train,0,D:\projects\MediMind\ai-prediction-service\artifacts\fracture_v2\experiment5_localization\dataset\images\train\0865_1045664863_01_WRI-R1_F015.png,D:\projects\MediMind\ai-prediction-service\artifacts\fracture_v2\experiment5_localization\dataset\images\train\0865_1045664933_01_WRI-R2_F015.png,NONE,NONE,"[0.2911, 0.6294, 0.4896, 0.7116]","[0.2577, 0.4467, 0.6946, 0.5343]",0.2204,0.18,"[0.2514, 0.61296, 0.5293, 0.72804]","[0.17031999999999997, 0.42918, 0.78198, 0.55182]",20pct_expanded_or_full_fallback,0.0,0.0
0865_02_WRI-R,PAT_GRAZ_865,GRAZPEDWRI-DX,train,0,D:\projects\MediMind\ai-prediction-service\artifacts\fracture_v2\experiment5_localization\dataset\images\train\0865_1046872747_02_WRI-R1_F015.png,D:\projects\MediMind\ai-prediction-service\artifacts\fracture_v2\experiment5_localization\dataset\images\train\0865_1046872778_02_WRI-R2_F015.png,NONE,NONE,NONE,NONE,0.0,0.0,FULL_IMAGE,FULL_IMAGE,20pct_expanded_or_full_fallback,0.0,0.0
0866_01_WRI-L,PAT_GRAZ_866,GRAZPEDWRI-DX,train,1,D:\projects\MediMind\ai-prediction-service\artifacts\fracture_v2\experiment5_localization\dataset\images\train\0866_1031133061_01_WRI-L1_M009.png,D:\projects\MediMind\ai-prediction-service\artifacts\fracture_v2\experiment5_localization\dataset\images\train\0866_1031133099_01_WRI-L2_M009.png,NONE,"[0.3187345, 0.5971505, 0.6423355, 0.6930055]",NONE,"[0.3275, 0.5843, 0.6586, 0.6677]",0.0,0.2148,FULL_IMAGE,"[0.26128, 0.56762, 0.7248199999999999, 0.68438]",20pct_expanded_or_full_fallback,0.0,0.6099
0868_01_WRI-L,PAT_GRAZ_868,GRAZPEDWRI-DX,train,0,D:\projects\MediMind\ai-prediction-service\artifacts\fracture_v2\experiment5_localization\dataset\images\train\0868_1041270879_01_WRI-L1_F007.png,D:\projects\MediMind\ai-prediction-service\artifacts\fracture_v2\experiment5_localization\dataset\images\train\0868_1041270921_01_WRI-L2_F007.png,NONE,NONE,NONE,NONE,0.0,0.0,FULL_IMAGE,FULL_IMAGE,20pct_expanded_or_full_fallback,0.0,0.0
0869_01_WRI-R,PAT_GRAZ_869,GRAZPEDWRI-DX,train,1,D:\projects\MediMind\ai-prediction-service\artifacts\fracture_v2\experiment5_localization\dataset\images\train\0869_0615429445_01_WRI-R1_M016.png,D:\projects\MediMind\ai-prediction-service\artifacts\fracture_v2\experiment5_localization\dataset\images\train\0869_0615429508_01_WRI-R2_M016.png,"[0.21635449999999998, 0.24020350000000001, 0.5979555, 0.3258345]","[0.38568149999999995, 0.201667, 0.8175524999999999, 0.329167]","[0.2148, 0.2296, 0.6007, 0.3286]","[0.3928, 0.2267, 0.7988, 0.3153]",0.5279,0.508,"[0.13761999999999996, 0.2098, 0.67788, 0.3484]","[0.3116, 0.20898, 0.8799999999999999, 0.33302000000000004]",20pct_expanded_or_full_fallback,0.8553,0.6533
0869_02_WRI-R,PAT_GRAZ_869,GRAZPEDWRI-DX,train,1,D:\projects\MediMind\ai-prediction-service\artifacts\fracture_v2\experiment5_localization\dataset\images\train\0869_0615436314_02_WRI-R1_M016.png,D:\projects\MediMind\ai-prediction-service\artifacts\fracture_v2\experiment5_localization\dataset\images\train\0869_0615436364_02_WRI-R2_M016.png,"[0.272853, 0.356589, 0.567867, 0.44476699999999997]","[0.451796, 0.4309625, 0.756144, 0.5418415]","[0.2729, 0.3501, 0.5741, 0.4423]","[0.4373, 0.4237, 0.7669, 0.5327]",0.2339,0.4593,"[0.21265999999999996, 0.33166, 0.6343400000000001, 0.46074000000000004]","[0.37138000000000004, 0.40190000000000003, 0.83282, 0.5545]",20pct_expanded_or_full_fallback,0.887,0.7999
0869_03_WRI-R,PAT_GRAZ_869,GRAZPEDWRI-DX,train,1,D:\projects\MediMind\ai-prediction-service\artifacts\fracture_v2\experiment5_localization\dataset\images\train\0869_0615921203_03_WRI-R1_M016.png,D:\projects\MediMind\ai-prediction-service\artifacts\fracture_v2\experiment5_localization\dataset\images\train\0869_0615921261_03_WRI-R2_M016.png,"[0.3109705, 0.47345899999999996, 0.5909694999999999, 0.552545]","[0.46193000000000006, 0.429581, 0.858526, 0.515593]","[0.2978, 0.4419, 0.5961, 0.54]","[0.4557, 0.4155, 0.8742, 0.5222]",0.4094,0.5125,"[0.23814000000000002, 0.42228, 0.6557599999999999, 0.55962]","[0.372, 0.39415999999999995, 0.9579, 0.54354]",20pct_expanded_or_full_fallback,0.5685,0.7639
0869_04_WRI-R,PAT_GRAZ_869,GRAZPEDWRI-DX,train,1,D:\projects\MediMind\ai-prediction-service\artifacts\fracture_v2\experiment5_localization\dataset\images\train\0869_0616868743_04_WRI-R1_M016.png,D:\projects\MediMind\ai-prediction-service\artifacts\fracture_v2\experiment5_localization\dataset\images\train\0869_0616868774_04_WRI-R2_M016.png,"[0.2472325, 0.504854, 0.6217715, 0.62891]","[0.35950449999999995, 0.534319, 0.6962815, 0.644139]","[0.2387, 0.5, 0.6131, 0.6166]","[0.3702, 0.5419, 0.6947, 0.623]",0.5434,0.5287,"[0.16382000000000002, 0.47668, 0.6879799999999999, 0.63992]","[0.30529999999999996, 0.52568, 0.7595999999999999, 0.63922]",20pct_expanded_or_full_fallback,0.8304,0.7116
0870_01_WRI-R,PAT_GRAZ_870,GRAZPEDWRI-DX,train,1,D:\projects\MediMind\ai-prediction-service\artifacts\fracture_v2\experiment5_localization\dataset\images\train\0870_0884232567_01_WRI-R1_F009.png,D:\projects\MediMind\ai-prediction-service\artifacts\fracture_v2\experiment5_localization\dataset\images\train\0870_0884232602_01_WRI-R2_F009.png,"[0.36610149999999997, 0.608173, 0.5983045, 0.704327]","[0.49414, 0.579674, 0.7089840000000001, 0.678796]","[0.3637, 0.5994, 0.6002, 0.6904]","[0.5031, 0.6023, 0.7035, 0.6822]",0.4652,0.5886,"[0.3164, 0.5812, 0.6475, 0.7086]","[0.46302, 0.58632, 0.74358, 0.69818]",20pct_expanded_or_full_fallback,0.7713,0.6975
0872_01_WRI-R,PAT_GRAZ_872,GRAZPEDWRI-DX,train,1,D:\projects\MediMind\ai-prediction-service\artifacts\fracture_v2\experiment5_localization\dataset\images\train\0872_0670339198_01_WRI-R1_M004.png,D:\projects\MediMind\ai-prediction-service\artifacts\fracture_v2\experiment5_localization\dataset\images\train\0872_0670339301_01_WRI-R2_M004.png,"[0.3416505, 0.6509635, 0.5335895, 0.7141325000000001]","[0.513647, 0.4952265, 0.727047, 0.5668255]","[0.342, 0.6457, 0.5346, 0.7094]","[0.5133, 0.4949, 0.7194, 0.5651]",0.8563,0.8601,"[0.30348, 0.6329600000000001, 0.57312, 0.72214]","[0.47207999999999994, 0.48086, 0.7606200000000001, 0.5791400000000001]",20pct_expanded_or_full_fallback,0.8483,0.9353
0873_01_WRI-R,PAT_GRAZ_873,GRAZPEDWRI-DX,train,1,D:\projects\MediMind\ai-prediction-service\artifacts\fracture_v2\experiment5_localization\dataset\images\train\0873_0146650662_01_WRI-R1_F006.png,D:\projects\MediMind\ai-prediction-service\artifacts\fracture_v2\experiment5_localization\dataset\images\train\0873_0146650694_01_WRI-R2_F006.png,"[0.26585349999999996, 0.5131785, 0.5487805, 0.5875975]","[0.342857, 0.4519865, 0.6928570000000001, 0.5347675000000001]","[0.2746, 0.5076, 0.5484, 0.5796]",NONE,0.3884,0.0,"[0.21984, 0.4932000000000001, 0.60316, 0.594]",FULL_IMAGE,20pct_expanded_or_full_fallback,0.8053,0.0
0873_02_WRI-R,PAT_GRAZ_873,GRAZPEDWRI-DX,train,0,D:\projects\MediMind\ai-prediction-service\artifacts\fracture_v2\experiment5_localization\dataset\images\train\0873_0264573793_02_WRI-R1_F010.png,D:\projects\MediMind\ai-prediction-service\artifacts\fracture_v2\experiment5_localization\dataset\images\train\0873_0264573844_02_WRI-R2_F010.png,NONE,NONE,NONE,NONE,0.0,0.0,FULL_IMAGE,FULL_IMAGE,20pct_expanded_or_full_fallback,0.0,0.0
0875_01_WRI-R,PAT_GRAZ_875,GRAZPEDWRI-DX,train,1,D:\projects\MediMind\ai-prediction-service\artifacts\fracture_v2\experiment5_localization\dataset\images\train\0875_0540175371_01_WRI-R1_M012.png,D:\projects\MediMind\ai-prediction-service\artifacts\fracture_v2\experiment5_localization\dataset\images\train\0875_0540175411_01_WRI-R2_M012.png,NONE,"[0.356506, 0.378403, 0.639928, 0.45553499999999997]",NONE,NONE,0.0,0.0,FULL_IMAGE,FULL_IMAGE,20pct_expanded_or_full_fallback,0.0,0.0
0875_02_WRI-R,PAT_GRAZ_875,GRAZPEDWRI-DX,train,1,D:\projects\MediMind\ai-prediction-service\artifacts\fracture_v2\experiment5_localization\dataset\images\train\0875_0540431907_02_WRI-R1_M012.png,D:\projects\MediMind\ai-prediction-service\artifacts\fracture_v2\experiment5_localization\dataset\images\train\0875_0540431939_02_WRI-R2_M012.png,NONE,"[0.2559655, 0.4896265, 0.6203905000000001, 0.5601655]",NONE,NONE,0.0,0.0,FULL_IMAGE,FULL_IMAGE,20pct_expanded_or_full_fallback,0.0,0.0
0876_01_WRI-L,PAT_GRAZ_876,GRAZPEDWRI-DX,train,1,D:\projects\MediMind\ai-prediction-service\artifacts\fracture_v2\experiment5_localization\dataset\images\train\0876_1185699305_01_WRI-L1_M010.png,D:\projects\MediMind\ai-prediction-service\artifacts\fracture_v2\experiment5_localization\dataset\images\train\0876_1185699243_01_WRI-L2_M010.png,"[0.470948, 0.5285715, 0.686544, 0.6373625]","[0.415435, 0.644515, 0.5878490000000001, 0.751055]","[0.4681, 0.533, 0.6822, 0.6389]","[0.4081, 0.6388, 0.5934, 0.7399]",0.7786,0.7769,"[0.42528, 0.51182, 0.72502, 0.66008]","[0.37104000000000004, 0.61858, 0.63046, 0.76012]",20pct_expanded_or_full_fallback,0.9155,0.7961
0877_01_WRI-L,PAT_GRAZ_877,GRAZPEDWRI-DX,train,1,D:\projects\MediMind\ai-prediction-service\artifacts\fracture_v2\experiment5_localization\dataset\images\train\0877_0700504360_01_WRI-L1_M016.png,D:\projects\MediMind\ai-prediction-service\artifacts\fracture_v2\experiment5_localization\dataset\images\train\0877_0700504386_01_WRI-L2_M016.png,"[0.42753650000000004, 0.3842005, 0.7789855000000001, 0.44703750000000003]","[0.2988725, 0.372958, 0.5789475000000001, 0.45372]",NONE,"[0.2928, 0.3823, 0.5665, 0.4532]",0.0,0.5492,FULL_IMAGE,"[0.23806, 0.36811999999999995, 0.62124, 0.46738]",20pct_expanded_or_full_fallback,0.0,0.8232
0878_01_WRI-R,PAT_GRAZ_878,GRAZPEDWRI-DX,train,1,D:\projects\MediMind\ai-prediction-service\artifacts\fracture_v2\experiment5_localization\dataset\images\train\0878_0945210488_01_WRI-R1_M004.png,D:\projects\MediMind\ai-prediction-service\artifacts\fracture_v2\experiment5_localization\dataset\images\train\0878_0945210556_01_WRI-R2_M004.png,"[0.48450699999999997, 0.846154, 0.640845, 0.89325]","[0.3672565, 0.471136, 0.5774335, 0.530726]","[0.4837, 0.8449, 0.639, 0.9029]","[0.365, 0.4656, 0.5893, 0.531]",0.8288,0.7203,"[0.45264000000000004, 0.8332999999999999, 0.67006, 0.9145000000000001]","[0.32014, 0.45252000000000003, 0.6341600000000001, 0.54408]",20pct_expanded_or_full_fallback,0.8001,0.8538
0879_01_WRI-R,PAT_GRAZ_879,GRAZPEDWRI-DX,train,1,D:\projects\MediMind\ai-prediction-service\artifacts\fracture_v2\experiment5_localization\dataset\images\train\0879_0714410907_01_WRI-R1_M015.png,D:\projects\MediMind\ai-prediction-service\artifacts\fracture_v2\experiment5_localization\dataset\images\train\0879_0714410936_01_WRI-R2_M015.png,"[0.5245905, 0.551968, 0.7409835, 0.604724]","[0.38983, 0.44778599999999996, 0.7514120000000001, 0.5054299999999999]","[0.5188, 0.5439, 0.741, 0.5985]","[0.381, 0.4451, 0.7419, 0.505]",0.2234,0.3064,"[0.47436000000000006, 0.53298, 0.78544, 0.6094200000000001]","[0.30882, 0.43312, 0.81408, 0.51698]",20pct_expanded_or_full_fallback,0.747,0.9026
0880_01_WRI-L,PAT_GRAZ_880,GRAZPEDWRI-DX,train,0,D:\projects\MediMind\ai-prediction-service\artifacts\fracture_v2\experiment5_localization\dataset\images\train\0880_0365939827_01_WRI-L1_M013.png,D:\projects\MediMind\ai-prediction-service\artifacts\fracture_v2\experiment5_localization\dataset\images\train\0880_0365939871_01_WRI-L2_M013.png,NONE,NONE,NONE,NONE,0.0,0.0,FULL_IMAGE,FULL_IMAGE,20pct_expanded_or_full_fallback,0.0,0.0
0884_01_WRI-L,PAT_GRAZ_884,GRAZPEDWRI-DX,train,0,D:\projects\MediMind\ai-prediction-service\artifacts\fracture_v2\experiment5_localization\dataset\images\train\0884_0727958336_01_WRI-L1_F014.png,D:\projects\MediMind\ai-prediction-service\artifacts\fracture_v2\experiment5_localization\dataset\images\train\0884_0727958390_01_WRI-L2_F014.png,NONE,NONE,"[0.0852, 0.0161, 0.2532, 0.0746]",NONE,0.362,0.0,"[0.0516, 0.004399999999999999, 0.2868, 0.0863]",FULL_IMAGE,20pct_expanded_or_full_fallback,0.0,0.0
0885_02_WRI-R,PAT_GRAZ_885,GRAZPEDWRI-DX,train,1,D:\projects\MediMind\ai-prediction-service\artifacts\fracture_v2\experiment5_localization\dataset\images\train\0885_0909258733_02_WRI-R1_M011.png,D:\projects\MediMind\ai-prediction-service\artifacts\fracture_v2\experiment5_localization\dataset\images\train\0885_0909258838_02_WRI-R2_M011.png,"[0.6508625, 0.6023624999999999, 0.7744255000000001, 0.6761815]","[0.4768, 0.436508, 0.6416000000000001, 0.53351]","[0.6482, 0.5845, 0.7811, 0.6708]","[0.4789, 0.4489, 0.6341, 0.5195]",0.6737,0.6252,"[0.62162, 0.5672400000000001, 0.8076800000000001, 0.6880599999999999]","[0.44786, 0.43478000000000006, 0.66514, 0.53362]",20pct_expanded_or_full_fallback,0.6969,0.6854
0885_03_WRI-R,PAT_GRAZ_885,GRAZPEDWRI-DX,train,1,D:\projects\MediMind\ai-prediction-service\artifacts\fracture_v2\experiment5_localization\dataset\images\train\0885_0911236374_03_WRI-R1_M011.png,D:\projects\MediMind\ai-prediction-service\artifacts\fracture_v2\experiment5_localization\dataset\images\train\0885_0911236403_03_WRI-R2_M011.png,"[0.3008265, 0.537757, 0.5173555, 0.673913]","[0.4114285, 0.4920275, 0.5828575, 0.6082005]","[0.3029, 0.5426, 0.5154, 0.655]","[0.4085, 0.4895, 0.5836, 0.6072]",0.8077,0.5501,"[0.2604, 0.5201199999999999, 0.5579, 0.6774800000000001]","[0.37348, 0.46596, 0.6186200000000001, 0.63074]",20pct_expanded_or_full_fallback,0.8102,0.9501
0886_01_WRI-R,PAT_GRAZ_886,GRAZPEDWRI-DX,train,0,D:\projects\MediMind\ai-prediction-service\artifacts\fracture_v2\experiment5_localization\dataset\images\train\0886_0573838735_01_WRI-R1_F014.png,D:\projects\MediMind\ai-prediction-service\artifacts\fracture_v2\experiment5_localization\dataset\images\train\0886_0573838781_01_WRI-R2_F014.png,NONE,NONE,NONE,NONE,0.0,0.0,FULL_IMAGE,FULL_IMAGE,20pct_expanded_or_full_fallback,0.0,0.0
0888_01_WRI-R,PAT_GRAZ_888,GRAZPEDWRI-DX,train,0,D:\projects\MediMind\ai-prediction-service\artifacts\fracture_v2\experiment5_localization\dataset\images\train\0888_0376437583_01_WRI-R1_M015.png,D:\projects\MediMind\ai-prediction-service\artifacts\fracture_v2\experiment5_localization\dataset\images\train\0888_0376437611_01_WRI-R2_M015.png,NONE,NONE,NONE,NONE,0.0,0.0,FULL_IMAGE,FULL_IMAGE,20pct_expanded_or_full_fallback,0.0,0.0
0889_01_WRI-R,PAT_GRAZ_889,GRAZPEDWRI-DX,train,0,D:\projects\MediMind\ai-prediction-service\artifacts\fracture_v2\experiment5_localization\dataset\images\train\0889_0989268657_01_WRI-R1_F012.png,D:\projects\MediMind\ai-prediction-service\artifacts\fracture_v2\experiment5_localization\dataset\images\train\0889_0989268694_01_WRI-R2_F012.png,NONE,NONE,NONE,"[0.4776, 0.5373, 0.6671, 0.6107]",0.0,0.1906,FULL_IMAGE,"[0.43970000000000004, 0.52262, 0.7050000000000001, 0.62538]",20pct_expanded_or_full_fallback,0.0,0.0
0891_01_WRI-L,PAT_GRAZ_891,GRAZPEDWRI-DX,train,0,D:\projects\MediMind\ai-prediction-service\artifacts\fracture_v2\experiment5_localization\dataset\images\train\0891_0197234964_01_WRI-L1_M017.png,D:\projects\MediMind\ai-prediction-service\artifacts\fracture_v2\experiment5_localization\dataset\images\train\0891_0197234985_01_WRI-L2_M017.png,NONE,NONE,NONE,"[0.3301, 0.1973, 0.5466, 0.2563]",0.0,0.2969,FULL_IMAGE,"[0.2868, 0.1855, 0.5899, 0.26809999999999995]",20pct_expanded_or_full_fallback,0.0,0.0
0892_01_WRI-R,PAT_GRAZ_892,GRAZPEDWRI-DX,train,1,D:\projects\MediMind\ai-prediction-service\artifacts\fracture_v2\experiment5_localization\dataset\images\train\0892_1273117374_01_WRI-R1_F010.png,D:\projects\MediMind\ai-prediction-service\artifacts\fracture_v2\experiment5_localization\dataset\images\train\0892_1273117426_01_WRI-R2_F010.png,"[0.2149535, 0.6125160000000001, 0.5171344999999999, 0.728362]","[0.40235, 0.503606, 0.6637299999999999, 0.6334139999999999]","[0.5041, 0.7386, 0.6234, 0.8048]","[0.5339, 0.5476, 0.664, 0.6202]",0.2796,0.4573,"[0.48024, 0.72536, 0.64726, 0.81804]","[0.50788, 0.53308, 0.6900200000000001, 0.63472]",20pct_expanded_or_full_fallback,0.6947,0.2776
0895_01_WRI-L,PAT_GRAZ_895,GRAZPEDWRI-DX,train,1,D:\projects\MediMind\ai-prediction-service\artifacts\fracture_v2\experiment5_localization\dataset\images\train\0895_0900836201_01_WRI-L1_M007.png,D:\projects\MediMind\ai-prediction-service\artifacts\fracture_v2\experiment5_localization\dataset\images\train\0895_0900836294_01_WRI-L2_M007.png,"[0.5625, 0.433333, 0.7732140000000001, 0.491453]","[0.370321, 0.4415885, 0.510695, 0.4906535]","[0.5535, 0.4326, 0.7744, 0.4993]","[0.3641, 0.4317, 0.5085, 0.4925]",0.8412,0.7586,"[0.50932, 0.41925999999999997, 0.81858, 0.51264]","[0.33521999999999996, 0.41953999999999997, 0.53738, 0.50466]",20pct_expanded_or_full_fallback,0.8312,0.7629
0895_02_WRI-L,PAT_GRAZ_895,GRAZPEDWRI-DX,train,1,D:\projects\MediMind\ai-prediction-service\artifacts\fracture_v2\experiment5_localization\dataset\images\train\0895_0901439185_02_WRI-L1_M007.png,D:\projects\MediMind\ai-prediction-service\artifacts\fracture_v2\experiment5_localization\dataset\images\train\0895_0901439234_02_WRI-L2_M007.png,"[0.5914634999999999, 0.4006085, 0.8313005, 0.4746455]","[0.285714, 0.412995, 0.498934, 0.504405]","[0.5964, 0.4113, 0.8321, 0.4821]","[0.2904, 0.4326, 0.4923, 0.5041]",0.8326,0.8273,"[0.5492600000000001, 0.39714, 0.8792399999999999, 0.49626]","[0.25001999999999996, 0.4183, 0.53268, 0.5184]",20pct_expanded_or_full_fallback,0.7606,0.7407
0895_03_WRI-L,PAT_GRAZ_895,GRAZPEDWRI-DX,train,1,D:\projects\MediMind\ai-prediction-service\artifacts\fracture_v2\experiment5_localization\dataset\images\train\0895_0902134120_03_WRI-L1_M007.png,D:\projects\MediMind\ai-prediction-service\artifacts\fracture_v2\experiment5_localization\dataset\images\train\0895_0902134167_03_WRI-L2_M007.png,"[0.532567, 0.359223, 0.783525, 0.466019]","[0.38125, 0.42745049999999996, 0.5875, 0.5049015]","[0.5351, 0.3746, 0.7755, 0.4581]","[0.3833, 0.4353, 0.5875, 0.5045]",0.7832,0.8314,"[0.48702, 0.3579, 0.82358, 0.4748]","[0.34246, 0.42146000000000006, 0.62834, 0.5183399999999999]",20pct_expanded_or_full_fallback,0.749,0.8846
0895_04_WRI-L,PAT_GRAZ_895,GRAZPEDWRI-DX,train,1,D:\projects\MediMind\ai-prediction-service\artifacts\fracture_v2\experiment5_localization\dataset\images\train\0895_0903335019_04_WRI-L1_M007.png,D:\projects\MediMind\ai-prediction-service\artifacts\fracture_v2\experiment5_localization\dataset\images\train\0895_0903335101_04_WRI-L2_M007.png,"[0.44853, 0.553383, 0.7843140000000001, 0.681203]","[0.33583999999999997, 0.45614050000000006, 0.601504, 0.5760235]","[0.4583, 0.5553, 0.7753, 0.686]","[0.3383, 0.4609, 0.6023, 0.5645]",0.813,0.6391,"[0.3949, 0.52916, 0.8387, 0.7121400000000001]","[0.2855, 0.44017999999999996, 0.6550999999999999, 0.58522]",20pct_expanded_or_full_fallback,0.8981,0.854
0895_05_WRI-L,PAT_GRAZ_895,GRAZPEDWRI-DX,train,1,D:\projects\MediMind\ai-prediction-service\artifacts\fracture_v2\experiment5_localization\dataset\images\train\0895_0904544406_05_WRI-L1_M007.png,D:\projects\MediMind\ai-prediction-service\artifacts\fracture_v2\experiment5_localization\dataset\images\train\0895_0904544456_05_WRI-L2_M007.png,"[0.456044, 0.3469385, 0.8021980000000001, 0.4708455]","[0.3532935, 0.48257399999999995, 0.6497005, 0.588472]","[0.459, 0.3474, 0.8132, 0.4661]","[0.3536, 0.4768, 0.6621, 0.5709]",0.6986,0.7166,"[0.38816, 0.32366, 0.88404, 0.48984]","[0.29190000000000005, 0.45798, 0.7238, 0.5897199999999999]",20pct_expanded_or_full_fallback,0.9217,0.7633
0897_01_WRI-R,PAT_GRAZ_897,GRAZPEDWRI-DX,train,0,D:\projects\MediMind\ai-prediction-service\artifacts\fracture_v2\experiment5_localization\dataset\images\train\0897_0633572278_01_WRI-R1_M015.png,D:\projects\MediMind\ai-prediction-service\artifacts\fracture_v2\experiment5_localization\dataset\images\train\0897_0633572338_01_WRI-R2_M015.png,NONE,NONE,NONE,NONE,0.0,0.0,FULL_IMAGE,FULL_IMAGE,20pct_expanded_or_full_fallback,0.0,0.0
0898_01_WRI-R,PAT_GRAZ_898,GRAZPEDWRI-DX,train,0,D:\projects\MediMind\ai-prediction-service\artifacts\fracture_v2\experiment5_localization\dataset\images\train\0898_0504481034_01_WRI-R1_F009.png,D:\projects\MediMind\ai-prediction-service\artifacts\fracture_v2\experiment5_localization\dataset\images\train\0898_0504481074_01_WRI-R2_F009.png,NONE,NONE,NONE,NONE,0.0,0.0,FULL_IMAGE,FULL_IMAGE,20pct_expanded_or_full_fallback,0.0,0.0
0900_01_WRI-L,PAT_GRAZ_900,GRAZPEDWRI-DX,train,1,D:\projects\MediMind\ai-prediction-service\artifacts\fracture_v2\experiment5_localization\dataset\images\train\0900_0271006479_01_WRI-L1_F010.png,D:\projects\MediMind\ai-prediction-service\artifacts\fracture_v2\experiment5_localization\dataset\images\train\0900_0271006540_01_WRI-L2_F010.png,"[0.4536085, 0.593064, 0.6872855, 0.6924859999999999]","[0.346473, 0.6411235000000001, 0.5767629999999999, 0.7586205]","[0.1532, 0.4419, 0.2618, 0.5103]","[0.3513, 0.6407, 0.5722, 0.7549]",0.6289,0.6525,"[0.13148, 0.42822000000000005, 0.28352, 0.52398]","[0.30712, 0.6178600000000001, 0.61638, 0.77774]",20pct_expanded_or_full_fallback,0.8125,0.9257
0901_01_WRI-L,PAT_GRAZ_901,GRAZPEDWRI-DX,train,1,D:\projects\MediMind\ai-prediction-service\artifacts\fracture_v2\experiment5_localization\dataset\images\train\0901_0387208452_01_WRI-L1_M013.png,D:\projects\MediMind\ai-prediction-service\artifacts\fracture_v2\experiment5_localization\dataset\images\train\0901_0387208489_01_WRI-L2_M013.png,"[0.516014, 0.5264190000000001, 0.6927639999999999, 0.613503]","[0.276995, 0.438284, 0.43974900000000006, 0.513598]","[0.516, 0.5247, 0.6882, 0.6115]","[0.2757, 0.4381, 0.4484, 0.5148]",0.829,0.7654,"[0.48156, 0.50734, 0.7226400000000001, 0.6288600000000001]","[0.24115999999999999, 0.42275999999999997, 0.48294000000000004, 0.5301400000000001]",20pct_expanded_or_full_fallback,0.9337,0.9254
0901_02_WRI-L,PAT_GRAZ_901,GRAZPEDWRI-DX,train,1,D:\projects\MediMind\ai-prediction-service\artifacts\fracture_v2\experiment5_localization\dataset\images\train\0901_0387677209_02_WRI-L1_M013.png,D:\projects\MediMind\ai-prediction-service\artifacts\fracture_v2\experiment5_localization\dataset\images\train\0901_0387677299_02_WRI-L2_M013.png,"[0.4230765, 0.5912974999999999, 0.6420115, 0.6595565]","[0.3559635, 0.553644, 0.5284405, 0.6093120000000001]","[0.426, 0.5862, 0.6383, 0.6576]","[0.3511, 0.5438, 0.5357, 0.6176]",0.73,0.7716,"[0.38354, 0.5719200000000001, 0.68076, 0.6718799999999999]","[0.31418, 0.52904, 0.5726199999999999, 0.63236]",20pct_expanded_or_full_fallback,0.8783,0.7048
0901_03_WRI-L,PAT_GRAZ_901,GRAZPEDWRI-DX,train,1,D:\projects\MediMind\ai-prediction-service\artifacts\fracture_v2\experiment5_localization\dataset\images\train\0901_0388791897_03_WRI-L1_M013.png,D:\projects\MediMind\ai-prediction-service\artifacts\fracture_v2\experiment5_localization\dataset\images\train\0901_0388791966_03_WRI-L2_M013.png,"[0.44129549999999995, 0.6409315, 0.7145745, 0.7340685]","[0.3376285, 0.5780855, 0.6005155, 0.6435765]","[0.4406, 0.6375, 0.7313, 0.7363]","[0.3397, 0.5635, 0.5975, 0.6587]",0.7954,0.6997,"[0.38246, 0.61774, 0.7894399999999999, 0.75606]","[0.28814, 0.54446, 0.6490600000000001, 0.6777399999999999]",20pct_expanded_or_full_fallback,0.8862,0.6787
0902_03_WRI-L,PAT_GRAZ_902,GRAZPEDWRI-DX,train,0,D:\projects\MediMind\ai-prediction-service\artifacts\fracture_v2\experiment5_localization\dataset\images\train\0902_1143609651_03_WRI-L1_F015.png,D:\projects\MediMind\ai-prediction-service\artifacts\fracture_v2\experiment5_localization\dataset\images\train\0902_1143609680_03_WRI-L2_F015.png,NONE,NONE,NONE,NONE,0.0,0.0,FULL_IMAGE,FULL_IMAGE,20pct_expanded_or_full_fallback,0.0,0.0
0903_01_WRI-R,PAT_GRAZ_903,GRAZPEDWRI-DX,train,0,D:\projects\MediMind\ai-prediction-service\artifacts\fracture_v2\experiment5_localization\dataset\images\train\0903_0741114157_01_WRI-R1_M009.png,D:\projects\MediMind\ai-prediction-service\artifacts\fracture_v2\experiment5_localization\dataset\images\train\0903_0741114190_01_WRI-R2_M009.png,NONE,NONE,"[0.7115, 0.118, 0.8882, 0.2134]",NONE,0.1701,0.0,"[0.67616, 0.09892, 0.92354, 0.23248000000000002]",FULL_IMAGE,20pct_expanded_or_full_fallback,0.0,0.0
0904_01_WRI-L,PAT_GRAZ_904,GRAZPEDWRI-DX,train,0,D:\projects\MediMind\ai-prediction-service\artifacts\fracture_v2\experiment5_localization\dataset\images\train\0904_0259506821_01_WRI-L1_M015.png,D:\projects\MediMind\ai-prediction-service\artifacts\fracture_v2\experiment5_localization\dataset\images\train\0904_0259506860_01_WRI-L2_M015.png,NONE,NONE,NONE,NONE,0.0,0.0,FULL_IMAGE,FULL_IMAGE,20pct_expanded_or_full_fallback,0.0,0.0
0906_01_WRI-L,PAT_GRAZ_906,GRAZPEDWRI-DX,train,1,D:\projects\MediMind\ai-prediction-service\artifacts\fracture_v2\experiment5_localization\dataset\images\train\0906_0406017857_01_WRI-L1_F012.png,D:\projects\MediMind\ai-prediction-service\artifacts\fracture_v2\experiment5_localization\dataset\images\train\0906_0406017889_01_WRI-L2_F012.png,NONE,"[0.362989, 0.48930550000000006, 0.613879, 0.5409985]",NONE,"[0.362, 0.507, 0.5909, 0.5681]",0.0,0.1719,FULL_IMAGE,"[0.31622, 0.49478, 0.63668, 0.5803200000000001]",20pct_expanded_or_full_fallback,0.0,0.4034
0906_01_WRI-R,PAT_GRAZ_906,GRAZPEDWRI-DX,train,1,D:\projects\MediMind\ai-prediction-service\artifacts\fracture_v2\experiment5_localization\dataset\images\train\0906_0406017948_01_WRI-R1_F012.png,D:\projects\MediMind\ai-prediction-service\artifacts\fracture_v2\experiment5_localization\dataset\images\train\0906_0406017976_01_WRI-R2_F012.png,"[0.3021475, 0.47953699999999994, 0.5966265, 0.5400349999999999]","[0.455235, 0.4726024999999999, 0.676783, 0.5299655]","[0.3042, 0.458, 0.6038, 0.5349]",NONE,0.1865,0.0,"[0.24428000000000002, 0.44262, 0.66372, 0.5502800000000001]",FULL_IMAGE,20pct_expanded_or_full_fallback,0.6564,0.0
0907_01_WRI-L,PAT_GRAZ_907,GRAZPEDWRI-DX,train,1,D:\projects\MediMind\ai-prediction-service\artifacts\fracture_v2\experiment5_localization\dataset\images\train\0907_0996918476_01_WRI-L1_M014.png,D:\projects\MediMind\ai-prediction-service\artifacts\fracture_v2\experiment5_localization\dataset\images\train\0907_0996918436_01_WRI-L2_M014.png,"[0.4394905, 0.4018695, 0.6847135, 0.5171345]","[0.34455100000000005, 0.456822, 0.543269, 0.531952]","[0.4367, 0.41, 0.694, 0.5088]","[0.3436, 0.4658, 0.5376, 0.5414]",0.727,0.847,"[0.38523999999999997, 0.39024, 0.7454599999999999, 0.52856]","[0.3048, 0.45067999999999997, 0.5763999999999999, 0.55652]",20pct_expanded_or_full_fallback,0.8224,0.759
0908_01_WRI-L,PAT_GRAZ_908,GRAZPEDWRI-DX,train,0,D:\projects\MediMind\ai-prediction-service\artifacts\fracture_v2\experiment5_localization\dataset\images\train\0908_0298020325_01_WRI-L1_F011.png,D:\projects\MediMind\ai-prediction-service\artifacts\fracture_v2\experiment5_localization\dataset\images\train\0908_0298020376_01_WRI-L2_F011.png,NONE,NONE,NONE,"[0.3997, 0.5856, 0.5475, 0.6485]",0.0,0.4485,FULL_IMAGE,"[0.37014, 0.57302, 0.57706, 0.66108]",20pct_expanded_or_full_fallback,0.0,0.0
0909_01_WRI-L,PAT_GRAZ_909,GRAZPEDWRI-DX,train,1,D:\projects\MediMind\ai-prediction-service\artifacts\fracture_v2\experiment5_localization\dataset\images\train\0909_0330124518_01_WRI-L1_M012.png,D:\projects\MediMind\ai-prediction-service\artifacts\fracture_v2\experiment5_localization\dataset\images\train\0909_0330124570_01_WRI-L2_M012.png,NONE,"[0.322134, 0.3897735, 0.557312, 0.4400665]","[0.4197, 0.4422, 0.633, 0.5135]","[0.2961, 0.3706, 0.5665, 0.4437]",0.3605,0.5943,"[0.37704000000000004, 0.42794, 0.67566, 0.52776]","[0.24201999999999996, 0.35597999999999996, 0.62058, 0.45832]",20pct_expanded_or_full_fallback,0.0,0.5984
0909_02_WRI-L,PAT_GRAZ_909,GRAZPEDWRI-DX,train,1,D:\projects\MediMind\ai-prediction-service\artifacts\fracture_v2\experiment5_localization\dataset\images\train\0909_0331247819_02_WRI-L1_M012.png,D:\projects\MediMind\ai-prediction-service\artifacts\fracture_v2\experiment5_localization\dataset\images\train\0909_0331247781_02_WRI-L2_M012.png,NONE,"[0.287946, 0.3588705, 0.598214, 0.4314515]","[0.4579, 0.3485, 0.7394, 0.4511]","[0.2963, 0.3588, 0.5958, 0.4328]",0.556,0.6528,"[0.40159999999999996, 0.32798, 0.7957, 0.47162]","[0.2364, 0.34400000000000003, 0.6557, 0.4476]",20pct_expanded_or_full_fallback,0.0,0.9474
0909_03_WRI-L,PAT_GRAZ_909,GRAZPEDWRI-DX,train,1,D:\projects\MediMind\ai-prediction-service\artifacts\fracture_v2\experiment5_localization\dataset\images\train\0909_0332022531_03_WRI-L1_M012.png,D:\projects\MediMind\ai-prediction-service\artifacts\fracture_v2\experiment5_localization\dataset\images\train\0909_0332022572_03_WRI-L2_M012.png,NONE,"[0.453686, 0.3854805, 0.6956519999999999, 0.46216749999999995]","[0.3845, 0.5335, 0.5985, 0.6319]","[0.4456, 0.3667, 0.7008, 0.4626]",0.3456,0.5786,"[0.3417, 0.5138199999999999, 0.6413, 0.65158]","[0.39456, 0.34752000000000005, 0.75184, 0.48178]",20pct_expanded_or_full_fallback,0.0,0.7582
0911_01_WRI-R,PAT_GRAZ_911,GRAZPEDWRI-DX,train,0,D:\projects\MediMind\ai-prediction-service\artifacts\fracture_v2\experiment5_localization\dataset\images\train\0911_0846478721_01_WRI-R1_M009.png,D:\projects\MediMind\ai-prediction-service\artifacts\fracture_v2\experiment5_localization\dataset\images\train\0911_0846478748_01_WRI-R2_M009.png,NONE,NONE,NONE,NONE,0.0,0.0,FULL_IMAGE,FULL_IMAGE,20pct_expanded_or_full_fallback,0.0,0.0
0911_02_WRI-R,PAT_GRAZ_911,GRAZPEDWRI-DX,train,0,D:\projects\MediMind\ai-prediction-service\artifacts\fracture_v2\experiment5_localization\dataset\images\train\0911_0979437875_02_WRI-R1_M013.png,D:\projects\MediMind\ai-prediction-service\artifacts\fracture_v2\experiment5_localization\dataset\images\train\0911_0979437901_02_WRI-R2_M013.png,NONE,NONE,NONE,NONE,0.0,0.0,FULL_IMAGE,FULL_IMAGE,20pct_expanded_or_full_fallback,0.0,0.0
0912_01_WRI-L,PAT_GRAZ_912,GRAZPEDWRI-DX,train,0,D:\projects\MediMind\ai-prediction-service\artifacts\fracture_v2\experiment5_localization\dataset\images\train\0912_0478020512_01_WRI-L1_M016.png,D:\projects\MediMind\ai-prediction-service\artifacts\fracture_v2\experiment5_localization\dataset\images\train\0912_0478020549_01_WRI-L2_M016.png,NONE,NONE,NONE,NONE,0.0,0.0,FULL_IMAGE,FULL_IMAGE,20pct_expanded_or_full_fallback,0.0,0.0
0914_01_WRI-R,PAT_GRAZ_914,GRAZPEDWRI-DX,train,0,D:\projects\MediMind\ai-prediction-service\artifacts\fracture_v2\experiment5_localization\dataset\images\train\0914_0992148029_01_WRI-R1_M013.png,D:\projects\MediMind\ai-prediction-service\artifacts\fracture_v2\experiment5_localization\dataset\images\train\0914_0992148065_01_WRI-R2_M013.png,NONE,NONE,NONE,NONE,0.0,0.0,FULL_IMAGE,FULL_IMAGE,20pct_expanded_or_full_fallback,0.0,0.0
0915_01_WRI-L,PAT_GRAZ_915,GRAZPEDWRI-DX,train,1,D:\projects\MediMind\ai-prediction-service\artifacts\fracture_v2\experiment5_localization\dataset\images\train\0915_0434122280_01_WRI-L1_M008.png,D:\projects\MediMind\ai-prediction-service\artifacts\fracture_v2\experiment5_localization\dataset\images\train\0915_0434122321_01_WRI-L2_M008.png,"[0.5403725, 0.62401, 0.7267075, 0.703166]","[0.43750049999999996, 0.4670185, 0.6379315, 0.5870715]","[0.5346, 0.6177, 0.732, 0.6987]","[0.4467, 0.4717, 0.6349, 0.5676]",0.75,0.7408,"[0.49511999999999995, 0.6015, 0.7714799999999999, 0.7149]","[0.40906, 0.45252000000000003, 0.67254, 0.58678]",20pct_expanded_or_full_fallback,0.8274,0.7501
0916_01_WRI-L,PAT_GRAZ_916,GRAZPEDWRI-DX,train,1,D:\projects\MediMind\ai-prediction-service\artifacts\fracture_v2\experiment5_localization\dataset\images\train\0916_0957506345_01_WRI-L1_M007.png,D:\projects\MediMind\ai-prediction-service\artifacts\fracture_v2\experiment5_localization\dataset\images\train\0916_0957506390_01_WRI-L2_M007.png,"[0.410463, 0.4715795, 0.635815, 0.5736844999999999]","[0.23237549999999998, 0.445606, 0.4673625, 0.51046]","[0.4156, 0.4774, 0.6332, 0.5659]","[0.2447, 0.431, 0.474, 0.5041]",0.7994,0.6819,"[0.37208, 0.4597, 0.67672, 0.5835999999999999]","[0.19884000000000002, 0.41638, 0.51986, 0.51872]",20pct_expanded_or_full_fallback,0.8369,0.6863
0916_02_WRI-L,PAT_GRAZ_916,GRAZPEDWRI-DX,train,1,D:\projects\MediMind\ai-prediction-service\artifacts\fracture_v2\experiment5_localization\dataset\images\train\0916_0957509668_02_WRI-L1_M007.png,D:\projects\MediMind\ai-prediction-service\artifacts\fracture_v2\experiment5_localization\dataset\images\train\0916_0957509727_02_WRI-L2_M007.png,"[0.48380599999999996, 0.5312494999999999, 0.7064779999999999, 0.6054685]","[0.44256100000000004, 0.5027125, 0.6007530000000001, 0.5641955]","[0.4862, 0.5262, 0.7078, 0.611]","[0.4509, 0.5064, 0.5912, 0.5646]",0.5207,0.5741,"[0.44188000000000005, 0.50924, 0.75212, 0.62796]","[0.42284000000000005, 0.49476, 0.6192599999999999, 0.57624]",20pct_expanded_or_full_fallback,0.8619,0.8289
0916_03_WRI-L,PAT_GRAZ_916,GRAZPEDWRI-DX,train,1,D:\projects\MediMind\ai-prediction-service\artifacts\fracture_v2\experiment5_localization\dataset\images\train\0916_0958101586_03_WRI-L1_M007.png,D:\projects\MediMind\ai-prediction-service\artifacts\fracture_v2\experiment5_localization\dataset\images\train\0916_0958101667_03_WRI-L2_M007.png,"[0.442088, 0.6161875, 0.619902, 0.7310705000000001]","[0.333333, 0.5000005, 0.477387, 0.6099775]","[0.4389, 0.6307, 0.6182, 0.7375]","[0.3341, 0.4773, 0.4742, 0.5777]",0.5761,0.448,"[0.40304, 0.60934, 0.65406, 0.7588600000000001]","[0.30608, 0.45722, 0.50222, 0.59778]",20pct_expanded_or_full_fallback,0.8071,0.5722
0916_04_WRI-L,PAT_GRAZ_916,GRAZPEDWRI-DX,train,1,D:\projects\MediMind\ai-prediction-service\artifacts\fracture_v2\experiment5_localization\dataset\images\train\0916_0958697443_04_WRI-L1_M007.png,D:\projects\MediMind\ai-prediction-service\artifacts\fracture_v2\experiment5_localization\dataset\images\train\0916_0958697466_04_WRI-L2_M007.png,"[0.5121945, 0.561056, 0.6707314999999999, 0.6655660000000001]","[0.4172185, 0.41612950000000004, 0.5447015, 0.4967745]","[0.3597, 0.6148, 0.4468, 0.6848]","[0.4145, 0.4169, 0.5508, 0.4927]",0.5782,0.3684,"[0.34228000000000003, 0.6008, 0.46421999999999997, 0.6988]","[0.38724, 0.40174, 0.5780599999999999, 0.50786]",20pct_expanded_or_full_fallback,0.0,0.8825
0916_05_WRI-L,PAT_GRAZ_916,GRAZPEDWRI-DX,train,1,D:\projects\MediMind\ai-prediction-service\artifacts\fracture_v2\experiment5_localization\dataset\images\train\0916_0959314500_05_WRI-L1_M007.png,D:\projects\MediMind\ai-prediction-service\artifacts\fracture_v2\experiment5_localization\dataset\images\train\0916_0959314532_05_WRI-L2_M007.png,"[0.44697, 0.5154639999999999, 0.621212, 0.613402]","[0.273707, 0.515748, 0.431035, 0.5935039999999999]","[0.4438, 0.5056, 0.6151, 0.6143]","[0.2721, 0.5008, 0.4989, 0.5932]",0.7527,0.6862,"[0.40953999999999996, 0.48386000000000007, 0.6493599999999999, 0.6360399999999999]","[0.22674, 0.48232, 0.54426, 0.6116799999999999]",20pct_expanded_or_full_fallback,0.8568,0.5801
0918_01_WRI-L,PAT_GRAZ_918,GRAZPEDWRI-DX,train,1,D:\projects\MediMind\ai-prediction-service\artifacts\fracture_v2\experiment5_localization\dataset\images\train\0918_0390357061_01_WRI-L1_F012.png,D:\projects\MediMind\ai-prediction-service\artifacts\fracture_v2\experiment5_localization\dataset\images\train\0918_0390357076_01_WRI-L2_F012.png,NONE,"[0.343363, 0.388986, 0.576991, 0.45629400000000003]",NONE,"[0.3425, 0.3854, 0.5771, 0.4519]",0.0,0.5894,FULL_IMAGE,"[0.29558000000000006, 0.37210000000000004, 0.6240199999999999, 0.4652]",20pct_expanded_or_full_fallback,0.0,0.884
0919_01_WRI-R,PAT_GRAZ_919,GRAZPEDWRI-DX,train,1,D:\projects\MediMind\ai-prediction-service\artifacts\fracture_v2\experiment5_localization\dataset\images\train\0919_1127748281_01_WRI-R1_M004.png,D:\projects\MediMind\ai-prediction-service\artifacts\fracture_v2\experiment5_localization\dataset\images\train\0919_1127748322_01_WRI-R2_M004.png,"[0.41392, 0.46247750000000004, 0.630164, 0.5443885]","[0.40430650000000007, 0.407567, 0.6172255000000001, 0.46918899999999997]","[0.4144, 0.4674, 0.6325, 0.5388]","[0.4009, 0.4041, 0.5996, 0.4663]",0.8271,0.6919,"[0.37078, 0.45311999999999997, 0.6761199999999999, 0.5530799999999999]","[0.36116, 0.39166, 0.63934, 0.47874]",20pct_expanded_or_full_fallback,0.8616,0.8187
0919_06_WRI-R,PAT_GRAZ_919,GRAZPEDWRI-DX,train,1,D:\projects\MediMind\ai-prediction-service\artifacts\fracture_v2\experiment5_localization\dataset\images\train\0919_1128064773_06_WRI-R1_M004.png,D:\projects\MediMind\ai-prediction-service\artifacts\fracture_v2\experiment5_localization\dataset\images\train\0919_1128064861_06_WRI-R2_M004.png,"[0.3479735, 0.579248, 0.5287165, 0.6533640000000001]","[0.411664, 0.534381, 0.5471699999999999, 0.5962670000000001]","[0.3453, 0.5719, 0.534, 0.6601]","[0.4107, 0.5292, 0.5583, 0.6085]",0.8163,0.6871,"[0.30756, 0.55426, 0.57174, 0.67774]","[0.38118, 0.51334, 0.58782, 0.62436]",20pct_expanded_or_full_fallback,0.8049,0.7165
0919_07_WRI-R,PAT_GRAZ_919,GRAZPEDWRI-DX,train,1,D:\projects\MediMind\ai-prediction-service\artifacts\fracture_v2\experiment5_localization\dataset\images\train\0919_1128659042_07_WRI-R1_M004.png,D:\projects\MediMind\ai-prediction-service\artifacts\fracture_v2\experiment5_localization\dataset\images\train\0919_1128659127_07_WRI-R2_M004.png,"[0.3844765, 0.6471935, 0.5776175, 0.7365405]","[0.47781549999999995, 0.5365565000000001, 0.6296925, 0.6073115]","[0.3858, 0.6482, 0.5822, 0.7447]","[0.4696, 0.5328, 0.6318, 0.6163]",0.7301,0.6651,"[0.34651999999999994, 0.6289, 0.62148, 0.764]","[0.43716, 0.5161000000000001, 0.66424, 0.6329999999999999]",20pct_expanded_or_full_fallback,0.8796,0.7934
0919_08_WRI-R,PAT_GRAZ_919,GRAZPEDWRI-DX,train,1,D:\projects\MediMind\ai-prediction-service\artifacts\fracture_v2\experiment5_localization\dataset\images\train\0919_1129871246_08_WRI-R1_M004.png,D:\projects\MediMind\ai-prediction-service\artifacts\fracture_v2\experiment5_localization\dataset\images\train\0919_1129871292_08_WRI-R2_M004.png,"[0.340256, 0.605747, 0.528754, 0.717241]","[0.45783100000000004, 0.368421, 0.6009030000000001, 0.46910700000000005]","[0.3336, 0.606, 0.5318, 0.7174]","[0.4512, 0.3691, 0.6219, 0.4655]",0.7134,0.6292,"[0.29396, 0.58372, 0.5714400000000001, 0.73968]","[0.41706, 0.34981999999999996, 0.65604, 0.48478000000000004]",20pct_expanded_or_full_fallback,0.9476,0.808
0920_01_WRI-L,PAT_GRAZ_920,GRAZPEDWRI-DX,train,0,D:\projects\MediMind\ai-prediction-service\artifacts\fracture_v2\experiment5_localization\dataset\images\train\0920_1183180078_01_WRI-L1_F001.png,D:\projects\MediMind\ai-prediction-service\artifacts\fracture_v2\experiment5_localization\dataset\images\train\0920_1183180123_01_WRI-L2_F001.png,NONE,NONE,NONE,"[0.3061, 0.4773, 0.5352, 0.5511]",0.0,0.1976,FULL_IMAGE,"[0.26027999999999996, 0.46254, 0.58102, 0.56586]",20pct_expanded_or_full_fallback,0.0,0.0
0921_01_WRI-L,PAT_GRAZ_921,GRAZPEDWRI-DX,train,0,D:\projects\MediMind\ai-prediction-service\artifacts\fracture_v2\experiment5_localization\dataset\images\train\0921_0821006812_01_WRI-L1_F012.png,D:\projects\MediMind\ai-prediction-service\artifacts\fracture_v2\experiment5_localization\dataset\images\train\0921_0821006843_01_WRI-L2_F012.png,NONE,NONE,NONE,"[0.3286, 0.4541, 0.6459, 0.5281]",0.0,0.2487,FULL_IMAGE,"[0.26514, 0.4393, 0.70936, 0.5429]",20pct_expanded_or_full_fallback,0.0,0.0
0922_01_WRI-L,PAT_GRAZ_922,GRAZPEDWRI-DX,train,1,D:\projects\MediMind\ai-prediction-service\artifacts\fracture_v2\experiment5_localization\dataset\images\train\0922_0700092144_01_WRI-L1_M004.png,D:\projects\MediMind\ai-prediction-service\artifacts\fracture_v2\experiment5_localization\dataset\images\train\0922_0700092162_01_WRI-L2_M004.png,"[0.5080645, 0.2316105, 0.7274195, 0.3151095]","[0.595092, 0.28520249999999997, 0.842536, 0.3782815]","[0.5177, 0.2494, 0.719, 0.3114]","[0.5775, 0.2741, 0.8336, 0.3654]",0.5845,0.483,"[0.4774400000000001, 0.23700000000000002, 0.7592599999999999, 0.32380000000000003]","[0.52628, 0.25584, 0.88482, 0.38366]",20pct_expanded_or_full_fallback,0.6814,0.701
0923_01_WRI-L,PAT_GRAZ_923,GRAZPEDWRI-DX,train,1,D:\projects\MediMind\ai-prediction-service\artifacts\fracture_v2\experiment5_localization\dataset\images\train\0923_0696047068_01_WRI-L1_F010.png,D:\projects\MediMind\ai-prediction-service\artifacts\fracture_v2\experiment5_localization\dataset\images\train\0923_0696047090_01_WRI-L2_F010.png,"[0.421053, 0.4124675, 0.671053, 0.5021345]","[0.3531245, 0.40186099999999997, 0.6124995, 0.489847]","[0.4266, 0.4293, 0.6595, 0.5034]","[0.3647, 0.4158, 0.6065, 0.4881]",0.6141,0.5664,"[0.38001999999999997, 0.41448, 0.7060799999999999, 0.5182199999999999]","[0.31634, 0.40134000000000003, 0.65486, 0.50256]",20pct_expanded_or_full_fallback,0.7469,0.766
0923_02_WRI-L,PAT_GRAZ_923,GRAZPEDWRI-DX,train,1,D:\projects\MediMind\ai-prediction-service\artifacts\fracture_v2\experiment5_localization\dataset\images\train\0923_0696644390_02_WRI-L1_F011.png,D:\projects\MediMind\ai-prediction-service\artifacts\fracture_v2\experiment5_localization\dataset\images\train\0923_0696644440_02_WRI-L2_F011.png,"[0.458449, 0.34055100000000005, 0.706371, 0.442913]","[0.3191885, 0.382639, 0.6180815000000001, 0.485385]","[0.4655, 0.3517, 0.7082, 0.4488]","[0.3512, 0.4127, 0.6138, 0.4872]",0.4846,0.6252,"[0.41696, 0.33228, 0.7567400000000001, 0.46821999999999997]","[0.29868, 0.3978, 0.66632, 0.5021]",20pct_expanded_or_full_fallback,0.8145,0.612
0924_01_WRI-R,PAT_GRAZ_924,GRAZPEDWRI-DX,train,1,D:\projects\MediMind\ai-prediction-service\artifacts\fracture_v2\experiment5_localization\dataset\images\train\0924_1000264634_01_WRI-R1_F008.png,D:\projects\MediMind\ai-prediction-service\artifacts\fracture_v2\experiment5_localization\dataset\images\train\0924_1000264670_01_WRI-R2_F008.png,"[0.572907, 0.4701495, 0.709249, 0.5139625]","[0.4520795, 0.404624, 0.7052445, 0.531792]","[0.5791, 0.4605, 0.7069, 0.5145]","[0.5036, 0.4694, 0.6771, 0.5331]",0.6309,0.6146,"[0.5535399999999999, 0.44970000000000004, 0.73246, 0.5253]","[0.46890000000000004, 0.45665999999999995, 0.7118, 0.54584]",20pct_expanded_or_full_fallback,0.7696,0.3339
0924_02_WRI-R,PAT_GRAZ_924,GRAZPEDWRI-DX,train,1,D:\projects\MediMind\ai-prediction-service\artifacts\fracture_v2\experiment5_localization\dataset\images\train\0924_1000731215_02_WRI-R1_F008.png,D:\projects\MediMind\ai-prediction-service\artifacts\fracture_v2\experiment5_localization\dataset\images\train\0924_1000731285_02_WRI-R2_F008.png,"[0.289016, 0.590797, 0.524846, 0.685851]","[0.422535, 0.4682085, 0.751173, 0.6196535000000001]","[0.6124, 0.6164, 0.7531, 0.674]","[0.5157, 0.5428, 0.7429, 0.6188]",0.5006,0.6744,"[0.5842600000000001, 0.60488, 0.7812399999999999, 0.68552]","[0.47026000000000007, 0.5276, 0.78834, 0.634]",20pct_expanded_or_full_fallback,0.6928,0.3469
0924_03_WRI-R,PAT_GRAZ_924,GRAZPEDWRI-DX,train,1,D:\projects\MediMind\ai-prediction-service\artifacts\fracture_v2\experiment5_localization\dataset\images\train\0924_1001942275_03_WRI-R1_F008.png,D:\projects\MediMind\ai-prediction-service\artifacts\fracture_v2\experiment5_localization\dataset\images\train\0924_1001942350_03_WRI-R2_F008.png,"[0.3612105, 0.45467650000000004, 0.5907475, 0.5884895]","[0.47790050000000006, 0.4234235, 0.8563535, 0.5842985]","[0.6588, 0.546, 0.7852, 0.6175]","[0.5796, 0.4919, 0.8532, 0.591]",0.7192,0.4876,"[0.6335200000000001, 0.5317000000000001, 0.81048, 0.6318]","[0.52488, 0.47208, 0.90792, 0.6108199999999999]",20pct_expanded_or_full_fallback,0.8167,0.4031
0925_01_WRI-R,PAT_GRAZ_925,GRAZPEDWRI-DX,train,1,D:\projects\MediMind\ai-prediction-service\artifacts\fracture_v2\experiment5_localization\dataset\images\train\0925_1117087636_01_WRI-R1_M016.png,D:\projects\MediMind\ai-prediction-service\artifacts\fracture_v2\experiment5_localization\dataset\images\train\0925_1117087675_01_WRI-R2_M016.png,"[0.24203799999999998, 0.52925, 0.536624, 0.5987199999999999]","[0.40834799999999993, 0.49286950000000007, 0.736842, 0.5650625]","[0.2378, 0.5254, 0.5335, 0.5991]","[0.402, 0.627, 0.6261, 0.7317]",0.4448,0.3926,"[0.17866, 0.51066, 0.59264, 0.6138399999999999]","[0.35718000000000005, 0.60606, 0.67092, 0.75264]",20pct_expanded_or_full_fallback,0.9199,0.0
0928_01_WRI-R,PAT_GRAZ_928,GRAZPEDWRI-DX,train,0,D:\projects\MediMind\ai-prediction-service\artifacts\fracture_v2\experiment5_localization\dataset\images\train\0928_0888340866_01_WRI-R1_F016.png,D:\projects\MediMind\ai-prediction-service\artifacts\fracture_v2\experiment5_localization\dataset\images\train\0928_0888340894_01_WRI-R2_F016.png,NONE,NONE,NONE,NONE,0.0,0.0,FULL_IMAGE,FULL_IMAGE,20pct_expanded_or_full_fallback,0.0,0.0
0929_01_WRI-R,PAT_GRAZ_929,GRAZPEDWRI-DX,train,1,D:\projects\MediMind\ai-prediction-service\artifacts\fracture_v2\experiment5_localization\dataset\images\train\0929_0778433056_01_WRI-R1_M002.png,D:\projects\MediMind\ai-prediction-service\artifacts\fracture_v2\experiment5_localization\dataset\images\train\0929_0778433111_01_WRI-R2_M002.png,"[0.2695475, 0.927325, 0.41152249999999996, 0.9738370000000001]","[0.525701, 0.8924245000000001, 0.6495329999999999, 0.9909095]",NONE,"[0.5268, 0.515, 0.6948, 0.6153]",0.0,0.2023,FULL_IMAGE,"[0.4932000000000001, 0.49494000000000005, 0.7283999999999999, 0.6353599999999999]",20pct_expanded_or_full_fallback,0.0,0.0
0931_01_WRI-R,PAT_GRAZ_931,GRAZPEDWRI-DX,train,1,D:\projects\MediMind\ai-prediction-service\artifacts\fracture_v2\experiment5_localization\dataset\images\train\0931_0673000382_01_WRI-R1_F007.png,D:\projects\MediMind\ai-prediction-service\artifacts\fracture_v2\experiment5_localization\dataset\images\train\0931_0673000430_01_WRI-R2_F007.png,"[0.3701925, 0.5470849999999999, 0.5448715, 0.676009]","[0.3847545, 0.5592885, 0.5390195, 0.6640315]","[0.3724, 0.559, 0.5488, 0.6675]","[0.3827, 0.5664, 0.5484, 0.6484]",0.7806,0.7021,"[0.33712000000000003, 0.5373000000000001, 0.5840799999999999, 0.6891999999999999]","[0.34956, 0.55, 0.58154, 0.6648]",20pct_expanded_or_full_fallback,0.8155,0.7399
0931_02_WRI-R,PAT_GRAZ_931,GRAZPEDWRI-DX,train,1,D:\projects\MediMind\ai-prediction-service\artifacts\fracture_v2\experiment5_localization\dataset\images\train\0931_0697795374_02_WRI-R1_F008.png,D:\projects\MediMind\ai-prediction-service\artifacts\fracture_v2\experiment5_localization\dataset\images\train\0931_0697795390_02_WRI-R2_F008.png,"[0.36912750000000005, 0.568856, 0.5419465, 0.82839]","[0.330596, 0.4874740000000001, 0.523614, 0.790188]",NONE,"[0.3256, 0.5194, 0.5205, 0.6192]",0.0,0.5757,FULL_IMAGE,"[0.28662, 0.49944, 0.55948, 0.63916]",20pct_expanded_or_full_fallback,0.0,0.3216
0933_01_WRI-L,PAT_GRAZ_933,GRAZPEDWRI-DX,train,1,D:\projects\MediMind\ai-prediction-service\artifacts\fracture_v2\experiment5_localization\dataset\images\train\0933_0512599473_01_WRI-L1_M011.png,D:\projects\MediMind\ai-prediction-service\artifacts\fracture_v2\experiment5_localization\dataset\images\train\0933_0512599533_01_WRI-L2_M011.png,"[0.366474, 0.44853750000000003, 0.6080920000000001, 0.5005845]","[0.23156100000000002, 0.290803, 0.680961, 0.376943]",NONE,"[0.236, 0.3079, 0.6605, 0.3827]",0.0,0.3122,FULL_IMAGE,"[0.15109999999999998, 0.29294000000000003, 0.7454, 0.39765999999999996]",20pct_expanded_or_full_fallback,0.0,0.7122
0933_02_WRI-L,PAT_GRAZ_933,GRAZPEDWRI-DX,train,1,D:\projects\MediMind\ai-prediction-service\artifacts\fracture_v2\experiment5_localization\dataset\images\train\0933_0512603442_02_WRI-L1_M011.png,D:\projects\MediMind\ai-prediction-service\artifacts\fracture_v2\experiment5_localization\dataset\images\train\0933_0512603513_02_WRI-L2_M011.png,"[0.3904765, 0.4033925, 0.7158734999999999, 0.48377549999999997]","[0.3419065, 0.2703755, 0.6142215, 0.3505825]","[0.3858, 0.4021, 0.72, 0.479]","[0.3616, 0.2989, 0.6127, 0.3628]",0.2042,0.3951,"[0.31895999999999997, 0.38672, 0.78684, 0.49438]","[0.31138, 0.28612, 0.6629200000000001, 0.37558]",20pct_expanded_or_full_fallback,0.9027,0.521
0933_03_WRI-L,PAT_GRAZ_933,GRAZPEDWRI-DX,train,1,D:\projects\MediMind\ai-prediction-service\artifacts\fracture_v2\experiment5_localization\dataset\images\train\0933_0513350019_03_WRI-L1_M011.png,D:\projects\MediMind\ai-prediction-service\artifacts\fracture_v2\experiment5_localization\dataset\images\train\0933_0513350095_03_WRI-L2_M011.png,"[0.2500005, 0.400402, 0.32930149999999997, 0.458752]","[0.3360525, 0.33834549999999997, 0.6606855, 0.4351505]","[0.4467, 0.5854, 0.6181, 0.6755]",NONE,0.3129,0.0,"[0.41242, 0.56738, 0.65238, 0.69352]",FULL_IMAGE,20pct_expanded_or_full_fallback,0.0,0.0
0933_04_WRI-L,PAT_GRAZ_933,GRAZPEDWRI-DX,train,1,D:\projects\MediMind\ai-prediction-service\artifacts\fracture_v2\experiment5_localization\dataset\images\train\0933_0513961634_04_WRI-L1_M011.png,D:\projects\MediMind\ai-prediction-service\artifacts\fracture_v2\experiment5_localization\dataset\images\train\0933_0513961672_04_WRI-L2_M011.png,"[0.26712349999999996, 0.43659, 0.6267125, 0.529106]","[0.33560650000000003, 0.365658, 0.5729875, 0.47064]","[0.0548, 0.4356, 0.1621, 0.5063]","[0.3339, 0.3661, 0.5802, 0.4688]",0.3278,0.4428,"[0.03334, 0.42146, 0.18356, 0.52044]","[0.28463999999999995, 0.34556, 0.62946, 0.48934]",20pct_expanded_or_full_fallback,0.6922,0.9436
0934_01_WRI-R,PAT_GRAZ_934,GRAZPEDWRI-DX,train,1,D:\projects\MediMind\ai-prediction-service\artifacts\fracture_v2\experiment5_localization\dataset\images\train\0934_0210876130_01_WRI-R1_M008.png,D:\projects\MediMind\ai-prediction-service\artifacts\fracture_v2\experiment5_localization\dataset\images\train\0934_0210876164_01_WRI-R2_M008.png,"[0.2796055, 0.493896, 0.4654605, 0.569368]","[0.4800885, 0.5191205, 0.6659295, 0.5803055]","[0.2782, 0.4922, 0.4671, 0.5634]","[0.4643, 0.5115, 0.6682, 0.5694]",0.3258,0.629,"[0.24042, 0.47796000000000005, 0.50488, 0.57764]","[0.42352, 0.4999199999999999, 0.70898, 0.58098]",20pct_expanded_or_full_fallback,0.8873,0.6755
0934_02_WRI-L,PAT_GRAZ_934,GRAZPEDWRI-DX,train,0,D:\projects\MediMind\ai-prediction-service\artifacts\fracture_v2\experiment5_localization\dataset\images\train\0934_0339089276_02_WRI-L1_M012.png,D:\projects\MediMind\ai-prediction-service\artifacts\fracture_v2\experiment5_localization\dataset\images\train\0934_0339089291_02_WRI-L2_M012.png,NONE,NONE,NONE,NONE,0.0,0.0,FULL_IMAGE,FULL_IMAGE,20pct_expanded_or_full_fallback,0.0,0.0
0936_01_WRI-R,PAT_GRAZ_936,GRAZPEDWRI-DX,train,1,D:\projects\MediMind\ai-prediction-service\artifacts\fracture_v2\experiment5_localization\dataset\images\train\0936_0636235767_01_WRI-R1_M008.png,D:\projects\MediMind\ai-prediction-service\artifacts\fracture_v2\experiment5_localization\dataset\images\train\0936_0636235825_01_WRI-R2_M008.png,"[0.31092450000000005, 0.539855, 0.4873955, 0.6186590000000001]","[0.370019, 0.478469, 0.540797, 0.535885]","[0.3147, 0.5458, 0.4899, 0.6199]","[0.3576, 0.4703, 0.5474, 0.5276]",0.8216,0.7189,"[0.27965999999999996, 0.5309799999999999, 0.52494, 0.6347200000000001]","[0.31964, 0.45884, 0.58536, 0.53906]",20pct_expanded_or_full_fallback,0.8795,0.6827
0936_02_WRI-R,PAT_GRAZ_936,GRAZPEDWRI-DX,train,1,D:\projects\MediMind\ai-prediction-service\artifacts\fracture_v2\experiment5_localization\dataset\images\train\0936_0636564940_02_WRI-R1_M008.png,D:\projects\MediMind\ai-prediction-service\artifacts\fracture_v2\experiment5_localization\dataset\images\train\0936_0636564982_02_WRI-R2_M008.png,"[0.331415, 0.47053799999999996, 0.518347, 0.561102]","[0.47721699999999995, 0.443446, 0.6581729999999999, 0.50627]","[0.3322, 0.4773, 0.5159, 0.5595]","[0.479, 0.4441, 0.6616, 0.5023]",0.7022,0.5693,"[0.29546, 0.46086, 0.55264, 0.57594]","[0.44248, 0.43246, 0.69812, 0.51394]",20pct_expanded_or_full_fallback,0.892,0.9015
0936_03_WRI-R,PAT_GRAZ_936,GRAZPEDWRI-DX,train,1,D:\projects\MediMind\ai-prediction-service\artifacts\fracture_v2\experiment5_localization\dataset\images\train\0936_0638208672_03_WRI-R1_M008.png,D:\projects\MediMind\ai-prediction-service\artifacts\fracture_v2\experiment5_localization\dataset\images\train\0936_0638208714_03_WRI-R2_M008.png,"[0.2815775, 0.543567, 0.5248185, 0.626791]","[0.36383000000000004, 0.4236565, 0.6071340000000001, 0.5467955]","[0.2848, 0.544, 0.5271, 0.6217]","[0.3736, 0.4578, 0.5744, 0.5345]",0.7934,0.5944,"[0.23634, 0.52846, 0.5755600000000001, 0.63724]","[0.33343999999999996, 0.44245999999999996, 0.61456, 0.54984]",20pct_expanded_or_full_fallback,0.9133,0.5141
0936_04_WRI-L,PAT_GRAZ_936,GRAZPEDWRI-DX,train,1,D:\projects\MediMind\ai-prediction-service\artifacts\fracture_v2\experiment5_localization\dataset\images\train\0936_0767215020_04_WRI-L1_M012.png,D:\projects\MediMind\ai-prediction-service\artifacts\fracture_v2\experiment5_localization\dataset\images\train\0936_0767215047_04_WRI-L2_M012.png,NONE,"[0.35172400000000004, 0.41922499999999996, 0.7080460000000001, 0.477383]",NONE,"[0.3551, 0.4123, 0.7089, 0.4763]",0.0,0.5503,FULL_IMAGE,"[0.28434000000000004, 0.3995, 0.77966, 0.4891]",20pct_expanded_or_full_fallback,0.0,0.8675
0937_01_WRI-R,PAT_GRAZ_937,GRAZPEDWRI-DX,train,0,D:\projects\MediMind\ai-prediction-service\artifacts\fracture_v2\experiment5_localization\dataset\images\train\0937_1154392122_01_WRI-R1_M013.png,D:\projects\MediMind\ai-prediction-service\artifacts\fracture_v2\experiment5_localization\dataset\images\train\0937_1154392198_01_WRI-R2_M013.png,NONE,NONE,NONE,NONE,0.0,0.0,FULL_IMAGE,FULL_IMAGE,20pct_expanded_or_full_fallback,0.0,0.0
0939_01_WRI-R,PAT_GRAZ_939,GRAZPEDWRI-DX,train,0,D:\projects\MediMind\ai-prediction-service\artifacts\fracture_v2\experiment5_localization\dataset\images\train\0939_0657799273_01_WRI-R1_F001.png,D:\projects\MediMind\ai-prediction-service\artifacts\fracture_v2\experiment5_localization\dataset\images\train\0939_0657799315_01_WRI-R2_F001.png,NONE,NONE,NONE,NONE,0.0,0.0,FULL_IMAGE,FULL_IMAGE,20pct_expanded_or_full_fallback,0.0,0.0
0940_01_WRI-R,PAT_GRAZ_940,GRAZPEDWRI-DX,train,0,D:\projects\MediMind\ai-prediction-service\artifacts\fracture_v2\experiment5_localization\dataset\images\train\0940_0962670626_01_WRI-R1_F008.png,D:\projects\MediMind\ai-prediction-service\artifacts\fracture_v2\experiment5_localization\dataset\images\train\0940_0962670675_01_WRI-R2_F008.png,NONE,NONE,NONE,NONE,0.0,0.0,FULL_IMAGE,FULL_IMAGE,20pct_expanded_or_full_fallback,0.0,0.0
0940_02_WRI-L,PAT_GRAZ_940,GRAZPEDWRI-DX,train,0,D:\projects\MediMind\ai-prediction-service\artifacts\fracture_v2\experiment5_localization\dataset\images\train\0940_1043726383_02_WRI-L1_F010.png,D:\projects\MediMind\ai-prediction-service\artifacts\fracture_v2\experiment5_localization\dataset\images\train\0940_1043726424_02_WRI-L2_F010.png,NONE,NONE,NONE,NONE,0.0,0.0,FULL_IMAGE,FULL_IMAGE,20pct_expanded_or_full_fallback,0.0,0.0
0943_01_WRI-L,PAT_GRAZ_943,GRAZPEDWRI-DX,train,1,D:\projects\MediMind\ai-prediction-service\artifacts\fracture_v2\experiment5_localization\dataset\images\train\0943_0495535496_01_WRI-L1_F009.png,D:\projects\MediMind\ai-prediction-service\artifacts\fracture_v2\experiment5_localization\dataset\images\train\0943_0495535517_01_WRI-L2_F009.png,"[0.453526, 0.293677, 0.658654, 0.359401]","[0.3791475, 0.2865745, 0.5687205, 0.35283950000000003]",NONE,"[0.3798, 0.2882, 0.5634, 0.3495]",0.0,0.5212,FULL_IMAGE,"[0.34308000000000005, 0.27594, 0.60012, 0.36175999999999997]",20pct_expanded_or_full_fallback,0.0,0.8959
0944_01_WRI-R,PAT_GRAZ_944,GRAZPEDWRI-DX,train,1,D:\projects\MediMind\ai-prediction-service\artifacts\fracture_v2\experiment5_localization\dataset\images\train\0944_1211987624_01_WRI-R1_M012.png,D:\projects\MediMind\ai-prediction-service\artifacts\fracture_v2\experiment5_localization\dataset\images\train\0944_1211987656_01_WRI-R2_M012.png,"[0.2324325, 0.601266, 0.4558555, 0.702532]","[0.45060199999999995, 0.48394000000000004, 0.706024, 0.56531]","[0.2407, 0.6192, 0.4512, 0.694]","[0.4616, 0.494, 0.6959, 0.555]",0.7939,0.7599,"[0.1986, 0.60424, 0.49329999999999996, 0.7089599999999999]","[0.41474, 0.4818, 0.74276, 0.5672]",20pct_expanded_or_full_fallback,0.6959,0.6877
0947_01_WRI-L,PAT_GRAZ_947,GRAZPEDWRI-DX,train,1,D:\projects\MediMind\ai-prediction-service\artifacts\fracture_v2\experiment5_localization\dataset\images\train\0947_0443862045_01_WRI-L1_M006.png,D:\projects\MediMind\ai-prediction-service\artifacts\fracture_v2\experiment5_localization\dataset\images\train\0947_0443862109_01_WRI-L2_M006.png,"[0.240344, 0.49308749999999996, 0.396996, 0.5460824999999999]","[0.43142099999999994, 0.47649600000000003, 0.685785, 0.551282]","[0.4753, 0.474, 0.7447, 0.5428]","[0.4305, 0.4747, 0.6873, 0.5448]",0.811,0.7222,"[0.42142, 0.46024, 0.7985800000000001, 0.5565599999999999]","[0.37914, 0.46068000000000003, 0.73866, 0.55882]",20pct_expanded_or_full_fallback,0.965,0.8842
0947_02_WRI-L,PAT_GRAZ_947,GRAZPEDWRI-DX,train,1,D:\projects\MediMind\ai-prediction-service\artifacts\fracture_v2\experiment5_localization\dataset\images\train\0947_0444368585_02_WRI-L1_M006.png,D:\projects\MediMind\ai-prediction-service\artifacts\fracture_v2\experiment5_localization\dataset\images\train\0947_0444368648_02_WRI-L2_M006.png,"[0.522095, 0.4306835, 0.739771, 0.48613649999999997]","[0.3944955, 0.409781, 0.5871565, 0.456999]","[0.5238, 0.42, 0.7369, 0.4886]","[0.381, 0.405, 0.5908, 0.4643]",0.6816,0.6718,"[0.48118000000000005, 0.40628, 0.77952, 0.50232]","[0.33904, 0.39314000000000004, 0.63276, 0.47615999999999997]",20pct_expanded_or_full_fallback,0.7946,0.7312
0950_01_WRI-R,PAT_GRAZ_950,GRAZPEDWRI-DX,train,0,D:\projects\MediMind\ai-prediction-service\artifacts\fracture_v2\experiment5_localization\dataset\images\train\0950_0793346712_01_WRI-R1_F012.png,D:\projects\MediMind\ai-prediction-service\artifacts\fracture_v2\experiment5_localization\dataset\images\train\0950_0793346757_01_WRI-R2_F012.png,NONE,NONE,NONE,NONE,0.0,0.0,FULL_IMAGE,FULL_IMAGE,20pct_expanded_or_full_fallback,0.0,0.0
0951_01_WRI-L,PAT_GRAZ_951,GRAZPEDWRI-DX,train,1,D:\projects\MediMind\ai-prediction-service\artifacts\fracture_v2\experiment5_localization\dataset\images\train\0951_1170877295_01_WRI-L1_F012.png,D:\projects\MediMind\ai-prediction-service\artifacts\fracture_v2\experiment5_localization\dataset\images\train\0951_1170877412_01_WRI-L2_F012.png,NONE,"[0.410959, 0.185862, 0.712329, 0.25973]","[0.4659, 0.286, 0.8394, 0.3766]","[0.3947, 0.3655, 0.5544, 0.428]",0.1891,0.3361,"[0.3912, 0.26787999999999995, 0.9141, 0.39472]","[0.36275999999999997, 0.353, 0.58634, 0.4405]",20pct_expanded_or_full_fallback,0.0,0.0
0951_02_WRI-L,PAT_GRAZ_951,GRAZPEDWRI-DX,train,1,D:\projects\MediMind\ai-prediction-service\artifacts\fracture_v2\experiment5_localization\dataset\images\train\0951_1171404178_02_WRI-L1_F012.png,D:\projects\MediMind\ai-prediction-service\artifacts\fracture_v2\experiment5_localization\dataset\images\train\0951_1171404232_02_WRI-L2_F012.png,NONE,"[0.333916, 0.3552635, 0.664336, 0.4357585]","[0.5332, 0.5637, 0.718, 0.6325]","[0.3499, 0.3565, 0.6707, 0.4462]",0.6447,0.5682,"[0.49624, 0.54994, 0.75496, 0.64626]","[0.28574, 0.33855999999999997, 0.73486, 0.46414]",20pct_expanded_or_full_fallback,0.0,0.8184
0951_03_WRI-L,PAT_GRAZ_951,GRAZPEDWRI-DX,train,1,D:\projects\MediMind\ai-prediction-service\artifacts\fracture_v2\experiment5_localization\dataset\images\train\0951_1172000112_03_WRI-L1_F012.png,D:\projects\MediMind\ai-prediction-service\artifacts\fracture_v2\experiment5_localization\dataset\images\train\0951_1172000193_03_WRI-L2_F012.png,NONE,"[0.35238099999999994, 0.3434925, 0.652381, 0.41268550000000004]",NONE,"[0.3507, 0.3415, 0.6559, 0.4269]",0.0,0.5063,FULL_IMAGE,"[0.28966000000000003, 0.32442000000000004, 0.71694, 0.44398]",20pct_expanded_or_full_fallback,0.0,0.7964
0952_01_WRI-L,PAT_GRAZ_952,GRAZPEDWRI-DX,train,1,D:\projects\MediMind\ai-prediction-service\artifacts\fracture_v2\experiment5_localization\dataset\images\train\0952_0865927035_01_WRI-L1_F008.png,D:\projects\MediMind\ai-prediction-service\artifacts\fracture_v2\experiment5_localization\dataset\images\train\0952_0865927077_01_WRI-L2_F008.png,"[0.49796699999999994, 0.3647685, 0.786585, 0.4225975]","[0.327122, 0.3134555, 0.623188, 0.3646785]",NONE,"[0.3362, 0.307, 0.5985, 0.3667]",0.0,0.607,FULL_IMAGE,"[0.28374, 0.29506, 0.65096, 0.37864000000000003]",20pct_expanded_or_full_fallback,0.0,0.7727
0953_01_WRI-L,PAT_GRAZ_953,GRAZPEDWRI-DX,train,1,D:\projects\MediMind\ai-prediction-service\artifacts\fracture_v2\experiment5_localization\dataset\images\train\0953_1065712516_01_WRI-L1_F005.png,D:\projects\MediMind\ai-prediction-service\artifacts\fracture_v2\experiment5_localization\dataset\images\train\0953_1065712598_01_WRI-L2_F005.png,"[0.5242915, 0.3583885, 0.7550605, 0.43028350000000004]","[0.25798550000000003, 0.2731485, 0.4815725, 0.3296295]","[0.5385, 0.3599, 0.7538, 0.4298]","[0.2633, 0.2771, 0.4777, 0.3347]",0.8192,0.7052,"[0.49544, 0.34592, 0.79686, 0.44378]","[0.22041999999999998, 0.26558000000000004, 0.52058, 0.34621999999999997]",20pct_expanded_or_full_fallback,0.9071,0.8211
0954_01_WRI-L,PAT_GRAZ_954,GRAZPEDWRI-DX,train,1,D:\projects\MediMind\ai-prediction-service\artifacts\fracture_v2\experiment5_localization\dataset\images\train\0954_0960183714_01_WRI-L1_F011.png,D:\projects\MediMind\ai-prediction-service\artifacts\fracture_v2\experiment5_localization\dataset\images\train\0954_0960183747_01_WRI-L2_F011.png,"[0.3879309999999999, 0.51259, 0.615517, 0.5980219999999999]","[0.25370699999999996, 0.5375005, 0.467875, 0.6035715]","[0.3901, 0.5158, 0.6314, 0.5891]","[0.2534, 0.5225, 0.4922, 0.6023]",0.7518,0.6236,"[0.34184000000000003, 0.50114, 0.6796599999999999, 0.60376]","[0.20564000000000002, 0.50654, 0.53996, 0.6182599999999999]",20pct_expanded_or_full_fallback,0.8018,0.718
0954_02_WRI-L,PAT_GRAZ_954,GRAZPEDWRI-DX,train,1,D:\projects\MediMind\ai-prediction-service\artifacts\fracture_v2\experiment5_localization\dataset\images\train\0954_0962134209_02_WRI-L1_F011.png,D:\projects\MediMind\ai-prediction-service\artifacts\fracture_v2\experiment5_localization\dataset\images\train\0954_0962134228_02_WRI-L2_F011.png,"[0.45104950000000005, 0.5388345, 0.6835665000000001, 0.6038834999999999]","[0.31263450000000004, 0.47131900000000004, 0.5567455, 0.551625]","[0.4504, 0.514, 0.6893, 0.6151]","[0.306, 0.4479, 0.5523, 0.5475]",0.748,0.737,"[0.40262000000000003, 0.49378, 0.7370800000000001, 0.63532]","[0.25673999999999997, 0.42798, 0.60156, 0.56742]",20pct_expanded_or_full_fallback,0.6262,0.7056
0957_03_WRI-L,PAT_GRAZ_957,GRAZPEDWRI-DX,train,1,D:\projects\MediMind\ai-prediction-service\artifacts\fracture_v2\experiment5_localization\dataset\images\train\0957_0257828910_03_WRI-L1_M005.png,D:\projects\MediMind\ai-prediction-service\artifacts\fracture_v2\experiment5_localization\dataset\images\train\0957_0257828956_03_WRI-L2_M005.png,"[0.545871, 0.3953485, 0.8188070000000001, 0.5116275]","[0.3545915, 0.6044565, 0.5969385, 0.6977715]","[0.5456, 0.4008, 0.8212, 0.5209]","[0.357, 0.6095, 0.5897, 0.6936]",0.3463,0.6553,"[0.49047999999999997, 0.37678, 0.8763200000000001, 0.5449200000000001]","[0.31045999999999996, 0.5926800000000001, 0.63624, 0.7104199999999999]",20pct_expanded_or_full_fallback,0.8746,0.8654
0960_01_WRI-L,PAT_GRAZ_960,GRAZPEDWRI-DX,train,1,D:\projects\MediMind\ai-prediction-service\artifacts\fracture_v2\experiment5_localization\dataset\images\train\0960_0367989890_01_WRI-L1_M012.png,D:\projects\MediMind\ai-prediction-service\artifacts\fracture_v2\experiment5_localization\dataset\images\train\0960_0367989915_01_WRI-L2_M012.png,NONE,"[0.356674, 0.46179, 0.6433260000000001, 0.543668]",NONE,"[0.3467, 0.4452, 0.6591, 0.5257]",0.0,0.2479,FULL_IMAGE,"[0.28422000000000003, 0.4291, 0.72158, 0.5418]",20pct_expanded_or_full_fallback,0.0,0.6046
0961_01_WRI-L,PAT_GRAZ_961,GRAZPEDWRI-DX,train,0,D:\projects\MediMind\ai-prediction-service\artifacts\fracture_v2\experiment5_localization\dataset\images\train\0961_0648749664_01_WRI-L1_M006.png,D:\projects\MediMind\ai-prediction-service\artifacts\fracture_v2\experiment5_localization\dataset\images\train\0961_0648749791_01_WRI-L2_M006.png,NONE,NONE,NONE,"[0.2883, 0.4462, 0.6582, 0.5287]",0.0,0.2807,FULL_IMAGE,"[0.21432, 0.42969999999999997, 0.73218, 0.5451999999999999]",20pct_expanded_or_full_fallback,0.0,0.0
0962_01_WRI-L,PAT_GRAZ_962,GRAZPEDWRI-DX,train,1,D:\projects\MediMind\ai-prediction-service\artifacts\fracture_v2\experiment5_localization\dataset\images\train\0962_0548544657_01_WRI-L1_M010.png,D:\projects\MediMind\ai-prediction-service\artifacts\fracture_v2\experiment5_localization\dataset\images\train\0962_0548544682_01_WRI-L2_M010.png,"[0.4376995, 0.5791135000000001, 0.6485625, 0.6592825]","[0.32802549999999997, 0.5759215000000001, 0.4952225, 0.6822125]","[0.4351, 0.5953, 0.6517, 0.6734]","[0.3254, 0.5884, 0.4925, 0.6962]",0.8426,0.6657,"[0.39178, 0.5796800000000001, 0.69502, 0.68902]","[0.29198, 0.56684, 0.5259199999999999, 0.7177600000000001]",20pct_expanded_or_full_fallback,0.6636,0.758
0963_01_WRI-L,PAT_GRAZ_963,GRAZPEDWRI-DX,train,0,D:\projects\MediMind\ai-prediction-service\artifacts\fracture_v2\experiment5_localization\dataset\images\train\0963_0580452649_01_WRI-L1_M013.png,D:\projects\MediMind\ai-prediction-service\artifacts\fracture_v2\experiment5_localization\dataset\images\train\0963_0580452687_01_WRI-L2_M013.png,NONE,NONE,NONE,NONE,0.0,0.0,FULL_IMAGE,FULL_IMAGE,20pct_expanded_or_full_fallback,0.0,0.0
0965_01_WRI-L,PAT_GRAZ_965,GRAZPEDWRI-DX,train,0,D:\projects\MediMind\ai-prediction-service\artifacts\fracture_v2\experiment5_localization\dataset\images\train\0965_1044025862_01_WRI-L1_F010.png,D:\projects\MediMind\ai-prediction-service\artifacts\fracture_v2\experiment5_localization\dataset\images\train\0965_1044025903_01_WRI-L2_F010.png,NONE,NONE,NONE,NONE,0.0,0.0,FULL_IMAGE,FULL_IMAGE,20pct_expanded_or_full_fallback,0.0,0.0
0966_01_WRI-R,PAT_GRAZ_966,GRAZPEDWRI-DX,train,1,D:\projects\MediMind\ai-prediction-service\artifacts\fracture_v2\experiment5_localization\dataset\images\train\0966_0539868472_01_WRI-R1_F015.png,D:\projects\MediMind\ai-prediction-service\artifacts\fracture_v2\experiment5_localization\dataset\images\train\0966_0539868588_01_WRI-R2_F015.png,"[0.302448, 0.505708, 0.624126, 0.583334]","[0.34558849999999997, 0.5577595, 0.7230395, 0.6651104999999999]","[0.2923, 0.5029, 0.618, 0.5946]",NONE,0.2918,0.0,"[0.22716, 0.48456, 0.68314, 0.61294]",FULL_IMAGE,20pct_expanded_or_full_fallback,0.8073,0.0
0967_01_WRI-R,PAT_GRAZ_967,GRAZPEDWRI-DX,train,1,D:\projects\MediMind\ai-prediction-service\artifacts\fracture_v2\experiment5_localization\dataset\images\train\0967_0733239785_01_WRI-R1_M011.png,D:\projects\MediMind\ai-prediction-service\artifacts\fracture_v2\experiment5_localization\dataset\images\train\0967_0733239824_01_WRI-R2_M011.png,"[0.2679855, 0.3175405, 0.5791365, 0.39516149999999994]","[0.3814655, 0.2863255, 0.6853445, 0.3814105]",NONE,NONE,0.0,0.0,FULL_IMAGE,FULL_IMAGE,20pct_expanded_or_full_fallback,0.0,0.0
0968_01_WRI-L,PAT_GRAZ_968,GRAZPEDWRI-DX,train,0,D:\projects\MediMind\ai-prediction-service\artifacts\fracture_v2\experiment5_localization\dataset\images\train\0968_0820090676_01_WRI-L1_F012.png,D:\projects\MediMind\ai-prediction-service\artifacts\fracture_v2\experiment5_localization\dataset\images\train\0968_0820090695_01_WRI-L2_F012.png,NONE,NONE,NONE,NONE,0.0,0.0,FULL_IMAGE,FULL_IMAGE,20pct_expanded_or_full_fallback,0.0,0.0
0970_01_WRI-L,PAT_GRAZ_970,GRAZPEDWRI-DX,train,0,D:\projects\MediMind\ai-prediction-service\artifacts\fracture_v2\experiment5_localization\dataset\images\train\0970_0826440136_01_WRI-L1_M008.png,D:\projects\MediMind\ai-prediction-service\artifacts\fracture_v2\experiment5_localization\dataset\images\train\0970_0826440176_01_WRI-L2_M008.png,NONE,NONE,NONE,NONE,0.0,0.0,FULL_IMAGE,FULL_IMAGE,20pct_expanded_or_full_fallback,0.0,0.0
0971_01_WRI-R,PAT_GRAZ_971,GRAZPEDWRI-DX,train,0,D:\projects\MediMind\ai-prediction-service\artifacts\fracture_v2\experiment5_localization\dataset\images\train\0971_0555436491_01_WRI-R1_F009.png,D:\projects\MediMind\ai-prediction-service\artifacts\fracture_v2\experiment5_localization\dataset\images\train\0971_0555436527_01_WRI-R2_F009.png,NONE,NONE,NONE,NONE,0.0,0.0,FULL_IMAGE,FULL_IMAGE,20pct_expanded_or_full_fallback,0.0,0.0
0973_01_WRI-L,PAT_GRAZ_973,GRAZPEDWRI-DX,train,0,D:\projects\MediMind\ai-prediction-service\artifacts\fracture_v2\experiment5_localization\dataset\images\train\0973_1238046070_01_WRI-L1_F010.png,D:\projects\MediMind\ai-prediction-service\artifacts\fracture_v2\experiment5_localization\dataset\images\train\0973_1238046101_01_WRI-L2_F010.png,NONE,NONE,NONE,NONE,0.0,0.0,FULL_IMAGE,FULL_IMAGE,20pct_expanded_or_full_fallback,0.0,0.0
0974_01_WRI-L,PAT_GRAZ_974,GRAZPEDWRI-DX,train,1,D:\projects\MediMind\ai-prediction-service\artifacts\fracture_v2\experiment5_localization\dataset\images\train\0974_0518697863_01_WRI-L1_F007.png,D:\projects\MediMind\ai-prediction-service\artifacts\fracture_v2\experiment5_localization\dataset\images\train\0974_0518697884_01_WRI-L2_F007.png,"[0.4382025, 0.4137925, 0.6161055, 0.45841750000000003]","[0.40215100000000004, 0.3435805, 0.572043, 0.3969255]","[0.4335, 0.4031, 0.6125, 0.4606]","[0.4037, 0.3413, 0.5664, 0.3933]",0.5949,0.5628,"[0.3977, 0.3916, 0.6483000000000001, 0.4721]","[0.37116, 0.33089999999999997, 0.59894, 0.4037]",20pct_expanded_or_full_fallback,0.7441,0.8575
0974_02_WRI-R,PAT_GRAZ_974,GRAZPEDWRI-DX,train,0,D:\projects\MediMind\ai-prediction-service\artifacts\fracture_v2\experiment5_localization\dataset\images\train\0974_0653145026_02_WRI-R1_F011.png,D:\projects\MediMind\ai-prediction-service\artifacts\fracture_v2\experiment5_localization\dataset\images\train\0974_0653145066_02_WRI-R2_F011.png,NONE,NONE,NONE,"[0.4436, 0.5935, 0.5814, 0.6517]",0.0,0.3634,FULL_IMAGE,"[0.41603999999999997, 0.58186, 0.6089600000000001, 0.6633399999999999]",20pct_expanded_or_full_fallback,0.0,0.0
0975_01_WRI-R,PAT_GRAZ_975,GRAZPEDWRI-DX,train,0,D:\projects\MediMind\ai-prediction-service\artifacts\fracture_v2\experiment5_localization\dataset\images\train\0975_0548006022_01_WRI-R1_M014.png,D:\projects\MediMind\ai-prediction-service\artifacts\fracture_v2\experiment5_localization\dataset\images\train\0975_0548006053_01_WRI-R2_M014.png,NONE,NONE,NONE,NONE,0.0,0.0,FULL_IMAGE,FULL_IMAGE,20pct_expanded_or_full_fallback,0.0,0.0
0976_01_WRI-L,PAT_GRAZ_976,GRAZPEDWRI-DX,train,1,D:\projects\MediMind\ai-prediction-service\artifacts\fracture_v2\experiment5_localization\dataset\images\train\0976_0525564357_01_WRI-L1_M010.png,D:\projects\MediMind\ai-prediction-service\artifacts\fracture_v2\experiment5_localization\dataset\images\train\0976_0525564402_01_WRI-L2_M010.png,"[0.44000049999999996, 0.3800315, 0.6727274999999999, 0.4473685]","[0.48893, 0.28044850000000004, 0.662362, 0.3645835]","[0.4416, 0.3835, 0.6738, 0.4443]","[0.4741, 0.284, 0.6807, 0.3453]",0.8017,0.6632,"[0.39516, 0.37134, 0.72024, 0.45646]","[0.43278000000000005, 0.27174, 0.72202, 0.35756]",20pct_expanded_or_full_fallback,0.893,0.6395
0977_01_WRI-R,PAT_GRAZ_977,GRAZPEDWRI-DX,train,0,D:\projects\MediMind\ai-prediction-service\artifacts\fracture_v2\experiment5_localization\dataset\images\train\0977_0687920858_01_WRI-R1_M016.png,D:\projects\MediMind\ai-prediction-service\artifacts\fracture_v2\experiment5_localization\dataset\images\train\0977_0687920962_01_WRI-R2_M016.png,NONE,NONE,NONE,NONE,0.0,0.0,FULL_IMAGE,FULL_IMAGE,20pct_expanded_or_full_fallback,0.0,0.0
0978_01_WRI-L,PAT_GRAZ_978,GRAZPEDWRI-DX,train,1,D:\projects\MediMind\ai-prediction-service\artifacts\fracture_v2\experiment5_localization\dataset\images\train\0978_0630238295_01_WRI-L1_M010.png,D:\projects\MediMind\ai-prediction-service\artifacts\fracture_v2\experiment5_localization\dataset\images\train\0978_0630238327_01_WRI-L2_M010.png,"[0.45643150000000005, 0.5218630000000001, 0.7489625, 0.611217]","[0.3223145, 0.5268714999999999, 0.6280995, 0.5998085]","[0.4577, 0.5243, 0.7522, 0.6045]","[0.3251, 0.5377, 0.6304, 0.6067]",0.879,0.7778,"[0.3988, 0.5082599999999999, 0.8110999999999999, 0.6205400000000001]","[0.26404, 0.5238999999999999, 0.69146, 0.6205]",20pct_expanded_or_full_fallback,0.8849,0.7666
0979_01_WRI-L,PAT_GRAZ_979,GRAZPEDWRI-DX,train,1,D:\projects\MediMind\ai-prediction-service\artifacts\fracture_v2\experiment5_localization\dataset\images\train\0979_0438007840_01_WRI-L1_M013.png,D:\projects\MediMind\ai-prediction-service\artifacts\fracture_v2\experiment5_localization\dataset\images\train\0979_0438007900_01_WRI-L2_M013.png,"[0.2114695, 0.342702, 0.3225805, 0.39619200000000004]","[0.36381700000000006, 0.4305835, 0.693837, 0.5150905]","[0.217, 0.3399, 0.3328, 0.3993]","[0.3574, 0.4135, 0.7057, 0.5149]",0.6238,0.4572,"[0.19384, 0.32802, 0.35596, 0.41118]","[0.28774, 0.39321999999999996, 0.77536, 0.53518]",20pct_expanded_or_full_fallback,0.7872,0.7865
0980_01_WRI-L,PAT_GRAZ_980,GRAZPEDWRI-DX,train,0,D:\projects\MediMind\ai-prediction-service\artifacts\fracture_v2\experiment5_localization\dataset\images\train\0980_0964656043_01_WRI-L1_M015.png,D:\projects\MediMind\ai-prediction-service\artifacts\fracture_v2\experiment5_localization\dataset\images\train\0980_0964656056_01_WRI-L2_M015.png,NONE,NONE,NONE,NONE,0.0,0.0,FULL_IMAGE,FULL_IMAGE,20pct_expanded_or_full_fallback,0.0,0.0
0981_01_WRI-R,PAT_GRAZ_981,GRAZPEDWRI-DX,train,1,D:\projects\MediMind\ai-prediction-service\artifacts\fracture_v2\experiment5_localization\dataset\images\train\0981_0558755134_01_WRI-R1_M011.png,D:\projects\MediMind\ai-prediction-service\artifacts\fracture_v2\experiment5_localization\dataset\images\train\0981_0558755167_01_WRI-R2_M011.png,"[0.2463235, 0.490157, 0.5073525, 0.559055]","[0.41873299999999997, 0.38709699999999997, 0.6887049999999999, 0.452621]","[0.258, 0.4948, 0.4997, 0.5626]","[0.4188, 0.3802, 0.6911, 0.4435]",0.4106,0.7584,"[0.20966, 0.48124, 0.54804, 0.57616]","[0.36434, 0.36754, 0.74556, 0.45616]",20pct_expanded_or_full_fallback,0.8243,0.7727
0982_01_WRI-L,PAT_GRAZ_982,GRAZPEDWRI-DX,train,0,D:\projects\MediMind\ai-prediction-service\artifacts\fracture_v2\experiment5_localization\dataset\images\train\0982_0515977225_01_WRI-L1_M011.png,D:\projects\MediMind\ai-prediction-service\artifacts\fracture_v2\experiment5_localization\dataset\images\train\0982_0515977259_01_WRI-L2_M011.png,NONE,NONE,NONE,NONE,0.0,0.0,FULL_IMAGE,FULL_IMAGE,20pct_expanded_or_full_fallback,0.0,0.0
0983_01_WRI-L,PAT_GRAZ_983,GRAZPEDWRI-DX,train,0,D:\projects\MediMind\ai-prediction-service\artifacts\fracture_v2\experiment5_localization\dataset\images\train\0983_0683346809_01_WRI-L1_M017.png,D:\projects\MediMind\ai-prediction-service\artifacts\fracture_v2\experiment5_localization\dataset\images\train\0983_0683346845_01_WRI-L2_M017.png,NONE,NONE,NONE,"[0.3248, 0.595, 0.5025, 0.6649]",0.0,0.2119,FULL_IMAGE,"[0.28925999999999996, 0.58102, 0.53804, 0.67888]",20pct_expanded_or_full_fallback,0.0,0.0
0985_01_WRI-R,PAT_GRAZ_985,GRAZPEDWRI-DX,train,0,D:\projects\MediMind\ai-prediction-service\artifacts\fracture_v2\experiment5_localization\dataset\images\train\0985_1102314559_01_WRI-R1_M012.png,D:\projects\MediMind\ai-prediction-service\artifacts\fracture_v2\experiment5_localization\dataset\images\train\0985_1102314601_01_WRI-R2_M012.png,NONE,NONE,NONE,NONE,0.0,0.0,FULL_IMAGE,FULL_IMAGE,20pct_expanded_or_full_fallback,0.0,0.0
0987_01_WRI-R,PAT_GRAZ_987,GRAZPEDWRI-DX,train,0,D:\projects\MediMind\ai-prediction-service\artifacts\fracture_v2\experiment5_localization\dataset\images\train\0987_0570184379_01_WRI-R1_M017.png,D:\projects\MediMind\ai-prediction-service\artifacts\fracture_v2\experiment5_localization\dataset\images\train\0987_0570184435_01_WRI-R2_M017.png,NONE,NONE,NONE,NONE,0.0,0.0,FULL_IMAGE,FULL_IMAGE,20pct_expanded_or_full_fallback,0.0,0.0
0988_01_WRI-R,PAT_GRAZ_988,GRAZPEDWRI-DX,train,0,D:\projects\MediMind\ai-prediction-service\artifacts\fracture_v2\experiment5_localization\dataset\images\train\0988_1058579681_01_WRI-R1_F011.png,D:\projects\MediMind\ai-prediction-service\artifacts\fracture_v2\experiment5_localization\dataset\images\train\0988_1058579713_01_WRI-R2_F011.png,NONE,NONE,NONE,NONE,0.0,0.0,FULL_IMAGE,FULL_IMAGE,20pct_expanded_or_full_fallback,0.0,0.0
0990_01_WRI-L,PAT_GRAZ_990,GRAZPEDWRI-DX,train,1,D:\projects\MediMind\ai-prediction-service\artifacts\fracture_v2\experiment5_localization\dataset\images\train\0990_1052129817_01_WRI-L1_M016.png,D:\projects\MediMind\ai-prediction-service\artifacts\fracture_v2\experiment5_localization\dataset\images\train\0990_1052129866_01_WRI-L2_M016.png,NONE,"[0.18181799999999998, 0.40637449999999997, 0.55, 0.4760955]",NONE,NONE,0.0,0.0,FULL_IMAGE,FULL_IMAGE,20pct_expanded_or_full_fallback,0.0,0.0
0994_01_WRI-L,PAT_GRAZ_994,GRAZPEDWRI-DX,train,1,D:\projects\MediMind\ai-prediction-service\artifacts\fracture_v2\experiment5_localization\dataset\images\train\0994_0360770087_01_WRI-L1_F009.png,D:\projects\MediMind\ai-prediction-service\artifacts\fracture_v2\experiment5_localization\dataset\images\train\0994_0360770121_01_WRI-L2_F009.png,"[0.46113100000000007, 0.45131899999999997, 0.699647, 0.524341]","[0.34057950000000003, 0.545814, 0.5869565, 0.6011059999999999]",NONE,"[0.3249, 0.5385, 0.6032, 0.5947]",0.0,0.5936,FULL_IMAGE,"[0.26924000000000003, 0.52726, 0.65886, 0.60594]",20pct_expanded_or_full_fallback,0.0,0.6995
0995_01_WRI-R,PAT_GRAZ_995,GRAZPEDWRI-DX,train,0,D:\projects\MediMind\ai-prediction-service\artifacts\fracture_v2\experiment5_localization\dataset\images\train\0995_0399312598_01_WRI-R1_F009.png,D:\projects\MediMind\ai-prediction-service\artifacts\fracture_v2\experiment5_localization\dataset\images\train\0995_0399312644_01_WRI-R2_F009.png,NONE,NONE,NONE,NONE,0.0,0.0,FULL_IMAGE,FULL_IMAGE,20pct_expanded_or_full_fallback,0.0,0.0
0996_01_WRI-L,PAT_GRAZ_996,GRAZPEDWRI-DX,train,0,D:\projects\MediMind\ai-prediction-service\artifacts\fracture_v2\experiment5_localization\dataset\images\train\0996_1197404017_01_WRI-L1_M010.png,D:\projects\MediMind\ai-prediction-service\artifacts\fracture_v2\experiment5_localization\dataset\images\train\0996_1197404048_01_WRI-L2_M010.png,NONE,NONE,NONE,NONE,0.0,0.0,FULL_IMAGE,FULL_IMAGE,20pct_expanded_or_full_fallback,0.0,0.0
0997_01_WRI-L,PAT_GRAZ_997,GRAZPEDWRI-DX,train,1,D:\projects\MediMind\ai-prediction-service\artifacts\fracture_v2\experiment5_localization\dataset\images\train\0997_1138069605_01_WRI-L1_M005.png,D:\projects\MediMind\ai-prediction-service\artifacts\fracture_v2\experiment5_localization\dataset\images\train\0997_1138069665_01_WRI-L2_M005.png,"[0.529498, 0.6163275, 0.73146, 0.6981864999999999]","[0.47499949999999996, 0.47763049999999996, 0.6416664999999999, 0.5864575]","[0.5314, 0.617, 0.7363, 0.6968]","[0.4709, 0.4859, 0.6481, 0.5632]",0.8546,0.7393,"[0.49041999999999997, 0.60104, 0.77728, 0.71276]","[0.43545999999999996, 0.47043999999999997, 0.68354, 0.5786600000000001]",20pct_expanded_or_full_fallback,0.9436,0.6798
0998_01_WRI-R,PAT_GRAZ_998,GRAZPEDWRI-DX,train,1,D:\projects\MediMind\ai-prediction-service\artifacts\fracture_v2\experiment5_localization\dataset\images\train\0998_0349819720_01_WRI-R1_F007.png,D:\projects\MediMind\ai-prediction-service\artifacts\fracture_v2\experiment5_localization\dataset\images\train\0998_0349819779_01_WRI-R2_F007.png,"[0.423006, 0.6276345, 0.584416, 0.7072595]","[0.4171125, 0.466736, 0.6149735000000001, 0.529106]","[0.4294, 0.6358, 0.5892, 0.7036]","[0.4177, 0.4637, 0.6106, 0.5299]",0.903,0.6903,"[0.39744, 0.62224, 0.6211599999999999, 0.71716]","[0.37912, 0.45045999999999997, 0.6491800000000001, 0.5431400000000001]",20pct_expanded_or_full_fallback,0.7976,0.9199
0998_02_WRI-R,PAT_GRAZ_998,GRAZPEDWRI-DX,train,1,D:\projects\MediMind\ai-prediction-service\artifacts\fracture_v2\experiment5_localization\dataset\images\train\0998_0350673465_02_WRI-R1_F007.png,D:\projects\MediMind\ai-prediction-service\artifacts\fracture_v2\experiment5_localization\dataset\images\train\0998_0350673586_02_WRI-R2_F007.png,"[0.4288745, 0.4154925, 0.6135875, 0.49899350000000003]","[0.37883999999999995, 0.308212, 0.506826, 0.390338]","[0.426, 0.4173, 0.622, 0.4892]","[0.3602, 0.2989, 0.5104, 0.3601]",0.8305,0.6539,"[0.3868, 0.40292, 0.6612, 0.50358]","[0.33016, 0.28666, 0.5404399999999999, 0.37233999999999995]",20pct_expanded_or_full_fallback,0.818,0.5084
1000_01_WRI-R,PAT_GRAZ_1000,GRAZPEDWRI-DX,train,0,D:\projects\MediMind\ai-prediction-service\artifacts\fracture_v2\experiment5_localization\dataset\images\train\1000_0733316642_01_WRI-R1_M004.png,D:\projects\MediMind\ai-prediction-service\artifacts\fracture_v2\experiment5_localization\dataset\images\train\1000_0733316717_01_WRI-R2_M004.png,NONE,NONE,NONE,"[0.3924, 0.429, 0.6135, 0.4827]",0.0,0.2453,FULL_IMAGE,"[0.34818000000000005, 0.41825999999999997, 0.6577200000000001, 0.49344000000000005]",20pct_expanded_or_full_fallback,0.0,0.0
1001_01_WRI-L,PAT_GRAZ_1001,GRAZPEDWRI-DX,train,0,D:\projects\MediMind\ai-prediction-service\artifacts\fracture_v2\experiment5_localization\dataset\images\train\1001_0594830016_01_WRI-L1_M009.png,D:\projects\MediMind\ai-prediction-service\artifacts\fracture_v2\experiment5_localization\dataset\images\train\1001_0594830038_01_WRI-L2_M009.png,NONE,NONE,NONE,NONE,0.0,0.0,FULL_IMAGE,FULL_IMAGE,20pct_expanded_or_full_fallback,0.0,0.0
1002_01_WRI-R,PAT_GRAZ_1002,GRAZPEDWRI-DX,train,1,D:\projects\MediMind\ai-prediction-service\artifacts\fracture_v2\experiment5_localization\dataset\images\train\1002_0301265027_01_WRI-R1_M008.png,D:\projects\MediMind\ai-prediction-service\artifacts\fracture_v2\experiment5_localization\dataset\images\train\1002_0301265128_01_WRI-R2_M008.png,"[0.299256, 0.6330695000000001, 0.520446, 0.7304645]","[0.559585, 0.650964, 0.7590669999999999, 0.719486]","[0.3022, 0.6457, 0.5181, 0.7248]","[0.548, 0.6454, 0.7635, 0.7156]",0.7839,0.7311,"[0.25902000000000003, 0.6298800000000001, 0.56128, 0.74062]","[0.5049, 0.6313599999999999, 0.8066, 0.7296400000000001]",20pct_expanded_or_full_fallback,0.7927,0.8108
1003_01_WRI-R,PAT_GRAZ_1003,GRAZPEDWRI-DX,train,1,D:\projects\MediMind\ai-prediction-service\artifacts\fracture_v2\experiment5_localization\dataset\images\train\1003_0408953722_01_WRI-R1_M011.png,D:\projects\MediMind\ai-prediction-service\artifacts\fracture_v2\experiment5_localization\dataset\images\train\1003_0408953756_01_WRI-R2_M011.png,NONE,"[0.42570300000000005, 0.5132655, 0.668675, 0.5795925000000001]",NONE,"[0.4388, 0.5195, 0.6675, 0.5794]",0.0,0.3902,FULL_IMAGE,"[0.39306, 0.50752, 0.71324, 0.59138]",20pct_expanded_or_full_fallback,0.0,0.8501
1004_01_WRI-L,PAT_GRAZ_1004,GRAZPEDWRI-DX,train,1,D:\projects\MediMind\ai-prediction-service\artifacts\fracture_v2\experiment5_localization\dataset\images\train\1004_0490488422_01_WRI-L1_F012.png,D:\projects\MediMind\ai-prediction-service\artifacts\fracture_v2\experiment5_localization\dataset\images\train\1004_0490488445_01_WRI-L2_F012.png,"[0.499303, 0.666295, 0.709903, 0.757813]","[0.3466665, 0.575988, 0.5638095, 0.699088]","[0.5015, 0.6655, 0.7171, 0.7434]","[0.3507, 0.5652, 0.6074, 0.6758]",0.4252,0.3695,"[0.45837999999999995, 0.6499199999999999, 0.76022, 0.75898]","[0.29936, 0.54308, 0.6587400000000001, 0.69792]",20pct_expanded_or_full_fallback,0.8034,0.6284
1005_01_WRI-R,PAT_GRAZ_1005,GRAZPEDWRI-DX,train,0,D:\projects\MediMind\ai-prediction-service\artifacts\fracture_v2\experiment5_localization\dataset\images\train\1005_0369572322_01_WRI-R1_F007.png,D:\projects\MediMind\ai-prediction-service\artifacts\fracture_v2\experiment5_localization\dataset\images\train\1005_0369572403_01_WRI-R2_F007.png,NONE,NONE,NONE,NONE,0.0,0.0,FULL_IMAGE,FULL_IMAGE,20pct_expanded_or_full_fallback,0.0,0.0
1006_01_WRI-L,PAT_GRAZ_1006,GRAZPEDWRI-DX,train,1,D:\projects\MediMind\ai-prediction-service\artifacts\fracture_v2\experiment5_localization\dataset\images\train\1006_0840174696_01_WRI-L1_M006.png,D:\projects\MediMind\ai-prediction-service\artifacts\fracture_v2\experiment5_localization\dataset\images\train\1006_0840174727_01_WRI-L2_M006.png,NONE,"[0.26174549999999996, 0.45721300000000004, 0.5480985, 0.5354530000000001]",NONE,"[0.2566, 0.4479, 0.5573, 0.5389]",0.0,0.4518,FULL_IMAGE,"[0.19646, 0.4297, 0.61744, 0.5571]",20pct_expanded_or_full_fallback,0.0,0.8188
1008_01_WRI-R,PAT_GRAZ_1008,GRAZPEDWRI-DX,train,0,D:\projects\MediMind\ai-prediction-service\artifacts\fracture_v2\experiment5_localization\dataset\images\train\1008_0339743512_01_WRI-R1_F012.png,D:\projects\MediMind\ai-prediction-service\artifacts\fracture_v2\experiment5_localization\dataset\images\train\1008_0339743540_01_WRI-R2_F012.png,NONE,NONE,NONE,NONE,0.0,0.0,FULL_IMAGE,FULL_IMAGE,20pct_expanded_or_full_fallback,0.0,0.0
1009_01_WRI-R,PAT_GRAZ_1009,GRAZPEDWRI-DX,train,1,D:\projects\MediMind\ai-prediction-service\artifacts\fracture_v2\experiment5_localization\dataset\images\train\1009_1044044173_01_WRI-R1_M013.png,D:\projects\MediMind\ai-prediction-service\artifacts\fracture_v2\experiment5_localization\dataset\images\train\1009_1044044123_01_WRI-R2_M013.png,"[0.301565, 0.363003, 0.517781, 0.423375]","[0.46169799999999994, 0.418228, 0.747412, 0.492334]","[0.31, 0.3564, 0.5183, 0.4237]","[0.4663, 0.4208, 0.7334, 0.4887]",0.8422,0.8171,"[0.26834, 0.34293999999999997, 0.55996, 0.43716000000000005]","[0.41287999999999997, 0.40722, 0.7868200000000001, 0.5022800000000001]",20pct_expanded_or_full_fallback,0.8635,0.8566
1009_02_WRI-R,PAT_GRAZ_1009,GRAZPEDWRI-DX,train,1,D:\projects\MediMind\ai-prediction-service\artifacts\fracture_v2\experiment5_localization\dataset\images\train\1009_1044543303_02_WRI-R1_M013.png,D:\projects\MediMind\ai-prediction-service\artifacts\fracture_v2\experiment5_localization\dataset\images\train\1009_1044543393_02_WRI-R2_M013.png,"[0.25709800000000005, 0.412922, 0.514196, 0.49906399999999995]","[0.41942199999999996, 0.533547, 0.677686, 0.635783]","[0.2655, 0.4147, 0.5123, 0.4973]","[0.4241, 0.535, 0.6875, 0.6167]",0.7578,0.6613,"[0.21614000000000003, 0.39818000000000003, 0.5616599999999999, 0.51382]","[0.37142, 0.51866, 0.7401800000000001, 0.63304]",20pct_expanded_or_full_fallback,0.9205,0.7615
1009_03_WRI-R,PAT_GRAZ_1009,GRAZPEDWRI-DX,train,1,D:\projects\MediMind\ai-prediction-service\artifacts\fracture_v2\experiment5_localization\dataset\images\train\1009_1044547258_03_WRI-R1_M013.png,D:\projects\MediMind\ai-prediction-service\artifacts\fracture_v2\experiment5_localization\dataset\images\train\1009_1044547343_03_WRI-R2_M013.png,"[0.32106999999999997, 0.703625, 0.585284, 0.789979]","[0.39234500000000005, 0.557223, 0.698565, 0.6425890000000001]","[0.3282, 0.7034, 0.585, 0.7896]","[0.3859, 0.5593, 0.7045, 0.6365]",0.8182,0.6653,"[0.27684, 0.68616, 0.6363599999999999, 0.80684]","[0.32218, 0.54386, 0.76822, 0.65194]",20pct_expanded_or_full_fallback,0.9652,0.8724
1009_04_WRI-R,PAT_GRAZ_1009,GRAZPEDWRI-DX,train,1,D:\projects\MediMind\ai-prediction-service\artifacts\fracture_v2\experiment5_localization\dataset\images\train\1009_1045147842_04_WRI-R1_M013.png,D:\projects\MediMind\ai-prediction-service\artifacts\fracture_v2\experiment5_localization\dataset\images\train\1009_1045147893_04_WRI-R2_M013.png,"[0.277985, 0.5692025000000001, 0.5708949999999999, 0.7039415]","[0.324519, 0.5442175, 0.639423, 0.6360545]","[0.2777, 0.5815, 0.5752, 0.6763]","[0.328, 0.5445, 0.6379, 0.6237]",0.8285,0.755,"[0.2182, 0.56254, 0.6347, 0.69526]","[0.26602000000000003, 0.52866, 0.6998800000000001, 0.63954]",20pct_expanded_or_full_fallback,0.6959,0.8487
1009_05_WRI-R,PAT_GRAZ_1009,GRAZPEDWRI-DX,train,1,D:\projects\MediMind\ai-prediction-service\artifacts\fracture_v2\experiment5_localization\dataset\images\train\1009_1046094615_05_WRI-R1_M013.png,D:\projects\MediMind\ai-prediction-service\artifacts\fracture_v2\experiment5_localization\dataset\images\train\1009_1046094639_05_WRI-R2_M013.png,"[0.256917, 0.5812805000000001, 0.5652170000000001, 0.7352215]","[0.4770645, 0.604677, 0.7522935, 0.7227169999999999]","[0.2573, 0.5863, 0.5755, 0.7156]","[0.4904, 0.6026, 0.7659, 0.7172]",0.7309,0.7191,"[0.19365999999999994, 0.56044, 0.63914, 0.74146]","[0.4353, 0.5796800000000001, 0.8210000000000001, 0.7401199999999999]",20pct_expanded_or_full_fallback,0.816,0.8519
1009_06_WRI-R,PAT_GRAZ_1009,GRAZPEDWRI-DX,train,1,D:\projects\MediMind\ai-prediction-service\artifacts\fracture_v2\experiment5_localization\dataset\images\train\1009_1046956858_06_WRI-R1_M013.png,D:\projects\MediMind\ai-prediction-service\artifacts\fracture_v2\experiment5_localization\dataset\images\train\1009_1046956950_06_WRI-R2_M013.png,"[0.27046249999999994, 0.6994214999999999, 0.5444835, 0.8751445]","[0.40343399999999996, 0.6348320000000001, 0.67382, 0.771536]","[0.2724, 0.7265, 0.5535, 0.8479]","[0.3987, 0.6217, 0.6655, 0.7542]",0.7241,0.6563,"[0.21617999999999998, 0.7022200000000001, 0.60972, 0.87218]","[0.34534, 0.5952000000000001, 0.7188599999999999, 0.7807]",20pct_expanded_or_full_fallback,0.6707,0.7624
1009_07_WRI-R,PAT_GRAZ_1009,GRAZPEDWRI-DX,train,1,D:\projects\MediMind\ai-prediction-service\artifacts\fracture_v2\experiment5_localization\dataset\images\train\1009_1047321876_07_WRI-R1_M013.png,D:\projects\MediMind\ai-prediction-service\artifacts\fracture_v2\experiment5_localization\dataset\images\train\1009_1047321974_07_WRI-R2_M013.png,"[0.32027, 0.264706, 0.558108, 0.39565799999999995]","[0.3798745, 0.3859655, 0.5484275, 0.4736845]","[0.3426, 0.2795, 0.5573, 0.3504]","[0.3884, 0.3763, 0.5466, 0.4564]",0.7831,0.7366,"[0.29966000000000004, 0.26532000000000006, 0.60024, 0.36457999999999996]","[0.35676, 0.36028000000000004, 0.57824, 0.47241999999999995]",20pct_expanded_or_full_fallback,0.4887,0.683
1009_08_WRI-R,PAT_GRAZ_1009,GRAZPEDWRI-DX,train,1,D:\projects\MediMind\ai-prediction-service\artifacts\fracture_v2\experiment5_localization\dataset\images\train\1009_1047914167_08_WRI-R1_M013.png,D:\projects\MediMind\ai-prediction-service\artifacts\fracture_v2\experiment5_localization\dataset\images\train\1009_1047914248_08_WRI-R2_M013.png,"[0.386872, 0.490231, 0.624302, 0.6127889999999999]","[0.4407714999999999, 0.317699, 0.6404964999999999, 0.387611]","[0.4008, 0.491, 0.6138, 0.5735]","[0.4375, 0.3125, 0.5459, 0.3914]",0.7491,0.4938,"[0.35819999999999996, 0.4745, 0.6564, 0.59]","[0.41581999999999997, 0.29672, 0.5675800000000001, 0.40718000000000004]",20pct_expanded_or_full_fallback,0.6039,0.4846
1009_09_WRI-R,PAT_GRAZ_1009,GRAZPEDWRI-DX,train,1,D:\projects\MediMind\ai-prediction-service\artifacts\fracture_v2\experiment5_localization\dataset\images\train\1009_1048517475_09_WRI-R1_M013.png,D:\projects\MediMind\ai-prediction-service\artifacts\fracture_v2\experiment5_localization\dataset\images\train\1009_1048517563_09_WRI-R2_M013.png,"[0.4033505, 0.6637930000000001, 0.5927835, 0.789871]","[0.3841055, 0.46913599999999994, 0.6125825, 0.5855379999999999]","[0.3956, 0.6472, 0.6006, 0.7355]","[0.3768, 0.4775, 0.6176, 0.5738]",0.4292,0.4635,"[0.3546, 0.62954, 0.6416000000000001, 0.75316]","[0.32864000000000004, 0.45824, 0.66576, 0.5930599999999999]",20pct_expanded_or_full_fallback,0.4783,0.792
1009_10_WRI-R,PAT_GRAZ_1009,GRAZPEDWRI-DX,train,1,D:\projects\MediMind\ai-prediction-service\artifacts\fracture_v2\experiment5_localization\dataset\images\train\1009_1049120294_10_WRI-R1_M013.png,D:\projects\MediMind\ai-prediction-service\artifacts\fracture_v2\experiment5_localization\dataset\images\train\1009_1049120355_10_WRI-R2_M013.png,"[0.827458, 0.3436805, 0.922078, 0.4035475]","[0.42145599999999994, 0.390538, 0.697318, 0.537106]","[0.3292, 0.5074, 0.6115, 0.5969]","[0.4411, 0.4422, 0.6728, 0.5377]",0.6836,0.6485,"[0.27274, 0.48949999999999994, 0.6679600000000001, 0.6148]","[0.39476, 0.4231, 0.7191399999999999, 0.5568]",20pct_expanded_or_full_fallback,0.9054,0.542
1009_11_WRI-R,PAT_GRAZ_1009,GRAZPEDWRI-DX,train,1,D:\projects\MediMind\ai-prediction-service\artifacts\fracture_v2\experiment5_localization\dataset\images\train\1009_1050323056_11_WRI-R1_M013.png,D:\projects\MediMind\ai-prediction-service\artifacts\fracture_v2\experiment5_localization\dataset\images\train\1009_1050323083_11_WRI-R2_M013.png,"[0.3174315, 0.521042, 0.5963305, 0.6152299999999999]","[0.4018475, 0.5127655, 0.6928405000000001, 0.5946805]","[0.3179, 0.5246, 0.5815, 0.6191]","[0.4104, 0.5261, 0.6758, 0.6251]",0.6742,0.6806,"[0.26518, 0.5056999999999999, 0.63422, 0.638]","[0.35731999999999997, 0.5063, 0.72888, 0.6449]",20pct_expanded_or_full_fallback,0.8754,0.5704
1009_12_WRI-L,PAT_GRAZ_1009,GRAZPEDWRI-DX,train,1,D:\projects\MediMind\ai-prediction-service\artifacts\fracture_v2\experiment5_localization\dataset\images\train\1009_1074602453_12_WRI-L1_M014.png,D:\projects\MediMind\ai-prediction-service\artifacts\fracture_v2\experiment5_localization\dataset\images\train\1009_1074602493_12_WRI-L2_M014.png,NONE,"[0.27985699999999997, 0.42393000000000003, 0.5204989999999999, 0.476228]",NONE,"[0.2807, 0.4049, 0.5334, 0.4677]",0.0,0.5134,FULL_IMAGE,"[0.23016, 0.39233999999999997, 0.58394, 0.48026]",20pct_expanded_or_full_fallback,0.0,0.5845
1010_01_WRI-L,PAT_GRAZ_1010,GRAZPEDWRI-DX,train,1,D:\projects\MediMind\ai-prediction-service\artifacts\fracture_v2\experiment5_localization\dataset\images\train\1010_0852395139_01_WRI-L1_F008.png,D:\projects\MediMind\ai-prediction-service\artifacts\fracture_v2\experiment5_localization\dataset\images\train\1010_0852395198_01_WRI-L2_F008.png,"[0.353556, 0.4090915, 0.67364, 0.4886365]","[0.32264550000000003, 0.348387, 0.5691385, 0.421505]","[0.3605, 0.4182, 0.6746, 0.4916]","[0.3271, 0.356, 0.5683, 0.4297]",0.3269,0.4395,"[0.29768, 0.40352000000000005, 0.73742, 0.50628]","[0.27886, 0.34125999999999995, 0.6165400000000001, 0.44444000000000006]",20pct_expanded_or_full_fallback,0.8336,0.79
1014_01_WRI-R,PAT_GRAZ_1014,GRAZPEDWRI-DX,train,0,D:\projects\MediMind\ai-prediction-service\artifacts\fracture_v2\experiment5_localization\dataset\images\train\1014_0596161198_01_WRI-R1_M016.png,D:\projects\MediMind\ai-prediction-service\artifacts\fracture_v2\experiment5_localization\dataset\images\train\1014_0596161229_01_WRI-R2_M016.png,NONE,NONE,NONE,NONE,0.0,0.0,FULL_IMAGE,FULL_IMAGE,20pct_expanded_or_full_fallback,0.0,0.0
1015_01_WRI-L,PAT_GRAZ_1015,GRAZPEDWRI-DX,train,0,D:\projects\MediMind\ai-prediction-service\artifacts\fracture_v2\experiment5_localization\dataset\images\train\1015_0525690835_01_WRI-L1_M010.png,D:\projects\MediMind\ai-prediction-service\artifacts\fracture_v2\experiment5_localization\dataset\images\train\1015_0525690880_01_WRI-L2_M010.png,NONE,NONE,NONE,NONE,0.0,0.0,FULL_IMAGE,FULL_IMAGE,20pct_expanded_or_full_fallback,0.0,0.0
1016_01_WRI-R,PAT_GRAZ_1016,GRAZPEDWRI-DX,train,1,D:\projects\MediMind\ai-prediction-service\artifacts\fracture_v2\experiment5_localization\dataset\images\train\1016_0949807742_01_WRI-R1_M008.png,D:\projects\MediMind\ai-prediction-service\artifacts\fracture_v2\experiment5_localization\dataset\images\train\1016_0949807813_01_WRI-R2_M008.png,"[0.3314285, 0.5431965, 0.5599995, 0.6511874999999999]","[0.427942, 0.48035750000000005, 0.6685559999999999, 0.5575905000000001]","[0.3352, 0.5489, 0.5646, 0.6424]","[0.4261, 0.4712, 0.6626, 0.5507]",0.728,0.7051,"[0.28932, 0.5302000000000001, 0.61048, 0.6610999999999999]","[0.37879999999999997, 0.45530000000000004, 0.7099, 0.5666]",20pct_expanded_or_full_fallback,0.8369,0.7906
1016_02_WRI-R,PAT_GRAZ_1016,GRAZPEDWRI-DX,train,1,D:\projects\MediMind\ai-prediction-service\artifacts\fracture_v2\experiment5_localization\dataset\images\train\1016_0950382744_02_WRI-R1_M008.png,D:\projects\MediMind\ai-prediction-service\artifacts\fracture_v2\experiment5_localization\dataset\images\train\1016_0950382824_02_WRI-R2_M008.png,"[0.374341, 0.6180905, 0.579965, 0.7298995]","[0.5693064999999999, 0.6144280000000001, 0.7648515, 0.726368]","[0.37, 0.6244, 0.5785, 0.7317]","[0.561, 0.6331, 0.7712, 0.7299]",0.6854,0.4497,"[0.3283, 0.6029399999999999, 0.6202, 0.75316]","[0.5189600000000001, 0.61374, 0.81324, 0.74926]",20pct_expanded_or_full_fallback,0.9041,0.76
1016_03_WRI-R,PAT_GRAZ_1016,GRAZPEDWRI-DX,train,1,D:\projects\MediMind\ai-prediction-service\artifacts\fracture_v2\experiment5_localization\dataset\images\train\1016_0951593658_03_WRI-R1_M008.png,D:\projects\MediMind\ai-prediction-service\artifacts\fracture_v2\experiment5_localization\dataset\images\train\1016_0951593710_03_WRI-R2_M008.png,"[0.379408, 0.505386, 0.552892, 0.590664]","[0.47496, 0.5420309999999999, 0.6445879999999999, 0.649737]","[0.3832, 0.5071, 0.5558, 0.593]","[0.4824, 0.557, 0.6319, 0.6266]",0.7335,0.5803,"[0.34868, 0.48992, 0.59032, 0.61018]","[0.4525, 0.54308, 0.6618, 0.6405200000000001]",20pct_expanded_or_full_fallback,0.9184,0.5695
1017_01_WRI-R,PAT_GRAZ_1017,GRAZPEDWRI-DX,train,0,D:\projects\MediMind\ai-prediction-service\artifacts\fracture_v2\experiment5_localization\dataset\images\train\1017_0332541335_01_WRI-R1_M007.png,D:\projects\MediMind\ai-prediction-service\artifacts\fracture_v2\experiment5_localization\dataset\images\train\1017_0332541375_01_WRI-R2_M007.png,NONE,NONE,NONE,"[0.3217, 0.4203, 0.456, 0.4786]",0.0,0.2851,FULL_IMAGE,"[0.29484, 0.40864, 0.48286, 0.49026000000000003]",20pct_expanded_or_full_fallback,0.0,0.0
1018_01_WRI-R,PAT_GRAZ_1018,GRAZPEDWRI-DX,train,1,D:\projects\MediMind\ai-prediction-service\artifacts\fracture_v2\experiment5_localization\dataset\images\train\1018_0514937484_01_WRI-R1_F008.png,D:\projects\MediMind\ai-prediction-service\artifacts\fracture_v2\experiment5_localization\dataset\images\train\1018_0514937521_01_WRI-R2_F008.png,"[0.300203, 0.4851375, 0.565923, 0.5477704999999999]","[0.43169349999999995, 0.438187, 0.7349725, 0.541209]","[0.3012, 0.4787, 0.5661, 0.5507]","[0.4388, 0.4576, 0.7148, 0.5349]",0.7581,0.5787,"[0.24822000000000002, 0.46430000000000005, 0.6190800000000001, 0.5650999999999999]","[0.38360000000000005, 0.44214, 0.77, 0.5503600000000001]",20pct_expanded_or_full_fallback,0.8665,0.6828
1021_01_WRI-L,PAT_GRAZ_1021,GRAZPEDWRI-DX,train,1,D:\projects\MediMind\ai-prediction-service\artifacts\fracture_v2\experiment5_localization\dataset\images\train\1021_0900486727_01_WRI-L1_F009.png,D:\projects\MediMind\ai-prediction-service\artifacts\fracture_v2\experiment5_localization\dataset\images\train\1021_0900486755_01_WRI-L2_F009.png,"[0.425743, 0.5179645, 0.7599009999999999, 0.6032935]","[0.2717085, 0.554412, 0.5854334999999999, 0.639706]","[0.429, 0.5246, 0.7581, 0.6066]","[0.2678, 0.5582, 0.5816, 0.642]",0.363,0.2873,"[0.36318, 0.5082, 0.82392, 0.623]","[0.20503999999999997, 0.54144, 0.64436, 0.65876]",20pct_expanded_or_full_fallback,0.8749,0.9087
1022_01_WRI-R,PAT_GRAZ_1022,GRAZPEDWRI-DX,train,0,D:\projects\MediMind\ai-prediction-service\artifacts\fracture_v2\experiment5_localization\dataset\images\train\1022_0885971248_01_WRI-R1_F011.png,D:\projects\MediMind\ai-prediction-service\artifacts\fracture_v2\experiment5_localization\dataset\images\train\1022_0885971304_01_WRI-R2_F011.png,NONE,NONE,NONE,NONE,0.0,0.0,FULL_IMAGE,FULL_IMAGE,20pct_expanded_or_full_fallback,0.0,0.0
1023_01_WRI-L,PAT_GRAZ_1023,GRAZPEDWRI-DX,train,1,D:\projects\MediMind\ai-prediction-service\artifacts\fracture_v2\experiment5_localization\dataset\images\train\1023_0517118381_01_WRI-L1_F008.png,D:\projects\MediMind\ai-prediction-service\artifacts\fracture_v2\experiment5_localization\dataset\images\train\1023_0517118418_01_WRI-L2_F008.png,"[0.4698275, 0.471175, 0.7004305, 0.559867]","[0.3522505, 0.48542650000000004, 0.5283755, 0.5762335000000001]","[0.4761, 0.477, 0.7019, 0.5536]","[0.3511, 0.4949, 0.5325, 0.5707]",0.8797,0.8845,"[0.43094000000000005, 0.46168, 0.74706, 0.56892]","[0.31482000000000004, 0.47974, 0.56878, 0.5858599999999999]",20pct_expanded_or_full_fallback,0.8356,0.8144
1025_01_WRI-L,PAT_GRAZ_1025,GRAZPEDWRI-DX,train,1,D:\projects\MediMind\ai-prediction-service\artifacts\fracture_v2\experiment5_localization\dataset\images\train\1025_0611219722_01_WRI-L1_M005.png,D:\projects\MediMind\ai-prediction-service\artifacts\fracture_v2\experiment5_localization\dataset\images\train\1025_0611219801_01_WRI-L2_M005.png,"[0.641627, 0.691411, 0.879373, 0.782159]","[0.3960125, 0.7308129999999999, 0.5324715, 0.795067]","[0.6354, 0.6816, 0.872, 0.7769]","[0.3925, 0.7235, 0.5366, 0.7967]",0.8319,0.7564,"[0.5880799999999999, 0.66254, 0.91932, 0.79596]","[0.36368, 0.70886, 0.5654199999999999, 0.81134]",20pct_expanded_or_full_fallback,0.8062,0.8312
1025_02_WRI-L,PAT_GRAZ_1025,GRAZPEDWRI-DX,train,1,D:\projects\MediMind\ai-prediction-service\artifacts\fracture_v2\experiment5_localization\dataset\images\train\1025_0611223006_02_WRI-L1_M005.png,D:\projects\MediMind\ai-prediction-service\artifacts\fracture_v2\experiment5_localization\dataset\images\train\1025_0611223055_02_WRI-L2_M005.png,"[0.4775075, 0.5232485, 0.6444265, 0.5783775]","[0.39581099999999997, 0.47820850000000004, 0.5753969999999999, 0.5307515]","[0.4831, 0.5174, 0.6428, 0.5813]","[0.4039, 0.4715, 0.5619, 0.533]",0.6849,0.7726,"[0.45115999999999995, 0.50462, 0.67474, 0.59408]","[0.37229999999999996, 0.45919999999999994, 0.5934999999999999, 0.5453]",20pct_expanded_or_full_fallback,0.8304,0.7651
1025_03_WRI-L,PAT_GRAZ_1025,GRAZPEDWRI-DX,train,1,D:\projects\MediMind\ai-prediction-service\artifacts\fracture_v2\experiment5_localization\dataset\images\train\1025_0611711347_03_WRI-L1_M005.png,D:\projects\MediMind\ai-prediction-service\artifacts\fracture_v2\experiment5_localization\dataset\images\train\1025_0611711390_03_WRI-L2_M005.png,"[0.46879499999999996, 0.457266, 0.657439, 0.519578]","[0.36085, 0.534747, 0.49479399999999996, 0.588941]","[0.4754, 0.4473, 0.6613, 0.524]","[0.3536, 0.5263, 0.4996, 0.5849]",0.6761,0.7381,"[0.43822, 0.43195999999999996, 0.69848, 0.53934]","[0.3244, 0.51458, 0.5287999999999999, 0.5966199999999999]",20pct_expanded_or_full_fallback,0.7732,0.7385
1025_04_WRI-L,PAT_GRAZ_1025,GRAZPEDWRI-DX,train,1,D:\projects\MediMind\ai-prediction-service\artifacts\fracture_v2\experiment5_localization\dataset\images\train\1025_0612907696_04_WRI-L1_M005.png,D:\projects\MediMind\ai-prediction-service\artifacts\fracture_v2\experiment5_localization\dataset\images\train\1025_0612907808_04_WRI-L2_M005.png,"[0.481735, 0.734018, 0.730593, 0.836758]","[0.48292700000000005, 0.630208, 0.6731710000000001, 0.705208]","[0.1777, 0.662, 0.3771, 0.7479]","[0.4668, 0.6288, 0.6771, 0.7068]",0.8822,0.7821,"[0.13782, 0.6448200000000001, 0.41698, 0.76508]","[0.42474, 0.6132000000000001, 0.71916, 0.7223999999999999]",20pct_expanded_or_full_fallback,0.7486,0.8698
1025_05_WRI-L,PAT_GRAZ_1025,GRAZPEDWRI-DX,train,1,D:\projects\MediMind\ai-prediction-service\artifacts\fracture_v2\experiment5_localization\dataset\images\train\1025_0613862656_05_WRI-L1_M005.png,D:\projects\MediMind\ai-prediction-service\artifacts\fracture_v2\experiment5_localization\dataset\images\train\1025_0613862711_05_WRI-L2_M005.png,"[0.5020325, 0.46898, 0.7174794999999999, 0.566772]","[0.49038499999999996, 0.5995145, 0.677885, 0.6796115]","[0.4892, 0.4663, 0.7309, 0.5626]","[0.4819, 0.602, 0.6847, 0.681]",0.8362,0.8682,"[0.44086000000000003, 0.44704, 0.7792399999999999, 0.58186]","[0.44134, 0.5861999999999999, 0.72526, 0.6968000000000001]",20pct_expanded_or_full_fallback,0.8344,0.8826
1026_01_WRI-R,PAT_GRAZ_1026,GRAZPEDWRI-DX,train,1,D:\projects\MediMind\ai-prediction-service\artifacts\fracture_v2\experiment5_localization\dataset\images\train\1026_0403379379_01_WRI-R1_M011.png,D:\projects\MediMind\ai-prediction-service\artifacts\fracture_v2\experiment5_localization\dataset\images\train\1026_0403379416_01_WRI-R2_M011.png,"[0.3134925, 0.452505, 0.5833335, 0.510363]","[0.47712449999999995, 0.4586775, 0.7276695, 0.5057845]","[0.3097, 0.4359, 0.5926, 0.5054]","[0.4906, 0.4562, 0.7238, 0.5074]",0.6432,0.4344,"[0.25311999999999996, 0.42200000000000004, 0.64918, 0.5193]","[0.44395999999999997, 0.44596, 0.77044, 0.51764]",20pct_expanded_or_full_fallback,0.6797,0.8611
1030_01_WRI-L,PAT_GRAZ_1030,GRAZPEDWRI-DX,train,1,D:\projects\MediMind\ai-prediction-service\artifacts\fracture_v2\experiment5_localization\dataset\images\train\1030_0175704479_01_WRI-L1_M009.png,D:\projects\MediMind\ai-prediction-service\artifacts\fracture_v2\experiment5_localization\dataset\images\train\1030_0175704508_01_WRI-L2_M009.png,NONE,"[0.321773, 0.476091, 0.558767, 0.543659]",NONE,"[0.3149, 0.4511, 0.5831, 0.5333]",0.0,0.3269,FULL_IMAGE,"[0.26126000000000005, 0.43466, 0.63674, 0.54974]",20pct_expanded_or_full_fallback,0.0,0.5534
1031_01_WRI-L,PAT_GRAZ_1031,GRAZPEDWRI-DX,train,0,D:\projects\MediMind\ai-prediction-service\artifacts\fracture_v2\experiment5_localization\dataset\images\train\1031_0479427614_01_WRI-L1_F003.png,D:\projects\MediMind\ai-prediction-service\artifacts\fracture_v2\experiment5_localization\dataset\images\train\1031_0479427709_01_WRI-L2_F003.png,NONE,NONE,NONE,NONE,0.0,0.0,FULL_IMAGE,FULL_IMAGE,20pct_expanded_or_full_fallback,0.0,0.0
1032_01_WRI-L,PAT_GRAZ_1032,GRAZPEDWRI-DX,train,1,D:\projects\MediMind\ai-prediction-service\artifacts\fracture_v2\experiment5_localization\dataset\images\train\1032_0157703205_01_WRI-L1_M014.png,D:\projects\MediMind\ai-prediction-service\artifacts\fracture_v2\experiment5_localization\dataset\images\train\1032_0157703271_01_WRI-L2_M014.png,"[0.542683, 0.6488025, 0.7469509999999999, 0.7423035]","[0.35283699999999996, 0.48661449999999995, 0.539007, 0.5559054999999999]","[0.5452, 0.6541, 0.7485, 0.746]","[0.3423, 0.4773, 0.5362, 0.5375]",0.736,0.656,"[0.50454, 0.6357200000000001, 0.7891600000000001, 0.76438]","[0.30352, 0.46526, 0.57498, 0.5495399999999999]",20pct_expanded_or_full_fallback,0.8903,0.6122
1033_01_WRI-R,PAT_GRAZ_1033,GRAZPEDWRI-DX,train,0,D:\projects\MediMind\ai-prediction-service\artifacts\fracture_v2\experiment5_localization\dataset\images\train\1033_0704243671_01_WRI-R1_M012.png,D:\projects\MediMind\ai-prediction-service\artifacts\fracture_v2\experiment5_localization\dataset\images\train\1033_0704243717_01_WRI-R2_M012.png,NONE,NONE,NONE,NONE,0.0,0.0,FULL_IMAGE,FULL_IMAGE,20pct_expanded_or_full_fallback,0.0,0.0
1034_01_WRI-L,PAT_GRAZ_1034,GRAZPEDWRI-DX,train,1,D:\projects\MediMind\ai-prediction-service\artifacts\fracture_v2\experiment5_localization\dataset\images\train\1034_1171663764_01_WRI-L1_M015.png,D:\projects\MediMind\ai-prediction-service\artifacts\fracture_v2\experiment5_localization\dataset\images\train\1034_1171663806_01_WRI-L2_M015.png,"[0.428354, 0.5047535, 0.795732, 0.5836505]","[0.15959549999999997, 0.438124, 0.5454545, 0.555888]",NONE,"[0.1628, 0.4139, 0.5667, 0.5452]",0.0,0.4276,FULL_IMAGE,"[0.08202, 0.38764, 0.6474799999999999, 0.5714600000000001]",20pct_expanded_or_full_fallback,0.0,0.7126
1035_01_WRI-L,PAT_GRAZ_1035,GRAZPEDWRI-DX,train,0,D:\projects\MediMind\ai-prediction-service\artifacts\fracture_v2\experiment5_localization\dataset\images\train\1035_0779449242_01_WRI-L1_M017.png,D:\projects\MediMind\ai-prediction-service\artifacts\fracture_v2\experiment5_localization\dataset\images\train\1035_0779449286_01_WRI-L2_M017.png,NONE,NONE,"[0.4103, 0.5403, 0.733, 0.6262]",NONE,0.3267,0.0,"[0.34576, 0.52312, 0.79754, 0.64338]",FULL_IMAGE,20pct_expanded_or_full_fallback,0.0,0.0
1036_01_WRI-L,PAT_GRAZ_1036,GRAZPEDWRI-DX,train,1,D:\projects\MediMind\ai-prediction-service\artifacts\fracture_v2\experiment5_localization\dataset\images\train\1036_0795886810_01_WRI-L1_M013.png,D:\projects\MediMind\ai-prediction-service\artifacts\fracture_v2\experiment5_localization\dataset\images\train\1036_0795886879_01_WRI-L2_M013.png,"[0.429224, 0.522334, 0.651446, 0.603026]","[0.25744049999999996, 0.464205, 0.3973215, 0.521591]","[0.434, 0.5283, 0.6473, 0.5964]","[0.2645, 0.4593, 0.4038, 0.5099]",0.8795,0.5392,"[0.39134, 0.51468, 0.68996, 0.61002]","[0.23664000000000002, 0.44917999999999997, 0.43166, 0.52002]",20pct_expanded_or_full_fallback,0.8101,0.6739
1036_02_WRI-L,PAT_GRAZ_1036,GRAZPEDWRI-DX,train,1,D:\projects\MediMind\ai-prediction-service\artifacts\fracture_v2\experiment5_localization\dataset\images\train\1036_0797762665_02_WRI-L1_M013.png,D:\projects\MediMind\ai-prediction-service\artifacts\fracture_v2\experiment5_localization\dataset\images\train\1036_0797762719_02_WRI-L2_M013.png,"[0.41724150000000004, 0.6137119999999999, 0.6586205, 0.709866]","[0.3430125, 0.5186385, 0.5553535, 0.6069694999999999]","[0.4211, 0.6086, 0.6607, 0.7041]","[0.3469, 0.5284, 0.5559, 0.6063]",0.7899,0.6297,"[0.37317999999999996, 0.5895, 0.7086199999999999, 0.7232]","[0.3051, 0.5128199999999999, 0.5976999999999999, 0.62188]",20pct_expanded_or_full_fallback,0.8719,0.8638
1039_01_WRI-R,PAT_GRAZ_1039,GRAZPEDWRI-DX,train,0,D:\projects\MediMind\ai-prediction-service\artifacts\fracture_v2\experiment5_localization\dataset\images\train\1039_0901699592_01_WRI-R1_M013.png,D:\projects\MediMind\ai-prediction-service\artifacts\fracture_v2\experiment5_localization\dataset\images\train\1039_0901699640_01_WRI-R2_M013.png,NONE,NONE,NONE,NONE,0.0,0.0,FULL_IMAGE,FULL_IMAGE,20pct_expanded_or_full_fallback,0.0,0.0
1040_01_WRI-R,PAT_GRAZ_1040,GRAZPEDWRI-DX,train,1,D:\projects\MediMind\ai-prediction-service\artifacts\fracture_v2\experiment5_localization\dataset\images\train\1040_1143347279_01_WRI-R1_F004.png,D:\projects\MediMind\ai-prediction-service\artifacts\fracture_v2\experiment5_localization\dataset\images\train\1040_1143347336_01_WRI-R2_F004.png,"[0.3851595, 0.5069764999999999, 0.6130745, 0.5999995]","[0.3364055, 0.6661235, 0.5460825, 0.7410424999999999]","[0.3858, 0.5008, 0.6107, 0.6108]","[0.3333, 0.6649, 0.4964, 0.7609]",0.7122,0.6059,"[0.34081999999999996, 0.4788, 0.65568, 0.6328]","[0.30068, 0.6457, 0.52902, 0.7801]",20pct_expanded_or_full_fallback,0.8362,0.6185
1040_03_WRI-R,PAT_GRAZ_1040,GRAZPEDWRI-DX,train,1,D:\projects\MediMind\ai-prediction-service\artifacts\fracture_v2\experiment5_localization\dataset\images\train\1040_1145769385_03_WRI-R1_F004.png,D:\projects\MediMind\ai-prediction-service\artifacts\fracture_v2\experiment5_localization\dataset\images\train\1040_1145769417_03_WRI-R2_F004.png,"[0.30166250000000006, 0.564987, 0.6080755, 0.6777190000000001]","[0.41642250000000003, 0.5078535, 0.7302055, 0.5994765]","[0.6681, 0.5728, 0.865, 0.6564]","[0.4152, 0.5368, 0.6211, 0.6105]",0.7624,0.553,"[0.6287200000000001, 0.55608, 0.90438, 0.6731199999999999]","[0.37402, 0.5220600000000001, 0.66228, 0.62524]",20pct_expanded_or_full_fallback,0.8869,0.4125
1041_01_WRI-R,PAT_GRAZ_1041,GRAZPEDWRI-DX,train,1,D:\projects\MediMind\ai-prediction-service\artifacts\fracture_v2\experiment5_localization\dataset\images\train\1041_1099576698_01_WRI-R1_F009.png,D:\projects\MediMind\ai-prediction-service\artifacts\fracture_v2\experiment5_localization\dataset\images\train\1041_1099576743_01_WRI-R2_F009.png,"[0.326425, 0.5513444999999999, 0.540587, 0.6320295]","[0.394683, 0.5685095, 0.601227, 0.6394225]","[0.3225, 0.5394, 0.5471, 0.6308]","[0.3873, 0.5676, 0.6006, 0.6443]",0.6409,0.7342,"[0.27758, 0.52112, 0.59202, 0.64908]","[0.34463999999999995, 0.55226, 0.64326, 0.65964]",20pct_expanded_or_full_fallback,0.8184,0.8901
1046_01_WRI-R,PAT_GRAZ_1046,GRAZPEDWRI-DX,train,1,D:\projects\MediMind\ai-prediction-service\artifacts\fracture_v2\experiment5_localization\dataset\images\train\1046_0941758358_01_WRI-R1_M013.png,D:\projects\MediMind\ai-prediction-service\artifacts\fracture_v2\experiment5_localization\dataset\images\train\1046_0941758413_01_WRI-R2_M013.png,NONE,"[0.40529550000000003, 0.5913200000000001, 0.7739305000000001, 0.637432]","[0.6063, 0.0791, 0.7407, 0.1367]",NONE,0.3671,0.0,"[0.5794199999999999, 0.06758, 0.76758, 0.14822]",FULL_IMAGE,20pct_expanded_or_full_fallback,0.0,0.0
1047_01_WRI-R,PAT_GRAZ_1047,GRAZPEDWRI-DX,train,1,D:\projects\MediMind\ai-prediction-service\artifacts\fracture_v2\experiment5_localization\dataset\images\train\1047_0643777487_01_WRI-R1_M013.png,D:\projects\MediMind\ai-prediction-service\artifacts\fracture_v2\experiment5_localization\dataset\images\train\1047_0643777543_01_WRI-R2_M013.png,NONE,"[0.4263254999999999, 0.4112475, 0.7740665, 0.4938485]",NONE,NONE,0.0,0.0,FULL_IMAGE,FULL_IMAGE,20pct_expanded_or_full_fallback,0.0,0.0
1048_01_WRI-L,PAT_GRAZ_1048,GRAZPEDWRI-DX,train,1,D:\projects\MediMind\ai-prediction-service\artifacts\fracture_v2\experiment5_localization\dataset\images\train\1048_1174295471_01_WRI-L1_F010.png,D:\projects\MediMind\ai-prediction-service\artifacts\fracture_v2\experiment5_localization\dataset\images\train\1048_1174295521_01_WRI-L2_F010.png,"[0.5573245, 0.5117970000000001, 0.6767515, 0.589837]","[0.353572, 0.523408, 0.501786, 0.586142]","[0.5539, 0.486, 0.6876, 0.5588]","[0.3938, 0.3564, 0.6354, 0.4306]",0.3008,0.3509,"[0.52716, 0.47143999999999997, 0.71434, 0.57336]","[0.34548, 0.34156, 0.68372, 0.44544]",20pct_expanded_or_full_fallback,0.4177,0.0
1048_02_WRI-L,PAT_GRAZ_1048,GRAZPEDWRI-DX,train,1,D:\projects\MediMind\ai-prediction-service\artifacts\fracture_v2\experiment5_localization\dataset\images\train\1048_1174897423_02_WRI-L1_F010.png,D:\projects\MediMind\ai-prediction-service\artifacts\fracture_v2\experiment5_localization\dataset\images\train\1048_1174897490_02_WRI-L2_F010.png,"[0.510714, 0.548387, 0.6607139999999999, 0.638889]",NONE,"[0.4937, 0.5413, 0.6642, 0.6072]",NONE,0.4766,0.0,"[0.4596, 0.52812, 0.6983, 0.6203799999999999]",FULL_IMAGE,20pct_expanded_or_full_fallback,0.5517,0.0
1048_03_WRI-L,PAT_GRAZ_1048,GRAZPEDWRI-DX,train,1,D:\projects\MediMind\ai-prediction-service\artifacts\fracture_v2\experiment5_localization\dataset\images\train\1048_1176021842_03_WRI-L1_F010.png,D:\projects\MediMind\ai-prediction-service\artifacts\fracture_v2\experiment5_localization\dataset\images\train\1048_1176021875_03_WRI-L2_F010.png,"[0.5437785, 0.5008055, 0.7442395, 0.7053145000000001]","[0.3703705, 0.5272535, 0.5787035, 0.6687624999999999]","[0.5371, 0.5462, 0.7425, 0.6999]","[0.3691, 0.5779, 0.5866, 0.6902]",0.3574,0.4391,"[0.49602, 0.51546, 0.78358, 0.73064]","[0.3256, 0.5554399999999999, 0.6301, 0.7126600000000001]",20pct_expanded_or_full_fallback,0.7268,0.5412
1049_03_WRI-L,PAT_GRAZ_1049,GRAZPEDWRI-DX,train,1,D:\projects\MediMind\ai-prediction-service\artifacts\fracture_v2\experiment5_localization\dataset\images\train\1049_1226374646_03_WRI-L1_M017.png,D:\projects\MediMind\ai-prediction-service\artifacts\fracture_v2\experiment5_localization\dataset\images\train\1049_1226374664_03_WRI-L2_M017.png,"[0.29186, 0.507, 0.37674399999999997, 0.578]","[0.3981475, 0.5369365, 0.6311725, 0.5819815]","[0.2958, 0.5153, 0.3755, 0.5853]","[0.3852, 0.4765, 0.6543, 0.583]",0.3243,0.408,"[0.27986, 0.5013, 0.39144, 0.5993]","[0.33138, 0.4552, 0.70812, 0.6043]",20pct_expanded_or_full_fallback,0.7562,0.3663
1049_04_WRI-L,PAT_GRAZ_1049,GRAZPEDWRI-DX,train,1,D:\projects\MediMind\ai-prediction-service\artifacts\fracture_v2\experiment5_localization\dataset\images\train\1049_1227500467_04_WRI-L1_M018.png,D:\projects\MediMind\ai-prediction-service\artifacts\fracture_v2\experiment5_localization\dataset\images\train\1049_1227500516_04_WRI-L2_M018.png,"[0.23153400000000002, 0.494565, 0.325284, 0.577445]","[0.34761899999999996, 0.579728, 0.5968249999999999, 0.658838]","[0.4839, 0.5083, 0.7903, 0.6716]","[0.3458, 0.5566, 0.594, 0.6816]",0.3898,0.4589,"[0.42262, 0.47563999999999995, 0.85158, 0.70426]","[0.29616, 0.5316, 0.64364, 0.7066]",20pct_expanded_or_full_fallback,0.4093,0.6237
1049_07_WRI-L,PAT_GRAZ_1049,GRAZPEDWRI-DX,train,1,D:\projects\MediMind\ai-prediction-service\artifacts\fracture_v2\experiment5_localization\dataset\images\train\1049_1229917247_07_WRI-L1_M018.png,D:\projects\MediMind\ai-prediction-service\artifacts\fracture_v2\experiment5_localization\dataset\images\train\1049_1229917151_07_WRI-L2_M018.png,"[0.21785149999999998, 0.29783099999999996, 0.3222385, 0.360947]","[0.3435705, 0.565524, 0.6391555, 0.621976]","[0.4625, 0.3626, 0.7812, 0.4551]","[0.3223, 0.5398, 0.6301, 0.6321]",0.4325,0.4749,"[0.39876, 0.34409999999999996, 0.84494, 0.4736]","[0.26073999999999997, 0.5213399999999999, 0.6916599999999999, 0.65056]",20pct_expanded_or_full_fallback,0.7521,0.5593
1050_01_WRI-L,PAT_GRAZ_1050,GRAZPEDWRI-DX,train,1,D:\projects\MediMind\ai-prediction-service\artifacts\fracture_v2\experiment5_localization\dataset\images\train\1050_0551961537_01_WRI-L1_F017.png,D:\projects\MediMind\ai-prediction-service\artifacts\fracture_v2\experiment5_localization\dataset\images\train\1050_0551961577_01_WRI-L2_F017.png,"[0.22194500000000003, 0.3904495, 0.366583, 0.4789325]","[0.2524035, 0.3859415, 0.6394225, 0.5623345]","[0.2012, 0.3889, 0.3669, 0.4722]","[0.2982, 0.4705, 0.6062, 0.584]",0.4462,0.2868,"[0.16806, 0.37224, 0.40004, 0.48886]","[0.23660000000000003, 0.4478, 0.6678, 0.6067]",20pct_expanded_or_full_fallback,0.8002,0.3774
1053_01_WRI-L,PAT_GRAZ_1053,GRAZPEDWRI-DX,train,1,D:\projects\MediMind\ai-prediction-service\artifacts\fracture_v2\experiment5_localization\dataset\images\train\1053_1022263466_01_WRI-L1_M012.png,D:\projects\MediMind\ai-prediction-service\artifacts\fracture_v2\experiment5_localization\dataset\images\train\1053_1022263502_01_WRI-L2_M012.png,"[0.401813, 0.48037549999999996, 0.643505, 0.5290104999999999]","[0.195822, 0.4909415, 0.524804, 0.5588765]","[0.4221, 0.4826, 0.637, 0.5437]","[0.2003, 0.4899, 0.5323, 0.5565]",0.1983,0.5807,"[0.37911999999999996, 0.47037999999999996, 0.67998, 0.55592]","[0.13390000000000002, 0.47658, 0.5987, 0.56982]",20pct_expanded_or_full_fallback,0.6689,0.9175
1053_02_WRI-R,PAT_GRAZ_1053,GRAZPEDWRI-DX,train,0,D:\projects\MediMind\ai-prediction-service\artifacts\fracture_v2\experiment5_localization\dataset\images\train\1053_1044197507_02_WRI-R1_M013.png,D:\projects\MediMind\ai-prediction-service\artifacts\fracture_v2\experiment5_localization\dataset\images\train\1053_1044197532_02_WRI-R2_M013.png,NONE,NONE,NONE,NONE,0.0,0.0,FULL_IMAGE,FULL_IMAGE,20pct_expanded_or_full_fallback,0.0,0.0
1054_01_WRI-R,PAT_GRAZ_1054,GRAZPEDWRI-DX,train,0,D:\projects\MediMind\ai-prediction-service\artifacts\fracture_v2\experiment5_localization\dataset\images\train\1054_0306685334_01_WRI-R1_M010.png,D:\projects\MediMind\ai-prediction-service\artifacts\fracture_v2\experiment5_localization\dataset\images\train\1054_0306685381_01_WRI-R2_M010.png,NONE,NONE,NONE,NONE,0.0,0.0,FULL_IMAGE,FULL_IMAGE,20pct_expanded_or_full_fallback,0.0,0.0
1054_02_WRI-L,PAT_GRAZ_1054,GRAZPEDWRI-DX,train,0,D:\projects\MediMind\ai-prediction-service\artifacts\fracture_v2\experiment5_localization\dataset\images\train\1054_0488619809_02_WRI-L1_M016.png,D:\projects\MediMind\ai-prediction-service\artifacts\fracture_v2\experiment5_localization\dataset\images\train\1054_0488619895_02_WRI-L2_M016.png,NONE,NONE,NONE,NONE,0.0,0.0,FULL_IMAGE,FULL_IMAGE,20pct_expanded_or_full_fallback,0.0,0.0
1058_01_WRI-L,PAT_GRAZ_1058,GRAZPEDWRI-DX,train,1,D:\projects\MediMind\ai-prediction-service\artifacts\fracture_v2\experiment5_localization\dataset\images\train\1058_0474477595_01_WRI-L1_F001.png,D:\projects\MediMind\ai-prediction-service\artifacts\fracture_v2\experiment5_localization\dataset\images\train\1058_0474477619_01_WRI-L2_F001.png,"[0.23303150000000003, 0.5544715, 0.4004525, 0.6373985]","[0.37037, 0.5091515, 0.518518, 0.5940105]","[0.2112, 0.5377, 0.4011, 0.6362]","[0.3741, 0.4995, 0.5248, 0.6075]",0.7817,0.6667,"[0.17321999999999999, 0.5179999999999999, 0.43908, 0.6559]","[0.34396, 0.4779, 0.5549400000000001, 0.6291]",20pct_expanded_or_full_fallback,0.7237,0.7386
1060_01_WRI-L,PAT_GRAZ_1060,GRAZPEDWRI-DX,train,0,D:\projects\MediMind\ai-prediction-service\artifacts\fracture_v2\experiment5_localization\dataset\images\train\1060_0963645251_01_WRI-L1_F010.png,D:\projects\MediMind\ai-prediction-service\artifacts\fracture_v2\experiment5_localization\dataset\images\train\1060_0963645333_01_WRI-L2_F010.png,NONE,NONE,"[0.3002, 0.3742, 0.3892, 0.4289]",NONE,0.2077,0.0,"[0.28240000000000004, 0.36325999999999997, 0.407, 0.43984]",FULL_IMAGE,20pct_expanded_or_full_fallback,0.0,0.0
1063_01_WRI-R,PAT_GRAZ_1063,GRAZPEDWRI-DX,train,0,D:\projects\MediMind\ai-prediction-service\artifacts\fracture_v2\experiment5_localization\dataset\images\train\1063_1004493518_01_WRI-R1_F013.png,D:\projects\MediMind\ai-prediction-service\artifacts\fracture_v2\experiment5_localization\dataset\images\train\1063_1004493537_01_WRI-R2_F013.png,NONE,NONE,NONE,NONE,0.0,0.0,FULL_IMAGE,FULL_IMAGE,20pct_expanded_or_full_fallback,0.0,0.0
1065_01_WRI-R,PAT_GRAZ_1065,GRAZPEDWRI-DX,train,0,D:\projects\MediMind\ai-prediction-service\artifacts\fracture_v2\experiment5_localization\dataset\images\train\1065_0751904572_01_WRI-R1_F015.png,D:\projects\MediMind\ai-prediction-service\artifacts\fracture_v2\experiment5_localization\dataset\images\train\1065_0751904643_01_WRI-R2_F015.png,NONE,NONE,NONE,NONE,0.0,0.0,FULL_IMAGE,FULL_IMAGE,20pct_expanded_or_full_fallback,0.0,0.0
1066_01_WRI-L,PAT_GRAZ_1066,GRAZPEDWRI-DX,train,0,D:\projects\MediMind\ai-prediction-service\artifacts\fracture_v2\experiment5_localization\dataset\images\train\1066_0977291609_01_WRI-L1_F011.png,D:\projects\MediMind\ai-prediction-service\artifacts\fracture_v2\experiment5_localization\dataset\images\train\1066_0977291631_01_WRI-L2_F011.png,NONE,NONE,NONE,NONE,0.0,0.0,FULL_IMAGE,FULL_IMAGE,20pct_expanded_or_full_fallback,0.0,0.0
1070_01_WRI-R,PAT_GRAZ_1070,GRAZPEDWRI-DX,train,1,D:\projects\MediMind\ai-prediction-service\artifacts\fracture_v2\experiment5_localization\dataset\images\train\1070_0608244813_01_WRI-R1_M006.png,D:\projects\MediMind\ai-prediction-service\artifacts\fracture_v2\experiment5_localization\dataset\images\train\1070_0608244864_01_WRI-R2_M006.png,"[0.22830149999999996, 0.4028485, 0.4830185, 0.5167855]","[0.37999999999999995, 0.39630350000000003, 0.635556, 0.4897325]","[0.2333, 0.4086, 0.4766, 0.5146]","[0.382, 0.4005, 0.6229, 0.4843]",0.5252,0.6156,"[0.18464, 0.3874, 0.5252600000000001, 0.5357999999999999]","[0.33382, 0.38374, 0.67108, 0.5010600000000001]",20pct_expanded_or_full_fallback,0.8886,0.8455
1070_02_WRI-R,PAT_GRAZ_1070,GRAZPEDWRI-DX,train,1,D:\projects\MediMind\ai-prediction-service\artifacts\fracture_v2\experiment5_localization\dataset\images\train\1070_0615078138_02_WRI-R1_M007.png,D:\projects\MediMind\ai-prediction-service\artifacts\fracture_v2\experiment5_localization\dataset\images\train\1070_0615078284_02_WRI-R2_M007.png,"[0.3061565, 0.47551000000000004, 0.5024955, 0.6306120000000001]","[0.476809, 0.395022, 0.653061, 0.507576]","[0.3082, 0.4825, 0.5066, 0.6193]","[0.4767, 0.4041, 0.6528, 0.4919]",0.4094,0.6514,"[0.26852, 0.45514, 0.5462800000000001, 0.64666]","[0.44148, 0.38654, 0.6880200000000001, 0.50946]",20pct_expanded_or_full_fallback,0.857,0.7785
1071_01_WRI-L,PAT_GRAZ_1071,GRAZPEDWRI-DX,train,1,D:\projects\MediMind\ai-prediction-service\artifacts\fracture_v2\experiment5_localization\dataset\images\train\1071_0687351674_01_WRI-L1_F007.png,D:\projects\MediMind\ai-prediction-service\artifacts\fracture_v2\experiment5_localization\dataset\images\train\1071_0687351708_01_WRI-L2_F007.png,"[0.469626, 0.6525285, 0.696262, 0.7618275]","[0.2953365, 0.5538995, 0.5466315, 0.6250005000000001]","[0.4714, 0.6459, 0.6872, 0.7545]","[0.3069, 0.5491, 0.5505, 0.6214]",0.7566,0.6488,"[0.42823999999999995, 0.6241800000000001, 0.73036, 0.7762199999999999]","[0.25818, 0.53464, 0.59922, 0.63586]",20pct_expanded_or_full_fallback,0.8399,0.8385
1071_02_WRI-L,PAT_GRAZ_1071,GRAZPEDWRI-DX,train,1,D:\projects\MediMind\ai-prediction-service\artifacts\fracture_v2\experiment5_localization\dataset\images\train\1071_0687945708_02_WRI-L1_F007.png,D:\projects\MediMind\ai-prediction-service\artifacts\fracture_v2\experiment5_localization\dataset\images\train\1071_0687945740_02_WRI-L2_F007.png,"[0.51424, 0.40598300000000004, 0.6487339999999999, 0.463675]","[0.394834, 0.5064105, 0.579336, 0.5769235]","[0.511, 0.3932, 0.656, 0.4641]","[0.3946, 0.4966, 0.5838, 0.5778]",0.8051,0.6747,"[0.482, 0.37901999999999997, 0.685, 0.47828000000000004]","[0.35676, 0.48036, 0.62164, 0.59404]",20pct_expanded_or_full_fallback,0.7548,0.8468
1071_03_WRI-L,PAT_GRAZ_1071,GRAZPEDWRI-DX,train,1,D:\projects\MediMind\ai-prediction-service\artifacts\fracture_v2\experiment5_localization\dataset\images\train\1071_0688644897_03_WRI-L1_F007.png,D:\projects\MediMind\ai-prediction-service\artifacts\fracture_v2\experiment5_localization\dataset\images\train\1071_0688644925_03_WRI-L2_F007.png,"[0.5192675, 0.4489405, 0.6194605, 0.5144515000000001]","[0.44210550000000004, 0.4765555, 0.5435405, 0.5368425]","[0.5218, 0.4436, 0.6209, 0.52]","[0.4408, 0.466, 0.5509, 0.5504]",0.7559,0.7105,"[0.5019800000000001, 0.42832, 0.64072, 0.53528]","[0.41878000000000004, 0.44912, 0.5729199999999999, 0.56728]",20pct_expanded_or_full_fallback,0.8269,0.6581
1071_04_WRI-L,PAT_GRAZ_1071,GRAZPEDWRI-DX,train,1,D:\projects\MediMind\ai-prediction-service\artifacts\fracture_v2\experiment5_localization\dataset\images\train\1071_0690023332_04_WRI-L1_F007.png,D:\projects\MediMind\ai-prediction-service\artifacts\fracture_v2\experiment5_localization\dataset\images\train\1071_0690023359_04_WRI-L2_F007.png,"[0.46938749999999996, 0.4121135, 0.7372445, 0.5106885]","[0.5402845, 0.40176, 0.7630335, 0.508798]","[0.4481, 0.4049, 0.7261, 0.5185]","[0.5725, 0.3985, 0.7592, 0.5094]",0.7801,0.6447,"[0.3925, 0.38217999999999996, 0.7817, 0.5412199999999999]","[0.53516, 0.37632000000000004, 0.79654, 0.5315799999999999]",20pct_expanded_or_full_fallback,0.7744,0.8136
1072_01_WRI-L,PAT_GRAZ_1072,GRAZPEDWRI-DX,train,1,D:\projects\MediMind\ai-prediction-service\artifacts\fracture_v2\experiment5_localization\dataset\images\train\1072_0793136098_01_WRI-L1_F007.png,D:\projects\MediMind\ai-prediction-service\artifacts\fracture_v2\experiment5_localization\dataset\images\train\1072_0793136155_01_WRI-L2_F007.png,NONE,"[0.37359549999999997, 0.49508199999999997, 0.6320224999999999, 0.5852459999999999]","[0.1717, 0.4355, 0.3604, 0.4936]","[0.3736, 0.4812, 0.6521, 0.5671]",0.2813,0.2724,"[0.13396, 0.42388, 0.39814, 0.50522]","[0.31789999999999996, 0.46402, 0.7078, 0.58428]",20pct_expanded_or_full_fallback,0.0,0.6504
1073_01_WRI-L,PAT_GRAZ_1073,GRAZPEDWRI-DX,train,0,D:\projects\MediMind\ai-prediction-service\artifacts\fracture_v2\experiment5_localization\dataset\images\train\1073_0735111247_01_WRI-L1_F008.png,D:\projects\MediMind\ai-prediction-service\artifacts\fracture_v2\experiment5_localization\dataset\images\train\1073_0735111279_01_WRI-L2_F008.png,NONE,NONE,"[0.5581, 0.4732, 0.7169, 0.5342]","[0.3659, 0.4573, 0.4684, 0.5157]",0.6681,0.2635,"[0.52634, 0.461, 0.74866, 0.5464]","[0.3454, 0.44561999999999996, 0.4889, 0.5273800000000001]",20pct_expanded_or_full_fallback,0.0,0.0
1073_02_WRI-L,PAT_GRAZ_1073,GRAZPEDWRI-DX,train,1,D:\projects\MediMind\ai-prediction-service\artifacts\fracture_v2\experiment5_localization\dataset\images\train\1073_0736320085_02_WRI-L1_F008.png,D:\projects\MediMind\ai-prediction-service\artifacts\fracture_v2\experiment5_localization\dataset\images\train\1073_0736320189_02_WRI-L2_F008.png,"[0.39700399999999997, 0.585491, 0.5619879999999999, 0.6867449999999999]","[0.28117400000000004, 0.49660650000000006, 0.503668, 0.5791855]","[0.2153, 0.4667, 0.3366, 0.5246]","[0.2826, 0.4849, 0.4758, 0.5778]",0.818,0.7135,"[0.19104, 0.45512, 0.36086, 0.53618]","[0.24396, 0.46632, 0.51444, 0.59638]",20pct_expanded_or_full_fallback,0.665,0.7602
1074_01_WRI-R,PAT_GRAZ_1074,GRAZPEDWRI-DX,train,1,D:\projects\MediMind\ai-prediction-service\artifacts\fracture_v2\experiment5_localization\dataset\images\train\1074_0957091163_01_WRI-R1_M009.png,D:\projects\MediMind\ai-prediction-service\artifacts\fracture_v2\experiment5_localization\dataset\images\train\1074_0957091242_01_WRI-R2_M009.png,"[0.285211, 0.46685950000000004, 0.529929, 0.5379445]","[0.32532799999999995, 0.485882, 0.639738, 0.565882]","[0.283, 0.4697, 0.5309, 0.5434]","[0.5503, 0.5159, 0.7251, 0.5787]",0.8668,0.6403,"[0.23341999999999996, 0.45496000000000003, 0.5804800000000001, 0.55814]","[0.51534, 0.50334, 0.76006, 0.59126]",20pct_expanded_or_full_fallback,0.8806,0.6798
1074_02_WRI-R,PAT_GRAZ_1074,GRAZPEDWRI-DX,train,1,D:\projects\MediMind\ai-prediction-service\artifacts\fracture_v2\experiment5_localization\dataset\images\train\1074_0957097329_02_WRI-R1_M009.png,D:\projects\MediMind\ai-prediction-service\artifacts\fracture_v2\experiment5_localization\dataset\images\train\1074_0957097408_02_WRI-R2_M009.png,"[0.2947705, 0.4007755, 0.5229794999999999, 0.44573650000000004]","[0.4597905, 0.3990825, 0.6643355, 0.45565750000000005]","[0.2936, 0.3881, 0.5213, 0.4544]","[0.4675, 0.3953, 0.6638, 0.456]",0.7877,0.8322,"[0.24806000000000003, 0.37484, 0.56684, 0.46766]","[0.42824000000000007, 0.38316, 0.7030599999999999, 0.46814]",20pct_expanded_or_full_fallback,0.6713,0.8969
1074_03_WRI-R,PAT_GRAZ_1074,GRAZPEDWRI-DX,train,1,D:\projects\MediMind\ai-prediction-service\artifacts\fracture_v2\experiment5_localization\dataset\images\train\1074_0957493316_03_WRI-R1_M009.png,D:\projects\MediMind\ai-prediction-service\artifacts\fracture_v2\experiment5_localization\dataset\images\train\1074_0957493375_03_WRI-R2_M009.png,"[0.2648645, 0.4306015, 0.46351349999999997, 0.4899665]","[0.444805, 0.44226750000000004, 0.616883, 0.4919525]","[0.2669, 0.4218, 0.4648, 0.4949]","[0.4436, 0.4329, 0.6271, 0.4912]",0.8237,0.786,"[0.22732000000000002, 0.40718, 0.5043799999999999, 0.50952]","[0.4069, 0.42124, 0.6638, 0.5028600000000001]",20pct_expanded_or_full_fallback,0.8001,0.7777
1076_01_WRI-R,PAT_GRAZ_1076,GRAZPEDWRI-DX,train,1,D:\projects\MediMind\ai-prediction-service\artifacts\fracture_v2\experiment5_localization\dataset\images\train\1076_0524419046_01_WRI-R1_F012.png,D:\projects\MediMind\ai-prediction-service\artifacts\fracture_v2\experiment5_localization\dataset\images\train\1076_0524419067_01_WRI-R2_F012.png,"[0.4192215, 0.39233049999999997, 0.6182165000000001, 0.4666495]","[0.542751, 0.32695199999999996, 0.7608429999999999, 0.41807]","[0.4324, 0.3982, 0.6118, 0.4683]","[0.5602, 0.3987, 0.7111, 0.4652]",0.5343,0.4646,"[0.39652, 0.38418, 0.64768, 0.48231999999999997]","[0.53002, 0.3854, 0.7412799999999999, 0.4785]",20pct_expanded_or_full_fallback,0.814,0.1083
1076_02_WRI-R,PAT_GRAZ_1076,GRAZPEDWRI-DX,train,1,D:\projects\MediMind\ai-prediction-service\artifacts\fracture_v2\experiment5_localization\dataset\images\train\1076_0525166669_02_WRI-R1_F012.png,D:\projects\MediMind\ai-prediction-service\artifacts\fracture_v2\experiment5_localization\dataset\images\train\1076_0525166742_02_WRI-R2_F012.png,"[0.3290505, 0.6685245, 0.6404795, 0.7434155]","[0.469008, 0.549954, 0.7541319999999999, 0.627864]","[0.7712, 0.5826, 0.8801, 0.6486]","[0.476, 0.5605, 0.7332, 0.627]",0.5664,0.6896,"[0.74942, 0.5694, 0.90188, 0.6617999999999999]","[0.42456, 0.5472, 0.78464, 0.6403]",20pct_expanded_or_full_fallback,0.7792,0.77
1078_01_WRI-R,PAT_GRAZ_1078,GRAZPEDWRI-DX,train,1,D:\projects\MediMind\ai-prediction-service\artifacts\fracture_v2\experiment5_localization\dataset\images\train\1078_0289049354_01_WRI-R1_M001.png,D:\projects\MediMind\ai-prediction-service\artifacts\fracture_v2\experiment5_localization\dataset\images\train\1078_0289049386_01_WRI-R2_M001.png,"[0.3937005, 0.608303, 0.5629915, 0.684115]","[0.407407, 0.5827065, 0.572649, 0.6635335]","[0.3901, 0.5961, 0.565, 0.6916]","[0.4063, 0.5796, 0.5771, 0.6669]",0.783,0.7577,"[0.35512, 0.577, 0.59998, 0.7107]","[0.37214, 0.56214, 0.6112599999999999, 0.6843600000000001]",20pct_expanded_or_full_fallback,0.7684,0.8957
1078_02_WRI-R,PAT_GRAZ_1078,GRAZPEDWRI-DX,train,1,D:\projects\MediMind\ai-prediction-service\artifacts\fracture_v2\experiment5_localization\dataset\images\train\1078_0290407636_02_WRI-R1_M001.png,D:\projects\MediMind\ai-prediction-service\artifacts\fracture_v2\experiment5_localization\dataset\images\train\1078_0290407683_02_WRI-R2_M001.png,"[0.304245, 0.533426, 0.514151, 0.628134]","[0.3903065, 0.567919, 0.5586735, 0.687861]","[0.3082, 0.5371, 0.5355, 0.6322]","[0.3949, 0.5804, 0.561, 0.6528]",0.8462,0.7934,"[0.26274, 0.51808, 0.5809599999999999, 0.65122]","[0.36167999999999995, 0.56592, 0.5942200000000001, 0.6672800000000001]",20pct_expanded_or_full_fallback,0.8242,0.5823
1079_01_WRI-L,PAT_GRAZ_1079,GRAZPEDWRI-DX,train,1,D:\projects\MediMind\ai-prediction-service\artifacts\fracture_v2\experiment5_localization\dataset\images\train\1079_0503515597_01_WRI-L1_F010.png,D:\projects\MediMind\ai-prediction-service\artifacts\fracture_v2\experiment5_localization\dataset\images\train\1079_0503515631_01_WRI-L2_F010.png,"[0.404922, 0.49557549999999995, 0.731544, 0.5796465]","[0.293065, 0.3948125, 0.568233, 0.48703149999999995]",NONE,"[0.2959, 0.3814, 0.5891, 0.4779]",0.0,0.4123,FULL_IMAGE,"[0.23726, 0.36210000000000003, 0.64774, 0.4972]",20pct_expanded_or_full_fallback,0.0,0.7289
1081_01_WRI-R,PAT_GRAZ_1081,GRAZPEDWRI-DX,train,0,D:\projects\MediMind\ai-prediction-service\artifacts\fracture_v2\experiment5_localization\dataset\images\train\1081_0136270951_01_WRI-R1_F011.png,D:\projects\MediMind\ai-prediction-service\artifacts\fracture_v2\experiment5_localization\dataset\images\train\1081_0136270973_01_WRI-R2_F011.png,NONE,NONE,NONE,NONE,0.0,0.0,FULL_IMAGE,FULL_IMAGE,20pct_expanded_or_full_fallback,0.0,0.0
1083_01_WRI-R,PAT_GRAZ_1083,GRAZPEDWRI-DX,train,1,D:\projects\MediMind\ai-prediction-service\artifacts\fracture_v2\experiment5_localization\dataset\images\train\1083_0589529701_01_WRI-R1_M007.png,D:\projects\MediMind\ai-prediction-service\artifacts\fracture_v2\experiment5_localization\dataset\images\train\1083_0589529740_01_WRI-R2_M007.png,"[0.2155425, 0.62839, 0.4760915, 0.7015800000000001]","[0.35185199999999994, 0.5837374999999999, 0.62963, 0.6638345]","[0.2214, 0.618, 0.4833, 0.7116]","[0.3577, 0.5935, 0.6254, 0.6601]",0.645,0.62,"[0.16902, 0.59928, 0.53568, 0.73032]","[0.30416000000000004, 0.58018, 0.67894, 0.67342]",20pct_expanded_or_full_fallback,0.7474,0.8013
1083_02_WRI-R,PAT_GRAZ_1083,GRAZPEDWRI-DX,train,0,D:\projects\MediMind\ai-prediction-service\artifacts\fracture_v2\experiment5_localization\dataset\images\train\1083_0653990085_02_WRI-R1_M009.png,D:\projects\MediMind\ai-prediction-service\artifacts\fracture_v2\experiment5_localization\dataset\images\train\1083_0653990101_02_WRI-R2_M009.png,NONE,NONE,NONE,NONE,0.0,0.0,FULL_IMAGE,FULL_IMAGE,20pct_expanded_or_full_fallback,0.0,0.0
1083_03_WRI-L,PAT_GRAZ_1083,GRAZPEDWRI-DX,train,1,D:\projects\MediMind\ai-prediction-service\artifacts\fracture_v2\experiment5_localization\dataset\images\train\1083_0696760650_03_WRI-L1_M010.png,D:\projects\MediMind\ai-prediction-service\artifacts\fracture_v2\experiment5_localization\dataset\images\train\1083_0696760680_03_WRI-L2_M010.png,"[0.3729125, 0.44219699999999995, 0.6103895, 0.530829]","[0.28770300000000004, 0.44130400000000003, 0.533643, 0.534782]","[0.3811, 0.452, 0.6106, 0.5241]","[0.2973, 0.4586, 0.5313, 0.5344]",0.7477,0.5954,"[0.3352, 0.43758, 0.6565000000000001, 0.53852]","[0.2505, 0.44344, 0.5781, 0.5495599999999999]",20pct_expanded_or_full_fallback,0.7849,0.7715
1084_01_WRI-R,PAT_GRAZ_1084,GRAZPEDWRI-DX,train,1,D:\projects\MediMind\ai-prediction-service\artifacts\fracture_v2\experiment5_localization\dataset\images\train\1084_0383697238_01_WRI-R1_M007.png,D:\projects\MediMind\ai-prediction-service\artifacts\fracture_v2\experiment5_localization\dataset\images\train\1084_0383697325_01_WRI-R2_M007.png,"[0.301887, 0.583845, 0.531733, 0.670757]","[0.47281000000000006, 0.5175795000000001, 0.651058, 0.5829925]",NONE,"[0.4796, 0.5103, 0.6418, 0.5731]",0.0,0.6574,FULL_IMAGE,"[0.44716, 0.49773999999999996, 0.6742400000000001, 0.5856600000000001]",20pct_expanded_or_full_fallback,0.0,0.7013
1084_02_WRI-R,PAT_GRAZ_1084,GRAZPEDWRI-DX,train,1,D:\projects\MediMind\ai-prediction-service\artifacts\fracture_v2\experiment5_localization\dataset\images\train\1084_0384300274_02_WRI-R1_M007.png,D:\projects\MediMind\ai-prediction-service\artifacts\fracture_v2\experiment5_localization\dataset\images\train\1084_0384300328_02_WRI-R2_M007.png,"[0.3183185, 0.5569895, 0.5210215, 0.6526885]","[0.40754700000000005, 0.5594715, 0.616981, 0.6585905]","[0.3246, 0.5625, 0.523, 0.6583]","[0.4112, 0.5538, 0.6105, 0.6594]",0.7077,0.5387,"[0.28492, 0.54334, 0.5626800000000001, 0.67746]","[0.37134, 0.5326799999999999, 0.65036, 0.68052]",20pct_expanded_or_full_fallback,0.8562,0.8959
1084_03_WRI-R,PAT_GRAZ_1084,GRAZPEDWRI-DX,train,1,D:\projects\MediMind\ai-prediction-service\artifacts\fracture_v2\experiment5_localization\dataset\images\train\1084_0385077155_03_WRI-R1_M007.png,D:\projects\MediMind\ai-prediction-service\artifacts\fracture_v2\experiment5_localization\dataset\images\train\1084_0385077201_03_WRI-R2_M007.png,"[0.34262349999999997, 0.573364, 0.5590165, 0.6851020000000001]","[0.4023565, 0.462754, 0.5690235, 0.564334]","[0.3496, 0.5792, 0.5591, 0.6775]","[0.4055, 0.4528, 0.5725, 0.5572]",0.7892,0.7568,"[0.30770000000000003, 0.55954, 0.6010000000000001, 0.69716]","[0.37210000000000004, 0.43191999999999997, 0.6059, 0.57808]",20pct_expanded_or_full_fallback,0.8511,0.8163
1086_01_WRI-R,PAT_GRAZ_1086,GRAZPEDWRI-DX,train,0,D:\projects\MediMind\ai-prediction-service\artifacts\fracture_v2\experiment5_localization\dataset\images\train\1086_0624688327_01_WRI-R1_F008.png,D:\projects\MediMind\ai-prediction-service\artifacts\fracture_v2\experiment5_localization\dataset\images\train\1086_0624688379_01_WRI-R2_F008.png,NONE,NONE,NONE,NONE,0.0,0.0,FULL_IMAGE,FULL_IMAGE,20pct_expanded_or_full_fallback,0.0,0.0
1087_01_WRI-L,PAT_GRAZ_1087,GRAZPEDWRI-DX,train,1,D:\projects\MediMind\ai-prediction-service\artifacts\fracture_v2\experiment5_localization\dataset\images\train\1087_1030276226_01_WRI-L1_F001.png,D:\projects\MediMind\ai-prediction-service\artifacts\fracture_v2\experiment5_localization\dataset\images\train\1087_1030276264_01_WRI-L2_F001.png,"[0.530992, 0.4314425, 0.679752, 0.4775415]","[0.4708335, 0.3687495, 0.6000005, 0.44062450000000003]","[0.5299, 0.4231, 0.6806, 0.4811]","[0.4721, 0.3692, 0.5988, 0.4435]",0.8259,0.6569,"[0.49976000000000004, 0.4115, 0.7107399999999999, 0.4927]","[0.44676000000000005, 0.35434, 0.62414, 0.45836]",20pct_expanded_or_full_fallback,0.7846,0.9379
1088_01_WRI-L,PAT_GRAZ_1088,GRAZPEDWRI-DX,train,1,D:\projects\MediMind\ai-prediction-service\artifacts\fracture_v2\experiment5_localization\dataset\images\train\1088_0771170897_01_WRI-L1_M013.png,D:\projects\MediMind\ai-prediction-service\artifacts\fracture_v2\experiment5_localization\dataset\images\train\1088_0771170966_01_WRI-L2_M013.png,NONE,"[0.305085, 0.46356299999999995, 0.6355930000000001, 0.544535]",NONE,"[0.3062, 0.447, 0.6434, 0.525]",0.0,0.2807,FULL_IMAGE,"[0.23876000000000003, 0.4314, 0.7108399999999999, 0.5406]",20pct_expanded_or_full_fallback,0.0,0.6165
1089_01_WRI-R,PAT_GRAZ_1089,GRAZPEDWRI-DX,train,1,D:\projects\MediMind\ai-prediction-service\artifacts\fracture_v2\experiment5_localization\dataset\images\train\1089_0322256883_01_WRI-R1_F005.png,D:\projects\MediMind\ai-prediction-service\artifacts\fracture_v2\experiment5_localization\dataset\images\train\1089_0322256936_01_WRI-R2_F005.png,"[0.389381, 0.4930875, 0.580531, 0.5668205000000001]","[0.401575, 0.528872, 0.580709, 0.585302]","[0.389, 0.5033, 0.579, 0.574]","[0.3992, 0.5201, 0.5812, 0.5942]",0.7689,0.7837,"[0.35100000000000003, 0.48916, 0.617, 0.58814]","[0.3628, 0.5052800000000001, 0.6176, 0.6090199999999999]",20pct_expanded_or_full_fallback,0.778,0.7495
1092_01_WRI-L,PAT_GRAZ_1092,GRAZPEDWRI-DX,train,1,D:\projects\MediMind\ai-prediction-service\artifacts\fracture_v2\experiment5_localization\dataset\images\train\1092_0432371823_01_WRI-L1_M010.png,D:\projects\MediMind\ai-prediction-service\artifacts\fracture_v2\experiment5_localization\dataset\images\train\1092_0432371930_01_WRI-L2_M010.png,"[0.492831, 0.475652, 0.7043010000000001, 0.54]","[0.39156650000000004, 0.49121499999999996, 0.5883535, 0.572193]","[0.4957, 0.4732, 0.7084, 0.5404]","[0.394, 0.4912, 0.588, 0.5571]",0.8903,0.7119,"[0.45315999999999995, 0.45976, 0.75094, 0.55384]","[0.3552, 0.47802, 0.6267999999999999, 0.57028]",20pct_expanded_or_full_fallback,0.9271,0.8019
1092_02_WRI-L,PAT_GRAZ_1092,GRAZPEDWRI-DX,train,1,D:\projects\MediMind\ai-prediction-service\artifacts\fracture_v2\experiment5_localization\dataset\images\train\1092_0432950068_02_WRI-L1_M010.png,D:\projects\MediMind\ai-prediction-service\artifacts\fracture_v2\experiment5_localization\dataset\images\train\1092_0432950141_02_WRI-L2_M010.png,"[0.46610050000000003, 0.6695595, 0.6338055, 0.7380844999999999]","[0.375438, 0.6506825, 0.527128, 0.7207755]","[0.4681, 0.662, 0.6382, 0.7394]","[0.3847, 0.6595, 0.5157, 0.7447]",0.8193,0.6711,"[0.43408, 0.6465200000000001, 0.67222, 0.7548799999999999]","[0.3585, 0.6424599999999999, 0.5419, 0.7617400000000001]",20pct_expanded_or_full_fallback,0.8536,0.5831
1092_03_WRI-L,PAT_GRAZ_1092,GRAZPEDWRI-DX,train,1,D:\projects\MediMind\ai-prediction-service\artifacts\fracture_v2\experiment5_localization\dataset\images\train\1092_0433466274_03_WRI-L1_M010.png,D:\projects\MediMind\ai-prediction-service\artifacts\fracture_v2\experiment5_localization\dataset\images\train\1092_0433466304_03_WRI-L2_M010.png,"[0.4677225, 0.4263355, 0.6126674999999999, 0.5119705]","[0.34815999999999997, 0.5913045, 0.5015339999999999, 0.6817395]","[0.4684, 0.4417, 0.6167, 0.5147]","[0.3416, 0.5906, 0.5044, 0.6656]",0.7791,0.7833,"[0.43873999999999996, 0.4271, 0.64636, 0.5293000000000001]","[0.30904000000000004, 0.5756, 0.53696, 0.6806]",20pct_expanded_or_full_fallback,0.7738,0.7759
1092_04_WRI-L,PAT_GRAZ_1092,GRAZPEDWRI-DX,train,1,D:\projects\MediMind\ai-prediction-service\artifacts\fracture_v2\experiment5_localization\dataset\images\train\1092_0434070231_04_WRI-L1_M010.png,D:\projects\MediMind\ai-prediction-service\artifacts\fracture_v2\experiment5_localization\dataset\images\train\1092_0434070172_04_WRI-L2_M010.png,"[0.5251575, 0.5619625, 0.7327045, 0.6488815]","[0.41785750000000005, 0.514312, 0.5982145000000001, 0.6158819999999999]","[0.5269, 0.5696, 0.7264, 0.6528]","[0.3948, 0.5201, 0.5999, 0.6052]",0.7111,0.7108,"[0.48700000000000004, 0.55296, 0.7663000000000001, 0.66944]","[0.35378, 0.50308, 0.6409199999999999, 0.62222]",20pct_expanded_or_full_fallback,0.8403,0.7515
1092_05_WRI-L,PAT_GRAZ_1092,GRAZPEDWRI-DX,train,1,D:\projects\MediMind\ai-prediction-service\artifacts\fracture_v2\experiment5_localization\dataset\images\train\1092_0435277742_05_WRI-L1_M010.png,D:\projects\MediMind\ai-prediction-service\artifacts\fracture_v2\experiment5_localization\dataset\images\train\1092_0435277769_05_WRI-L2_M010.png,"[0.401487, 0.509634, 0.639405, 0.636802]","[0.47433250000000005, 0.5205074999999999, 0.6796715, 0.6015625]","[0.3963, 0.535, 0.6381, 0.6282]","[0.4687, 0.5077, 0.6835, 0.5971]",0.8511,0.725,"[0.34793999999999997, 0.51636, 0.68646, 0.64684]","[0.42574, 0.48982000000000003, 0.72646, 0.61498]",20pct_expanded_or_full_fallback,0.7174,0.7817
1093_01_WRI-L,PAT_GRAZ_1093,GRAZPEDWRI-DX,train,0,D:\projects\MediMind\ai-prediction-service\artifacts\fracture_v2\experiment5_localization\dataset\images\train\1093_0789636568_01_WRI-L1_F010.png,D:\projects\MediMind\ai-prediction-service\artifacts\fracture_v2\experiment5_localization\dataset\images\train\1093_0789636612_01_WRI-L2_F010.png,NONE,NONE,"[0.5377, 0.5104, 0.7685, 0.578]",NONE,0.3568,0.0,"[0.49154, 0.49688, 0.8146599999999999, 0.5915199999999999]",FULL_IMAGE,20pct_expanded_or_full_fallback,0.0,0.0
1093_02_WRI-R,PAT_GRAZ_1093,GRAZPEDWRI-DX,train,0,D:\projects\MediMind\ai-prediction-service\artifacts\fracture_v2\experiment5_localization\dataset\images\train\1093_0818591356_02_WRI-R1_F011.png,D:\projects\MediMind\ai-prediction-service\artifacts\fracture_v2\experiment5_localization\dataset\images\train\1093_0818591385_02_WRI-R2_F011.png,NONE,NONE,NONE,NONE,0.0,0.0,FULL_IMAGE,FULL_IMAGE,20pct_expanded_or_full_fallback,0.0,0.0
1094_01_WRI-R,PAT_GRAZ_1094,GRAZPEDWRI-DX,train,1,D:\projects\MediMind\ai-prediction-service\artifacts\fracture_v2\experiment5_localization\dataset\images\train\1094_0746239384_01_WRI-R1_F007.png,D:\projects\MediMind\ai-prediction-service\artifacts\fracture_v2\experiment5_localization\dataset\images\train\1094_0746239452_01_WRI-R2_F007.png,NONE,"[0.49014800000000003, 0.47406400000000004, 0.780788, 0.540346]",NONE,NONE,0.0,0.0,FULL_IMAGE,FULL_IMAGE,20pct_expanded_or_full_fallback,0.0,0.0
1096_01_WRI-L,PAT_GRAZ_1096,GRAZPEDWRI-DX,train,0,D:\projects\MediMind\ai-prediction-service\artifacts\fracture_v2\experiment5_localization\dataset\images\train\1096_0950610005_01_WRI-L1_M003.png,D:\projects\MediMind\ai-prediction-service\artifacts\fracture_v2\experiment5_localization\dataset\images\train\1096_0950610075_01_WRI-L2_M003.png,NONE,NONE,NONE,"[0.4475, 0.437, 0.5498, 0.5147]",0.0,0.2152,FULL_IMAGE,"[0.42704000000000003, 0.42146, 0.57026, 0.53024]",20pct_expanded_or_full_fallback,0.0,0.0
1097_01_WRI-R,PAT_GRAZ_1097,GRAZPEDWRI-DX,train,0,D:\projects\MediMind\ai-prediction-service\artifacts\fracture_v2\experiment5_localization\dataset\images\train\1097_0305921754_01_WRI-R1_F017.png,D:\projects\MediMind\ai-prediction-service\artifacts\fracture_v2\experiment5_localization\dataset\images\train\1097_0305921780_01_WRI-R2_F017.png,NONE,NONE,"[0.7643, 0.0741, 0.8955, 0.1398]","[0.3265, 0.5851, 0.7732, 0.6777]",0.2098,0.2385,"[0.7380599999999999, 0.06096, 0.92174, 0.15294000000000002]","[0.23716, 0.56658, 0.86254, 0.69622]",20pct_expanded_or_full_fallback,0.0,0.0
1098_01_WRI-L,PAT_GRAZ_1098,GRAZPEDWRI-DX,train,0,D:\projects\MediMind\ai-prediction-service\artifacts\fracture_v2\experiment5_localization\dataset\images\train\1098_0745897029_01_WRI-L1_M015.png,D:\projects\MediMind\ai-prediction-service\artifacts\fracture_v2\experiment5_localization\dataset\images\train\1098_0745897059_01_WRI-L2_M015.png,NONE,NONE,NONE,NONE,0.0,0.0,FULL_IMAGE,FULL_IMAGE,20pct_expanded_or_full_fallback,0.0,0.0
1099_01_WRI-L,PAT_GRAZ_1099,GRAZPEDWRI-DX,train,1,D:\projects\MediMind\ai-prediction-service\artifacts\fracture_v2\experiment5_localization\dataset\images\train\1099_0274418107_01_WRI-L1_M013.png,D:\projects\MediMind\ai-prediction-service\artifacts\fracture_v2\experiment5_localization\dataset\images\train\1099_0274418034_01_WRI-L2_M013.png,"[0.6225615, 0.42268, 0.6847565, 0.473582]","[0.3408285, 0.2717845, 0.44260350000000004, 0.31120349999999997]",NONE,"[0.3212, 0.179, 0.6182, 0.2871]",0.0,0.3804,FULL_IMAGE,"[0.2618, 0.15738, 0.6776, 0.30872000000000005]",20pct_expanded_or_full_fallback,0.0,0.8783
1099_02_WRI-L,PAT_GRAZ_1099,GRAZPEDWRI-DX,train,1,D:\projects\MediMind\ai-prediction-service\artifacts\fracture_v2\experiment5_localization\dataset\images\train\1099_0274468758_02_WRI-L1_M013.png,D:\projects\MediMind\ai-prediction-service\artifacts\fracture_v2\experiment5_localization\dataset\images\train\1099_0274468841_02_WRI-L2_M013.png,"[0.426574, 0.583008, 0.6881120000000001, 0.672852]","[0.4534480000000001, 0.5858955, 0.598276, 0.6383365]","[0.2156, 0.6968, 0.3433, 0.7589]","[0.2924, 0.4992, 0.556, 0.5753]",0.6746,0.6168,"[0.19006, 0.68438, 0.36884, 0.77132]","[0.23967999999999998, 0.48397999999999997, 0.60872, 0.59052]",20pct_expanded_or_full_fallback,0.7908,0.5533
1099_05_WRI-L,PAT_GRAZ_1099,GRAZPEDWRI-DX,train,1,D:\projects\MediMind\ai-prediction-service\artifacts\fracture_v2\experiment5_localization\dataset\images\train\1099_0275428746_05_WRI-L1_M013.png,D:\projects\MediMind\ai-prediction-service\artifacts\fracture_v2\experiment5_localization\dataset\images\train\1099_0275428843_05_WRI-L2_M013.png,"[0.4159155, 0.557237, 0.7147145, 0.653737]","[0.26394850000000003, 0.5912474999999999, 0.6223175, 0.6852885]","[0.215, 0.6842, 0.3513, 0.7525]","[0.25, 0.5894, 0.6216, 0.6813]",0.3914,0.4545,"[0.18774, 0.67054, 0.37856, 0.76616]","[0.17568, 0.5710200000000001, 0.6959200000000001, 0.69968]",20pct_expanded_or_full_fallback,0.0,0.9036
1099_06_WRI-L,PAT_GRAZ_1099,GRAZPEDWRI-DX,train,1,D:\projects\MediMind\ai-prediction-service\artifacts\fracture_v2\experiment5_localization\dataset\images\train\1099_0276288494_06_WRI-L1_M013.png,D:\projects\MediMind\ai-prediction-service\artifacts\fracture_v2\experiment5_localization\dataset\images\train\1099_0276288616_06_WRI-L2_M013.png,"[0.459259, 0.612205, 0.7209869999999999, 0.720473]","[0.3821245, 0.345704, 0.5997415, 0.446048]","[0.3238, 0.7468, 0.4461, 0.8317]","[0.3821, 0.3699, 0.5814, 0.441]",0.5255,0.5744,"[0.29934, 0.72982, 0.47056, 0.84868]","[0.34224, 0.35568, 0.62126, 0.45522]",20pct_expanded_or_full_fallback,0.0,0.6488
1099_07_WRI-L,PAT_GRAZ_1099,GRAZPEDWRI-DX,train,1,D:\projects\MediMind\ai-prediction-service\artifacts\fracture_v2\experiment5_localization\dataset\images\train\1099_0277493382_07_WRI-L1_M013.png,D:\projects\MediMind\ai-prediction-service\artifacts\fracture_v2\experiment5_localization\dataset\images\train\1099_0277493441_07_WRI-L2_M013.png,"[0.090744, 0.4323765, 0.250454, 0.48565549999999996]","[0.24884799999999999, 0.47850450000000005, 0.596774, 0.5607475000000001]","[0.1654, 0.6373, 0.34, 0.7168]","[0.2455, 0.467, 0.599, 0.5504]",0.7763,0.6794,"[0.13047999999999998, 0.6214, 0.37492000000000003, 0.7327]","[0.1748, 0.45032000000000005, 0.6697, 0.56708]",20pct_expanded_or_full_fallback,0.6159,0.7561
1103_01_WRI-L,PAT_GRAZ_1103,GRAZPEDWRI-DX,train,0,D:\projects\MediMind\ai-prediction-service\artifacts\fracture_v2\experiment5_localization\dataset\images\train\1103_0853415689_01_WRI-L1_F008.png,D:\projects\MediMind\ai-prediction-service\artifacts\fracture_v2\experiment5_localization\dataset\images\train\1103_0853415727_01_WRI-L2_F008.png,NONE,NONE,NONE,"[0.3374, 0.6252, 0.6072, 0.688]",0.0,0.2892,FULL_IMAGE,"[0.28343999999999997, 0.61264, 0.66116, 0.70056]",20pct_expanded_or_full_fallback,0.0,0.0
1104_01_WRI-R,PAT_GRAZ_1104,GRAZPEDWRI-DX,train,1,D:\projects\MediMind\ai-prediction-service\artifacts\fracture_v2\experiment5_localization\dataset\images\train\1104_0379732701_01_WRI-R1_M015.png,D:\projects\MediMind\ai-prediction-service\artifacts\fracture_v2\experiment5_localization\dataset\images\train\1104_0379732723_01_WRI-R2_M015.png,"[0.6349689999999999, 0.5626305, 0.756135, 0.6325675]","[0.526224, 0.7571825, 0.664336, 0.8174235]","[0.6309, 0.5535, 0.7603, 0.642]","[0.5272, 0.751, 0.6674, 0.8294]",0.5615,0.3899,"[0.60502, 0.5357999999999999, 0.78618, 0.6597000000000001]","[0.49916, 0.73532, 0.69544, 0.84508]",20pct_expanded_or_full_fallback,0.74,0.7476
1106_01_WRI-L,PAT_GRAZ_1106,GRAZPEDWRI-DX,train,0,D:\projects\MediMind\ai-prediction-service\artifacts\fracture_v2\experiment5_localization\dataset\images\train\1106_0608300166_01_WRI-L1_F016.png,D:\projects\MediMind\ai-prediction-service\artifacts\fracture_v2\experiment5_localization\dataset\images\train\1106_0608300217_01_WRI-L2_F016.png,NONE,NONE,NONE,NONE,0.0,0.0,FULL_IMAGE,FULL_IMAGE,20pct_expanded_or_full_fallback,0.0,0.0
1107_01_WRI-L,PAT_GRAZ_1107,GRAZPEDWRI-DX,train,1,D:\projects\MediMind\ai-prediction-service\artifacts\fracture_v2\experiment5_localization\dataset\images\train\1107_0589902946_01_WRI-L1_F010.png,D:\projects\MediMind\ai-prediction-service\artifacts\fracture_v2\experiment5_localization\dataset\images\train\1107_0589902984_01_WRI-L2_F010.png,"[0.4646015, 0.553763, 0.7212385, 0.601075]","[0.3353475, 0.5266075, 0.6435045, 0.6064305]","[0.463, 0.5337, 0.7265, 0.6031]","[0.341, 0.5266, 0.6377, 0.5987]",0.7565,0.7505,"[0.4103, 0.51982, 0.7792, 0.61698]","[0.28166, 0.51218, 0.6970400000000001, 0.61312]",20pct_expanded_or_full_fallback,0.664,0.8695
1110_01_WRI-L,PAT_GRAZ_1110,GRAZPEDWRI-DX,train,1,D:\projects\MediMind\ai-prediction-service\artifacts\fracture_v2\experiment5_localization\dataset\images\train\1110_1200054571_01_WRI-L1_M008.png,D:\projects\MediMind\ai-prediction-service\artifacts\fracture_v2\experiment5_localization\dataset\images\train\1110_1200054639_01_WRI-L2_M008.png,"[0.40184, 0.4520045, 0.630368, 0.5261235]","[0.383929, 0.322353, 0.6101190000000001, 0.42352900000000004]","[0.4065, 0.4434, 0.6358, 0.5312]","[0.3923, 0.3205, 0.6036, 0.438]",0.4179,0.4297,"[0.36063999999999996, 0.42584, 0.68166, 0.54876]","[0.35003999999999996, 0.297, 0.64586, 0.4615]",20pct_expanded_or_full_fallback,0.8103,0.8118
1110_02_WRI-L,PAT_GRAZ_1110,GRAZPEDWRI-DX,train,1,D:\projects\MediMind\ai-prediction-service\artifacts\fracture_v2\experiment5_localization\dataset\images\train\1110_1200747682_02_WRI-L1_M008.png,D:\projects\MediMind\ai-prediction-service\artifacts\fracture_v2\experiment5_localization\dataset\images\train\1110_1200747774_02_WRI-L2_M008.png,"[0.358631, 0.5498495, 0.584821, 0.6480365]","[0.42882600000000004, 0.27027049999999997, 0.677936, 0.4244835]","[0.3589, 0.5186, 0.5877, 0.6527]","[0.4532, 0.2795, 0.6712, 0.3948]",0.51,0.2455,"[0.31314, 0.49177999999999994, 0.63346, 0.6795199999999999]","[0.40959999999999996, 0.25644000000000006, 0.7148, 0.41785999999999995]",20pct_expanded_or_full_fallback,0.7224,0.6543
1110_03_WRI-L,PAT_GRAZ_1110,GRAZPEDWRI-DX,train,1,D:\projects\MediMind\ai-prediction-service\artifacts\fracture_v2\experiment5_localization\dataset\images\train\1110_1201775933_03_WRI-L1_M008.png,D:\projects\MediMind\ai-prediction-service\artifacts\fracture_v2\experiment5_localization\dataset\images\train\1110_1201775970_03_WRI-L2_M008.png,"[0.369565, 0.633178, 0.653985, 0.75]","[0.3593075, 0.358255, 0.6233765, 0.535825]","[0.368, 0.6312, 0.6672, 0.7403]","[0.4418, 0.3861, 0.626, 0.4755]",0.6765,0.3638,"[0.30816, 0.60938, 0.72704, 0.7621199999999999]","[0.40496000000000004, 0.36822, 0.66284, 0.49338]",20pct_expanded_or_full_fallback,0.8606,0.3445
1111_01_WRI-R,PAT_GRAZ_1111,GRAZPEDWRI-DX,train,0,D:\projects\MediMind\ai-prediction-service\artifacts\fracture_v2\experiment5_localization\dataset\images\train\1111_0865953579_01_WRI-R1_F009.png,D:\projects\MediMind\ai-prediction-service\artifacts\fracture_v2\experiment5_localization\dataset\images\train\1111_0865953613_01_WRI-R2_F009.png,NONE,NONE,NONE,NONE,0.0,0.0,FULL_IMAGE,FULL_IMAGE,20pct_expanded_or_full_fallback,0.0,0.0
1114_01_WRI-R,PAT_GRAZ_1114,GRAZPEDWRI-DX,train,0,D:\projects\MediMind\ai-prediction-service\artifacts\fracture_v2\experiment5_localization\dataset\images\train\1114_0890182062_01_WRI-R1_F010.png,D:\projects\MediMind\ai-prediction-service\artifacts\fracture_v2\experiment5_localization\dataset\images\train\1114_0890182097_01_WRI-R2_F010.png,NONE,NONE,NONE,NONE,0.0,0.0,FULL_IMAGE,FULL_IMAGE,20pct_expanded_or_full_fallback,0.0,0.0
1114_02_WRI-L,PAT_GRAZ_1114,GRAZPEDWRI-DX,train,1,D:\projects\MediMind\ai-prediction-service\artifacts\fracture_v2\experiment5_localization\dataset\images\train\1114_0937945506_02_WRI-L1_F012.png,D:\projects\MediMind\ai-prediction-service\artifacts\fracture_v2\experiment5_localization\dataset\images\train\1114_0937945539_02_WRI-L2_F012.png,"[0.46183150000000006, 0.593291, 0.7156485, 0.6614249999999999]","[0.4003835, 0.532143, 0.5881225, 0.6053569999999999]","[0.4588, 0.5845, 0.7145, 0.6563]","[0.4096, 0.538, 0.5895, 0.5991]",0.7338,0.7848,"[0.40765999999999997, 0.57014, 0.76564, 0.67066]","[0.37362, 0.52578, 0.62548, 0.61132]",20pct_expanded_or_full_fallback,0.8068,0.7887
1116_01_WRI-L,PAT_GRAZ_1116,GRAZPEDWRI-DX,train,1,D:\projects\MediMind\ai-prediction-service\artifacts\fracture_v2\experiment5_localization\dataset\images\train\1116_0780784437_01_WRI-L1_F011.png,D:\projects\MediMind\ai-prediction-service\artifacts\fracture_v2\experiment5_localization\dataset\images\train\1116_0780784467_01_WRI-L2_F011.png,"[0.45303849999999996, 0.5075379999999999, 0.7016574999999999, 0.580402]","[0.29207950000000005, 0.49751850000000003, 0.5569305, 0.5595535]","[0.4575, 0.4951, 0.7049, 0.5834]","[0.2931, 0.4917, 0.5585, 0.5602]",0.4829,0.48,"[0.40802000000000005, 0.47744, 0.7543799999999999, 0.60106]","[0.24002000000000004, 0.47800000000000004, 0.61158, 0.5739000000000001]",20pct_expanded_or_full_fallback,0.8024,0.8971
1117_01_WRI-L,PAT_GRAZ_1117,GRAZPEDWRI-DX,train,1,D:\projects\MediMind\ai-prediction-service\artifacts\fracture_v2\experiment5_localization\dataset\images\train\1117_0625731319_01_WRI-L1_M006.png,D:\projects\MediMind\ai-prediction-service\artifacts\fracture_v2\experiment5_localization\dataset\images\train\1117_0625731364_01_WRI-L2_M006.png,"[0.42431150000000006, 0.5055925, 0.6903665, 0.6017895000000001]","[0.5010615, 0.45943, 0.7303605, 0.552632]","[0.4302, 0.5036, 0.6998, 0.5759]","[0.4975, 0.4578, 0.7335, 0.5452]",0.6458,0.759,"[0.37628000000000006, 0.4891400000000001, 0.75372, 0.59036]","[0.4503, 0.44032, 0.7807000000000001, 0.5626800000000001]",20pct_expanded_or_full_fallback,0.6827,0.8807
1118_01_WRI-L,PAT_GRAZ_1118,GRAZPEDWRI-DX,train,0,D:\projects\MediMind\ai-prediction-service\artifacts\fracture_v2\experiment5_localization\dataset\images\train\1118_0285750248_01_WRI-L1_M007.png,D:\projects\MediMind\ai-prediction-service\artifacts\fracture_v2\experiment5_localization\dataset\images\train\1118_0285750295_01_WRI-L2_M007.png,NONE,NONE,NONE,NONE,0.0,0.0,FULL_IMAGE,FULL_IMAGE,20pct_expanded_or_full_fallback,0.0,0.0
1120_01_WRI-L,PAT_GRAZ_1120,GRAZPEDWRI-DX,train,1,D:\projects\MediMind\ai-prediction-service\artifacts\fracture_v2\experiment5_localization\dataset\images\train\1120_0384751235_01_WRI-L1_F007.png,D:\projects\MediMind\ai-prediction-service\artifacts\fracture_v2\experiment5_localization\dataset\images\train\1120_0384751286_01_WRI-L2_F007.png,"[0.467197, 0.3876735, 0.699801, 0.47017849999999994]","[0.3396225, 0.30574900000000005, 0.6022015000000001, 0.391115]","[0.2347, 0.3636, 0.4122, 0.4201]","[0.3366, 0.2977, 0.6092, 0.3856]",0.8902,0.4815,"[0.1992, 0.3523, 0.4477, 0.43139999999999995]","[0.28208, 0.28012000000000004, 0.66372, 0.40318]",20pct_expanded_or_full_fallback,0.7855,0.8252
1120_02_WRI-L,PAT_GRAZ_1120,GRAZPEDWRI-DX,train,1,D:\projects\MediMind\ai-prediction-service\artifacts\fracture_v2\experiment5_localization\dataset\images\train\1120_0385500163_02_WRI-L1_F007.png,D:\projects\MediMind\ai-prediction-service\artifacts\fracture_v2\experiment5_localization\dataset\images\train\1120_0385500218_02_WRI-L2_F007.png,"[0.5161295, 0.488849, 0.7080645, 0.550401]","[0.275641, 0.4333905, 0.435897, 0.5112455]","[0.5131, 0.4777, 0.7259, 0.5574]","[0.2727, 0.4362, 0.4272, 0.5033]",0.5768,0.6947,"[0.47054, 0.46176, 0.76846, 0.57334]","[0.2418, 0.42278, 0.4581, 0.51672]",20pct_expanded_or_full_fallback,0.6966,0.8024
1120_03_WRI-L,PAT_GRAZ_1120,GRAZPEDWRI-DX,train,1,D:\projects\MediMind\ai-prediction-service\artifacts\fracture_v2\experiment5_localization\dataset\images\train\1120_0385501776_03_WRI-L1_F007.png,D:\projects\MediMind\ai-prediction-service\artifacts\fracture_v2\experiment5_localization\dataset\images\train\1120_0385501821_03_WRI-L2_F007.png,"[0.46039549999999996, 0.3577905, 0.6683165, 0.42621549999999997]","[0.263359, 0.3617215, 0.427481, 0.4404765]","[0.458, 0.3564, 0.6693, 0.4259]","[0.2587, 0.3532, 0.4434, 0.4372]",0.7997,0.7186,"[0.41574, 0.34249999999999997, 0.71156, 0.4398]","[0.22175999999999998, 0.33640000000000003, 0.48034000000000004, 0.45399999999999996]",20pct_expanded_or_full_fallback,0.96,0.7717
1120_04_WRI-L,PAT_GRAZ_1120,GRAZPEDWRI-DX,train,1,D:\projects\MediMind\ai-prediction-service\artifacts\fracture_v2\experiment5_localization\dataset\images\train\1120_0386186498_04_WRI-L1_F007.png,D:\projects\MediMind\ai-prediction-service\artifacts\fracture_v2\experiment5_localization\dataset\images\train\1120_0386186538_04_WRI-L2_F007.png,"[0.5435685, 0.533257, 0.8008295, 0.6055050000000001]","[0.3587635, 0.4203535, 0.5402065, 0.5154865]","[0.5387, 0.5182, 0.8069, 0.6159]","[0.3585, 0.4239, 0.5463, 0.5131]",0.8055,0.6572,"[0.48505999999999994, 0.49866, 0.86054, 0.63544]","[0.32094, 0.40606, 0.58386, 0.53094]",20pct_expanded_or_full_fallback,0.7093,0.9078
1120_05_WRI-L,PAT_GRAZ_1120,GRAZPEDWRI-DX,train,1,D:\projects\MediMind\ai-prediction-service\artifacts\fracture_v2\experiment5_localization\dataset\images\train\1120_0387054043_05_WRI-L1_F007.png,D:\projects\MediMind\ai-prediction-service\artifacts\fracture_v2\experiment5_localization\dataset\images\train\1120_0387054088_05_WRI-L2_F007.png,"[0.48664100000000005, 0.4132655, 0.7290070000000001, 0.47959250000000003]","[0.522222, 0.41554050000000003, 0.696296, 0.4856415]","[0.496, 0.4079, 0.7282, 0.4802]","[0.5229, 0.41, 0.6973, 0.4772]",0.8928,0.603,"[0.44956, 0.39343999999999996, 0.77464, 0.49466000000000004]","[0.48802, 0.39655999999999997, 0.73218, 0.49064]",20pct_expanded_or_full_fallback,0.882,0.8081
1121_01_WRI-L,PAT_GRAZ_1121,GRAZPEDWRI-DX,train,1,D:\projects\MediMind\ai-prediction-service\artifacts\fracture_v2\experiment5_localization\dataset\images\train\1121_0491752580_01_WRI-L1_M014.png,D:\projects\MediMind\ai-prediction-service\artifacts\fracture_v2\experiment5_localization\dataset\images\train\1121_0491752605_01_WRI-L2_M014.png,NONE,"[0.2674895, 0.394033, 0.6358025, 0.454733]",NONE,NONE,0.0,0.0,FULL_IMAGE,FULL_IMAGE,20pct_expanded_or_full_fallback,0.0,0.0
1122_01_WRI-L,PAT_GRAZ_1122,GRAZPEDWRI-DX,train,0,D:\projects\MediMind\ai-prediction-service\artifacts\fracture_v2\experiment5_localization\dataset\images\train\1122_0300776689_01_WRI-L1_M014.png,D:\projects\MediMind\ai-prediction-service\artifacts\fracture_v2\experiment5_localization\dataset\images\train\1122_0300776713_01_WRI-L2_M014.png,NONE,NONE,NONE,NONE,0.0,0.0,FULL_IMAGE,FULL_IMAGE,20pct_expanded_or_full_fallback,0.0,0.0
1123_01_WRI-R,PAT_GRAZ_1123,GRAZPEDWRI-DX,train,1,D:\projects\MediMind\ai-prediction-service\artifacts\fracture_v2\experiment5_localization\dataset\images\train\1123_0926220831_01_WRI-R1_M010.png,D:\projects\MediMind\ai-prediction-service\artifacts\fracture_v2\experiment5_localization\dataset\images\train\1123_0926220872_01_WRI-R2_M010.png,"[0.6475905000000001, 0.4262625, 0.7394575, 0.49999950000000004]","[0.407942, 0.3930435, 0.7238260000000001, 0.49913050000000003]","[0.2494, 0.4914, 0.5325, 0.6006]","[0.4532, 0.4452, 0.7072, 0.51]",0.4833,0.503,"[0.19278, 0.46956, 0.58912, 0.62244]","[0.4024, 0.43223999999999996, 0.758, 0.52296]",20pct_expanded_or_full_fallback,0.8449,0.3777
1123_02_WRI-R,PAT_GRAZ_1123,GRAZPEDWRI-DX,train,1,D:\projects\MediMind\ai-prediction-service\artifacts\fracture_v2\experiment5_localization\dataset\images\train\1123_0926804585_02_WRI-R1_M010.png,D:\projects\MediMind\ai-prediction-service\artifacts\fracture_v2\experiment5_localization\dataset\images\train\1123_0926804633_02_WRI-R2_M010.png,"[0.28398799999999996, 0.5027834999999999, 0.5619339999999999, 0.5983305]","[0.36832750000000003, 0.46476949999999995, 0.6494665000000001, 0.6504065]","[0.2752, 0.4931, 0.5745, 0.5946]","[0.4903, 0.5856, 0.6433, 0.656]",0.4092,0.4076,"[0.21534, 0.4728, 0.63436, 0.6149]","[0.4597, 0.57152, 0.6738999999999999, 0.67008]",20pct_expanded_or_full_fallback,0.8123,0.1869
1123_03_WRI-R,PAT_GRAZ_1123,GRAZPEDWRI-DX,train,1,D:\projects\MediMind\ai-prediction-service\artifacts\fracture_v2\experiment5_localization\dataset\images\train\1123_0927411217_03_WRI-R1_M010.png,D:\projects\MediMind\ai-prediction-service\artifacts\fracture_v2\experiment5_localization\dataset\images\train\1123_0927411266_03_WRI-R2_M010.png,"[0.34542849999999997, 0.47378649999999994, 0.6095794999999999, 0.5679614999999999]","[0.4209625, 0.4229425, 0.7027495, 0.5472855]","[0.4088, 0.7268, 0.5724, 0.8216]","[0.4082, 0.4283, 0.7128, 0.5478]",0.5519,0.427,"[0.37607999999999997, 0.70784, 0.60512, 0.84056]","[0.34728000000000003, 0.40440000000000004, 0.77372, 0.5717]",20pct_expanded_or_full_fallback,0.0,0.8844
1123_04_WRI-R,PAT_GRAZ_1123,GRAZPEDWRI-DX,train,1,D:\projects\MediMind\ai-prediction-service\artifacts\fracture_v2\experiment5_localization\dataset\images\train\1123_0928706429_04_WRI-R1_M010.png,D:\projects\MediMind\ai-prediction-service\artifacts\fracture_v2\experiment5_localization\dataset\images\train\1123_0928706481_04_WRI-R2_M010.png,"[0.6515145, 0.3598215, 0.7508414999999999, 0.4187505]","[0.45636400000000005, 0.4517, 0.7381820000000001, 0.546512]","[0.2396, 0.4471, 0.541, 0.5481]","[0.4725, 0.4832, 0.7371, 0.5686]",0.5582,0.5036,"[0.17932, 0.4269, 0.60128, 0.5683]","[0.41957999999999995, 0.46612000000000003, 0.79002, 0.58568]",20pct_expanded_or_full_fallback,0.7191,0.5144
1124_01_WRI-R,PAT_GRAZ_1124,GRAZPEDWRI-DX,train,0,D:\projects\MediMind\ai-prediction-service\artifacts\fracture_v2\experiment5_localization\dataset\images\train\1124_0081658175_01_WRI-R1_F011.png,D:\projects\MediMind\ai-prediction-service\artifacts\fracture_v2\experiment5_localization\dataset\images\train\1124_0081658202_01_WRI-R2_F011.png,NONE,NONE,NONE,"[0.4362, 0.4235, 0.7503, 0.4898]",0.0,0.2259,FULL_IMAGE,"[0.37338, 0.41024, 0.81312, 0.5030600000000001]",20pct_expanded_or_full_fallback,0.0,0.0
1124_02_WRI-R,PAT_GRAZ_1124,GRAZPEDWRI-DX,train,0,D:\projects\MediMind\ai-prediction-service\artifacts\fracture_v2\experiment5_localization\dataset\images\train\1124_0271628544_02_WRI-R1_F017.png,D:\projects\MediMind\ai-prediction-service\artifacts\fracture_v2\experiment5_localization\dataset\images\train\1124_0271628574_02_WRI-R2_F017.png,NONE,NONE,NONE,NONE,0.0,0.0,FULL_IMAGE,FULL_IMAGE,20pct_expanded_or_full_fallback,0.0,0.0
1126_01_WRI-L,PAT_GRAZ_1126,GRAZPEDWRI-DX,train,1,D:\projects\MediMind\ai-prediction-service\artifacts\fracture_v2\experiment5_localization\dataset\images\train\1126_0768156924_01_WRI-L1_M016.png,D:\projects\MediMind\ai-prediction-service\artifacts\fracture_v2\experiment5_localization\dataset\images\train\1126_0768156967_01_WRI-L2_M016.png,"[0.16984100000000002, 0.43788249999999995, 0.274603, 0.4979635]","[0.236948, 0.456842, 0.590362, 0.570526]","[0.3779, 0.4662, 0.7781, 0.6062]","[0.2403, 0.4491, 0.6132, 0.5725]",0.5187,0.3869,"[0.29786, 0.43820000000000003, 0.85814, 0.6342]","[0.16572000000000003, 0.42442, 0.68778, 0.59718]",20pct_expanded_or_full_fallback,0.7953,0.8577
1127_01_WRI-R,PAT_GRAZ_1127,GRAZPEDWRI-DX,train,1,D:\projects\MediMind\ai-prediction-service\artifacts\fracture_v2\experiment5_localization\dataset\images\train\1127_0663928661_01_WRI-R1_F006.png,D:\projects\MediMind\ai-prediction-service\artifacts\fracture_v2\experiment5_localization\dataset\images\train\1127_0663928708_01_WRI-R2_F006.png,"[0.353896, 0.6958125, 0.516234, 0.7931035]","[0.4112355, 0.660053, 0.5752805, 0.7592589999999999]","[0.3553, 0.7008, 0.5133, 0.787]","[0.4059, 0.6563, 0.5871, 0.7487]",0.8031,0.7351,"[0.3237, 0.68356, 0.5448999999999999, 0.8042400000000001]","[0.36966, 0.6378199999999999, 0.62334, 0.7671800000000001]",20pct_expanded_or_full_fallback,0.8623,0.7871
1128_01_WRI-L,PAT_GRAZ_1128,GRAZPEDWRI-DX,train,0,D:\projects\MediMind\ai-prediction-service\artifacts\fracture_v2\experiment5_localization\dataset\images\train\1128_0651044381_01_WRI-L1_M012.png,D:\projects\MediMind\ai-prediction-service\artifacts\fracture_v2\experiment5_localization\dataset\images\train\1128_0651044404_01_WRI-L2_M012.png,NONE,NONE,NONE,NONE,0.0,0.0,FULL_IMAGE,FULL_IMAGE,20pct_expanded_or_full_fallback,0.0,0.0
1128_02_WRI-L,PAT_GRAZ_1128,GRAZPEDWRI-DX,train,0,D:\projects\MediMind\ai-prediction-service\artifacts\fracture_v2\experiment5_localization\dataset\images\train\1128_0692614646_02_WRI-L1_M013.png,D:\projects\MediMind\ai-prediction-service\artifacts\fracture_v2\experiment5_localization\dataset\images\train\1128_0692614672_02_WRI-L2_M013.png,NONE,NONE,NONE,NONE,0.0,0.0,FULL_IMAGE,FULL_IMAGE,20pct_expanded_or_full_fallback,0.0,0.0
1130_01_WRI-R,PAT_GRAZ_1130,GRAZPEDWRI-DX,train,0,D:\projects\MediMind\ai-prediction-service\artifacts\fracture_v2\experiment5_localization\dataset\images\train\1130_0366339546_01_WRI-R1_M015.png,D:\projects\MediMind\ai-prediction-service\artifacts\fracture_v2\experiment5_localization\dataset\images\train\1130_0366339590_01_WRI-R2_M015.png,NONE,NONE,NONE,NONE,0.0,0.0,FULL_IMAGE,FULL_IMAGE,20pct_expanded_or_full_fallback,0.0,0.0
1131_01_WRI-R,PAT_GRAZ_1131,GRAZPEDWRI-DX,train,0,D:\projects\MediMind\ai-prediction-service\artifacts\fracture_v2\experiment5_localization\dataset\images\train\1131_0253243715_01_WRI-R1_M003.png,D:\projects\MediMind\ai-prediction-service\artifacts\fracture_v2\experiment5_localization\dataset\images\train\1131_0253243797_01_WRI-R2_M003.png,NONE,NONE,NONE,NONE,0.0,0.0,FULL_IMAGE,FULL_IMAGE,20pct_expanded_or_full_fallback,0.0,0.0
1132_01_WRI-L,PAT_GRAZ_1132,GRAZPEDWRI-DX,train,0,D:\projects\MediMind\ai-prediction-service\artifacts\fracture_v2\experiment5_localization\dataset\images\train\1132_0980006367_01_WRI-L1_F016.png,D:\projects\MediMind\ai-prediction-service\artifacts\fracture_v2\experiment5_localization\dataset\images\train\1132_0980006456_01_WRI-L2_F016.png,NONE,NONE,NONE,NONE,0.0,0.0,FULL_IMAGE,FULL_IMAGE,20pct_expanded_or_full_fallback,0.0,0.0
1132_02_WRI-R,PAT_GRAZ_1132,GRAZPEDWRI-DX,train,0,D:\projects\MediMind\ai-prediction-service\artifacts\fracture_v2\experiment5_localization\dataset\images\train\1132_1015527173_02_WRI-R1_F017.png,D:\projects\MediMind\ai-prediction-service\artifacts\fracture_v2\experiment5_localization\dataset\images\train\1132_1015527238_02_WRI-R2_F017.png,NONE,NONE,NONE,NONE,0.0,0.0,FULL_IMAGE,FULL_IMAGE,20pct_expanded_or_full_fallback,0.0,0.0
1134_01_WRI-R,PAT_GRAZ_1134,GRAZPEDWRI-DX,train,1,D:\projects\MediMind\ai-prediction-service\artifacts\fracture_v2\experiment5_localization\dataset\images\train\1134_1044396185_01_WRI-R1_M009.png,D:\projects\MediMind\ai-prediction-service\artifacts\fracture_v2\experiment5_localization\dataset\images\train\1134_1044396225_01_WRI-R2_M009.png,"[0.21212099999999998, 0.49173549999999994, 0.632323, 0.5826444999999999]","[0.39638700000000004, 0.5028155, 0.801099, 0.6133425]","[0.2153, 0.506, 0.6271, 0.592]","[0.4294, 0.5428, 0.7607, 0.6232]",0.2128,0.3319,"[0.13294, 0.4888, 0.70946, 0.6092]","[0.36314, 0.52672, 0.82696, 0.63928]",20pct_expanded_or_full_fallback,0.7505,0.4869
1135_01_WRI-L,PAT_GRAZ_1135,GRAZPEDWRI-DX,train,0,D:\projects\MediMind\ai-prediction-service\artifacts\fracture_v2\experiment5_localization\dataset\images\train\1135_0531936890_01_WRI-L1_M015.png,D:\projects\MediMind\ai-prediction-service\artifacts\fracture_v2\experiment5_localization\dataset\images\train\1135_0531936935_01_WRI-L2_M015.png,NONE,NONE,NONE,NONE,0.0,0.0,FULL_IMAGE,FULL_IMAGE,20pct_expanded_or_full_fallback,0.0,0.0
1136_01_WRI-R,PAT_GRAZ_1136,GRAZPEDWRI-DX,train,1,D:\projects\MediMind\ai-prediction-service\artifacts\fracture_v2\experiment5_localization\dataset\images\train\1136_0745379955_01_WRI-R1_F013.png,D:\projects\MediMind\ai-prediction-service\artifacts\fracture_v2\experiment5_localization\dataset\images\train\1136_0745379997_01_WRI-R2_F013.png,NONE,"[0.36434099999999997, 0.409091, 0.6531009999999999, 0.480769]",NONE,"[0.4497, 0.5803, 0.6419, 0.6533]",0.0,0.2844,FULL_IMAGE,"[0.41125999999999996, 0.5657000000000001, 0.6803400000000001, 0.6678999999999999]",20pct_expanded_or_full_fallback,0.0,0.0
1137_01_WRI-L,PAT_GRAZ_1137,GRAZPEDWRI-DX,train,0,D:\projects\MediMind\ai-prediction-service\artifacts\fracture_v2\experiment5_localization\dataset\images\train\1137_1228199153_01_WRI-L1_M002.png,D:\projects\MediMind\ai-prediction-service\artifacts\fracture_v2\experiment5_localization\dataset\images\train\1137_1228199180_01_WRI-L2_M002.png,NONE,NONE,NONE,NONE,0.0,0.0,FULL_IMAGE,FULL_IMAGE,20pct_expanded_or_full_fallback,0.0,0.0
1138_01_WRI-R,PAT_GRAZ_1138,GRAZPEDWRI-DX,train,1,D:\projects\MediMind\ai-prediction-service\artifacts\fracture_v2\experiment5_localization\dataset\images\train\1138_0769664409_01_WRI-R1_F006.png,D:\projects\MediMind\ai-prediction-service\artifacts\fracture_v2\experiment5_localization\dataset\images\train\1138_0769664494_01_WRI-R2_F006.png,"[0.5493425000000001, 0.6189490000000001, 0.6776314999999999, 0.681771]","[0.39328050000000003, 0.584314, 0.5671935, 0.668628]","[0.3081, 0.6038, 0.4662, 0.6699]","[0.3863, 0.5834, 0.5694, 0.6487]",0.7592,0.7122,"[0.27648, 0.59058, 0.49782, 0.6831200000000001]","[0.34968, 0.5703400000000001, 0.60602, 0.66176]",20pct_expanded_or_full_fallback,0.6053,0.7261
1138_02_WRI-R,PAT_GRAZ_1138,GRAZPEDWRI-DX,train,1,D:\projects\MediMind\ai-prediction-service\artifacts\fracture_v2\experiment5_localization\dataset\images\train\1138_0770269480_02_WRI-R1_F006.png,D:\projects\MediMind\ai-prediction-service\artifacts\fracture_v2\experiment5_localization\dataset\images\train\1138_0770269515_02_WRI-R2_F006.png,"[0.2476195, 0.5418324999999999, 0.4904765, 0.6284855]","[0.441275, 0.4697755, 0.640939, 0.5345425]","[0.244, 0.5424, 0.492, 0.6213]","[0.4495, 0.4632, 0.6391, 0.5298]",0.7804,0.6951,"[0.1944, 0.52662, 0.5416, 0.63708]","[0.41158, 0.44988, 0.67702, 0.54312]",20pct_expanded_or_full_fallback,0.8933,0.8027
1138_03_WRI-R,PAT_GRAZ_1138,GRAZPEDWRI-DX,train,1,D:\projects\MediMind\ai-prediction-service\artifacts\fracture_v2\experiment5_localization\dataset\images\train\1138_0771473124_03_WRI-R1_F006.png,D:\projects\MediMind\ai-prediction-service\artifacts\fracture_v2\experiment5_localization\dataset\images\train\1138_0771473191_03_WRI-R2_F006.png,"[0.6366069999999999, 0.545041, 0.772435, 0.617803]","[0.4980465, 0.4690635, 0.7460935, 0.5468225]","[0.3385, 0.5082, 0.5413, 0.6295]","[0.4863, 0.4582, 0.7446, 0.55]",0.579,0.7526,"[0.29794000000000004, 0.48394, 0.58186, 0.6537599999999999]","[0.43464, 0.43984, 0.7962600000000001, 0.5683600000000001]",20pct_expanded_or_full_fallback,0.5928,0.8046
1139_01_WRI-L,PAT_GRAZ_1139,GRAZPEDWRI-DX,train,0,D:\projects\MediMind\ai-prediction-service\artifacts\fracture_v2\experiment5_localization\dataset\images\train\1139_0421023413_01_WRI-L1_F013.png,D:\projects\MediMind\ai-prediction-service\artifacts\fracture_v2\experiment5_localization\dataset\images\train\1139_0421023436_01_WRI-L2_F013.png,NONE,NONE,NONE,NONE,0.0,0.0,FULL_IMAGE,FULL_IMAGE,20pct_expanded_or_full_fallback,0.0,0.0
1140_01_WRI-L,PAT_GRAZ_1140,GRAZPEDWRI-DX,train,0,D:\projects\MediMind\ai-prediction-service\artifacts\fracture_v2\experiment5_localization\dataset\images\train\1140_0768816810_01_WRI-L1_M011.png,D:\projects\MediMind\ai-prediction-service\artifacts\fracture_v2\experiment5_localization\dataset\images\train\1140_0768816838_01_WRI-L2_M011.png,NONE,NONE,NONE,"[0.2536, 0.4793, 0.5921, 0.5467]",0.0,0.2021,FULL_IMAGE,"[0.1859, 0.46582, 0.6597999999999999, 0.5601799999999999]",20pct_expanded_or_full_fallback,0.0,0.0
1140_02_WRI-R,PAT_GRAZ_1140,GRAZPEDWRI-DX,train,1,D:\projects\MediMind\ai-prediction-service\artifacts\fracture_v2\experiment5_localization\dataset\images\train\1140_0771773655_02_WRI-R1_M011.png,D:\projects\MediMind\ai-prediction-service\artifacts\fracture_v2\experiment5_localization\dataset\images\train\1140_0771773707_02_WRI-R2_M011.png,"[0.3413895, 0.6075555, 0.5347425, 0.6883525]","[0.379913, 0.586175, 0.6069869999999999, 0.640553]","[0.3422, 0.5956, 0.5407, 0.6755]","[0.3763, 0.587, 0.6031, 0.6518]",0.6017,0.8328,"[0.3025, 0.57962, 0.5803999999999999, 0.69148]","[0.33094, 0.57404, 0.6484599999999999, 0.66476]",20pct_expanded_or_full_fallback,0.711,0.792
1140_03_WRI-R,PAT_GRAZ_1140,GRAZPEDWRI-DX,train,1,D:\projects\MediMind\ai-prediction-service\artifacts\fracture_v2\experiment5_localization\dataset\images\train\1140_0806654697_03_WRI-R1_M012.png,D:\projects\MediMind\ai-prediction-service\artifacts\fracture_v2\experiment5_localization\dataset\images\train\1140_0806654756_03_WRI-R2_M012.png,"[0.3467265, 0.8528785, 0.5238095, 0.9776115]","[0.47925300000000004, 0.795833, 0.682573, 0.9281250000000001]",NONE,"[0.4685, 0.7889, 0.7039, 0.9291]",0.0,0.3732,FULL_IMAGE,"[0.42142, 0.7608600000000001, 0.75098, 0.95714]",20pct_expanded_or_full_fallback,0.0,0.815
1141_01_WRI-R,PAT_GRAZ_1141,GRAZPEDWRI-DX,train,0,D:\projects\MediMind\ai-prediction-service\artifacts\fracture_v2\experiment5_localization\dataset\images\train\1141_0487358574_01_WRI-R1_F009.png,D:\projects\MediMind\ai-prediction-service\artifacts\fracture_v2\experiment5_localization\dataset\images\train\1141_0487358609_01_WRI-R2_F009.png,NONE,NONE,NONE,NONE,0.0,0.0,FULL_IMAGE,FULL_IMAGE,20pct_expanded_or_full_fallback,0.0,0.0
1141_02_WRI-R,PAT_GRAZ_1141,GRAZPEDWRI-DX,train,0,D:\projects\MediMind\ai-prediction-service\artifacts\fracture_v2\experiment5_localization\dataset\images\train\1141_0526596387_02_WRI-R1_F010.png,D:\projects\MediMind\ai-prediction-service\artifacts\fracture_v2\experiment5_localization\dataset\images\train\1141_0526596410_02_WRI-R2_F010.png,NONE,NONE,NONE,NONE,0.0,0.0,FULL_IMAGE,FULL_IMAGE,20pct_expanded_or_full_fallback,0.0,0.0
1142_01_WRI-R,PAT_GRAZ_1142,GRAZPEDWRI-DX,train,1,D:\projects\MediMind\ai-prediction-service\artifacts\fracture_v2\experiment5_localization\dataset\images\train\1142_0762717565_01_WRI-R1_F008.png,D:\projects\MediMind\ai-prediction-service\artifacts\fracture_v2\experiment5_localization\dataset\images\train\1142_0762717659_01_WRI-R2_F008.png,"[0.3900905, 0.667268, 0.5481374999999999, 0.8026]","[0.47895499999999996, 0.5020535, 0.5994189999999999, 0.6036965]","[0.3898, 0.6768, 0.5523, 0.8134]","[0.4742, 0.5558, 0.6021, 0.6501]",0.4968,0.3632,"[0.35729999999999995, 0.64948, 0.5848, 0.84072]","[0.44862, 0.53694, 0.62768, 0.66896]",20pct_expanded_or_full_fallback,0.8388,0.3113
1142_02_WRI-R,PAT_GRAZ_1142,GRAZPEDWRI-DX,train,1,D:\projects\MediMind\ai-prediction-service\artifacts\fracture_v2\experiment5_localization\dataset\images\train\1142_0763318194_02_WRI-R1_F008.png,D:\projects\MediMind\ai-prediction-service\artifacts\fracture_v2\experiment5_localization\dataset\images\train\1142_0763318285_02_WRI-R2_F008.png,"[0.301814, 0.46945300000000006, 0.453368, 0.5498390000000001]","[0.4682835, 0.3848925, 0.6417905, 0.4883095]","[0.2961, 0.4761, 0.457, 0.56]","[0.4684, 0.4259, 0.6336, 0.4944]",0.7462,0.4574,"[0.26392, 0.45932, 0.48918, 0.5767800000000001]","[0.43535999999999997, 0.4122, 0.6666400000000001, 0.5081]",20pct_expanded_or_full_fallback,0.7704,0.5441
1142_03_WRI-R,PAT_GRAZ_1142,GRAZPEDWRI-DX,train,1,D:\projects\MediMind\ai-prediction-service\artifacts\fracture_v2\experiment5_localization\dataset\images\train\1142_0764185060_03_WRI-R1_F008.png,D:\projects\MediMind\ai-prediction-service\artifacts\fracture_v2\experiment5_localization\dataset\images\train\1142_0764185108_03_WRI-R2_F008.png,"[0.32696000000000003, 0.5704695, 0.567878, 0.6946304999999999]","[0.4308835, 0.4401805, 0.6722865, 0.5454175]","[0.3204, 0.5574, 0.5978, 0.7007]","[0.4343, 0.4365, 0.7046, 0.5561]",0.6923,0.4805,"[0.26492000000000004, 0.52874, 0.65328, 0.72936]","[0.38024, 0.41258, 0.75866, 0.5800200000000001]",20pct_expanded_or_full_fallback,0.7525,0.7662
1143_01_WRI-L,PAT_GRAZ_1143,GRAZPEDWRI-DX,train,1,D:\projects\MediMind\ai-prediction-service\artifacts\fracture_v2\experiment5_localization\dataset\images\train\1143_0631287264_01_WRI-L1_M012.png,D:\projects\MediMind\ai-prediction-service\artifacts\fracture_v2\experiment5_localization\dataset\images\train\1143_0631287288_01_WRI-L2_M012.png,"[0.42592650000000004, 0.467093, 0.7727275, 0.534735]","[0.21568600000000002, 0.5078735, 0.566666, 0.5964565000000001]",NONE,"[0.2217, 0.5397, 0.5206, 0.6084]",0.0,0.4784,FULL_IMAGE,"[0.16192, 0.52596, 0.5803799999999999, 0.62214]",20pct_expanded_or_full_fallback,0.0,0.4894
1143_02_WRI-L,PAT_GRAZ_1143,GRAZPEDWRI-DX,train,1,D:\projects\MediMind\ai-prediction-service\artifacts\fracture_v2\experiment5_localization\dataset\images\train\1143_0633014370_02_WRI-L1_M012.png,D:\projects\MediMind\ai-prediction-service\artifacts\fracture_v2\experiment5_localization\dataset\images\train\1143_0633014396_02_WRI-L2_M012.png,"[0.4446045, 0.48014499999999993, 0.7309355, 0.576715]","[0.23255800000000001, 0.48960000000000004, 0.562368, 0.5720000000000001]","[0.4523, 0.4949, 0.7298, 0.5862]","[0.2171, 0.5161, 0.5371, 0.5788]",0.4928,0.5645,"[0.3968, 0.47664, 0.7853, 0.6044600000000001]","[0.15309999999999996, 0.50356, 0.6011000000000001, 0.59134]",20pct_expanded_or_full_fallback,0.7497,0.5634
1143_03_WRI-L,PAT_GRAZ_1143,GRAZPEDWRI-DX,train,0,D:\projects\MediMind\ai-prediction-service\artifacts\fracture_v2\experiment5_localization\dataset\images\train\1143_0686105217_03_WRI-L1_M013.png,D:\projects\MediMind\ai-prediction-service\artifacts\fracture_v2\experiment5_localization\dataset\images\train\1143_0686105258_03_WRI-L2_M013.png,NONE,NONE,NONE,NONE,0.0,0.0,FULL_IMAGE,FULL_IMAGE,20pct_expanded_or_full_fallback,0.0,0.0
1143_04_WRI-R,PAT_GRAZ_1143,GRAZPEDWRI-DX,train,1,D:\projects\MediMind\ai-prediction-service\artifacts\fracture_v2\experiment5_localization\dataset\images\train\1143_0707678749_04_WRI-R1_M014.png,D:\projects\MediMind\ai-prediction-service\artifacts\fracture_v2\experiment5_localization\dataset\images\train\1143_0707678766_04_WRI-R2_M014.png,"[0.13928, 0.3655355, 0.43349000000000004, 0.4843345]","[0.201724, 0.347656, 0.48103399999999996, 0.446614]","[0.1321, 0.3415, 0.4313, 0.4837]","[0.2903, 0.3639, 0.4761, 0.437]",0.5341,0.4808,"[0.07225999999999999, 0.31306, 0.49114, 0.51214]","[0.25314, 0.34928, 0.51326, 0.45162]",20pct_expanded_or_full_fallback,0.8026,0.4914
1143_05_WRI-R,PAT_GRAZ_1143,GRAZPEDWRI-DX,train,1,D:\projects\MediMind\ai-prediction-service\artifacts\fracture_v2\experiment5_localization\dataset\images\train\1143_0707682673_05_WRI-R1_M014.png,D:\projects\MediMind\ai-prediction-service\artifacts\fracture_v2\experiment5_localization\dataset\images\train\1143_0707682702_05_WRI-R2_M014.png,"[0.303987, 0.22483199999999998, 0.594685, 0.309564]","[0.427046, 0.3383625, 0.623962, 0.3879315]","[0.7312, 0.142, 0.8394, 0.1989]","[0.4343, 0.3313, 0.6241, 0.3958]",0.457,0.6892,"[0.70956, 0.13061999999999999, 0.86104, 0.21028]","[0.39634, 0.31839999999999996, 0.66206, 0.4087]",20pct_expanded_or_full_fallback,0.0,0.746
1143_06_WRI-R,PAT_GRAZ_1143,GRAZPEDWRI-DX,train,1,D:\projects\MediMind\ai-prediction-service\artifacts\fracture_v2\experiment5_localization\dataset\images\train\1143_0708181243_06_WRI-R1_M014.png,D:\projects\MediMind\ai-prediction-service\artifacts\fracture_v2\experiment5_localization\dataset\images\train\1143_0708181316_06_WRI-R2_M014.png,"[0.277439, 0.605655, 0.583841, 0.699405]","[0.4652665, 0.5322079999999999, 0.7399035, 0.628834]","[0.2891, 0.5612, 0.5756, 0.7177]","[0.4632, 0.4798, 0.7401, 0.6253]",0.4868,0.3949,"[0.23180000000000003, 0.5299, 0.6329, 0.749]","[0.40782, 0.4507, 0.79548, 0.6544]",20pct_expanded_or_full_fallback,0.5751,0.6197
1144_01_WRI-L,PAT_GRAZ_1144,GRAZPEDWRI-DX,train,1,D:\projects\MediMind\ai-prediction-service\artifacts\fracture_v2\experiment5_localization\dataset\images\train\1144_0335055056_01_WRI-L1_F008.png,D:\projects\MediMind\ai-prediction-service\artifacts\fracture_v2\experiment5_localization\dataset\images\train\1144_0335055088_01_WRI-L2_F008.png,NONE,"[0.1675125, 0.4983445, 0.4949235, 0.6274835000000001]",NONE,"[0.1726, 0.4764, 0.5354, 0.602]",0.0,0.2433,FULL_IMAGE,"[0.10004, 0.45128, 0.60796, 0.62712]",20pct_expanded_or_full_fallback,0.0,0.6137
1146_01_WRI-L,PAT_GRAZ_1146,GRAZPEDWRI-DX,train,0,D:\projects\MediMind\ai-prediction-service\artifacts\fracture_v2\experiment5_localization\dataset\images\train\1146_0916817899_01_WRI-L1_M010.png,D:\projects\MediMind\ai-prediction-service\artifacts\fracture_v2\experiment5_localization\dataset\images\train\1146_0916817931_01_WRI-L2_M010.png,NONE,NONE,NONE,NONE,0.0,0.0,FULL_IMAGE,FULL_IMAGE,20pct_expanded_or_full_fallback,0.0,0.0
1147_01_WRI-L,PAT_GRAZ_1147,GRAZPEDWRI-DX,train,0,D:\projects\MediMind\ai-prediction-service\artifacts\fracture_v2\experiment5_localization\dataset\images\train\1147_0970732601_01_WRI-L1_M010.png,D:\projects\MediMind\ai-prediction-service\artifacts\fracture_v2\experiment5_localization\dataset\images\train\1147_0970732632_01_WRI-L2_M010.png,NONE,NONE,NONE,NONE,0.0,0.0,FULL_IMAGE,FULL_IMAGE,20pct_expanded_or_full_fallback,0.0,0.0
1147_02_WRI-R,PAT_GRAZ_1147,GRAZPEDWRI-DX,train,0,D:\projects\MediMind\ai-prediction-service\artifacts\fracture_v2\experiment5_localization\dataset\images\train\1147_1140742170_02_WRI-R1_M015.png,D:\projects\MediMind\ai-prediction-service\artifacts\fracture_v2\experiment5_localization\dataset\images\train\1147_1140742204_02_WRI-R2_M015.png,NONE,NONE,NONE,NONE,0.0,0.0,FULL_IMAGE,FULL_IMAGE,20pct_expanded_or_full_fallback,0.0,0.0
1148_01_WRI-L,PAT_GRAZ_1148,GRAZPEDWRI-DX,train,0,D:\projects\MediMind\ai-prediction-service\artifacts\fracture_v2\experiment5_localization\dataset\images\train\1148_0634260519_01_WRI-L1_M015.png,D:\projects\MediMind\ai-prediction-service\artifacts\fracture_v2\experiment5_localization\dataset\images\train\1148_0634260549_01_WRI-L2_M015.png,NONE,NONE,NONE,NONE,0.0,0.0,FULL_IMAGE,FULL_IMAGE,20pct_expanded_or_full_fallback,0.0,0.0
1149_01_WRI-R,PAT_GRAZ_1149,GRAZPEDWRI-DX,train,1,D:\projects\MediMind\ai-prediction-service\artifacts\fracture_v2\experiment5_localization\dataset\images\train\1149_0490479139_01_WRI-R1_M009.png,D:\projects\MediMind\ai-prediction-service\artifacts\fracture_v2\experiment5_localization\dataset\images\train\1149_0490479174_01_WRI-R2_M009.png,"[0.305811, 0.34306000000000003, 0.547401, 0.416404]","[0.380953, 0.332579, 0.701299, 0.412519]","[0.3084, 0.3462, 0.5499, 0.4138]","[0.3907, 0.352, 0.6975, 0.41]",0.4554,0.4545,"[0.2601, 0.33268000000000003, 0.5982000000000001, 0.42732]","[0.32933999999999997, 0.3404, 0.75886, 0.4216]",20pct_expanded_or_full_fallback,0.9032,0.6949
1150_01_WRI-L,PAT_GRAZ_1150,GRAZPEDWRI-DX,train,1,D:\projects\MediMind\ai-prediction-service\artifacts\fracture_v2\experiment5_localization\dataset\images\train\1150_0947150631_01_WRI-L1_F010.png,D:\projects\MediMind\ai-prediction-service\artifacts\fracture_v2\experiment5_localization\dataset\images\train\1150_0947150678_01_WRI-L2_F010.png,"[0.43554699999999996, 0.6236999999999999, 0.630859, 0.7079]","[0.24980950000000002, 0.554437, 0.4161085, 0.620813]","[0.4299, 0.6136, 0.635, 0.7195]","[0.2475, 0.5348, 0.4296, 0.6262]",0.6941,0.5481,"[0.38888, 0.5924200000000001, 0.6760200000000001, 0.74068]","[0.21108, 0.5165200000000001, 0.46602, 0.6444799999999999]",20pct_expanded_or_full_fallback,0.7571,0.6632
1150_02_WRI-L,PAT_GRAZ_1150,GRAZPEDWRI-DX,train,1,D:\projects\MediMind\ai-prediction-service\artifacts\fracture_v2\experiment5_localization\dataset\images\train\1150_0971890445_02_WRI-L1_F011.png,D:\projects\MediMind\ai-prediction-service\artifacts\fracture_v2\experiment5_localization\dataset\images\train\1150_0971890476_02_WRI-L2_F011.png,"[0.2372325, 0.5885119999999999, 0.3657335, 0.667608]","[0.3333335, 0.5098565, 0.5540845, 0.7087815000000001]",NONE,"[0.3582, 0.5133, 0.5718, 0.6154]",0.0,0.313,FULL_IMAGE,"[0.31548000000000004, 0.49288, 0.61452, 0.6358199999999999]",20pct_expanded_or_full_fallback,0.0,0.4374
1151_01_WRI-R,PAT_GRAZ_1151,GRAZPEDWRI-DX,train,1,D:\projects\MediMind\ai-prediction-service\artifacts\fracture_v2\experiment5_localization\dataset\images\train\1151_0519707780_01_WRI-R1_F009.png,D:\projects\MediMind\ai-prediction-service\artifacts\fracture_v2\experiment5_localization\dataset\images\train\1151_0519707820_01_WRI-R2_F009.png,NONE,"[0.43881149999999997, 0.32180400000000003, 0.6713285, 0.399248]",NONE,"[0.4334, 0.3209, 0.6681, 0.3791]",0.0,0.4101,FULL_IMAGE,"[0.38646, 0.30926000000000003, 0.71504, 0.39074]",20pct_expanded_or_full_fallback,0.0,0.709
1151_02_WRI-R,PAT_GRAZ_1151,GRAZPEDWRI-DX,train,1,D:\projects\MediMind\ai-prediction-service\artifacts\fracture_v2\experiment5_localization\dataset\images\train\1151_0520287868_02_WRI-R1_F009.png,D:\projects\MediMind\ai-prediction-service\artifacts\fracture_v2\experiment5_localization\dataset\images\train\1151_0520287944_02_WRI-R2_F009.png,"[0.28968900000000003, 0.496855, 0.5417350000000001, 0.582809]","[0.5126705, 0.4379475, 0.7485375000000001, 0.5238665]","[0.3114, 0.6564, 0.48, 0.7287]","[0.5427, 0.5778, 0.6971, 0.6642]",0.4462,0.437,"[0.27768000000000004, 0.64194, 0.51372, 0.74316]","[0.5118199999999999, 0.56052, 0.7279800000000001, 0.68148]",20pct_expanded_or_full_fallback,0.0,0.0
1151_03_WRI-R,PAT_GRAZ_1151,GRAZPEDWRI-DX,train,1,D:\projects\MediMind\ai-prediction-service\artifacts\fracture_v2\experiment5_localization\dataset\images\train\1151_0520968797_03_WRI-R1_F009.png,D:\projects\MediMind\ai-prediction-service\artifacts\fracture_v2\experiment5_localization\dataset\images\train\1151_0520968915_03_WRI-R2_F009.png,"[0.3000005, 0.4486555, 0.5235295, 0.5550125]","[0.47805650000000005, 0.353196, 0.6833855000000001, 0.44312]","[0.3015, 0.4464, 0.5302, 0.5443]","[0.4922, 0.3692, 0.6734, 0.4388]",0.473,0.4714,"[0.25576, 0.42682000000000003, 0.57594, 0.56388]","[0.45596000000000003, 0.35528, 0.70964, 0.45272]",20pct_expanded_or_full_fallback,0.8519,0.683
1151_04_WRI-R,PAT_GRAZ_1151,GRAZPEDWRI-DX,train,1,D:\projects\MediMind\ai-prediction-service\artifacts\fracture_v2\experiment5_localization\dataset\images\train\1151_0521568420_04_WRI-R1_F009.png,D:\projects\MediMind\ai-prediction-service\artifacts\fracture_v2\experiment5_localization\dataset\images\train\1151_0521568471_04_WRI-R2_F009.png,"[0.27532999999999996, 0.49696999999999997, 0.610132, 0.557576]","[0.43423799999999996, 0.3580955, 0.724426, 0.4352385]","[0.2671, 0.4818, 0.6153, 0.5557]","[0.5067, 0.3612, 0.7099, 0.4166]",0.55,0.3505,"[0.19746000000000002, 0.46702, 0.68494, 0.57048]","[0.46606000000000003, 0.35012000000000004, 0.75054, 0.42768]",20pct_expanded_or_full_fallback,0.7459,0.5029
1153_01_WRI-R,PAT_GRAZ_1153,GRAZPEDWRI-DX,train,0,D:\projects\MediMind\ai-prediction-service\artifacts\fracture_v2\experiment5_localization\dataset\images\train\1153_0955282805_01_WRI-R1_M017.png,D:\projects\MediMind\ai-prediction-service\artifacts\fracture_v2\experiment5_localization\dataset\images\train\1153_0955282861_01_WRI-R2_M017.png,NONE,NONE,NONE,NONE,0.0,0.0,FULL_IMAGE,FULL_IMAGE,20pct_expanded_or_full_fallback,0.0,0.0
1154_01_WRI-R,PAT_GRAZ_1154,GRAZPEDWRI-DX,train,0,D:\projects\MediMind\ai-prediction-service\artifacts\fracture_v2\experiment5_localization\dataset\images\train\1154_1033108233_01_WRI-R1_M012.png,D:\projects\MediMind\ai-prediction-service\artifacts\fracture_v2\experiment5_localization\dataset\images\train\1154_1033108268_01_WRI-R2_M012.png,NONE,NONE,NONE,NONE,0.0,0.0,FULL_IMAGE,FULL_IMAGE,20pct_expanded_or_full_fallback,0.0,0.0
1155_01_WRI-L,PAT_GRAZ_1155,GRAZPEDWRI-DX,train,0,D:\projects\MediMind\ai-prediction-service\artifacts\fracture_v2\experiment5_localization\dataset\images\train\1155_0897280479_01_WRI-L1_M010.png,D:\projects\MediMind\ai-prediction-service\artifacts\fracture_v2\experiment5_localization\dataset\images\train\1155_0897280506_01_WRI-L2_M010.png,NONE,NONE,NONE,NONE,0.0,0.0,FULL_IMAGE,FULL_IMAGE,20pct_expanded_or_full_fallback,0.0,0.0
1157_01_WRI-R,PAT_GRAZ_1157,GRAZPEDWRI-DX,train,1,D:\projects\MediMind\ai-prediction-service\artifacts\fracture_v2\experiment5_localization\dataset\images\train\1157_0978917560_01_WRI-R1_M007.png,D:\projects\MediMind\ai-prediction-service\artifacts\fracture_v2\experiment5_localization\dataset\images\train\1157_0978917647_01_WRI-R2_M007.png,"[0.330059, 0.47933850000000006, 0.526523, 0.5661155000000001]","[0.4006215, 0.42252, 0.6490685, 0.498328]","[0.3328, 0.4836, 0.5217, 0.5556]","[0.4029, 0.4215, 0.6447, 0.4826]",0.7831,0.78,"[0.29501999999999995, 0.46919999999999995, 0.5594800000000001, 0.57]","[0.35453999999999997, 0.40928, 0.69306, 0.49482]",20pct_expanded_or_full_fallback,0.7978,0.7614
1157_02_WRI-L,PAT_GRAZ_1157,GRAZPEDWRI-DX,train,1,D:\projects\MediMind\ai-prediction-service\artifacts\fracture_v2\experiment5_localization\dataset\images\train\1157_1136128786_02_WRI-L1_M012.png,D:\projects\MediMind\ai-prediction-service\artifacts\fracture_v2\experiment5_localization\dataset\images\train\1157_1136128863_02_WRI-L2_M012.png,"[0.4194215, 0.3416525, 0.7210745, 0.4018935]","[0.3340325, 0.267203, 0.5507855, 0.329899]","[0.429, 0.335, 0.7095, 0.3978]","[0.3409, 0.2629, 0.5594, 0.3222]",0.7253,0.7121,"[0.3729, 0.32244, 0.7656000000000001, 0.41036]","[0.29719999999999996, 0.25104000000000004, 0.6031, 0.33405999999999997]",20pct_expanded_or_full_fallback,0.786,0.7694
1157_03_WRI-L,PAT_GRAZ_1157,GRAZPEDWRI-DX,train,1,D:\projects\MediMind\ai-prediction-service\artifacts\fracture_v2\experiment5_localization\dataset\images\train\1157_1136737868_03_WRI-L1_M012.png,D:\projects\MediMind\ai-prediction-service\artifacts\fracture_v2\experiment5_localization\dataset\images\train\1157_1136737955_03_WRI-L2_M012.png,"[0.5060969999999999, 0.6314164999999999, 0.731707, 0.7156055]","[0.3833019999999999, 0.48320199999999996, 0.628084, 0.566206]","[0.5196, 0.6407, 0.7264, 0.7131]","[0.3915, 0.4756, 0.6047, 0.5467]",0.8559,0.6037,"[0.47823999999999994, 0.6262200000000001, 0.7677600000000001, 0.7275799999999999]","[0.34886, 0.46138, 0.64734, 0.56092]",20pct_expanded_or_full_fallback,0.7883,0.6171
1157_04_WRI-L,PAT_GRAZ_1157,GRAZPEDWRI-DX,train,1,D:\projects\MediMind\ai-prediction-service\artifacts\fracture_v2\experiment5_localization\dataset\images\train\1157_1136739456_04_WRI-L1_M012.png,D:\projects\MediMind\ai-prediction-service\artifacts\fracture_v2\experiment5_localization\dataset\images\train\1157_1136739578_04_WRI-L2_M012.png,"[0.49795849999999997, 0.645856, 0.7509675, 0.7213620000000001]","[0.2731275, 0.496176, 0.4478705, 0.59369]","[0.5009, 0.6353, 0.7519, 0.7294]","[0.2628, 0.5129, 0.4403, 0.5896]",0.6679,0.6118,"[0.4507, 0.6164799999999999, 0.8021, 0.7482200000000001]","[0.22729999999999997, 0.49756, 0.47580000000000006, 0.60494]",20pct_expanded_or_full_fallback,0.792,0.7191
1158_01_WRI-L,PAT_GRAZ_1158,GRAZPEDWRI-DX,train,0,D:\projects\MediMind\ai-prediction-service\artifacts\fracture_v2\experiment5_localization\dataset\images\train\1158_0413439502_01_WRI-L1_F016.png,D:\projects\MediMind\ai-prediction-service\artifacts\fracture_v2\experiment5_localization\dataset\images\train\1158_0413439527_01_WRI-L2_F016.png,NONE,NONE,NONE,NONE,0.0,0.0,FULL_IMAGE,FULL_IMAGE,20pct_expanded_or_full_fallback,0.0,0.0
1159_01_WRI-L,PAT_GRAZ_1159,GRAZPEDWRI-DX,train,0,D:\projects\MediMind\ai-prediction-service\artifacts\fracture_v2\experiment5_localization\dataset\images\train\1159_0221347559_01_WRI-L1_M015.png,D:\projects\MediMind\ai-prediction-service\artifacts\fracture_v2\experiment5_localization\dataset\images\train\1159_0221347581_01_WRI-L2_M015.png,NONE,NONE,"[0.5539, 0.5729, 0.7321, 0.6884]",NONE,0.2272,0.0,"[0.5182599999999999, 0.5498, 0.76774, 0.7115]",FULL_IMAGE,20pct_expanded_or_full_fallback,0.0,0.0
1161_01_WRI-R,PAT_GRAZ_1161,GRAZPEDWRI-DX,train,1,D:\projects\MediMind\ai-prediction-service\artifacts\fracture_v2\experiment5_localization\dataset\images\train\1161_0907328267_01_WRI-R1_F012.png,D:\projects\MediMind\ai-prediction-service\artifacts\fracture_v2\experiment5_localization\dataset\images\train\1161_0907328302_01_WRI-R2_F012.png,"[0.26524349999999997, 0.5459959999999999, 0.5182925, 0.596252]","[0.3887975, 0.48565299999999995, 0.6177925000000001, 0.532281]","[0.2522, 0.532, 0.5132, 0.6012]","[0.3841, 0.4812, 0.6048, 0.5343]",0.2609,0.2262,"[0.19999999999999998, 0.5181600000000001, 0.5654, 0.6150399999999999]","[0.33996, 0.47058, 0.64894, 0.54492]",20pct_expanded_or_full_fallback,0.6803,0.8172
1162_01_WRI-L,PAT_GRAZ_1162,GRAZPEDWRI-DX,train,1,D:\projects\MediMind\ai-prediction-service\artifacts\fracture_v2\experiment5_localization\dataset\images\train\1162_0938697495_01_WRI-L1_F012.png,D:\projects\MediMind\ai-prediction-service\artifacts\fracture_v2\experiment5_localization\dataset\images\train\1162_0938697532_01_WRI-L2_F012.png,NONE,"[0.277895, 0.5682984999999999, 0.564211, 0.6597935]",NONE,NONE,0.0,0.0,FULL_IMAGE,FULL_IMAGE,20pct_expanded_or_full_fallback,0.0,0.0
1163_01_WRI-L,PAT_GRAZ_1163,GRAZPEDWRI-DX,train,0,D:\projects\MediMind\ai-prediction-service\artifacts\fracture_v2\experiment5_localization\dataset\images\train\1163_0861783065_01_WRI-L1_M001.png,D:\projects\MediMind\ai-prediction-service\artifacts\fracture_v2\experiment5_localization\dataset\images\train\1163_0861783125_01_WRI-L2_M001.png,NONE,NONE,"[0.2519, 0.4108, 0.4422, 0.4677]",NONE,0.1783,0.0,"[0.21384000000000003, 0.39942, 0.48025999999999996, 0.47908]",FULL_IMAGE,20pct_expanded_or_full_fallback,0.0,0.0
1165_01_WRI-R,PAT_GRAZ_1165,GRAZPEDWRI-DX,train,1,D:\projects\MediMind\ai-prediction-service\artifacts\fracture_v2\experiment5_localization\dataset\images\train\1165_0305603368_01_WRI-R1_M010.png,D:\projects\MediMind\ai-prediction-service\artifacts\fracture_v2\experiment5_localization\dataset\images\train\1165_0305603453_01_WRI-R2_M010.png,"[0.4150045, 0.435916, 0.5650515, 0.492254]","[0.381704, 0.5119265, 0.5757099999999999, 0.5999995]","[0.4216, 0.4233, 0.5698, 0.4888]","[0.3845, 0.493, 0.5978, 0.581]",0.7524,0.35,"[0.39196, 0.4102, 0.59944, 0.5019]","[0.34184000000000003, 0.4754, 0.64046, 0.5985999999999999]",20pct_expanded_or_full_fallback,0.7174,0.5831
1165_02_WRI-R,PAT_GRAZ_1165,GRAZPEDWRI-DX,train,1,D:\projects\MediMind\ai-prediction-service\artifacts\fracture_v2\experiment5_localization\dataset\images\train\1165_0306079867_02_WRI-R1_M010.png,D:\projects\MediMind\ai-prediction-service\artifacts\fracture_v2\experiment5_localization\dataset\images\train\1165_0306079922_02_WRI-R2_M010.png,"[0.598131, 0.4416205, 0.725857, 0.4884835]","[0.471545, 0.450644, 0.682927, 0.5193139999999999]","[0.3244, 0.3983, 0.551, 0.4685]","[0.479, 0.4592, 0.6779, 0.5274]",0.7339,0.6375,"[0.27908, 0.38426, 0.5963200000000001, 0.48254]","[0.43922, 0.44556, 0.71768, 0.54104]",20pct_expanded_or_full_fallback,0.8822,0.7415
1165_05_WRI-R,PAT_GRAZ_1165,GRAZPEDWRI-DX,train,1,D:\projects\MediMind\ai-prediction-service\artifacts\fracture_v2\experiment5_localization\dataset\images\train\1165_0308843951_05_WRI-R1_M010.png,D:\projects\MediMind\ai-prediction-service\artifacts\fracture_v2\experiment5_localization\dataset\images\train\1165_0308843985_05_WRI-R2_M010.png,"[0.6537785, 0.390038, 0.7574695, 0.43891]","[0.484685, 0.44943799999999995, 0.724325, 0.5658099999999999]","[0.3122, 0.4668, 0.5675, 0.5792]","[0.5073, 0.4905, 0.6982, 0.5591]",0.7442,0.6561,"[0.26114, 0.44432, 0.61856, 0.6016800000000001]","[0.46912, 0.47678, 0.73638, 0.5728200000000001]",20pct_expanded_or_full_fallback,0.9373,0.4696
1166_01_WRI-L,PAT_GRAZ_1166,GRAZPEDWRI-DX,train,1,D:\projects\MediMind\ai-prediction-service\artifacts\fracture_v2\experiment5_localization\dataset\images\train\1166_0443914675_01_WRI-L1_M009.png,D:\projects\MediMind\ai-prediction-service\artifacts\fracture_v2\experiment5_localization\dataset\images\train\1166_0443914742_01_WRI-L2_M009.png,"[0.28917899999999996, 0.397415, 0.449627, 0.445073]","[0.316514, 0.3678245, 0.644496, 0.4327795]","[0.4942, 0.3844, 0.775, 0.4539]","[0.3122, 0.3676, 0.6458, 0.4301]",0.7774,0.6041,"[0.43804, 0.3705, 0.83116, 0.46780000000000005]","[0.24547999999999998, 0.35509999999999997, 0.71252, 0.4426]",20pct_expanded_or_full_fallback,0.8363,0.94
1166_04_WRI-L,PAT_GRAZ_1166,GRAZPEDWRI-DX,train,1,D:\projects\MediMind\ai-prediction-service\artifacts\fracture_v2\experiment5_localization\dataset\images\train\1166_0445199101_04_WRI-L1_M009.png,D:\projects\MediMind\ai-prediction-service\artifacts\fracture_v2\experiment5_localization\dataset\images\train\1166_0445199259_04_WRI-L2_M009.png,"[0.4627325, 0.49236599999999997, 0.6754655, 0.589058]","[0.44137950000000004, 0.524855, 0.6568965, 0.589595]","[0.4666, 0.4925, 0.6791, 0.5903]","[0.4232, 0.5148, 0.6541, 0.5995]",0.6374,0.6092,"[0.42410000000000003, 0.47293999999999997, 0.7216, 0.6098600000000001]","[0.37702, 0.49786, 0.70028, 0.61644]",20pct_expanded_or_full_fallback,0.952,0.6977
1166_05_WRI-L,PAT_GRAZ_1166,GRAZPEDWRI-DX,train,1,D:\projects\MediMind\ai-prediction-service\artifacts\fracture_v2\experiment5_localization\dataset\images\train\1166_0445723743_05_WRI-L1_M009.png,D:\projects\MediMind\ai-prediction-service\artifacts\fracture_v2\experiment5_localization\dataset\images\train\1166_0445723975_05_WRI-L2_M009.png,"[0.49572649999999996, 0.55511, 0.6965815, 0.6503000000000001]","[0.411242, 0.486819, 0.587278, 0.551845]","[0.4865, 0.5565, 0.7029, 0.6563]","[0.4034, 0.4742, 0.5904, 0.5477]",0.7052,0.6685,"[0.44322, 0.53654, 0.74618, 0.67626]","[0.366, 0.4595, 0.6278, 0.5624]",20pct_expanded_or_full_fallback,0.8612,0.7404
1166_06_WRI-L,PAT_GRAZ_1166,GRAZPEDWRI-DX,train,1,D:\projects\MediMind\ai-prediction-service\artifacts\fracture_v2\experiment5_localization\dataset\images\train\1166_0446754406_06_WRI-L1_M009.png,D:\projects\MediMind\ai-prediction-service\artifacts\fracture_v2\experiment5_localization\dataset\images\train\1166_0446754613_06_WRI-L2_M009.png,"[0.477707, 0.47253999999999996, 0.808917, 0.599542]","[0.336658, 0.465802, 0.69576, 0.59316]","[0.4867, 0.4732, 0.8179, 0.585]","[0.35, 0.4746, 0.6936, 0.5795]",0.678,0.4789,"[0.42046000000000006, 0.45084, 0.8841399999999999, 0.6073599999999999]","[0.28128, 0.45362, 0.76232, 0.60048]",20pct_expanded_or_full_fallback,0.8364,0.7881
1167_03_WRI-R,PAT_GRAZ_1167,GRAZPEDWRI-DX,train,1,D:\projects\MediMind\ai-prediction-service\artifacts\fracture_v2\experiment5_localization\dataset\images\train\1167_0982896193_03_WRI-R1_F009.png,D:\projects\MediMind\ai-prediction-service\artifacts\fracture_v2\experiment5_localization\dataset\images\train\1167_0982896240_03_WRI-R2_F009.png,"[0.3192465, 0.28739050000000005, 0.4953875, 0.3495335]","[0.47474750000000004, 0.3354335, 0.6464645, 0.4078745]","[0.3052, 0.2821, 0.5084, 0.3469]","[0.4779, 0.3445, 0.6307, 0.4021]",0.8211,0.733,"[0.26456, 0.26914000000000005, 0.54904, 0.35985999999999996]","[0.44733999999999996, 0.33297999999999994, 0.6612600000000001, 0.41362000000000004]",20pct_expanded_or_full_fallback,0.769,0.7075
1167_04_WRI-R,PAT_GRAZ_1167,GRAZPEDWRI-DX,train,1,D:\projects\MediMind\ai-prediction-service\artifacts\fracture_v2\experiment5_localization\dataset\images\train\1167_0995069723_04_WRI-R1_F010.png,D:\projects\MediMind\ai-prediction-service\artifacts\fracture_v2\experiment5_localization\dataset\images\train\1167_0995069741_04_WRI-R2_F010.png,"[0.383764, 0.47814199999999996, 0.594096, 0.610656]","[0.3937495, 0.4618315, 0.5854165, 0.5801525]","[0.3767, 0.482, 0.5913, 0.6032]","[0.4014, 0.482, 0.5849, 0.5786]",0.6037,0.6836,"[0.33377999999999997, 0.45776, 0.63422, 0.62744]","[0.36469999999999997, 0.46268, 0.6215999999999999, 0.59792]",20pct_expanded_or_full_fallback,0.8756,0.7816
1168_01_WRI-R,PAT_GRAZ_1168,GRAZPEDWRI-DX,train,0,D:\projects\MediMind\ai-prediction-service\artifacts\fracture_v2\experiment5_localization\dataset\images\train\1168_0604861523_01_WRI-R1_M012.png,D:\projects\MediMind\ai-prediction-service\artifacts\fracture_v2\experiment5_localization\dataset\images\train\1168_0604861571_01_WRI-R2_M012.png,NONE,NONE,NONE,NONE,0.0,0.0,FULL_IMAGE,FULL_IMAGE,20pct_expanded_or_full_fallback,0.0,0.0
1168_02_WRI-R,PAT_GRAZ_1168,GRAZPEDWRI-DX,train,1,D:\projects\MediMind\ai-prediction-service\artifacts\fracture_v2\experiment5_localization\dataset\images\train\1168_0675549914_02_WRI-R1_M014.png,D:\projects\MediMind\ai-prediction-service\artifacts\fracture_v2\experiment5_localization\dataset\images\train\1168_0675549957_02_WRI-R2_M014.png,"[0.5464195000000001, 0.319774, 0.6763925, 0.377966]","[0.3250825, 0.3500585, 0.5561055, 0.38842950000000004]","[0.224, 0.3931, 0.4871, 0.4514]","[0.3165, 0.3375, 0.5842, 0.3975]",0.5804,0.8455,"[0.17138, 0.38144, 0.53972, 0.46306]","[0.26295999999999997, 0.3255, 0.6377400000000001, 0.40950000000000003]",20pct_expanded_or_full_fallback,0.6467,0.5519
1168_03_WRI-R,PAT_GRAZ_1168,GRAZPEDWRI-DX,train,1,D:\projects\MediMind\ai-prediction-service\artifacts\fracture_v2\experiment5_localization\dataset\images\train\1168_0675761875_03_WRI-R1_M014.png,D:\projects\MediMind\ai-prediction-service\artifacts\fracture_v2\experiment5_localization\dataset\images\train\1168_0675761950_03_WRI-R2_M014.png,"[0.630528, 0.5315529999999999, 0.7646219999999999, 0.651699]","[0.35601249999999995, 0.5557854999999999, 0.6202535, 0.6487605]","[0.2878, 0.6999, 0.5563, 0.8043]","[0.3628, 0.5537, 0.6278, 0.6573]",0.4774,0.519,"[0.2341, 0.67902, 0.61, 0.82518]","[0.3098, 0.53298, 0.6808000000000001, 0.67802]",20pct_expanded_or_full_fallback,0.742,0.8523
1168_04_WRI-R,PAT_GRAZ_1168,GRAZPEDWRI-DX,train,1,D:\projects\MediMind\ai-prediction-service\artifacts\fracture_v2\experiment5_localization\dataset\images\train\1168_0676449575_04_WRI-R1_M014.png,D:\projects\MediMind\ai-prediction-service\artifacts\fracture_v2\experiment5_localization\dataset\images\train\1168_0676449605_04_WRI-R2_M014.png,"[0.6254295, 0.334138, 0.7239405, 0.402576]","[0.4260355, 0.462662, 0.6730765000000001, 0.521104]","[0.6354, 0.3353, 0.7415, 0.4041]","[0.4237, 0.455, 0.6487, 0.526]",0.6095,0.6852,"[0.61418, 0.32154, 0.7627200000000001, 0.41786]","[0.37870000000000004, 0.4408, 0.6937000000000001, 0.5402]",20pct_expanded_or_full_fallback,0.7368,0.7479
1168_05_WRI-R,PAT_GRAZ_1168,GRAZPEDWRI-DX,train,1,D:\projects\MediMind\ai-prediction-service\artifacts\fracture_v2\experiment5_localization\dataset\images\train\1168_0676458946_05_WRI-R1_M014.png,D:\projects\MediMind\ai-prediction-service\artifacts\fracture_v2\experiment5_localization\dataset\images\train\1168_0676458998_05_WRI-R2_M014.png,"[0.6340625, 0.37831149999999997, 0.7399315, 0.4519865]","[0.355872, 0.54267, 0.6494660000000001, 0.595186]","[0.65, 0.3792, 0.7501, 0.453]","[0.3588, 0.5315, 0.6387, 0.6019]",0.601,0.5162,"[0.62998, 0.36444, 0.77012, 0.46776]","[0.30282, 0.51742, 0.6946800000000001, 0.61598]",20pct_expanded_or_full_fallback,0.7575,0.7197
1168_06_WRI-R,PAT_GRAZ_1168,GRAZPEDWRI-DX,train,1,D:\projects\MediMind\ai-prediction-service\artifacts\fracture_v2\experiment5_localization\dataset\images\train\1168_0677259161_06_WRI-R1_M014.png,D:\projects\MediMind\ai-prediction-service\artifacts\fracture_v2\experiment5_localization\dataset\images\train\1168_0677259221_06_WRI-R2_M014.png,"[0.30585149999999994, 0.6929825, 0.5611705, 0.7836255]","[0.3085105, 0.47397799999999995, 0.5709215, 0.5381039999999999]","[0.6478, 0.575, 0.7725, 0.6611]","[0.303, 0.4545, 0.5822, 0.5376]",0.5756,0.6293,"[0.6228600000000001, 0.5577799999999999, 0.7974399999999999, 0.67832]","[0.24716, 0.43788000000000005, 0.63804, 0.5542199999999999]",20pct_expanded_or_full_fallback,0.7434,0.7155
1170_01_WRI-R,PAT_GRAZ_1170,GRAZPEDWRI-DX,train,1,D:\projects\MediMind\ai-prediction-service\artifacts\fracture_v2\experiment5_localization\dataset\images\train\1170_0760201316_01_WRI-R1_F011.png,D:\projects\MediMind\ai-prediction-service\artifacts\fracture_v2\experiment5_localization\dataset\images\train\1170_0760201354_01_WRI-R2_F011.png,"[0.29613649999999997, 0.32964150000000003, 0.5447055, 0.4089505]","[0.30713650000000003, 0.3915915, 0.5525375, 0.4730305]","[0.6441, 0.3872, 0.7974, 0.4575]","[0.3051, 0.3775, 0.5579, 0.4723]",0.881,0.6481,"[0.61344, 0.37313999999999997, 0.82806, 0.47156000000000003]","[0.25454, 0.35854, 0.60846, 0.49126]",20pct_expanded_or_full_fallback,0.8182,0.8203
1172_01_WRI-L,PAT_GRAZ_1172,GRAZPEDWRI-DX,train,0,D:\projects\MediMind\ai-prediction-service\artifacts\fracture_v2\experiment5_localization\dataset\images\train\1172_0722021498_01_WRI-L1_F009.png,D:\projects\MediMind\ai-prediction-service\artifacts\fracture_v2\experiment5_localization\dataset\images\train\1172_0722021528_01_WRI-L2_F009.png,NONE,NONE,NONE,NONE,0.0,0.0,FULL_IMAGE,FULL_IMAGE,20pct_expanded_or_full_fallback,0.0,0.0
1173_01_WRI-R,PAT_GRAZ_1173,GRAZPEDWRI-DX,train,1,D:\projects\MediMind\ai-prediction-service\artifacts\fracture_v2\experiment5_localization\dataset\images\train\1173_0822043627_01_WRI-R1_F009.png,D:\projects\MediMind\ai-prediction-service\artifacts\fracture_v2\experiment5_localization\dataset\images\train\1173_0822043658_01_WRI-R2_F009.png,"[0.276408, 0.4753425, 0.507042, 0.5479455]","[0.349173, 0.46014999999999995, 0.595041, 0.58797]",NONE,"[0.3554, 0.472, 0.5885, 0.5559]",0.0,0.3753,FULL_IMAGE,"[0.30878, 0.45521999999999996, 0.63512, 0.57268]",20pct_expanded_or_full_fallback,0.0,0.6223
1175_01_WRI-L,PAT_GRAZ_1175,GRAZPEDWRI-DX,train,1,D:\projects\MediMind\ai-prediction-service\artifacts\fracture_v2\experiment5_localization\dataset\images\train\1175_0324575336_01_WRI-L1_M010.png,D:\projects\MediMind\ai-prediction-service\artifacts\fracture_v2\experiment5_localization\dataset\images\train\1175_0324575413_01_WRI-L2_M010.png,"[0.5542374999999999, 0.4916195, 0.7406785, 0.6108005]","[0.35053399999999996, 0.5100775000000001, 0.494662, 0.5759685]","[0.5521, 0.4881, 0.7416, 0.5694]","[0.3484, 0.5091, 0.5039, 0.572]",0.7019,0.5885,"[0.5142, 0.47184, 0.7795000000000001, 0.5856600000000001]","[0.31729999999999997, 0.49652, 0.535, 0.58458]",20pct_expanded_or_full_fallback,0.6271,0.8621
1175_04_WRI-L,PAT_GRAZ_1175,GRAZPEDWRI-DX,train,1,D:\projects\MediMind\ai-prediction-service\artifacts\fracture_v2\experiment5_localization\dataset\images\train\1175_0326303898_04_WRI-L1_M010.png,D:\projects\MediMind\ai-prediction-service\artifacts\fracture_v2\experiment5_localization\dataset\images\train\1175_0326303941_04_WRI-L2_M010.png,"[0.5046515, 0.43529450000000003, 0.7418605, 0.5464055]","[0.3524715, 0.429379, 0.4784685, 0.5131830000000001]","[0.5049, 0.4376, 0.7431, 0.5446]","[0.3554, 0.4317, 0.4894, 0.5091]",0.8027,0.6829,"[0.45726, 0.4162, 0.79074, 0.566]","[0.3286, 0.41622, 0.5162, 0.52458]",20pct_expanded_or_full_fallback,0.9572,0.8352
1175_05_WRI-L,PAT_GRAZ_1175,GRAZPEDWRI-DX,train,1,D:\projects\MediMind\ai-prediction-service\artifacts\fracture_v2\experiment5_localization\dataset\images\train\1175_0326307235_05_WRI-L1_M010.png,D:\projects\MediMind\ai-prediction-service\artifacts\fracture_v2\experiment5_localization\dataset\images\train\1175_0326307272_05_WRI-L2_M010.png,"[0.5380955000000001, 0.4099725, 0.7000005, 0.5096955000000001]","[0.439732, 0.4379725, 0.598214, 0.5318235]","[0.5395, 0.4148, 0.7021, 0.499]","[0.427, 0.4353, 0.6042, 0.5199]",0.8246,0.6094,"[0.50698, 0.39796, 0.7346199999999999, 0.51584]","[0.39156, 0.41838000000000003, 0.63964, 0.5368200000000001]",20pct_expanded_or_full_fallback,0.8279,0.7692
1178_01_WRI-L,PAT_GRAZ_1178,GRAZPEDWRI-DX,train,1,D:\projects\MediMind\ai-prediction-service\artifacts\fracture_v2\experiment5_localization\dataset\images\train\1178_0185771850_01_WRI-L1_M014.png,D:\projects\MediMind\ai-prediction-service\artifacts\fracture_v2\experiment5_localization\dataset\images\train\1178_0185771868_01_WRI-L2_M014.png,"[0.566158, 0.549459, 0.79771, 0.646059]","[0.3921285, 0.42803, 0.6647234999999999, 0.535606]","[0.5634, 0.5898, 0.7808, 0.6555]","[0.392, 0.4548, 0.6173, 0.5294]",0.5415,0.4973,"[0.51992, 0.57666, 0.82428, 0.66864]","[0.34694, 0.43988, 0.66236, 0.54432]",20pct_expanded_or_full_fallback,0.4914,0.5726
1179_01_WRI-R,PAT_GRAZ_1179,GRAZPEDWRI-DX,train,1,D:\projects\MediMind\ai-prediction-service\artifacts\fracture_v2\experiment5_localization\dataset\images\train\1179_0218716515_01_WRI-R1_F011.png,D:\projects\MediMind\ai-prediction-service\artifacts\fracture_v2\experiment5_localization\dataset\images\train\1179_0218716560_01_WRI-R2_F011.png,"[0.28120049999999996, 0.46868849999999995, 0.5339655, 0.5733855]","[0.379167, 0.47539149999999997, 0.6354169999999999, 0.5648765]","[0.2811, 0.4809, 0.5311, 0.5614]","[0.4603, 0.4927, 0.6251, 0.5532]",0.2542,0.5036,"[0.23110000000000003, 0.4648, 0.5811000000000001, 0.5775]","[0.42734, 0.4806, 0.65806, 0.5653]",20pct_expanded_or_full_fallback,0.7599,0.4348
1182_01_WRI-R,PAT_GRAZ_1182,GRAZPEDWRI-DX,train,1,D:\projects\MediMind\ai-prediction-service\artifacts\fracture_v2\experiment5_localization\dataset\images\train\1182_0413262128_01_WRI-R1_F010.png,D:\projects\MediMind\ai-prediction-service\artifacts\fracture_v2\experiment5_localization\dataset\images\train\1182_0413262164_01_WRI-R2_F010.png,"[0.35937450000000004, 0.5368425, 0.6210935, 0.6070175000000001]","[0.48615949999999997, 0.599765, 0.6643605, 0.681925]","[0.3532, 0.5241, 0.6245, 0.6089]","[0.4909, 0.6031, 0.6589, 0.6771]",0.7651,0.6804,"[0.29894, 0.50714, 0.67876, 0.62586]","[0.4573, 0.5882999999999999, 0.6925, 0.6919000000000001]",20pct_expanded_or_full_fallback,0.7983,0.8491
1183_01_WRI-R,PAT_GRAZ_1183,GRAZPEDWRI-DX,train,1,D:\projects\MediMind\ai-prediction-service\artifacts\fracture_v2\experiment5_localization\dataset\images\train\1183_0249590213_01_WRI-R1_M017.png,D:\projects\MediMind\ai-prediction-service\artifacts\fracture_v2\experiment5_localization\dataset\images\train\1183_0249590242_01_WRI-R2_M017.png,"[0.7403314999999999, 0.352564, 0.8162985, 0.43269199999999997]","[0.474609, 0.6230074999999999, 0.716797, 0.9954445000000001]","[0.7279, 0.3539, 0.8206, 0.4333]",NONE,0.3396,0.0,"[0.70936, 0.33802, 0.83914, 0.44918]",FULL_IMAGE,20pct_expanded_or_full_fallback,0.8022,0.0
1184_01_WRI-L,PAT_GRAZ_1184,GRAZPEDWRI-DX,train,1,D:\projects\MediMind\ai-prediction-service\artifacts\fracture_v2\experiment5_localization\dataset\images\train\1184_0879027595_01_WRI-L1_M009.png,D:\projects\MediMind\ai-prediction-service\artifacts\fracture_v2\experiment5_localization\dataset\images\train\1184_0879027659_01_WRI-L2_M009.png,"[0.48894650000000006, 0.5239809999999999, 0.6983095, 0.631895]","[0.42857100000000004, 0.441861, 0.642857, 0.535853]","[0.4856, 0.5358, 0.6942, 0.6309]","[0.4169, 0.4089, 0.6682, 0.5309]",0.4922,0.458,"[0.44387999999999994, 0.51678, 0.73592, 0.64992]","[0.36663999999999997, 0.38449999999999995, 0.71846, 0.5553]",20pct_expanded_or_full_fallback,0.852,0.6015
1184_02_WRI-L,PAT_GRAZ_1184,GRAZPEDWRI-DX,train,1,D:\projects\MediMind\ai-prediction-service\artifacts\fracture_v2\experiment5_localization\dataset\images\train\1184_0879357504_02_WRI-L1_M009.png,D:\projects\MediMind\ai-prediction-service\artifacts\fracture_v2\experiment5_localization\dataset\images\train\1184_0879357480_02_WRI-L2_M009.png,"[0.447029, 0.460722, 0.661499, 0.555202]","[0.29462750000000004, 0.3725485, 0.5164645, 0.4522055]","[0.4471, 0.4606, 0.6704, 0.5579]","[0.2797, 0.3421, 0.5506, 0.464]",0.5042,0.4125,"[0.40244, 0.44114000000000003, 0.71506, 0.57736]","[0.22552, 0.31772, 0.60478, 0.48838000000000004]",20pct_expanded_or_full_fallback,0.932,0.5351
1185_01_WRI-L,PAT_GRAZ_1185,GRAZPEDWRI-DX,train,1,D:\projects\MediMind\ai-prediction-service\artifacts\fracture_v2\experiment5_localization\dataset\images\train\1185_0826526582_01_WRI-L1_F010.png,D:\projects\MediMind\ai-prediction-service\artifacts\fracture_v2\experiment5_localization\dataset\images\train\1185_0826526602_01_WRI-L2_F010.png,"[0.3500735, 0.5994315, 0.5790244999999999, 0.6761365]","[0.26984149999999996, 0.5060975000000001, 0.5297625, 0.6128045]","[0.3468, 0.594, 0.5758, 0.7]","[0.2704, 0.5005, 0.5305, 0.6171]",0.3008,0.3647,"[0.301, 0.5728, 0.6215999999999999, 0.7212]","[0.21837999999999996, 0.47717999999999994, 0.5825199999999999, 0.64042]",20pct_expanded_or_full_fallback,0.7061,0.9108
1186_01_WRI-L,PAT_GRAZ_1186,GRAZPEDWRI-DX,train,0,D:\projects\MediMind\ai-prediction-service\artifacts\fracture_v2\experiment5_localization\dataset\images\train\1186_0602497937_01_WRI-L1_M011.png,D:\projects\MediMind\ai-prediction-service\artifacts\fracture_v2\experiment5_localization\dataset\images\train\1186_0602497964_01_WRI-L2_M011.png,NONE,NONE,NONE,NONE,0.0,0.0,FULL_IMAGE,FULL_IMAGE,20pct_expanded_or_full_fallback,0.0,0.0
1187_01_WRI-L,PAT_GRAZ_1187,GRAZPEDWRI-DX,train,1,D:\projects\MediMind\ai-prediction-service\artifacts\fracture_v2\experiment5_localization\dataset\images\train\1187_0643443209_01_WRI-L1_F016.png,D:\projects\MediMind\ai-prediction-service\artifacts\fracture_v2\experiment5_localization\dataset\images\train\1187_0643443242_01_WRI-L2_F016.png,"[0.4720145, 0.4679015, 0.7611935000000001, 0.5604945]","[0.30425050000000003, 0.5183825, 0.5391495000000001, 0.6899515]",NONE,NONE,0.0,0.0,FULL_IMAGE,FULL_IMAGE,20pct_expanded_or_full_fallback,0.0,0.0
1188_01_WRI-R,PAT_GRAZ_1188,GRAZPEDWRI-DX,train,0,D:\projects\MediMind\ai-prediction-service\artifacts\fracture_v2\experiment5_localization\dataset\images\train\1188_0488135494_01_WRI-R1_M009.png,D:\projects\MediMind\ai-prediction-service\artifacts\fracture_v2\experiment5_localization\dataset\images\train\1188_0488135528_01_WRI-R2_M009.png,NONE,NONE,NONE,NONE,0.0,0.0,FULL_IMAGE,FULL_IMAGE,20pct_expanded_or_full_fallback,0.0,0.0
1188_02_WRI-L,PAT_GRAZ_1188,GRAZPEDWRI-DX,train,0,D:\projects\MediMind\ai-prediction-service\artifacts\fracture_v2\experiment5_localization\dataset\images\train\1188_0559296573_02_WRI-L1_M011.png,D:\projects\MediMind\ai-prediction-service\artifacts\fracture_v2\experiment5_localization\dataset\images\train\1188_0559296639_02_WRI-L2_M011.png,NONE,NONE,NONE,NONE,0.0,0.0,FULL_IMAGE,FULL_IMAGE,20pct_expanded_or_full_fallback,0.0,0.0
1189_01_WRI-L,PAT_GRAZ_1189,GRAZPEDWRI-DX,train,1,D:\projects\MediMind\ai-prediction-service\artifacts\fracture_v2\experiment5_localization\dataset\images\train\1189_0948646683_01_WRI-L1_F007.png,D:\projects\MediMind\ai-prediction-service\artifacts\fracture_v2\experiment5_localization\dataset\images\train\1189_0948646718_01_WRI-L2_F007.png,"[0.4844355, 0.6225025, 0.7256805, 0.6919035]","[0.2978265, 0.591878, 0.5239135, 0.6527919999999999]","[0.4837, 0.628, 0.719, 0.6918]","[0.2947, 0.5913, 0.5232, 0.6567]",0.8563,0.7108,"[0.43664000000000003, 0.61524, 0.76606, 0.70456]","[0.24900000000000003, 0.5782200000000001, 0.5689, 0.6697799999999999]",20pct_expanded_or_full_fallback,0.8913,0.916
1192_01_WRI-R,PAT_GRAZ_1192,GRAZPEDWRI-DX,train,0,D:\projects\MediMind\ai-prediction-service\artifacts\fracture_v2\experiment5_localization\dataset\images\train\1192_0390246914_01_WRI-R1_F001.png,D:\projects\MediMind\ai-prediction-service\artifacts\fracture_v2\experiment5_localization\dataset\images\train\1192_0390246982_01_WRI-R2_F001.png,NONE,NONE,NONE,NONE,0.0,0.0,FULL_IMAGE,FULL_IMAGE,20pct_expanded_or_full_fallback,0.0,0.0
1193_01_WRI-R,PAT_GRAZ_1193,GRAZPEDWRI-DX,train,0,D:\projects\MediMind\ai-prediction-service\artifacts\fracture_v2\experiment5_localization\dataset\images\train\1193_0325360591_01_WRI-R1_F015.png,D:\projects\MediMind\ai-prediction-service\artifacts\fracture_v2\experiment5_localization\dataset\images\train\1193_0325360784_01_WRI-R2_F015.png,NONE,NONE,NONE,NONE,0.0,0.0,FULL_IMAGE,FULL_IMAGE,20pct_expanded_or_full_fallback,0.0,0.0
1194_01_WRI-L,PAT_GRAZ_1194,GRAZPEDWRI-DX,train,0,D:\projects\MediMind\ai-prediction-service\artifacts\fracture_v2\experiment5_localization\dataset\images\train\1194_0483124757_01_WRI-L1_M015.png,D:\projects\MediMind\ai-prediction-service\artifacts\fracture_v2\experiment5_localization\dataset\images\train\1194_0483124805_01_WRI-L2_M015.png,NONE,NONE,NONE,NONE,0.0,0.0,FULL_IMAGE,FULL_IMAGE,20pct_expanded_or_full_fallback,0.0,0.0
1196_01_WRI-L,PAT_GRAZ_1196,GRAZPEDWRI-DX,train,0,D:\projects\MediMind\ai-prediction-service\artifacts\fracture_v2\experiment5_localization\dataset\images\train\1196_0810111872_01_WRI-L1_F014.png,D:\projects\MediMind\ai-prediction-service\artifacts\fracture_v2\experiment5_localization\dataset\images\train\1196_0810111952_01_WRI-L2_F014.png,NONE,NONE,NONE,NONE,0.0,0.0,FULL_IMAGE,FULL_IMAGE,20pct_expanded_or_full_fallback,0.0,0.0
1196_02_WRI-R,PAT_GRAZ_1196,GRAZPEDWRI-DX,train,0,D:\projects\MediMind\ai-prediction-service\artifacts\fracture_v2\experiment5_localization\dataset\images\train\1196_0868703897_02_WRI-R1_F016.png,D:\projects\MediMind\ai-prediction-service\artifacts\fracture_v2\experiment5_localization\dataset\images\train\1196_0868703939_02_WRI-R2_F016.png,NONE,NONE,NONE,NONE,0.0,0.0,FULL_IMAGE,FULL_IMAGE,20pct_expanded_or_full_fallback,0.0,0.0
1198_01_WRI-R,PAT_GRAZ_1198,GRAZPEDWRI-DX,train,0,D:\projects\MediMind\ai-prediction-service\artifacts\fracture_v2\experiment5_localization\dataset\images\train\1198_1024038088_01_WRI-R1_M009.png,D:\projects\MediMind\ai-prediction-service\artifacts\fracture_v2\experiment5_localization\dataset\images\train\1198_1024038139_01_WRI-R2_M009.png,NONE,NONE,NONE,NONE,0.0,0.0,FULL_IMAGE,FULL_IMAGE,20pct_expanded_or_full_fallback,0.0,0.0
1199_01_WRI-L,PAT_GRAZ_1199,GRAZPEDWRI-DX,train,1,D:\projects\MediMind\ai-prediction-service\artifacts\fracture_v2\experiment5_localization\dataset\images\train\1199_0559504148_01_WRI-L1_M014.png,D:\projects\MediMind\ai-prediction-service\artifacts\fracture_v2\experiment5_localization\dataset\images\train\1199_0559504181_01_WRI-L2_M014.png,"[0.49198, 0.42953, 0.723764, 0.520148]","[0.3777425, 0.5041760000000001, 0.6159875, 0.588458]","[0.4876, 0.4366, 0.726, 0.5267]","[0.381, 0.501, 0.62, 0.5728]",0.619,0.6696,"[0.43992, 0.41858, 0.7736799999999999, 0.54472]","[0.3332, 0.48664, 0.6678, 0.58716]",20pct_expanded_or_full_fallback,0.8376,0.7637
1199_02_WRI-L,PAT_GRAZ_1199,GRAZPEDWRI-DX,train,1,D:\projects\MediMind\ai-prediction-service\artifacts\fracture_v2\experiment5_localization\dataset\images\train\1199_0560098692_02_WRI-L1_M014.png,D:\projects\MediMind\ai-prediction-service\artifacts\fracture_v2\experiment5_localization\dataset\images\train\1199_0560098739_02_WRI-L2_M014.png,"[0.5216815, 0.42671400000000004, 0.7135345000000001, 0.553192]","[0.469649, 0.41782349999999996, 0.7156549999999999, 0.5416664999999999]","[0.5179, 0.4306, 0.7192, 0.5593]","[0.4625, 0.4136, 0.7101, 0.5312]",0.72,0.5865,"[0.47764000000000006, 0.40486, 0.7594599999999999, 0.58504]","[0.41298, 0.39008000000000004, 0.75962, 0.55472]",20pct_expanded_or_full_fallback,0.8824,0.8434
1199_03_WRI-L,PAT_GRAZ_1199,GRAZPEDWRI-DX,train,1,D:\projects\MediMind\ai-prediction-service\artifacts\fracture_v2\experiment5_localization\dataset\images\train\1199_0560962002_03_WRI-L1_M014.png,D:\projects\MediMind\ai-prediction-service\artifacts\fracture_v2\experiment5_localization\dataset\images\train\1199_0560962043_03_WRI-L2_M014.png,"[0.42570699999999995, 0.47400349999999997, 0.651577, 0.5642404999999999]","[0.39625599999999994, 0.46465500000000004, 0.634946, 0.568103]","[0.4121, 0.4692, 0.6595, 0.5616]","[0.3986, 0.4662, 0.634, 0.5624]",0.7777,0.6686,"[0.36262000000000005, 0.45072, 0.7089799999999999, 0.5800799999999999]","[0.35152, 0.44696, 0.68108, 0.58164]",20pct_expanded_or_full_fallback,0.8435,0.9171
1200_01_WRI-L,PAT_GRAZ_1200,GRAZPEDWRI-DX,train,1,D:\projects\MediMind\ai-prediction-service\artifacts\fracture_v2\experiment5_localization\dataset\images\train\1200_0369580216_01_WRI-L1_M013.png,D:\projects\MediMind\ai-prediction-service\artifacts\fracture_v2\experiment5_localization\dataset\images\train\1200_0369580252_01_WRI-L2_M013.png,"[0.1688125, 0.482082, 0.3161655, 0.53157]","[0.4655415, 0.5858585, 0.6315045, 0.6296295]","[0.3894, 0.4924, 0.5947, 0.5672]","[0.4584, 0.5705, 0.6361, 0.6394]",0.8351,0.8155,"[0.34834000000000004, 0.47744, 0.63576, 0.58216]","[0.42285999999999996, 0.55672, 0.67164, 0.65318]",20pct_expanded_or_full_fallback,0.8928,0.5933
1200_02_WRI-L,PAT_GRAZ_1200,GRAZPEDWRI-DX,train,1,D:\projects\MediMind\ai-prediction-service\artifacts\fracture_v2\experiment5_localization\dataset\images\train\1200_0370179692_02_WRI-L1_M013.png,D:\projects\MediMind\ai-prediction-service\artifacts\fracture_v2\experiment5_localization\dataset\images\train\1200_0370179732_02_WRI-L2_M013.png,"[0.4667515, 0.6264095, 0.6432225, 0.6859905000000001]","[0.4182095, 0.494108, 0.6080245000000001, 0.5555559999999999]","[0.4622, 0.6208, 0.6467, 0.6951]","[0.4193, 0.4922, 0.6147, 0.5644]",0.8393,0.7886,"[0.4253, 0.60594, 0.6836000000000001, 0.70996]","[0.38022, 0.47776, 0.65378, 0.57884]",20pct_expanded_or_full_fallback,0.767,0.8181
1200_03_WRI-L,PAT_GRAZ_1200,GRAZPEDWRI-DX,train,1,D:\projects\MediMind\ai-prediction-service\artifacts\fracture_v2\experiment5_localization\dataset\images\train\1200_0370776806_03_WRI-L1_M013.png,D:\projects\MediMind\ai-prediction-service\artifacts\fracture_v2\experiment5_localization\dataset\images\train\1200_0370776883_03_WRI-L2_M013.png,"[0.288021, 0.5746385, 0.422611, 0.6211875]","[0.41109, 0.5432629999999999, 0.648184, 0.615603]","[0.5022, 0.5653, 0.7012, 0.6496]","[0.3923, 0.5515, 0.6579, 0.6157]",0.8067,0.7524,"[0.4624, 0.54844, 0.7410000000000001, 0.6664599999999999]","[0.33918, 0.53866, 0.7110200000000001, 0.62854]",20pct_expanded_or_full_fallback,0.8362,0.7997
1201_01_WRI-R,PAT_GRAZ_1201,GRAZPEDWRI-DX,train,0,D:\projects\MediMind\ai-prediction-service\artifacts\fracture_v2\experiment5_localization\dataset\images\train\1201_0699329836_01_WRI-R1_F011.png,D:\projects\MediMind\ai-prediction-service\artifacts\fracture_v2\experiment5_localization\dataset\images\train\1201_0699329902_01_WRI-R2_F011.png,NONE,NONE,NONE,NONE,0.0,0.0,FULL_IMAGE,FULL_IMAGE,20pct_expanded_or_full_fallback,0.0,0.0
1203_01_WRI-R,PAT_GRAZ_1203,GRAZPEDWRI-DX,train,0,D:\projects\MediMind\ai-prediction-service\artifacts\fracture_v2\experiment5_localization\dataset\images\train\1203_0695364162_01_WRI-R1_F013.png,D:\projects\MediMind\ai-prediction-service\artifacts\fracture_v2\experiment5_localization\dataset\images\train\1203_0695364194_01_WRI-R2_F013.png,NONE,NONE,NONE,NONE,0.0,0.0,FULL_IMAGE,FULL_IMAGE,20pct_expanded_or_full_fallback,0.0,0.0
1207_01_WRI-R,PAT_GRAZ_1207,GRAZPEDWRI-DX,train,1,D:\projects\MediMind\ai-prediction-service\artifacts\fracture_v2\experiment5_localization\dataset\images\train\1207_0833816224_01_WRI-R1_M001.png,D:\projects\MediMind\ai-prediction-service\artifacts\fracture_v2\experiment5_localization\dataset\images\train\1207_0833816281_01_WRI-R2_M001.png,"[0.3712875, 0.8472225, 0.5247525, 0.9421295000000001]","[0.3790615, 0.89819, 0.5342965, 0.968326]",NONE,"[0.5602, 0.7592, 0.7173, 0.8472]",0.0,0.1992,FULL_IMAGE,"[0.52878, 0.7416, 0.74872, 0.8647999999999999]",20pct_expanded_or_full_fallback,0.0,0.0
1208_01_WRI-R,PAT_GRAZ_1208,GRAZPEDWRI-DX,train,0,D:\projects\MediMind\ai-prediction-service\artifacts\fracture_v2\experiment5_localization\dataset\images\train\1208_0636553402_01_WRI-R1_F010.png,D:\projects\MediMind\ai-prediction-service\artifacts\fracture_v2\experiment5_localization\dataset\images\train\1208_0636553444_01_WRI-R2_F010.png,NONE,NONE,NONE,NONE,0.0,0.0,FULL_IMAGE,FULL_IMAGE,20pct_expanded_or_full_fallback,0.0,0.0
1209_01_WRI-R,PAT_GRAZ_1209,GRAZPEDWRI-DX,train,1,D:\projects\MediMind\ai-prediction-service\artifacts\fracture_v2\experiment5_localization\dataset\images\train\1209_1038116437_01_WRI-R1_M013.png,D:\projects\MediMind\ai-prediction-service\artifacts\fracture_v2\experiment5_localization\dataset\images\train\1209_1038116468_01_WRI-R2_M013.png,"[0.29609949999999996, 0.5449735, 0.6382985, 0.6137565]","[0.47165999999999997, 0.5991865000000001, 0.791498, 0.6756095]","[0.2934, 0.5451, 0.6375, 0.6219]","[0.4819, 0.6048, 0.7755, 0.6687]",0.5574,0.7216,"[0.22458, 0.52974, 0.70632, 0.63726]","[0.42318, 0.59202, 0.83422, 0.68148]",20pct_expanded_or_full_fallback,0.8837,0.7675
1210_01_WRI-R,PAT_GRAZ_1210,GRAZPEDWRI-DX,train,1,D:\projects\MediMind\ai-prediction-service\artifacts\fracture_v2\experiment5_localization\dataset\images\train\1210_1325712649_01_WRI-R1_F010.png,D:\projects\MediMind\ai-prediction-service\artifacts\fracture_v2\experiment5_localization\dataset\images\train\1210_1325712690_01_WRI-R2_F010.png,"[0.2822725, 0.56, 0.5283995, 0.6487499999999999]","[0.43400000000000005, 0.6727495, 0.68, 0.7688564999999999]","[0.2826, 0.5584, 0.5245, 0.6378]","[0.4445, 0.6954, 0.6594, 0.7678]",0.5608,0.5169,"[0.23422000000000004, 0.54252, 0.57288, 0.65368]","[0.40152, 0.68092, 0.70238, 0.7822800000000001]",20pct_expanded_or_full_fallback,0.8466,0.6581
1212_01_WRI-R,PAT_GRAZ_1212,GRAZPEDWRI-DX,train,1,D:\projects\MediMind\ai-prediction-service\artifacts\fracture_v2\experiment5_localization\dataset\images\train\1212_0192555283_01_WRI-R1_F010.png,D:\projects\MediMind\ai-prediction-service\artifacts\fracture_v2\experiment5_localization\dataset\images\train\1212_0192555343_01_WRI-R2_F010.png,NONE,"[0.27205900000000005, 0.48738400000000004, 0.561275, 0.583002]","[0.5872, 0.6481, 0.7403, 0.7353]","[0.2891, 0.4969, 0.5513, 0.5698]",0.2468,0.4842,"[0.5565800000000001, 0.63066, 0.7709199999999999, 0.75274]","[0.23666000000000004, 0.48232, 0.60374, 0.58438]",20pct_expanded_or_full_fallback,0.0,0.6912
1215_01_WRI-L,PAT_GRAZ_1215,GRAZPEDWRI-DX,train,1,D:\projects\MediMind\ai-prediction-service\artifacts\fracture_v2\experiment5_localization\dataset\images\train\1215_1223424014_01_WRI-L1_F004.png,D:\projects\MediMind\ai-prediction-service\artifacts\fracture_v2\experiment5_localization\dataset\images\train\1215_1223424080_01_WRI-L2_F004.png,"[0.442222, 0.3943895, 0.68, 0.5049505]","[0.3614455, 0.446198, 0.5281125, 0.560976]","[0.2047, 0.5627, 0.3573, 0.6666]","[0.3649, 0.4596, 0.5217, 0.5432]",0.519,0.5832,"[0.17418, 0.54192, 0.38782, 0.68738]","[0.33354, 0.44288, 0.5530600000000001, 0.55992]",20pct_expanded_or_full_fallback,0.0,0.6852
1215_02_WRI-L,PAT_GRAZ_1215,GRAZPEDWRI-DX,train,1,D:\projects\MediMind\ai-prediction-service\artifacts\fracture_v2\experiment5_localization\dataset\images\train\1215_1224029170_02_WRI-L1_F005.png,D:\projects\MediMind\ai-prediction-service\artifacts\fracture_v2\experiment5_localization\dataset\images\train\1215_1224029244_02_WRI-L2_F005.png,"[0.44166649999999996, 0.5075189999999999, 0.6749995, 0.596491]","[0.310679, 0.46210300000000004, 0.490291, 0.526895]","[0.4431, 0.5064, 0.6758, 0.6062]","[0.3124, 0.4419, 0.5281, 0.5284]",0.7591,0.7014,"[0.39656, 0.48644, 0.72234, 0.6261599999999999]","[0.26926, 0.42460000000000003, 0.57124, 0.5457]",20pct_expanded_or_full_fallback,0.8836,0.6141
1215_03_WRI-L,PAT_GRAZ_1215,GRAZPEDWRI-DX,train,1,D:\projects\MediMind\ai-prediction-service\artifacts\fracture_v2\experiment5_localization\dataset\images\train\1215_1225314630_03_WRI-L1_F005.png,D:\projects\MediMind\ai-prediction-service\artifacts\fracture_v2\experiment5_localization\dataset\images\train\1215_1225314705_03_WRI-L2_F005.png,"[0.480392, 0.5471699999999999, 0.745098, 0.715266]","[0.3274335, 0.5452830000000001, 0.5811204999999999, 0.707547]","[0.4771, 0.5597, 0.7425, 0.6731]","[0.3257, 0.5214, 0.5841, 0.6725]",0.6815,0.4621,"[0.42402, 0.5370199999999999, 0.7955800000000001, 0.6957800000000001]","[0.27402, 0.49117999999999995, 0.6357799999999999, 0.70272]",20pct_expanded_or_full_fallback,0.6624,0.6733
1216_01_WRI-R,PAT_GRAZ_1216,GRAZPEDWRI-DX,train,0,D:\projects\MediMind\ai-prediction-service\artifacts\fracture_v2\experiment5_localization\dataset\images\train\1216_0656675180_01_WRI-R1_F012.png,D:\projects\MediMind\ai-prediction-service\artifacts\fracture_v2\experiment5_localization\dataset\images\train\1216_0656675267_01_WRI-R2_F012.png,NONE,NONE,NONE,NONE,0.0,0.0,FULL_IMAGE,FULL_IMAGE,20pct_expanded_or_full_fallback,0.0,0.0
1216_02_WRI-L,PAT_GRAZ_1216,GRAZPEDWRI-DX,train,0,D:\projects\MediMind\ai-prediction-service\artifacts\fracture_v2\experiment5_localization\dataset\images\train\1216_0656678003_02_WRI-L1_F012.png,D:\projects\MediMind\ai-prediction-service\artifacts\fracture_v2\experiment5_localization\dataset\images\train\1216_0656678036_02_WRI-L2_F012.png,NONE,NONE,NONE,NONE,0.0,0.0,FULL_IMAGE,FULL_IMAGE,20pct_expanded_or_full_fallback,0.0,0.0
1221_01_WRI-L,PAT_GRAZ_1221,GRAZPEDWRI-DX,train,0,D:\projects\MediMind\ai-prediction-service\artifacts\fracture_v2\experiment5_localization\dataset\images\train\1221_0320157028_01_WRI-L1_F012.png,D:\projects\MediMind\ai-prediction-service\artifacts\fracture_v2\experiment5_localization\dataset\images\train\1221_0320157071_01_WRI-L2_F012.png,NONE,NONE,NONE,NONE,0.0,0.0,FULL_IMAGE,FULL_IMAGE,20pct_expanded_or_full_fallback,0.0,0.0
1222_01_WRI-R,PAT_GRAZ_1222,GRAZPEDWRI-DX,train,0,D:\projects\MediMind\ai-prediction-service\artifacts\fracture_v2\experiment5_localization\dataset\images\train\1222_0940008267_01_WRI-R1_F007.png,D:\projects\MediMind\ai-prediction-service\artifacts\fracture_v2\experiment5_localization\dataset\images\train\1222_0940008315_01_WRI-R2_F007.png,NONE,NONE,NONE,NONE,0.0,0.0,FULL_IMAGE,FULL_IMAGE,20pct_expanded_or_full_fallback,0.0,0.0
1223_01_WRI-L,PAT_GRAZ_1223,GRAZPEDWRI-DX,train,0,D:\projects\MediMind\ai-prediction-service\artifacts\fracture_v2\experiment5_localization\dataset\images\train\1223_1137875026_01_WRI-L1_F011.png,D:\projects\MediMind\ai-prediction-service\artifacts\fracture_v2\experiment5_localization\dataset\images\train\1223_1137875094_01_WRI-L2_F011.png,NONE,NONE,"[0.4177, 0.4737, 0.6167, 0.5327]",NONE,0.2379,0.0,"[0.3779, 0.46190000000000003, 0.6565000000000001, 0.5445]",FULL_IMAGE,20pct_expanded_or_full_fallback,0.0,0.0
1224_01_WRI-R,PAT_GRAZ_1224,GRAZPEDWRI-DX,train,0,D:\projects\MediMind\ai-prediction-service\artifacts\fracture_v2\experiment5_localization\dataset\images\train\1224_1121568317_01_WRI-R1_F016.png,D:\projects\MediMind\ai-prediction-service\artifacts\fracture_v2\experiment5_localization\dataset\images\train\1224_1121568350_01_WRI-R2_F016.png,NONE,NONE,NONE,NONE,0.0,0.0,FULL_IMAGE,FULL_IMAGE,20pct_expanded_or_full_fallback,0.0,0.0
1225_01_WRI-L,PAT_GRAZ_1225,GRAZPEDWRI-DX,train,0,D:\projects\MediMind\ai-prediction-service\artifacts\fracture_v2\experiment5_localization\dataset\images\train\1225_0733873522_01_WRI-L1_F012.png,D:\projects\MediMind\ai-prediction-service\artifacts\fracture_v2\experiment5_localization\dataset\images\train\1225_0733873551_01_WRI-L2_F012.png,NONE,NONE,NONE,NONE,0.0,0.0,FULL_IMAGE,FULL_IMAGE,20pct_expanded_or_full_fallback,0.0,0.0
1226_01_WRI-L,PAT_GRAZ_1226,GRAZPEDWRI-DX,train,1,D:\projects\MediMind\ai-prediction-service\artifacts\fracture_v2\experiment5_localization\dataset\images\train\1226_0715562056_01_WRI-L1_F011.png,D:\projects\MediMind\ai-prediction-service\artifacts\fracture_v2\experiment5_localization\dataset\images\train\1226_0715562150_01_WRI-L2_F011.png,"[0.5917725, 0.4161185, 0.7816455, 0.4621715]","[0.36468599999999995, 0.5162675, 0.541254, 0.5744865]","[0.5933, 0.4105, 0.7838, 0.4687]","[0.3692, 0.5023, 0.542, 0.5639]",0.7371,0.7633,"[0.5552, 0.39886, 0.8219000000000001, 0.48034]","[0.33463999999999994, 0.48997999999999997, 0.5765600000000001, 0.57622]",20pct_expanded_or_full_fallback,0.7774,0.6438
1226_02_WRI-L,PAT_GRAZ_1226,GRAZPEDWRI-DX,train,1,D:\projects\MediMind\ai-prediction-service\artifacts\fracture_v2\experiment5_localization\dataset\images\train\1226_0715564587_02_WRI-L1_F011.png,D:\projects\MediMind\ai-prediction-service\artifacts\fracture_v2\experiment5_localization\dataset\images\train\1226_0715564634_02_WRI-L2_F011.png,"[0.5476194999999999, 0.43014, 0.7000005, 0.497006]","[0.445559, 0.45454500000000003, 0.591691, 0.507905]","[0.5479, 0.4195, 0.6982, 0.4956]","[0.4475, 0.4402, 0.5887, 0.508]",0.5986,0.7315,"[0.5178400000000001, 0.40428, 0.72826, 0.5108199999999999]","[0.41926, 0.42663999999999996, 0.61694, 0.52156]",20pct_expanded_or_full_fallback,0.8346,0.766
1226_03_WRI-L,PAT_GRAZ_1226,GRAZPEDWRI-DX,train,1,D:\projects\MediMind\ai-prediction-service\artifacts\fracture_v2\experiment5_localization\dataset\images\train\1226_0717020921_03_WRI-L1_F011.png,D:\projects\MediMind\ai-prediction-service\artifacts\fracture_v2\experiment5_localization\dataset\images\train\1226_0717020980_03_WRI-L2_F011.png,"[0.5254829999999999, 0.5316329999999999, 0.738137, 0.617347]","[0.32543150000000004, 0.49329950000000006, 0.5625005000000001, 0.5510885000000001]","[0.5263, 0.529, 0.7385, 0.6133]","[0.3215, 0.486, 0.5622, 0.5488]",0.766,0.8113,"[0.48385999999999996, 0.51214, 0.7809400000000001, 0.6301599999999999]","[0.27336, 0.47343999999999997, 0.61034, 0.56136]",20pct_expanded_or_full_fallback,0.9194,0.8383
1229_01_WRI-R,PAT_GRAZ_1229,GRAZPEDWRI-DX,train,0,D:\projects\MediMind\ai-prediction-service\artifacts\fracture_v2\experiment5_localization\dataset\images\train\1229_1267065369_01_WRI-R1_F015.png,D:\projects\MediMind\ai-prediction-service\artifacts\fracture_v2\experiment5_localization\dataset\images\train\1229_1267065410_01_WRI-R2_F015.png,NONE,NONE,NONE,"[0.469, 0.6272, 0.7628, 0.7157]",0.0,0.2496,FULL_IMAGE,"[0.41023999999999994, 0.6094999999999999, 0.8215600000000001, 0.7334]",20pct_expanded_or_full_fallback,0.0,0.0
1232_01_WRI-L,PAT_GRAZ_1232,GRAZPEDWRI-DX,train,1,D:\projects\MediMind\ai-prediction-service\artifacts\fracture_v2\experiment5_localization\dataset\images\train\1232_0703550642_01_WRI-L1_M005.png,D:\projects\MediMind\ai-prediction-service\artifacts\fracture_v2\experiment5_localization\dataset\images\train\1232_0703550684_01_WRI-L2_M005.png,"[0.43689349999999993, 0.45670450000000007, 0.7203885, 0.5502795]","[0.40048000000000006, 0.5632905, 0.702638, 0.6594935000000001]","[0.4366, 0.4541, 0.7243, 0.5567]","[0.4006, 0.5557, 0.6972, 0.6487]",0.5229,0.4205,"[0.37905999999999995, 0.43358, 0.7818400000000001, 0.57722]","[0.34128000000000003, 0.5370999999999999, 0.7565200000000001, 0.6673000000000001]",20pct_expanded_or_full_fallback,0.8987,0.8088
1232_02_WRI-L,PAT_GRAZ_1232,GRAZPEDWRI-DX,train,1,D:\projects\MediMind\ai-prediction-service\artifacts\fracture_v2\experiment5_localization\dataset\images\train\1232_0705405867_02_WRI-L1_M005.png,D:\projects\MediMind\ai-prediction-service\artifacts\fracture_v2\experiment5_localization\dataset\images\train\1232_0705405896_02_WRI-L2_M005.png,"[0.365854, 0.3837215, 0.623694, 0.4490165]","[0.35119049999999996, 0.301136, 0.5912695, 0.376894]","[0.3603, 0.3801, 0.614, 0.4484]","[0.3423, 0.3021, 0.589, 0.3726]",0.6975,0.5253,"[0.30956, 0.36644, 0.66474, 0.46206]","[0.29296, 0.288, 0.6383399999999999, 0.3867]",20pct_expanded_or_full_fallback,0.8861,0.8911
1234_01_WRI-L,PAT_GRAZ_1234,GRAZPEDWRI-DX,train,1,D:\projects\MediMind\ai-prediction-service\artifacts\fracture_v2\experiment5_localization\dataset\images\train\1234_0870509238_01_WRI-L1_F012.png,D:\projects\MediMind\ai-prediction-service\artifacts\fracture_v2\experiment5_localization\dataset\images\train\1234_0870509260_01_WRI-L2_F012.png,NONE,"[0.376, 0.5459885, 0.608, 0.6007834999999999]",NONE,"[0.3784, 0.5473, 0.5939, 0.6067]",0.0,0.2633,FULL_IMAGE,"[0.33530000000000004, 0.53542, 0.637, 0.61858]",20pct_expanded_or_full_fallback,0.0,0.824
1235_01_WRI-R,PAT_GRAZ_1235,GRAZPEDWRI-DX,train,0,D:\projects\MediMind\ai-prediction-service\artifacts\fracture_v2\experiment5_localization\dataset\images\train\1235_0625258952_01_WRI-R1_M011.png,D:\projects\MediMind\ai-prediction-service\artifacts\fracture_v2\experiment5_localization\dataset\images\train\1235_0625258990_01_WRI-R2_M011.png,NONE,NONE,NONE,NONE,0.0,0.0,FULL_IMAGE,FULL_IMAGE,20pct_expanded_or_full_fallback,0.0,0.0
1235_02_WRI-R,PAT_GRAZ_1235,GRAZPEDWRI-DX,train,0,D:\projects\MediMind\ai-prediction-service\artifacts\fracture_v2\experiment5_localization\dataset\images\train\1235_0626375525_02_WRI-R1_M011.png,D:\projects\MediMind\ai-prediction-service\artifacts\fracture_v2\experiment5_localization\dataset\images\train\1235_0626375599_02_WRI-R2_M011.png,NONE,NONE,"[0.3505, 0.6455, 0.5173, 0.7245]","[0.3055, 0.3612, 0.6156, 0.4267]",0.3677,0.1828,"[0.31714, 0.6296999999999999, 0.5506599999999999, 0.7403000000000001]","[0.24347999999999997, 0.3481, 0.67762, 0.4398]",20pct_expanded_or_full_fallback,0.0,0.0
1235_03_WRI-R,PAT_GRAZ_1235,GRAZPEDWRI-DX,train,0,D:\projects\MediMind\ai-prediction-service\artifacts\fracture_v2\experiment5_localization\dataset\images\train\1235_0627606191_03_WRI-R1_M011.png,D:\projects\MediMind\ai-prediction-service\artifacts\fracture_v2\experiment5_localization\dataset\images\train\1235_0627606222_03_WRI-R2_M011.png,NONE,NONE,NONE,"[0.3818, 0.4784, 0.6699, 0.5519]",0.0,0.2111,FULL_IMAGE,"[0.32417999999999997, 0.4637, 0.7275200000000001, 0.5666]",20pct_expanded_or_full_fallback,0.0,0.0
1236_01_WRI-R,PAT_GRAZ_1236,GRAZPEDWRI-DX,train,1,D:\projects\MediMind\ai-prediction-service\artifacts\fracture_v2\experiment5_localization\dataset\images\train\1236_0828259623_01_WRI-R1_M014.png,D:\projects\MediMind\ai-prediction-service\artifacts\fracture_v2\experiment5_localization\dataset\images\train\1236_0828259673_01_WRI-R2_M014.png,"[0.674022, 0.4935665, 0.7472420000000001, 0.5735295]","[0.4663925, 0.45626300000000003, 0.8024695, 0.579523]","[0.3979, 0.8091, 0.5529, 0.9271]",NONE,0.3763,0.0,"[0.3669, 0.7855000000000001, 0.5839, 0.9507]",FULL_IMAGE,20pct_expanded_or_full_fallback,0.0,0.0
1236_02_WRI-R,PAT_GRAZ_1236,GRAZPEDWRI-DX,train,1,D:\projects\MediMind\ai-prediction-service\artifacts\fracture_v2\experiment5_localization\dataset\images\train\1236_0829385451_02_WRI-R1_M014.png,D:\projects\MediMind\ai-prediction-service\artifacts\fracture_v2\experiment5_localization\dataset\images\train\1236_0829385474_02_WRI-R2_M014.png,"[0.6017699999999999, 0.24548950000000003, 0.672566, 0.2912365]","[0.40666, 0.270833, 0.668012, 0.36111099999999996]","[0.268, 0.2929, 0.5341, 0.3798]","[0.4601, 0.3068, 0.6581, 0.3748]",0.2506,0.498,"[0.21478000000000003, 0.27552, 0.5873200000000001, 0.39718000000000003]","[0.4205, 0.2932, 0.6977, 0.3884]",20pct_expanded_or_full_fallback,0.0,0.4088
1236_03_WRI-R,PAT_GRAZ_1236,GRAZPEDWRI-DX,train,1,D:\projects\MediMind\ai-prediction-service\artifacts\fracture_v2\experiment5_localization\dataset\images\train\1236_0830424570_03_WRI-R1_M014.png,D:\projects\MediMind\ai-prediction-service\artifacts\fracture_v2\experiment5_localization\dataset\images\train\1236_0830424620_03_WRI-R2_M014.png,"[0.248656, 0.4779415, 0.623656, 0.5875005]","[0.3088805, 0.409544, 0.7837835000000001, 0.527778]","[0.7063, 0.4284, 0.8084, 0.4862]",NONE,0.3608,0.0,"[0.68588, 0.41684, 0.82882, 0.49776000000000004]",FULL_IMAGE,20pct_expanded_or_full_fallback,0.9072,0.0
1237_01_WRI-L,PAT_GRAZ_1237,GRAZPEDWRI-DX,train,0,D:\projects\MediMind\ai-prediction-service\artifacts\fracture_v2\experiment5_localization\dataset\images\train\1237_0692065553_01_WRI-L1_M007.png,D:\projects\MediMind\ai-prediction-service\artifacts\fracture_v2\experiment5_localization\dataset\images\train\1237_0692065631_01_WRI-L2_M007.png,NONE,NONE,NONE,NONE,0.0,0.0,FULL_IMAGE,FULL_IMAGE,20pct_expanded_or_full_fallback,0.0,0.0
1238_01_WRI-L,PAT_GRAZ_1238,GRAZPEDWRI-DX,train,1,D:\projects\MediMind\ai-prediction-service\artifacts\fracture_v2\experiment5_localization\dataset\images\train\1238_0564260841_01_WRI-L1_M011.png,D:\projects\MediMind\ai-prediction-service\artifacts\fracture_v2\experiment5_localization\dataset\images\train\1238_0564260857_01_WRI-L2_M011.png,"[0.58, 0.6644905, 0.741818, 0.7336815]","[0.39573400000000003, 0.703988, 0.597156, 0.809816]","[0.577, 0.6599, 0.7494, 0.7295]","[0.3954, 0.6986, 0.5952, 0.7955]",0.7721,0.6973,"[0.54252, 0.64598, 0.7838799999999999, 0.7434200000000001]","[0.35544, 0.67922, 0.63516, 0.8148799999999999]",20pct_expanded_or_full_fallback,0.8299,0.814
1239_01_WRI-R,PAT_GRAZ_1239,GRAZPEDWRI-DX,train,0,D:\projects\MediMind\ai-prediction-service\artifacts\fracture_v2\experiment5_localization\dataset\images\train\1239_0201276099_01_WRI-R1_M015.png,D:\projects\MediMind\ai-prediction-service\artifacts\fracture_v2\experiment5_localization\dataset\images\train\1239_0201276117_01_WRI-R2_M015.png,NONE,NONE,NONE,NONE,0.0,0.0,FULL_IMAGE,FULL_IMAGE,20pct_expanded_or_full_fallback,0.0,0.0
1240_01_WRI-R,PAT_GRAZ_1240,GRAZPEDWRI-DX,train,0,D:\projects\MediMind\ai-prediction-service\artifacts\fracture_v2\experiment5_localization\dataset\images\train\1240_0725800457_01_WRI-R1_F005.png,D:\projects\MediMind\ai-prediction-service\artifacts\fracture_v2\experiment5_localization\dataset\images\train\1240_0725800489_01_WRI-R2_F005.png,NONE,NONE,NONE,NONE,0.0,0.0,FULL_IMAGE,FULL_IMAGE,20pct_expanded_or_full_fallback,0.0,0.0
1241_01_WRI-R,PAT_GRAZ_1241,GRAZPEDWRI-DX,train,1,D:\projects\MediMind\ai-prediction-service\artifacts\fracture_v2\experiment5_localization\dataset\images\train\1241_0746125768_01_WRI-R1_M009.png,D:\projects\MediMind\ai-prediction-service\artifacts\fracture_v2\experiment5_localization\dataset\images\train\1241_0746125784_01_WRI-R2_M009.png,"[0.315133, 0.341743, 0.527301, 0.408257]","[0.5094665, 0.2707695, 0.6867475000000001, 0.3361545]","[0.3221, 0.3442, 0.5257, 0.4066]","[0.5074, 0.2657, 0.6871, 0.322]",0.8602,0.6548,"[0.28138, 0.33172, 0.5664199999999999, 0.41908]","[0.47145999999999993, 0.25444, 0.72304, 0.33326]",20pct_expanded_or_full_fallback,0.9003,0.7193
1243_01_WRI-L,PAT_GRAZ_1243,GRAZPEDWRI-DX,train,1,D:\projects\MediMind\ai-prediction-service\artifacts\fracture_v2\experiment5_localization\dataset\images\train\1243_0142050794_01_WRI-L1_M005.png,D:\projects\MediMind\ai-prediction-service\artifacts\fracture_v2\experiment5_localization\dataset\images\train\1243_0142050822_01_WRI-L2_M005.png,"[0.42892150000000007, 0.520038, 0.5943625, 0.61832]","[0.5431475, 0.493289, 0.8071065000000001, 0.580537]","[0.4192, 0.5167, 0.6038, 0.6252]","[0.5433, 0.4865, 0.8151, 0.5777]",0.8487,0.8062,"[0.38228, 0.49500000000000005, 0.64072, 0.6468999999999999]","[0.48894, 0.46826, 0.86946, 0.59594]",20pct_expanded_or_full_fallback,0.8118,0.8716
1247_01_WRI-R,PAT_GRAZ_1247,GRAZPEDWRI-DX,train,0,D:\projects\MediMind\ai-prediction-service\artifacts\fracture_v2\experiment5_localization\dataset\images\train\1247_0469930544_01_WRI-R1_M013.png,D:\projects\MediMind\ai-prediction-service\artifacts\fracture_v2\experiment5_localization\dataset\images\train\1247_0469930713_01_WRI-R2_M013.png,NONE,NONE,NONE,NONE,0.0,0.0,FULL_IMAGE,FULL_IMAGE,20pct_expanded_or_full_fallback,0.0,0.0
1247_01_WRI-L,PAT_GRAZ_1247,GRAZPEDWRI-DX,train,0,D:\projects\MediMind\ai-prediction-service\artifacts\fracture_v2\experiment5_localization\dataset\images\train\1247_0469930877_01_WRI-L1_M013.png,D:\projects\MediMind\ai-prediction-service\artifacts\fracture_v2\experiment5_localization\dataset\images\train\1247_0469930929_01_WRI-L2_M013.png,NONE,NONE,NONE,NONE,0.0,0.0,FULL_IMAGE,FULL_IMAGE,20pct_expanded_or_full_fallback,0.0,0.0
1249_01_WRI-L,PAT_GRAZ_1249,GRAZPEDWRI-DX,train,1,D:\projects\MediMind\ai-prediction-service\artifacts\fracture_v2\experiment5_localization\dataset\images\train\1249_1053528918_01_WRI-L1_F004.png,D:\projects\MediMind\ai-prediction-service\artifacts\fracture_v2\experiment5_localization\dataset\images\train\1249_1053528956_01_WRI-L2_F004.png,"[0.375839, 0.6731515, 0.612975, 0.7840465]","[0.303977, 0.6544709999999999, 0.5539769999999999, 0.778455]","[0.3717, 0.669, 0.6165, 0.7786]","[0.3073, 0.6579, 0.4671, 0.7627]",0.4746,0.6525,"[0.32273999999999997, 0.6470800000000001, 0.66546, 0.8005199999999999]","[0.27534000000000003, 0.6369400000000001, 0.49906, 0.78366]",20pct_expanded_or_full_fallback,0.8892,0.5403
1250_01_WRI-R,PAT_GRAZ_1250,GRAZPEDWRI-DX,train,1,D:\projects\MediMind\ai-prediction-service\artifacts\fracture_v2\experiment5_localization\dataset\images\train\1250_0872315102_01_WRI-R1_F011.png,D:\projects\MediMind\ai-prediction-service\artifacts\fracture_v2\experiment5_localization\dataset\images\train\1250_0872315138_01_WRI-R2_F011.png,"[0.330499, 0.37926699999999997, 0.536663, 0.456385]","[0.449347, 0.407591, 0.668301, 0.495875]","[0.3347, 0.3888, 0.5429, 0.4564]","[0.4317, 0.4277, 0.6681, 0.5005]",0.6232,0.5722,"[0.29306, 0.37528, 0.5845400000000001, 0.46991999999999995]","[0.38442, 0.41314000000000006, 0.71538, 0.51506]",20pct_expanded_or_full_fallback,0.8362,0.6896
1250_02_WRI-R,PAT_GRAZ_1250,GRAZPEDWRI-DX,train,1,D:\projects\MediMind\ai-prediction-service\artifacts\fracture_v2\experiment5_localization\dataset\images\train\1250_0872319875_02_WRI-R1_F011.png,D:\projects\MediMind\ai-prediction-service\artifacts\fracture_v2\experiment5_localization\dataset\images\train\1250_0872319932_02_WRI-R2_F011.png,"[0.35265100000000005, 0.5206894999999999, 0.564735, 0.6051725]","[0.402219, 0.517691, 0.586685, 0.5903170000000001]","[0.3648, 0.5492, 0.5625, 0.6199]","[0.3844, 0.4968, 0.5807, 0.5946]",0.4836,0.3811,"[0.32526, 0.53506, 0.60204, 0.63404]","[0.34514, 0.47724, 0.61996, 0.61416]",20pct_expanded_or_full_fallback,0.5313,0.6602
1250_03_WRI-R,PAT_GRAZ_1250,GRAZPEDWRI-DX,train,1,D:\projects\MediMind\ai-prediction-service\artifacts\fracture_v2\experiment5_localization\dataset\images\train\1250_0872897738_03_WRI-R1_F011.png,D:\projects\MediMind\ai-prediction-service\artifacts\fracture_v2\experiment5_localization\dataset\images\train\1250_0872897774_03_WRI-R2_F011.png,"[0.3943295, 0.49030650000000003, 0.6262885, 0.5662355]","[0.5727005000000001, 0.42176250000000004, 0.7908014999999999, 0.5305755]","[0.3979, 0.5084, 0.6265, 0.5765]","[0.5609, 0.4257, 0.7833, 0.5046]",0.4304,0.413,"[0.35218, 0.49477999999999994, 0.6722199999999999, 0.59012]","[0.51642, 0.40992, 0.82778, 0.5203800000000001]",20pct_expanded_or_full_fallback,0.6614,0.6737
1250_04_WRI-R,PAT_GRAZ_1250,GRAZPEDWRI-DX,train,1,D:\projects\MediMind\ai-prediction-service\artifacts\fracture_v2\experiment5_localization\dataset\images\train\1250_0873497874_04_WRI-R1_F011.png,D:\projects\MediMind\ai-prediction-service\artifacts\fracture_v2\experiment5_localization\dataset\images\train\1250_0873497916_04_WRI-R2_F011.png,"[0.4039355, 0.6304350000000001, 0.6168985, 0.723603]","[0.5730660000000001, 0.651987, 0.767908, 0.745435]","[0.4129, 0.6287, 0.6206, 0.7303]","[0.5367, 0.6126, 0.7723, 0.7147]",0.4085,0.349,"[0.37135999999999997, 0.60838, 0.6621400000000001, 0.75062]","[0.48957999999999996, 0.59218, 0.81942, 0.73512]",20pct_expanded_or_full_fallback,0.8664,0.4067
1250_05_WRI-R,PAT_GRAZ_1250,GRAZPEDWRI-DX,train,1,D:\projects\MediMind\ai-prediction-service\artifacts\fracture_v2\experiment5_localization\dataset\images\train\1250_0874610040_05_WRI-R1_F011.png,D:\projects\MediMind\ai-prediction-service\artifacts\fracture_v2\experiment5_localization\dataset\images\train\1250_0874610117_05_WRI-R2_F011.png,"[0.346049, 0.539506, 0.604905, 0.730864]","[0.386325, 0.5450934999999999, 0.6307689999999999, 0.6750665]","[0.3441, 0.58, 0.5959, 0.7154]","[0.3739, 0.5508, 0.6293, 0.6772]",0.5255,0.5155,"[0.29374, 0.55292, 0.64626, 0.74248]","[0.32282, 0.52552, 0.68038, 0.70248]",20pct_expanded_or_full_fallback,0.6793,0.8917
1251_01_WRI-R,PAT_GRAZ_1251,GRAZPEDWRI-DX,train,0,D:\projects\MediMind\ai-prediction-service\artifacts\fracture_v2\experiment5_localization\dataset\images\train\1251_1008286465_01_WRI-R1_F011.png,D:\projects\MediMind\ai-prediction-service\artifacts\fracture_v2\experiment5_localization\dataset\images\train\1251_1008286500_01_WRI-R2_F011.png,NONE,NONE,NONE,NONE,0.0,0.0,FULL_IMAGE,FULL_IMAGE,20pct_expanded_or_full_fallback,0.0,0.0
1251_02_WRI-L,PAT_GRAZ_1251,GRAZPEDWRI-DX,train,0,D:\projects\MediMind\ai-prediction-service\artifacts\fracture_v2\experiment5_localization\dataset\images\train\1251_1036381107_02_WRI-L1_F012.png,D:\projects\MediMind\ai-prediction-service\artifacts\fracture_v2\experiment5_localization\dataset\images\train\1251_1036381121_02_WRI-L2_F012.png,NONE,NONE,NONE,"[0.3697, 0.1635, 0.6434, 0.2355]",0.0,0.1794,FULL_IMAGE,"[0.31495999999999996, 0.1491, 0.69814, 0.24989999999999998]",20pct_expanded_or_full_fallback,0.0,0.0
1254_01_WRI-R,PAT_GRAZ_1254,GRAZPEDWRI-DX,train,1,D:\projects\MediMind\ai-prediction-service\artifacts\fracture_v2\experiment5_localization\dataset\images\train\1254_0771414248_01_WRI-R1_M009.png,D:\projects\MediMind\ai-prediction-service\artifacts\fracture_v2\experiment5_localization\dataset\images\train\1254_0771414135_01_WRI-R2_M009.png,"[0.292517, 0.3711205, 0.513605, 0.4271255]","[0.46405250000000003, 0.38406700000000005, 0.6176475, 0.474093]","[0.2885, 0.3691, 0.5188, 0.4398]","[0.4604, 0.3961, 0.6404, 0.4786]",0.757,0.5564,"[0.24243999999999996, 0.35496, 0.56486, 0.45394]","[0.4244, 0.3796, 0.6764, 0.49510000000000004]",20pct_expanded_or_full_fallback,0.7605,0.7174
1254_02_WRI-R,PAT_GRAZ_1254,GRAZPEDWRI-DX,train,1,D:\projects\MediMind\ai-prediction-service\artifacts\fracture_v2\experiment5_localization\dataset\images\train\1254_0772001682_02_WRI-R1_M009.png,D:\projects\MediMind\ai-prediction-service\artifacts\fracture_v2\experiment5_localization\dataset\images\train\1254_0772001745_02_WRI-R2_M009.png,"[0.342649, 0.49694699999999997, 0.506683, 0.5633589999999999]","[0.4271565, 0.5568995000000001, 0.5487975, 0.6230445]","[0.3435, 0.5005, 0.5098, 0.5635]","[0.4261, 0.574, 0.5512, 0.6312]",0.6811,0.6056,"[0.31024, 0.48789999999999994, 0.54306, 0.5761000000000001]","[0.40108, 0.56256, 0.5762200000000001, 0.64264]",20pct_expanded_or_full_fallback,0.923,0.6459
1254_03_WRI-R,PAT_GRAZ_1254,GRAZPEDWRI-DX,train,1,D:\projects\MediMind\ai-prediction-service\artifacts\fracture_v2\experiment5_localization\dataset\images\train\1254_0772609137_03_WRI-R1_M009.png,D:\projects\MediMind\ai-prediction-service\artifacts\fracture_v2\experiment5_localization\dataset\images\train\1254_0772609277_03_WRI-R2_M009.png,"[0.3505975, 0.40394549999999996, 0.5298805, 0.4905665]","[0.40734549999999997, 0.41307900000000003, 0.5792984999999999, 0.493377]","[0.6137, 0.3914, 0.7449, 0.4556]","[0.4078, 0.4274, 0.5852, 0.5226]",0.7483,0.3931,"[0.58746, 0.37856, 0.77114, 0.46844]","[0.37232, 0.40836, 0.6206800000000001, 0.5416399999999999]",20pct_expanded_or_full_fallback,0.6966,0.5838
1254_04_WRI-R,PAT_GRAZ_1254,GRAZPEDWRI-DX,train,1,D:\projects\MediMind\ai-prediction-service\artifacts\fracture_v2\experiment5_localization\dataset\images\train\1254_0773211265_04_WRI-R1_M010.png,D:\projects\MediMind\ai-prediction-service\artifacts\fracture_v2\experiment5_localization\dataset\images\train\1254_0773211318_04_WRI-R2_M010.png,"[0.315141, 0.5061950000000001, 0.558099, 0.621239]","[0.447489, 0.41015599999999997, 0.671233, 0.513672]","[0.306, 0.5078, 0.5606, 0.6046]","[0.4281, 0.4086, 0.6765, 0.521]",0.5779,0.5314,"[0.25508, 0.48844000000000004, 0.61152, 0.6239600000000001]","[0.37842, 0.38612, 0.72618, 0.54348]",20pct_expanded_or_full_fallback,0.8088,0.8295
1254_05_WRI-R,PAT_GRAZ_1254,GRAZPEDWRI-DX,train,1,D:\projects\MediMind\ai-prediction-service\artifacts\fracture_v2\experiment5_localization\dataset\images\train\1254_0774155465_05_WRI-R1_M010.png,D:\projects\MediMind\ai-prediction-service\artifacts\fracture_v2\experiment5_localization\dataset\images\train\1254_0774155502_05_WRI-R2_M010.png,"[0.584192, 0.6092230000000001, 0.743986, 0.709951]","[0.348416, 0.542643, 0.60181, 0.635427]","[0.2844, 0.6319, 0.512, 0.7525]","[0.3309, 0.5445, 0.6135, 0.6702]",0.7926,0.6107,"[0.23887999999999998, 0.60778, 0.55752, 0.77662]","[0.27438, 0.5193599999999999, 0.6700200000000001, 0.6953400000000001]",20pct_expanded_or_full_fallback,0.8888,0.6401
1255_01_WRI-L,PAT_GRAZ_1255,GRAZPEDWRI-DX,train,1,D:\projects\MediMind\ai-prediction-service\artifacts\fracture_v2\experiment5_localization\dataset\images\train\1255_0685664025_01_WRI-L1_F007.png,D:\projects\MediMind\ai-prediction-service\artifacts\fracture_v2\experiment5_localization\dataset\images\train\1255_0685664132_01_WRI-L2_F007.png,"[0.5062305, 0.5122770000000001, 0.7383175, 0.575893]","[0.36078449999999995, 0.372038, 0.6294115, 0.469194]","[0.5088, 0.5092, 0.7231, 0.5861]","[0.379, 0.4199, 0.5814, 0.4963]",0.2039,0.3923,"[0.46594, 0.49382, 0.76596, 0.6014799999999999]","[0.33852, 0.40462, 0.62188, 0.51158]",20pct_expanded_or_full_fallback,0.7741,0.3159
1255_02_WRI-L,PAT_GRAZ_1255,GRAZPEDWRI-DX,train,1,D:\projects\MediMind\ai-prediction-service\artifacts\fracture_v2\experiment5_localization\dataset\images\train\1255_0686954784_02_WRI-L1_F007.png,D:\projects\MediMind\ai-prediction-service\artifacts\fracture_v2\experiment5_localization\dataset\images\train\1255_0686954817_02_WRI-L2_F007.png,"[0.4631415, 0.3218925, 0.7003205, 0.4081635]","[0.38383900000000004, 0.35687349999999995, 0.648485, 0.4529185]","[0.4641, 0.3371, 0.6965, 0.4113]","[0.3749, 0.3555, 0.6465, 0.4579]",0.6155,0.4942,"[0.41762, 0.32226, 0.74298, 0.42614]","[0.32058000000000003, 0.33502, 0.70082, 0.47837999999999997]",20pct_expanded_or_full_fallback,0.7794,0.9009
1255_03_WRI-L,PAT_GRAZ_1255,GRAZPEDWRI-DX,train,1,D:\projects\MediMind\ai-prediction-service\artifacts\fracture_v2\experiment5_localization\dataset\images\train\1255_0687811420_03_WRI-L1_F007.png,D:\projects\MediMind\ai-prediction-service\artifacts\fracture_v2\experiment5_localization\dataset\images\train\1255_0687811480_03_WRI-L2_F007.png,"[0.48288949999999997, 0.43626349999999997, 0.7680605, 0.5670324999999999]","[0.41317349999999997, 0.47979800000000006, 0.6746504999999999, 0.59899]","[0.4942, 0.4812, 0.7676, 0.5579]","[0.416, 0.5167, 0.6646, 0.5971]",0.4307,0.4681,"[0.43951999999999997, 0.46586000000000005, 0.8222799999999999, 0.57324]","[0.36628, 0.5006200000000001, 0.71432, 0.61318]",20pct_expanded_or_full_fallback,0.5623,0.6413
1258_01_WRI-R,PAT_GRAZ_1258,GRAZPEDWRI-DX,train,0,D:\projects\MediMind\ai-prediction-service\artifacts\fracture_v2\experiment5_localization\dataset\images\train\1258_0309807289_01_WRI-R1_M016.png,D:\projects\MediMind\ai-prediction-service\artifacts\fracture_v2\experiment5_localization\dataset\images\train\1258_0309807333_01_WRI-R2_M016.png,NONE,NONE,NONE,NONE,0.0,0.0,FULL_IMAGE,FULL_IMAGE,20pct_expanded_or_full_fallback,0.0,0.0
1261_01_WRI-R,PAT_GRAZ_1261,GRAZPEDWRI-DX,train,1,D:\projects\MediMind\ai-prediction-service\artifacts\fracture_v2\experiment5_localization\dataset\images\train\1261_0294888151_01_WRI-R1_M012.png,D:\projects\MediMind\ai-prediction-service\artifacts\fracture_v2\experiment5_localization\dataset\images\train\1261_0294888209_01_WRI-R2_M012.png,"[0.245421, 0.5757895, 0.589743, 0.6400005]","[0.3529405, 0.6188524999999999, 0.7406415000000001, 0.7226775]",NONE,"[0.3583, 0.6134, 0.7378, 0.7166]",0.0,0.3388,FULL_IMAGE,"[0.2824, 0.59276, 0.8137, 0.73724]",20pct_expanded_or_full_fallback,0.0,0.8765
1262_01_WRI-R,PAT_GRAZ_1262,GRAZPEDWRI-DX,train,0,D:\projects\MediMind\ai-prediction-service\artifacts\fracture_v2\experiment5_localization\dataset\images\train\1262_0206304347_01_WRI-R1_F008.png,D:\projects\MediMind\ai-prediction-service\artifacts\fracture_v2\experiment5_localization\dataset\images\train\1262_0206304380_01_WRI-R2_F008.png,NONE,NONE,NONE,NONE,0.0,0.0,FULL_IMAGE,FULL_IMAGE,20pct_expanded_or_full_fallback,0.0,0.0
1263_01_WRI-R,PAT_GRAZ_1263,GRAZPEDWRI-DX,train,1,D:\projects\MediMind\ai-prediction-service\artifacts\fracture_v2\experiment5_localization\dataset\images\train\1263_0952914152_01_WRI-R1_F012.png,D:\projects\MediMind\ai-prediction-service\artifacts\fracture_v2\experiment5_localization\dataset\images\train\1263_0952914211_01_WRI-R2_F012.png,"[0.269029, 0.517891, 0.5052490000000001, 0.586629]","[0.38580300000000006, 0.552284, 0.6311730000000001, 0.676142]","[0.267, 0.5117, 0.511, 0.594]","[0.3786, 0.5508, 0.6415, 0.6554]",0.4211,0.1896,"[0.2182, 0.49524000000000007, 0.5598, 0.61046]","[0.32602, 0.5298799999999999, 0.6940799999999999, 0.67632]",20pct_expanded_or_full_fallback,0.8086,0.7764
1263_02_WRI-R,PAT_GRAZ_1263,GRAZPEDWRI-DX,train,1,D:\projects\MediMind\ai-prediction-service\artifacts\fracture_v2\experiment5_localization\dataset\images\train\1263_0953509468_02_WRI-R1_F012.png,D:\projects\MediMind\ai-prediction-service\artifacts\fracture_v2\experiment5_localization\dataset\images\train\1263_0953509496_02_WRI-R2_F012.png,"[0.367041, 0.48384099999999997, 0.599251, 0.557985]","[0.4512, 0.407721, 0.7023999999999999, 0.527307]","[0.3627, 0.4928, 0.597, 0.5703]","[0.4483, 0.4159, 0.7068, 0.5222]",0.3464,0.4233,"[0.31584, 0.4773, 0.64386, 0.5858]","[0.39659999999999995, 0.39464, 0.7585, 0.54346]",20pct_expanded_or_full_fallback,0.7353,0.8665
1263_03_WRI-R,PAT_GRAZ_1263,GRAZPEDWRI-DX,train,1,D:\projects\MediMind\ai-prediction-service\artifacts\fracture_v2\experiment5_localization\dataset\images\train\1263_0954115781_03_WRI-R1_F012.png,D:\projects\MediMind\ai-prediction-service\artifacts\fracture_v2\experiment5_localization\dataset\images\train\1263_0954115806_03_WRI-R2_F012.png,"[0.357591, 0.45155100000000004, 0.602259, 0.537791]","[0.37115049999999994, 0.444767, 0.6304695, 0.583333]","[0.3582, 0.4462, 0.6054, 0.5397]","[0.368, 0.493, 0.6358, 0.5909]",0.3806,0.5515,"[0.30876000000000003, 0.4275, 0.6548400000000001, 0.5584]","[0.31444, 0.47342, 0.6893600000000001, 0.61048]",20pct_expanded_or_full_fallback,0.9086,0.6049
1263_04_WRI-R,PAT_GRAZ_1263,GRAZPEDWRI-DX,train,1,D:\projects\MediMind\ai-prediction-service\artifacts\fracture_v2\experiment5_localization\dataset\images\train\1263_0954717389_04_WRI-R1_F012.png,D:\projects\MediMind\ai-prediction-service\artifacts\fracture_v2\experiment5_localization\dataset\images\train\1263_0954717435_04_WRI-R2_F012.png,"[0.2878225, 0.49445000000000006, 0.6439115, 0.608476]","[0.2897195, 0.4642855, 0.6682245, 0.5928565]","[0.2849, 0.5012, 0.6273, 0.6027]","[0.2929, 0.5031, 0.6752, 0.6118]",0.6471,0.5612,"[0.21642, 0.4809, 0.69578, 0.623]","[0.21643999999999997, 0.48136, 0.75166, 0.63354]",20pct_expanded_or_full_fallback,0.8425,0.5959
1264_01_WRI-R,PAT_GRAZ_1264,GRAZPEDWRI-DX,train,1,D:\projects\MediMind\ai-prediction-service\artifacts\fracture_v2\experiment5_localization\dataset\images\train\1264_0211544154_01_WRI-R1_M015.png,D:\projects\MediMind\ai-prediction-service\artifacts\fracture_v2\experiment5_localization\dataset\images\train\1264_0211544197_01_WRI-R2_M015.png,"[0.686371, 0.34702299999999997, 0.783251, 0.409651]","[0.338614, 0.418307, 0.6217820000000001, 0.513779]","[0.668, 0.3449, 0.7714, 0.4084]","[0.3337, 0.4269, 0.6108, 0.5005]",0.5604,0.4895,"[0.64732, 0.3322, 0.79208, 0.4211]","[0.27827999999999997, 0.41218, 0.66622, 0.5152199999999999]",20pct_expanded_or_full_fallback,0.7039,0.7312
1264_02_WRI-R,PAT_GRAZ_1264,GRAZPEDWRI-DX,train,1,D:\projects\MediMind\ai-prediction-service\artifacts\fracture_v2\experiment5_localization\dataset\images\train\1264_0213319278_02_WRI-R1_M015.png,D:\projects\MediMind\ai-prediction-service\artifacts\fracture_v2\experiment5_localization\dataset\images\train\1264_0213319334_02_WRI-R2_M015.png,"[0.7703979999999999, 0.5207375, 0.88425, 0.5933185]","[0.30144899999999997, 0.6600925, 0.753623, 0.7668215]","[0.7692, 0.5198, 0.8835, 0.5913]","[0.3199, 0.6456, 0.7368, 0.7397]",0.5383,0.199,"[0.74634, 0.5055000000000001, 0.9063599999999999, 0.6056]","[0.23652, 0.6267799999999999, 0.82018, 0.7585200000000001]",20pct_expanded_or_full_fallback,0.9439,0.6112
1265_01_WRI-L,PAT_GRAZ_1265,GRAZPEDWRI-DX,train,0,D:\projects\MediMind\ai-prediction-service\artifacts\fracture_v2\experiment5_localization\dataset\images\train\1265_0758945078_01_WRI-L1_F006.png,D:\projects\MediMind\ai-prediction-service\artifacts\fracture_v2\experiment5_localization\dataset\images\train\1265_0758945122_01_WRI-L2_F006.png,NONE,NONE,NONE,NONE,0.0,0.0,FULL_IMAGE,FULL_IMAGE,20pct_expanded_or_full_fallback,0.0,0.0
1267_01_WRI-R,PAT_GRAZ_1267,GRAZPEDWRI-DX,train,0,D:\projects\MediMind\ai-prediction-service\artifacts\fracture_v2\experiment5_localization\dataset\images\train\1267_0942530050_01_WRI-R1_M010.png,D:\projects\MediMind\ai-prediction-service\artifacts\fracture_v2\experiment5_localization\dataset\images\train\1267_0942530089_01_WRI-R2_M010.png,NONE,NONE,NONE,NONE,0.0,0.0,FULL_IMAGE,FULL_IMAGE,20pct_expanded_or_full_fallback,0.0,0.0
1269_01_WRI-L,PAT_GRAZ_1269,GRAZPEDWRI-DX,train,0,D:\projects\MediMind\ai-prediction-service\artifacts\fracture_v2\experiment5_localization\dataset\images\train\1269_1307484387_01_WRI-L1_F012.png,D:\projects\MediMind\ai-prediction-service\artifacts\fracture_v2\experiment5_localization\dataset\images\train\1269_1307484440_01_WRI-L2_F012.png,NONE,NONE,NONE,"[0.3263, 0.5126, 0.5649, 0.5821]",0.0,0.36,FULL_IMAGE,"[0.27858, 0.4986999999999999, 0.6126199999999999, 0.596]",20pct_expanded_or_full_fallback,0.0,0.0
1270_01_WRI-R,PAT_GRAZ_1270,GRAZPEDWRI-DX,train,0,D:\projects\MediMind\ai-prediction-service\artifacts\fracture_v2\experiment5_localization\dataset\images\train\1270_0959831665_01_WRI-R1_M014.png,D:\projects\MediMind\ai-prediction-service\artifacts\fracture_v2\experiment5_localization\dataset\images\train\1270_0959831711_01_WRI-R2_M014.png,NONE,NONE,NONE,NONE,0.0,0.0,FULL_IMAGE,FULL_IMAGE,20pct_expanded_or_full_fallback,0.0,0.0
1271_01_WRI-L,PAT_GRAZ_1271,GRAZPEDWRI-DX,train,1,D:\projects\MediMind\ai-prediction-service\artifacts\fracture_v2\experiment5_localization\dataset\images\train\1271_1128961909_01_WRI-L1_F008.png,D:\projects\MediMind\ai-prediction-service\artifacts\fracture_v2\experiment5_localization\dataset\images\train\1271_1128961945_01_WRI-L2_F008.png,"[0.43788150000000003, 0.43749950000000004, 0.6863545, 0.5220585]","[0.336788, 0.528325, 0.582902, 0.600985]",NONE,"[0.3293, 0.5268, 0.5837, 0.5953]",0.0,0.6799,FULL_IMAGE,"[0.27842, 0.5131, 0.63458, 0.6090000000000001]",20pct_expanded_or_full_fallback,0.0,0.8756
1273_01_WRI-R,PAT_GRAZ_1273,GRAZPEDWRI-DX,train,1,D:\projects\MediMind\ai-prediction-service\artifacts\fracture_v2\experiment5_localization\dataset\images\train\1273_0728391268_01_WRI-R1_F004.png,D:\projects\MediMind\ai-prediction-service\artifacts\fracture_v2\experiment5_localization\dataset\images\train\1273_0728391294_01_WRI-R2_F004.png,"[0.35404899999999995, 0.464835, 0.532957, 0.508791]","[0.3941175, 0.36, 0.5666665, 0.439048]","[0.3518, 0.4576, 0.5405, 0.5218]","[0.3926, 0.3533, 0.5603, 0.4145]",0.7246,0.4872,"[0.31406, 0.44476, 0.57824, 0.53464]","[0.35906, 0.34106000000000003, 0.59384, 0.42673999999999995]",20pct_expanded_or_full_fallback,0.6491,0.6101
1276_01_WRI-R,PAT_GRAZ_1276,GRAZPEDWRI-DX,train,0,D:\projects\MediMind\ai-prediction-service\artifacts\fracture_v2\experiment5_localization\dataset\images\train\1276_0412272183_01_WRI-R1_F010.png,D:\projects\MediMind\ai-prediction-service\artifacts\fracture_v2\experiment5_localization\dataset\images\train\1276_0412272223_01_WRI-R2_F010.png,NONE,NONE,NONE,NONE,0.0,0.0,FULL_IMAGE,FULL_IMAGE,20pct_expanded_or_full_fallback,0.0,0.0
1279_01_WRI-L,PAT_GRAZ_1279,GRAZPEDWRI-DX,train,1,D:\projects\MediMind\ai-prediction-service\artifacts\fracture_v2\experiment5_localization\dataset\images\train\1279_0451529107_01_WRI-L1_F007.png,D:\projects\MediMind\ai-prediction-service\artifacts\fracture_v2\experiment5_localization\dataset\images\train\1279_0451529211_01_WRI-L2_F007.png,"[0.48602499999999993, 0.5963700000000001, 0.658385, 0.675886]","[0.3115665, 0.5347685, 0.5242535, 0.6283114999999999]","[0.4818, 0.5854, 0.6623, 0.6626]","[0.3103, 0.5422, 0.5173, 0.6348]",0.772,0.5274,"[0.4457, 0.56996, 0.6984, 0.67804]","[0.26890000000000003, 0.52368, 0.5587, 0.65332]",20pct_expanded_or_full_fallback,0.7036,0.8299
1279_02_WRI-L,PAT_GRAZ_1279,GRAZPEDWRI-DX,train,1,D:\projects\MediMind\ai-prediction-service\artifacts\fracture_v2\experiment5_localization\dataset\images\train\1279_0451532068_02_WRI-L1_F007.png,D:\projects\MediMind\ai-prediction-service\artifacts\fracture_v2\experiment5_localization\dataset\images\train\1279_0451532134_02_WRI-L2_F007.png,"[0.48966350000000003, 0.5821395, 0.6421185, 0.6756525]","[0.3460995, 0.4000005, 0.4921985, 0.46030550000000003]","[0.4879, 0.5791, 0.641, 0.6609]","[0.3531, 0.3907, 0.4954, 0.4585]",0.7983,0.6274,"[0.45728, 0.5627399999999999, 0.67162, 0.6772600000000001]","[0.32464000000000004, 0.37714, 0.52386, 0.47206000000000004]",20pct_expanded_or_full_fallback,0.8021,0.7884
1281_01_WRI-R,PAT_GRAZ_1281,GRAZPEDWRI-DX,train,0,D:\projects\MediMind\ai-prediction-service\artifacts\fracture_v2\experiment5_localization\dataset\images\train\1281_0617111285_01_WRI-R1_M015.png,D:\projects\MediMind\ai-prediction-service\artifacts\fracture_v2\experiment5_localization\dataset\images\train\1281_0617111316_01_WRI-R2_M015.png,NONE,NONE,NONE,NONE,0.0,0.0,FULL_IMAGE,FULL_IMAGE,20pct_expanded_or_full_fallback,0.0,0.0
1282_01_WRI-L,PAT_GRAZ_1282,GRAZPEDWRI-DX,train,1,D:\projects\MediMind\ai-prediction-service\artifacts\fracture_v2\experiment5_localization\dataset\images\train\1282_0331440181_01_WRI-L1_M001.png,D:\projects\MediMind\ai-prediction-service\artifacts\fracture_v2\experiment5_localization\dataset\images\train\1282_0331440227_01_WRI-L2_M001.png,"[0.46551750000000003, 0.4626695, 0.6168585, 0.5395925]","[0.401899, 0.4228575, 0.6202529999999999, 0.5214285]","[0.4603, 0.4844, 0.6133, 0.5455]","[0.4134, 0.44, 0.6189, 0.5099]",0.7036,0.6569,"[0.42969999999999997, 0.47218, 0.6438999999999999, 0.55772]","[0.37229999999999996, 0.42602, 0.66, 0.52388]",20pct_expanded_or_full_fallback,0.6356,0.6674
1284_01_WRI-L,PAT_GRAZ_1284,GRAZPEDWRI-DX,train,1,D:\projects\MediMind\ai-prediction-service\artifacts\fracture_v2\experiment5_localization\dataset\images\train\1284_0363502358_01_WRI-L1_M010.png,D:\projects\MediMind\ai-prediction-service\artifacts\fracture_v2\experiment5_localization\dataset\images\train\1284_0363502429_01_WRI-L2_M010.png,"[0.426992, 0.402953, 0.625166, 0.45786499999999997]","[0.2938775, 0.325991, 0.43183649999999996, 0.400881]","[0.4302, 0.3947, 0.6141, 0.4606]","[0.2989, 0.3287, 0.4342, 0.4085]",0.855,0.6322,"[0.39342000000000005, 0.38151999999999997, 0.65088, 0.47378000000000003]","[0.27184, 0.31274, 0.46125999999999995, 0.42445999999999995]",20pct_expanded_or_full_fallback,0.7826,0.832
1284_02_WRI-L,PAT_GRAZ_1284,GRAZPEDWRI-DX,train,1,D:\projects\MediMind\ai-prediction-service\artifacts\fracture_v2\experiment5_localization\dataset\images\train\1284_0363984602_02_WRI-L1_M010.png,D:\projects\MediMind\ai-prediction-service\artifacts\fracture_v2\experiment5_localization\dataset\images\train\1284_0363984630_02_WRI-L2_M010.png,"[0.584232, 0.4420195, 0.748824, 0.5238245]","[0.4309305, 0.6743215, 0.5855855, 0.7849685]","[0.5795, 0.4417, 0.753, 0.5285]","[0.4384, 0.6926, 0.5911, 0.7831]",0.7349,0.5099,"[0.5448000000000001, 0.42434, 0.7877, 0.54586]","[0.40786, 0.6745, 0.62164, 0.8012]",20pct_expanded_or_full_fallback,0.8941,0.7564
1284_03_WRI-L,PAT_GRAZ_1284,GRAZPEDWRI-DX,train,1,D:\projects\MediMind\ai-prediction-service\artifacts\fracture_v2\experiment5_localization\dataset\images\train\1284_0364674111_03_WRI-L1_M010.png,D:\projects\MediMind\ai-prediction-service\artifacts\fracture_v2\experiment5_localization\dataset\images\train\1284_0364674140_03_WRI-L2_M010.png,"[0.508926, 0.6921425, 0.693392, 0.7820554999999999]","[0.46508000000000005, 0.49099149999999997, 0.614286, 0.5934685]","[0.5128, 0.6874, 0.6985, 0.7712]","[0.3917, 0.5735, 0.5337, 0.6518]",0.7964,0.4258,"[0.47566, 0.67064, 0.73564, 0.78796]","[0.3633, 0.55784, 0.5620999999999999, 0.66746]",20pct_expanded_or_full_fallback,0.7989,0.6628
1284_04_WRI-L,PAT_GRAZ_1284,GRAZPEDWRI-DX,train,1,D:\projects\MediMind\ai-prediction-service\artifacts\fracture_v2\experiment5_localization\dataset\images\train\1284_0365288310_04_WRI-L1_M010.png,D:\projects\MediMind\ai-prediction-service\artifacts\fracture_v2\experiment5_localization\dataset\images\train\1284_0365288370_04_WRI-L2_M010.png,"[0.554492, 0.6974710000000001, 0.7238199999999999, 0.798695]","[0.336634, 0.40228699999999995, 0.514852, 0.543659]","[0.551, 0.6835, 0.7314, 0.806]","[0.3544, 0.4667, 0.501, 0.5438]",0.6735,0.5324,"[0.51492, 0.659, 0.76748, 0.8305]","[0.32508, 0.45128, 0.53032, 0.5592199999999999]",20pct_expanded_or_full_fallback,0.7756,0.4474
1284_05_WRI-L,PAT_GRAZ_1284,GRAZPEDWRI-DX,train,1,D:\projects\MediMind\ai-prediction-service\artifacts\fracture_v2\experiment5_localization\dataset\images\train\1284_0366490406_05_WRI-L1_M010.png,D:\projects\MediMind\ai-prediction-service\artifacts\fracture_v2\experiment5_localization\dataset\images\train\1284_0366490476_05_WRI-L2_M010.png,"[0.5069400000000001, 0.6382015, 0.736012, 0.7676744999999999]","[0.2860825, 0.63555, 0.5773195, 0.794118]","[0.4835, 0.6475, 0.7552, 0.7644]","[0.315, 0.6257, 0.5899, 0.7883]",0.7315,0.541,"[0.42916, 0.62412, 0.8095399999999999, 0.7877799999999999]","[0.26002000000000003, 0.59318, 0.64488, 0.82082]",20pct_expanded_or_full_fallback,0.773,0.7886
1285_01_WRI-L,PAT_GRAZ_1285,GRAZPEDWRI-DX,train,1,D:\projects\MediMind\ai-prediction-service\artifacts\fracture_v2\experiment5_localization\dataset\images\train\1285_0684299283_01_WRI-L1_M005.png,D:\projects\MediMind\ai-prediction-service\artifacts\fracture_v2\experiment5_localization\dataset\images\train\1285_0684299342_01_WRI-L2_M005.png,"[0.18599, 0.6602939999999999, 0.34541, 0.739706]","[0.451978, 0.5513655000000001, 0.782486, 0.6605985]","[0.1843, 0.6577, 0.3437, 0.7587]","[0.4437, 0.5438, 0.7823, 0.6455]",0.7968,0.6145,"[0.15242, 0.6375, 0.37558, 0.7789]","[0.37598, 0.5234599999999999, 0.85002, 0.66584]",20pct_expanded_or_full_fallback,0.7714,0.7883
1285_02_WRI-L,PAT_GRAZ_1285,GRAZPEDWRI-DX,train,1,D:\projects\MediMind\ai-prediction-service\artifacts\fracture_v2\experiment5_localization\dataset\images\train\1285_0691983355_02_WRI-L1_M005.png,D:\projects\MediMind\ai-prediction-service\artifacts\fracture_v2\experiment5_localization\dataset\images\train\1285_0691983381_02_WRI-L2_M005.png,"[0.469008, 0.5661155, 0.59814, 0.6456605]","[0.37849499999999997, 0.6408604999999999, 0.451613, 0.7043015]","[0.468, 0.5572, 0.5996, 0.6308]","[0.4402, 0.5743, 0.57, 0.6877]",0.5514,0.4743,"[0.44168, 0.5424800000000001, 0.62592, 0.64552]","[0.41424, 0.55162, 0.5959599999999999, 0.71038]",20pct_expanded_or_full_fallback,0.7198,0.4282
1286_01_WRI-L,PAT_GRAZ_1286,GRAZPEDWRI-DX,train,1,D:\projects\MediMind\ai-prediction-service\artifacts\fracture_v2\experiment5_localization\dataset\images\train\1286_1128274422_01_WRI-L1_M003.png,D:\projects\MediMind\ai-prediction-service\artifacts\fracture_v2\experiment5_localization\dataset\images\train\1286_1128274503_01_WRI-L2_M003.png,"[0.4961685, 0.49253749999999996, 0.7164755, 0.5522385]","[0.48126749999999996, 0.45151250000000004, 0.6138325, 0.5391035000000001]","[0.5042, 0.4889, 0.7154, 0.5616]","[0.4762, 0.4608, 0.6144, 0.5386]",0.8085,0.395,"[0.46196, 0.47436, 0.7576400000000001, 0.57614]","[0.44856, 0.44523999999999997, 0.6420399999999999, 0.55416]",20pct_expanded_or_full_fallback,0.7931,0.8559
1286_02_WRI-L,PAT_GRAZ_1286,GRAZPEDWRI-DX,train,1,D:\projects\MediMind\ai-prediction-service\artifacts\fracture_v2\experiment5_localization\dataset\images\train\1286_1129310059_02_WRI-L1_M003.png,D:\projects\MediMind\ai-prediction-service\artifacts\fracture_v2\experiment5_localization\dataset\images\train\1286_1129310131_02_WRI-L2_M003.png,"[0.480969, 0.4078215, 0.673011, 0.48743050000000004]","[0.322034, 0.378261, 0.514124, 0.471015]","[0.4752, 0.3892, 0.6817, 0.4987]","[0.3169, 0.3642, 0.5185, 0.4653]",0.8071,0.5146,"[0.4339, 0.3673, 0.723, 0.5206]","[0.27658000000000005, 0.34398, 0.55882, 0.48552]",20pct_expanded_or_full_fallback,0.6761,0.7784
1287_01_WRI-L,PAT_GRAZ_1287,GRAZPEDWRI-DX,train,1,D:\projects\MediMind\ai-prediction-service\artifacts\fracture_v2\experiment5_localization\dataset\images\train\1287_0729264206_01_WRI-L1_F005.png,D:\projects\MediMind\ai-prediction-service\artifacts\fracture_v2\experiment5_localization\dataset\images\train\1287_0729264255_01_WRI-L2_F005.png,"[0.5485295, 0.675963, 0.6705884999999999, 0.770253]","[0.45436449999999995, 0.634904, 0.5892855, 0.728052]","[0.5416, 0.6695, 0.6748, 0.7653]","[0.403, 0.5147, 0.5886, 0.5783]",0.6754,0.3402,"[0.51496, 0.65034, 0.70144, 0.7844599999999999]","[0.36588000000000004, 0.5019800000000001, 0.62572, 0.59102]",20pct_expanded_or_full_fallback,0.8159,0.0
1288_01_WRI-L,PAT_GRAZ_1288,GRAZPEDWRI-DX,train,1,D:\projects\MediMind\ai-prediction-service\artifacts\fracture_v2\experiment5_localization\dataset\images\train\1288_0754420700_01_WRI-L1_F004.png,D:\projects\MediMind\ai-prediction-service\artifacts\fracture_v2\experiment5_localization\dataset\images\train\1288_0754420744_01_WRI-L2_F004.png,"[0.5060724999999999, 0.5767264999999999, 0.6639675, 0.6713555]","[0.45701349999999996, 0.4852945000000001, 0.5972845, 0.5995475]","[0.5053, 0.5863, 0.6649, 0.6649]","[0.4573, 0.4795, 0.599, 0.5706]",0.7623,0.4119,"[0.47337999999999997, 0.5705800000000001, 0.6968200000000001, 0.68062]","[0.42896, 0.46127999999999997, 0.62734, 0.58882]",20pct_expanded_or_full_fallback,0.8232,0.7027
1290_01_WRI-R,PAT_GRAZ_1290,GRAZPEDWRI-DX,train,1,D:\projects\MediMind\ai-prediction-service\artifacts\fracture_v2\experiment5_localization\dataset\images\train\1290_0564885550_01_WRI-R1_F012.png,D:\projects\MediMind\ai-prediction-service\artifacts\fracture_v2\experiment5_localization\dataset\images\train\1290_0564885580_01_WRI-R2_F012.png,"[0.2345135, 0.31474450000000004, 0.6128325, 0.4102075]","[0.4268655, 0.5076335, 0.8298504999999999, 0.5982824999999999]","[0.2358, 0.3217, 0.6232, 0.4107]","[0.428, 0.5167, 0.8221, 0.5891]",0.698,0.7406,"[0.15832000000000002, 0.3039, 0.70068, 0.4285]","[0.34918, 0.5022200000000001, 0.90092, 0.6035799999999999]",20pct_expanded_or_full_fallback,0.8965,0.7811
1290_02_WRI-L,PAT_GRAZ_1290,GRAZPEDWRI-DX,train,1,D:\projects\MediMind\ai-prediction-service\artifacts\fracture_v2\experiment5_localization\dataset\images\train\1290_0587351106_02_WRI-L1_F013.png,D:\projects\MediMind\ai-prediction-service\artifacts\fracture_v2\experiment5_localization\dataset\images\train\1290_0587351129_02_WRI-L2_F013.png,"[0.41306899999999996, 0.5359345, 0.605601, 0.6324434999999999]","[0.356813, 0.5116035000000001, 0.491917, 0.6297465]",NONE,"[0.3457, 0.5712, 0.4851, 0.6458]",0.0,0.2761,FULL_IMAGE,"[0.31782, 0.55628, 0.51298, 0.6607200000000001]",20pct_expanded_or_full_fallback,0.0,0.3984
1292_01_WRI-R,PAT_GRAZ_1292,GRAZPEDWRI-DX,train,0,D:\projects\MediMind\ai-prediction-service\artifacts\fracture_v2\experiment5_localization\dataset\images\train\1292_0598214119_01_WRI-R1_F009.png,D:\projects\MediMind\ai-prediction-service\artifacts\fracture_v2\experiment5_localization\dataset\images\train\1292_0598214146_01_WRI-R2_F009.png,NONE,NONE,NONE,NONE,0.0,0.0,FULL_IMAGE,FULL_IMAGE,20pct_expanded_or_full_fallback,0.0,0.0
1294_01_WRI-L,PAT_GRAZ_1294,GRAZPEDWRI-DX,train,1,D:\projects\MediMind\ai-prediction-service\artifacts\fracture_v2\experiment5_localization\dataset\images\train\1294_1055410051_01_WRI-L1_M010.png,D:\projects\MediMind\ai-prediction-service\artifacts\fracture_v2\experiment5_localization\dataset\images\train\1294_1055410070_01_WRI-L2_M010.png,"[0.5075305, 0.4382155, 0.7048195, 0.5434785]","[0.39500050000000003, 0.374252, 0.5733335, 0.458084]","[0.5107, 0.4427, 0.7073, 0.5394]","[0.4, 0.3828, 0.5777, 0.456]",0.7568,0.8034,"[0.47138, 0.42335999999999996, 0.7466200000000001, 0.55874]","[0.36446, 0.36816, 0.61324, 0.47064]",20pct_expanded_or_full_fallback,0.8936,0.8309
1295_01_WRI-L,PAT_GRAZ_1295,GRAZPEDWRI-DX,train,0,D:\projects\MediMind\ai-prediction-service\artifacts\fracture_v2\experiment5_localization\dataset\images\train\1295_0919246878_01_WRI-L1_F005.png,D:\projects\MediMind\ai-prediction-service\artifacts\fracture_v2\experiment5_localization\dataset\images\train\1295_0919246907_01_WRI-L2_F005.png,NONE,NONE,NONE,"[0.6515, 0.1431, 0.8417, 0.2324]",0.0,0.3573,FULL_IMAGE,"[0.61346, 0.12524000000000002, 0.87974, 0.25026]",20pct_expanded_or_full_fallback,0.0,0.0
1296_01_WRI-L,PAT_GRAZ_1296,GRAZPEDWRI-DX,train,0,D:\projects\MediMind\ai-prediction-service\artifacts\fracture_v2\experiment5_localization\dataset\images\train\1296_0590400053_01_WRI-L1_F005.png,D:\projects\MediMind\ai-prediction-service\artifacts\fracture_v2\experiment5_localization\dataset\images\train\1296_0590400222_01_WRI-L2_F005.png,NONE,NONE,"[0.5825, 0.4229, 0.7135, 0.5721]",NONE,0.1774,0.0,"[0.5563, 0.39305999999999996, 0.7397, 0.60194]",FULL_IMAGE,20pct_expanded_or_full_fallback,0.0,0.0
1297_01_WRI-R,PAT_GRAZ_1297,GRAZPEDWRI-DX,train,0,D:\projects\MediMind\ai-prediction-service\artifacts\fracture_v2\experiment5_localization\dataset\images\train\1297_0544497588_01_WRI-R1_F006.png,D:\projects\MediMind\ai-prediction-service\artifacts\fracture_v2\experiment5_localization\dataset\images\train\1297_0544497627_01_WRI-R2_F006.png,NONE,NONE,NONE,NONE,0.0,0.0,FULL_IMAGE,FULL_IMAGE,20pct_expanded_or_full_fallback,0.0,0.0
1298_03_WRI-R,PAT_GRAZ_1298,GRAZPEDWRI-DX,train,1,D:\projects\MediMind\ai-prediction-service\artifacts\fracture_v2\experiment5_localization\dataset\images\train\1298_1098297136_03_WRI-R1_M014.png,D:\projects\MediMind\ai-prediction-service\artifacts\fracture_v2\experiment5_localization\dataset\images\train\1298_1098297183_03_WRI-R2_M014.png,"[0.3990895, 0.434066, 0.6555384999999999, 0.5062800000000001]","[0.5097695, 0.3860145, 0.7726465, 0.45874149999999997]","[0.4046, 0.4296, 0.6579, 0.5083]","[0.5229, 0.3959, 0.7792, 0.459]",0.7774,0.8052,"[0.35394000000000003, 0.41386, 0.7085600000000001, 0.52404]","[0.47164000000000006, 0.38327999999999995, 0.83046, 0.47162000000000004]",20pct_expanded_or_full_fallback,0.8912,0.8009
1301_01_WRI-R,PAT_GRAZ_1301,GRAZPEDWRI-DX,train,0,D:\projects\MediMind\ai-prediction-service\artifacts\fracture_v2\experiment5_localization\dataset\images\train\1301_0483700441_01_WRI-R1_F010.png,D:\projects\MediMind\ai-prediction-service\artifacts\fracture_v2\experiment5_localization\dataset\images\train\1301_0483700472_01_WRI-R2_F010.png,NONE,NONE,NONE,NONE,0.0,0.0,FULL_IMAGE,FULL_IMAGE,20pct_expanded_or_full_fallback,0.0,0.0
1305_01_WRI-L,PAT_GRAZ_1305,GRAZPEDWRI-DX,train,0,D:\projects\MediMind\ai-prediction-service\artifacts\fracture_v2\experiment5_localization\dataset\images\train\1305_0106304772_01_WRI-L1_M015.png,D:\projects\MediMind\ai-prediction-service\artifacts\fracture_v2\experiment5_localization\dataset\images\train\1305_0106304795_01_WRI-L2_M015.png,NONE,NONE,NONE,NONE,0.0,0.0,FULL_IMAGE,FULL_IMAGE,20pct_expanded_or_full_fallback,0.0,0.0
1307_02_WRI-R,PAT_GRAZ_1307,GRAZPEDWRI-DX,train,0,D:\projects\MediMind\ai-prediction-service\artifacts\fracture_v2\experiment5_localization\dataset\images\train\1307_0978253104_02_WRI-R1_M017.png,D:\projects\MediMind\ai-prediction-service\artifacts\fracture_v2\experiment5_localization\dataset\images\train\1307_0978253167_02_WRI-R2_M017.png,NONE,NONE,NONE,NONE,0.0,0.0,FULL_IMAGE,FULL_IMAGE,20pct_expanded_or_full_fallback,0.0,0.0
1309_01_WRI-R,PAT_GRAZ_1309,GRAZPEDWRI-DX,train,1,D:\projects\MediMind\ai-prediction-service\artifacts\fracture_v2\experiment5_localization\dataset\images\train\1309_0670194872_01_WRI-R1_M012.png,D:\projects\MediMind\ai-prediction-service\artifacts\fracture_v2\experiment5_localization\dataset\images\train\1309_0670194953_01_WRI-R2_M012.png,NONE,"[0.38748150000000003, 0.42248050000000004, 0.6482865, 0.5174415]","[0.3515, 0.6744, 0.4995, 0.7479]",NONE,0.3386,0.0,"[0.32189999999999996, 0.6597, 0.5291, 0.7626000000000001]",FULL_IMAGE,20pct_expanded_or_full_fallback,0.0,0.0
1309_02_WRI-R,PAT_GRAZ_1309,GRAZPEDWRI-DX,train,1,D:\projects\MediMind\ai-prediction-service\artifacts\fracture_v2\experiment5_localization\dataset\images\train\1309_0671231150_02_WRI-R1_M012.png,D:\projects\MediMind\ai-prediction-service\artifacts\fracture_v2\experiment5_localization\dataset\images\train\1309_0671231212_02_WRI-R2_M012.png,"[0.748768, 0.317814, 0.832512, 0.370446]","[0.42564750000000007, 0.38160150000000004, 0.6521145, 0.4650765]","[0.7381, 0.3113, 0.8431, 0.3727]","[0.4362, 0.5334, 0.5895, 0.6104]",0.5442,0.5089,"[0.7171, 0.29902, 0.8641, 0.38498]","[0.40553999999999996, 0.518, 0.62016, 0.6258]",20pct_expanded_or_full_fallback,0.6837,0.0
1310_01_WRI-R,PAT_GRAZ_1310,GRAZPEDWRI-DX,train,0,D:\projects\MediMind\ai-prediction-service\artifacts\fracture_v2\experiment5_localization\dataset\images\train\1310_0983609557_01_WRI-R1_F012.png,D:\projects\MediMind\ai-prediction-service\artifacts\fracture_v2\experiment5_localization\dataset\images\train\1310_0983609589_01_WRI-R2_F012.png,NONE,NONE,NONE,NONE,0.0,0.0,FULL_IMAGE,FULL_IMAGE,20pct_expanded_or_full_fallback,0.0,0.0
1311_01_WRI-L,PAT_GRAZ_1311,GRAZPEDWRI-DX,train,1,D:\projects\MediMind\ai-prediction-service\artifacts\fracture_v2\experiment5_localization\dataset\images\train\1311_0913698909_01_WRI-L1_M006.png,D:\projects\MediMind\ai-prediction-service\artifacts\fracture_v2\experiment5_localization\dataset\images\train\1311_0913698949_01_WRI-L2_M006.png,"[0.427948, 0.42060450000000005, 0.537118, 0.4725895]","[0.454546, 0.4016395, 0.57079, 0.4608385]","[0.2334, 0.4286, 0.3647, 0.5]","[0.4539, 0.3976, 0.5726, 0.4591]",0.8642,0.7076,"[0.20714, 0.41431999999999997, 0.39096000000000003, 0.51428]","[0.43016000000000004, 0.38530000000000003, 0.59634, 0.4714]",20pct_expanded_or_full_fallback,0.8328,0.8903
1311_02_WRI-L,PAT_GRAZ_1311,GRAZPEDWRI-DX,train,1,D:\projects\MediMind\ai-prediction-service\artifacts\fracture_v2\experiment5_localization\dataset\images\train\1311_0913703578_02_WRI-L1_M006.png,D:\projects\MediMind\ai-prediction-service\artifacts\fracture_v2\experiment5_localization\dataset\images\train\1311_0913703614_02_WRI-L2_M006.png,"[0.516461, 0.45249599999999995, 0.623457, 0.512882]","[0.36891, 0.3730035, 0.447796, 0.4161345]","[0.5169, 0.4504, 0.6254, 0.5136]","[0.3678, 0.3657, 0.4485, 0.4228]",0.8361,0.3466,"[0.49520000000000003, 0.43776000000000004, 0.6470999999999999, 0.5262399999999999]","[0.35166000000000003, 0.35428000000000004, 0.46464, 0.43422]",20pct_expanded_or_full_fallback,0.9348,0.7384
1311_04_WRI-L,PAT_GRAZ_1311,GRAZPEDWRI-DX,train,1,D:\projects\MediMind\ai-prediction-service\artifacts\fracture_v2\experiment5_localization\dataset\images\train\1311_0915044987_04_WRI-L1_M006.png,D:\projects\MediMind\ai-prediction-service\artifacts\fracture_v2\experiment5_localization\dataset\images\train\1311_0915044872_04_WRI-L2_M006.png,"[0.254839, 0.641723, 0.366129, 0.697279]","[0.4832715000000001, 0.6622435, 0.6375465, 0.7659825]","[0.4354, 0.6372, 0.5838, 0.7126]","[0.4767, 0.6581, 0.6395, 0.7911]",0.671,0.4688,"[0.40572, 0.62212, 0.61348, 0.72768]","[0.44414000000000003, 0.6315000000000001, 0.67206, 0.8177]",20pct_expanded_or_full_fallback,0.8869,0.7391
1318_01_WRI-R,PAT_GRAZ_1318,GRAZPEDWRI-DX,train,0,D:\projects\MediMind\ai-prediction-service\artifacts\fracture_v2\experiment5_localization\dataset\images\train\1318_0208151605_01_WRI-R1_F017.png,D:\projects\MediMind\ai-prediction-service\artifacts\fracture_v2\experiment5_localization\dataset\images\train\1318_0208151643_01_WRI-R2_F017.png,NONE,NONE,NONE,NONE,0.0,0.0,FULL_IMAGE,FULL_IMAGE,20pct_expanded_or_full_fallback,0.0,0.0
1319_01_WRI-L,PAT_GRAZ_1319,GRAZPEDWRI-DX,train,1,D:\projects\MediMind\ai-prediction-service\artifacts\fracture_v2\experiment5_localization\dataset\images\train\1319_0958857156_01_WRI-L1_F010.png,D:\projects\MediMind\ai-prediction-service\artifacts\fracture_v2\experiment5_localization\dataset\images\train\1319_0958857193_01_WRI-L2_F010.png,"[0.1787705, 0.669339, 0.3202975, 0.742485]",NONE,"[0.1808, 0.6653, 0.3208, 0.7306]",NONE,0.4199,0.0,"[0.1528, 0.65224, 0.3488, 0.74366]",FULL_IMAGE,20pct_expanded_or_full_fallback,0.7806,0.0
1321_01_WRI-L,PAT_GRAZ_1321,GRAZPEDWRI-DX,train,1,D:\projects\MediMind\ai-prediction-service\artifacts\fracture_v2\experiment5_localization\dataset\images\train\1321_0551456569_01_WRI-L1_M010.png,D:\projects\MediMind\ai-prediction-service\artifacts\fracture_v2\experiment5_localization\dataset\images\train\1321_0551456587_01_WRI-L2_M010.png,"[0.6487339999999999, 0.3633485, 0.873418, 0.4447075]","[0.44518749999999996, 0.377241, 0.6016045, 0.448965]","[0.6427, 0.3623, 0.8823, 0.4529]","[0.4252, 0.3735, 0.6047, 0.4404]",0.846,0.84,"[0.5947800000000001, 0.34418, 0.9302199999999999, 0.47102000000000005]","[0.38930000000000003, 0.36012, 0.6406000000000001, 0.45378]",20pct_expanded_or_full_fallback,0.8421,0.7401
1321_02_WRI-L,PAT_GRAZ_1321,GRAZPEDWRI-DX,train,1,D:\projects\MediMind\ai-prediction-service\artifacts\fracture_v2\experiment5_localization\dataset\images\train\1321_0553865178_02_WRI-L1_M010.png,D:\projects\MediMind\ai-prediction-service\artifacts\fracture_v2\experiment5_localization\dataset\images\train\1321_0553865209_02_WRI-L2_M010.png,"[0.18484250000000002, 0.4307455, 0.3622915, 0.4977165]","[0.39491550000000003, 0.28409100000000004, 0.5779665, 0.362879]","[0.4956, 0.3955, 0.753, 0.4656]","[0.376, 0.2739, 0.5765, 0.3457]",0.8254,0.7712,"[0.44411999999999996, 0.38148000000000004, 0.80448, 0.47962]","[0.3359, 0.25954, 0.6166, 0.36006]",20pct_expanded_or_full_fallback,0.85,0.6345
1321_03_WRI-L,PAT_GRAZ_1321,GRAZPEDWRI-DX,train,1,D:\projects\MediMind\ai-prediction-service\artifacts\fracture_v2\experiment5_localization\dataset\images\train\1321_0559516288_03_WRI-L1_M010.png,D:\projects\MediMind\ai-prediction-service\artifacts\fracture_v2\experiment5_localization\dataset\images\train\1321_0559516259_03_WRI-L2_M010.png,"[0.3879565, 0.274096, 0.5153015, 0.33509]","[0.506903, 0.3571425, 0.690335, 0.4681675]","[0.3875, 0.2674, 0.5146, 0.3339]","[0.4871, 0.3621, 0.6898, 0.4872]",0.7526,0.5014,"[0.36208, 0.25410000000000005, 0.54002, 0.34719999999999995]","[0.44655999999999996, 0.33708, 0.73034, 0.51222]",20pct_expanded_or_full_fallback,0.876,0.737
1323_01_WRI-L,PAT_GRAZ_1323,GRAZPEDWRI-DX,train,0,D:\projects\MediMind\ai-prediction-service\artifacts\fracture_v2\experiment5_localization\dataset\images\train\1323_1158242583_01_WRI-L1_F012.png,D:\projects\MediMind\ai-prediction-service\artifacts\fracture_v2\experiment5_localization\dataset\images\train\1323_1158242635_01_WRI-L2_F012.png,NONE,NONE,NONE,NONE,0.0,0.0,FULL_IMAGE,FULL_IMAGE,20pct_expanded_or_full_fallback,0.0,0.0
1324_01_WRI-L,PAT_GRAZ_1324,GRAZPEDWRI-DX,train,1,D:\projects\MediMind\ai-prediction-service\artifacts\fracture_v2\experiment5_localization\dataset\images\train\1324_0597435523_01_WRI-L1_M013.png,D:\projects\MediMind\ai-prediction-service\artifacts\fracture_v2\experiment5_localization\dataset\images\train\1324_0597435577_01_WRI-L2_M013.png,"[0.418215, 0.5393675, 0.710037, 0.6497424999999999]","[0.3920265, 0.531843, 0.5780735, 0.633469]","[0.4245, 0.551, 0.7269, 0.6453]","[0.3839, 0.5413, 0.585, 0.6186]",0.7382,0.6368,"[0.36402, 0.5321400000000001, 0.78738, 0.66416]","[0.34368000000000004, 0.52584, 0.62522, 0.6340600000000001]",20pct_expanded_or_full_fallback,0.7966,0.7165
1324_02_WRI-L,PAT_GRAZ_1324,GRAZPEDWRI-DX,train,1,D:\projects\MediMind\ai-prediction-service\artifacts\fracture_v2\experiment5_localization\dataset\images\train\1324_0598047414_02_WRI-L1_M013.png,D:\projects\MediMind\ai-prediction-service\artifacts\fracture_v2\experiment5_localization\dataset\images\train\1324_0598047469_02_WRI-L2_M013.png,"[0.412686, 0.6066075, 0.651074, 0.7164225]","[0.2641165, 0.585257, 0.5828775, 0.777975]","[0.4155, 0.5803, 0.6738, 0.7246]","[0.3335, 0.6134, 0.5311, 0.7193]",0.662,0.6156,"[0.36384, 0.55144, 0.72546, 0.75346]","[0.29398, 0.59222, 0.57062, 0.74048]",20pct_expanded_or_full_fallback,0.6884,0.3406
1324_03_WRI-L,PAT_GRAZ_1324,GRAZPEDWRI-DX,train,1,D:\projects\MediMind\ai-prediction-service\artifacts\fracture_v2\experiment5_localization\dataset\images\train\1324_0599164612_03_WRI-L1_M013.png,D:\projects\MediMind\ai-prediction-service\artifacts\fracture_v2\experiment5_localization\dataset\images\train\1324_0599164640_03_WRI-L2_M013.png,"[0.33884349999999996, 0.5426295, 0.6115705, 0.7522205000000001]","[0.32375449999999995, 0.516453, 0.6321835, 0.6608769999999999]","[0.332, 0.5636, 0.6202, 0.691]","[0.3653, 0.5258, 0.6404, 0.6477]",0.7263,0.6179,"[0.27436000000000005, 0.53812, 0.67784, 0.7164799999999999]","[0.31028, 0.5014200000000001, 0.6954199999999999, 0.67208]",20pct_expanded_or_full_fallback,0.5876,0.7143
1326_01_WRI-R,PAT_GRAZ_1326,GRAZPEDWRI-DX,train,1,D:\projects\MediMind\ai-prediction-service\artifacts\fracture_v2\experiment5_localization\dataset\images\train\1326_0381552622_01_WRI-R1_M014.png,D:\projects\MediMind\ai-prediction-service\artifacts\fracture_v2\experiment5_localization\dataset\images\train\1326_0381552712_01_WRI-R2_M014.png,"[0.290598, 0.5880285000000001, 0.534188, 0.7218315]","[0.3956390000000001, 0.5087545, 0.624611, 0.5836574999999999]","[0.2867, 0.6053, 0.5429, 0.7231]","[0.3851, 0.4913, 0.6274, 0.5944]",0.5347,0.473,"[0.23546, 0.5817399999999999, 0.5941400000000001, 0.74666]","[0.33664, 0.47068, 0.6758599999999999, 0.61502]",20pct_expanded_or_full_fallback,0.8255,0.6865
1326_02_WRI-R,PAT_GRAZ_1326,GRAZPEDWRI-DX,train,1,D:\projects\MediMind\ai-prediction-service\artifacts\fracture_v2\experiment5_localization\dataset\images\train\1326_0402842848_02_WRI-R1_M014.png,D:\projects\MediMind\ai-prediction-service\artifacts\fracture_v2\experiment5_localization\dataset\images\train\1326_0402842868_02_WRI-R2_M014.png,"[0.301353, 0.30870949999999997, 0.484625, 0.3934685]","[0.354059, 0.353242, 0.599309, 0.6006819999999999]",NONE,NONE,0.0,0.0,FULL_IMAGE,FULL_IMAGE,20pct_expanded_or_full_fallback,0.0,0.0
1326_03_WRI-R,PAT_GRAZ_1326,GRAZPEDWRI-DX,train,1,D:\projects\MediMind\ai-prediction-service\artifacts\fracture_v2\experiment5_localization\dataset\images\train\1326_0417712002_03_WRI-R1_M015.png,D:\projects\MediMind\ai-prediction-service\artifacts\fracture_v2\experiment5_localization\dataset\images\train\1326_0417712040_03_WRI-R2_M015.png,NONE,"[0.37349400000000005, 0.5160745, 0.6445780000000001, 0.8527914999999999]",NONE,NONE,0.0,0.0,FULL_IMAGE,FULL_IMAGE,20pct_expanded_or_full_fallback,0.0,0.0
1330_01_WRI-L,PAT_GRAZ_1330,GRAZPEDWRI-DX,train,1,D:\projects\MediMind\ai-prediction-service\artifacts\fracture_v2\experiment5_localization\dataset\images\train\1330_0370508209_01_WRI-L1_M010.png,D:\projects\MediMind\ai-prediction-service\artifacts\fracture_v2\experiment5_localization\dataset\images\train\1330_0370508246_01_WRI-L2_M010.png,"[0.4107145, 0.484375, 0.6303575, 0.670037]","[0.3259665, 0.453861, 0.5340695, 0.577213]","[0.4124, 0.4803, 0.644, 0.562]","[0.3283, 0.4713, 0.5348, 0.5672]",0.7687,0.666,"[0.36607999999999996, 0.46396, 0.69032, 0.5783400000000001]","[0.287, 0.45211999999999997, 0.5761000000000001, 0.58638]",20pct_expanded_or_full_fallback,0.3955,0.7666
1332_01_WRI-R,PAT_GRAZ_1332,GRAZPEDWRI-DX,train,1,D:\projects\MediMind\ai-prediction-service\artifacts\fracture_v2\experiment5_localization\dataset\images\train\1332_1059612309_01_WRI-R1_M002.png,D:\projects\MediMind\ai-prediction-service\artifacts\fracture_v2\experiment5_localization\dataset\images\train\1332_1059612348_01_WRI-R2_M002.png,"[0.3386455, 0.446372, 0.5498005, 0.526814]","[0.49096400000000007, 0.4220785, 0.73494, 0.5227275]","[0.3377, 0.4436, 0.5489, 0.5274]","[0.4836, 0.4401, 0.7281, 0.5295]",0.5779,0.5089,"[0.29546, 0.42684, 0.5911400000000001, 0.54416]","[0.4347, 0.42222, 0.7769999999999999, 0.54738]",20pct_expanded_or_full_fallback,0.9517,0.7306
1333_01_WRI-L,PAT_GRAZ_1333,GRAZPEDWRI-DX,train,1,D:\projects\MediMind\ai-prediction-service\artifacts\fracture_v2\experiment5_localization\dataset\images\train\1333_1100989064_01_WRI-L1_M012.png,D:\projects\MediMind\ai-prediction-service\artifacts\fracture_v2\experiment5_localization\dataset\images\train\1333_1100989100_01_WRI-L2_M012.png,"[0.4769025, 0.555, 0.6779895, 0.634]","[0.4080375, 0.5790075, 0.5780525, 0.6862305000000001]","[0.4791, 0.5576, 0.6795, 0.6366]","[0.4036, 0.5784, 0.5904, 0.6788]",0.467,0.3756,"[0.43902, 0.5418, 0.71958, 0.6524000000000001]","[0.36624, 0.55832, 0.6277600000000001, 0.69888]",20pct_expanded_or_full_fallback,0.9197,0.8475
1334_01_WRI-L,PAT_GRAZ_1334,GRAZPEDWRI-DX,train,1,D:\projects\MediMind\ai-prediction-service\artifacts\fracture_v2\experiment5_localization\dataset\images\train\1334_0690187536_01_WRI-L1_M015.png,D:\projects\MediMind\ai-prediction-service\artifacts\fracture_v2\experiment5_localization\dataset\images\train\1334_0690187578_01_WRI-L2_M015.png,"[0.19115300000000002, 0.3589445, 0.333333, 0.4415135]","[0.24568149999999997, 0.436099, 0.6487525, 0.569507]","[0.4202, 0.4023, 0.7674, 0.547]","[0.2737, 0.4965, 0.5093, 0.5782]",0.5385,0.2665,"[0.35076, 0.37335999999999997, 0.8368399999999999, 0.57594]","[0.22658, 0.48016, 0.5564199999999999, 0.5945400000000001]",20pct_expanded_or_full_fallback,0.7652,0.3081
1334_02_WRI-L,PAT_GRAZ_1334,GRAZPEDWRI-DX,train,1,D:\projects\MediMind\ai-prediction-service\artifacts\fracture_v2\experiment5_localization\dataset\images\train\1334_0690781242_02_WRI-L1_M015.png,D:\projects\MediMind\ai-prediction-service\artifacts\fracture_v2\experiment5_localization\dataset\images\train\1334_0690781299_02_WRI-L2_M015.png,"[0.22599750000000002, 0.381371, 0.35598250000000004, 0.453427]","[0.296959, 0.436599, 0.608229, 0.507925]","[0.2471, 0.5051, 0.3976, 0.5646]","[0.3051, 0.4391, 0.6066, 0.5085]",0.3106,0.7011,"[0.21699999999999997, 0.49319999999999997, 0.4277, 0.5765]","[0.24479999999999996, 0.42522, 0.6669, 0.52238]",20pct_expanded_or_full_fallback,0.0,0.9274
1334_03_WRI-L,PAT_GRAZ_1334,GRAZPEDWRI-DX,train,1,D:\projects\MediMind\ai-prediction-service\artifacts\fracture_v2\experiment5_localization\dataset\images\train\1334_0691389796_03_WRI-L1_M015.png,D:\projects\MediMind\ai-prediction-service\artifacts\fracture_v2\experiment5_localization\dataset\images\train\1334_0691389825_03_WRI-L2_M015.png,"[0.483823, 0.363229, 0.7985289999999999, 0.471973]","[0.3896275, 0.47908149999999994, 0.6476065, 0.5676785]","[0.2638, 0.3308, 0.3755, 0.4099]","[0.3892, 0.4778, 0.6406, 0.572]",0.3389,0.4179,"[0.24145999999999998, 0.31498, 0.39784, 0.42572]","[0.33892, 0.45896000000000003, 0.6908799999999999, 0.5908399999999999]",20pct_expanded_or_full_fallback,0.7794,0.9149
1334_04_WRI-L,PAT_GRAZ_1334,GRAZPEDWRI-DX,train,1,D:\projects\MediMind\ai-prediction-service\artifacts\fracture_v2\experiment5_localization\dataset\images\train\1334_0693201553_04_WRI-L1_M015.png,D:\projects\MediMind\ai-prediction-service\artifacts\fracture_v2\experiment5_localization\dataset\images\train\1334_0693201611_04_WRI-L2_M015.png,"[0.4380615, 0.50907, 0.8114905, 0.636054]","[0.16152049999999998, 0.557214, 0.5558195, 0.6840799999999999]","[0.1945, 0.4805, 0.3336, 0.5621]","[0.1755, 0.5784, 0.5434, 0.6871]",0.6085,0.4508,"[0.16668, 0.46418, 0.36142, 0.57842]","[0.10191999999999998, 0.55666, 0.61698, 0.70884]",20pct_expanded_or_full_fallback,0.7509,0.7603
1335_01_WRI-R,PAT_GRAZ_1335,GRAZPEDWRI-DX,train,1,D:\projects\MediMind\ai-prediction-service\artifacts\fracture_v2\experiment5_localization\dataset\images\train\1335_1182968428_01_WRI-R1_M005.png,D:\projects\MediMind\ai-prediction-service\artifacts\fracture_v2\experiment5_localization\dataset\images\train\1335_1182968472_01_WRI-R2_M005.png,"[0.353535, 0.6039264999999999, 0.555555, 0.6974595]","[0.3663, 0.5380435, 0.571428, 0.6282605]","[0.3547, 0.6106, 0.5523, 0.6864]","[0.365, 0.5446, 0.5551, 0.6168]",0.8341,0.635,"[0.31518, 0.5954400000000001, 0.59182, 0.70156]","[0.32698, 0.53016, 0.5931200000000001, 0.63124]",20pct_expanded_or_full_fallback,0.7927,0.7329
1336_01_WRI-R,PAT_GRAZ_1336,GRAZPEDWRI-DX,train,1,D:\projects\MediMind\ai-prediction-service\artifacts\fracture_v2\experiment5_localization\dataset\images\train\1336_0744267416_01_WRI-R1_F007.png,D:\projects\MediMind\ai-prediction-service\artifacts\fracture_v2\experiment5_localization\dataset\images\train\1336_0744267458_01_WRI-R2_F007.png,"[0.314748, 0.4347385, 0.532374, 0.4861255]","[0.4750965, 0.4052995, 0.6628354999999999, 0.4612365]",NONE,"[0.4783, 0.4002, 0.6513, 0.4534]",0.0,0.6087,FULL_IMAGE,"[0.4437, 0.38956, 0.6859, 0.46404]",20pct_expanded_or_full_fallback,0.0,0.731
1336_02_WRI-L,PAT_GRAZ_1336,GRAZPEDWRI-DX,train,0,D:\projects\MediMind\ai-prediction-service\artifacts\fracture_v2\experiment5_localization\dataset\images\train\1336_0833928310_02_WRI-L1_F010.png,D:\projects\MediMind\ai-prediction-service\artifacts\fracture_v2\experiment5_localization\dataset\images\train\1336_0833928341_02_WRI-L2_F010.png,NONE,NONE,NONE,NONE,0.0,0.0,FULL_IMAGE,FULL_IMAGE,20pct_expanded_or_full_fallback,0.0,0.0
1338_01_WRI-R,PAT_GRAZ_1338,GRAZPEDWRI-DX,train,0,D:\projects\MediMind\ai-prediction-service\artifacts\fracture_v2\experiment5_localization\dataset\images\train\1338_0649146521_01_WRI-R1_M011.png,D:\projects\MediMind\ai-prediction-service\artifacts\fracture_v2\experiment5_localization\dataset\images\train\1338_0649146545_01_WRI-R2_M011.png,NONE,NONE,NONE,NONE,0.0,0.0,FULL_IMAGE,FULL_IMAGE,20pct_expanded_or_full_fallback,0.0,0.0
1339_01_WRI-R,PAT_GRAZ_1339,GRAZPEDWRI-DX,train,0,D:\projects\MediMind\ai-prediction-service\artifacts\fracture_v2\experiment5_localization\dataset\images\train\1339_0477549458_01_WRI-R1_M012.png,D:\projects\MediMind\ai-prediction-service\artifacts\fracture_v2\experiment5_localization\dataset\images\train\1339_0477549486_01_WRI-R2_M012.png,NONE,NONE,NONE,NONE,0.0,0.0,FULL_IMAGE,FULL_IMAGE,20pct_expanded_or_full_fallback,0.0,0.0
1342_01_WRI-R,PAT_GRAZ_1342,GRAZPEDWRI-DX,train,1,D:\projects\MediMind\ai-prediction-service\artifacts\fracture_v2\experiment5_localization\dataset\images\train\1342_0844831400_01_WRI-R1_F009.png,D:\projects\MediMind\ai-prediction-service\artifacts\fracture_v2\experiment5_localization\dataset\images\train\1342_0844831428_01_WRI-R2_F009.png,"[0.30417500000000003, 0.489709, 0.580517, 0.549743]","[0.480861, 0.3550605, 0.758373, 0.4133795]","[0.3002, 0.4809, 0.5876, 0.545]","[0.4812, 0.3539, 0.7565, 0.4089]",0.644,0.6277,"[0.24272000000000002, 0.46808, 0.64508, 0.5578200000000001]","[0.42614, 0.3429, 0.81156, 0.4199]",20pct_expanded_or_full_fallback,0.7743,0.8981
1342_02_WRI-L,PAT_GRAZ_1342,GRAZPEDWRI-DX,train,0,D:\projects\MediMind\ai-prediction-service\artifacts\fracture_v2\experiment5_localization\dataset\images\train\1342_0926549905_02_WRI-L1_F012.png,D:\projects\MediMind\ai-prediction-service\artifacts\fracture_v2\experiment5_localization\dataset\images\train\1342_0926549934_02_WRI-L2_F012.png,NONE,NONE,NONE,NONE,0.0,0.0,FULL_IMAGE,FULL_IMAGE,20pct_expanded_or_full_fallback,0.0,0.0
1342_03_WRI-L,PAT_GRAZ_1342,GRAZPEDWRI-DX,train,0,D:\projects\MediMind\ai-prediction-service\artifacts\fracture_v2\experiment5_localization\dataset\images\train\1342_0927413759_03_WRI-L1_F012.png,D:\projects\MediMind\ai-prediction-service\artifacts\fracture_v2\experiment5_localization\dataset\images\train\1342_0927413785_03_WRI-L2_F012.png,NONE,NONE,NONE,NONE,0.0,0.0,FULL_IMAGE,FULL_IMAGE,20pct_expanded_or_full_fallback,0.0,0.0
1343_01_WRI-L,PAT_GRAZ_1343,GRAZPEDWRI-DX,train,0,D:\projects\MediMind\ai-prediction-service\artifacts\fracture_v2\experiment5_localization\dataset\images\train\1343_0712258774_01_WRI-L1_M012.png,D:\projects\MediMind\ai-prediction-service\artifacts\fracture_v2\experiment5_localization\dataset\images\train\1343_0712258802_01_WRI-L2_M012.png,NONE,NONE,NONE,NONE,0.0,0.0,FULL_IMAGE,FULL_IMAGE,20pct_expanded_or_full_fallback,0.0,0.0
1343_02_WRI-R,PAT_GRAZ_1343,GRAZPEDWRI-DX,train,0,D:\projects\MediMind\ai-prediction-service\artifacts\fracture_v2\experiment5_localization\dataset\images\train\1343_0756709035_02_WRI-R1_M013.png,D:\projects\MediMind\ai-prediction-service\artifacts\fracture_v2\experiment5_localization\dataset\images\train\1343_0756709076_02_WRI-R2_M013.png,NONE,NONE,NONE,NONE,0.0,0.0,FULL_IMAGE,FULL_IMAGE,20pct_expanded_or_full_fallback,0.0,0.0
1344_01_WRI-L,PAT_GRAZ_1344,GRAZPEDWRI-DX,train,1,D:\projects\MediMind\ai-prediction-service\artifacts\fracture_v2\experiment5_localization\dataset\images\train\1344_0711972329_01_WRI-L1_M010.png,D:\projects\MediMind\ai-prediction-service\artifacts\fracture_v2\experiment5_localization\dataset\images\train\1344_0711972367_01_WRI-L2_M010.png,"[0.47637100000000004, 0.44482049999999995, 0.729679, 0.5292795]","[0.329016, 0.4086025, 0.61399, 0.4932795]",NONE,"[0.3253, 0.4129, 0.6055, 0.4872]",0.0,0.5191,FULL_IMAGE,"[0.26925999999999994, 0.39804, 0.66154, 0.5020600000000001]",20pct_expanded_or_full_fallback,0.0,0.8417
1345_01_WRI-L,PAT_GRAZ_1345,GRAZPEDWRI-DX,train,1,D:\projects\MediMind\ai-prediction-service\artifacts\fracture_v2\experiment5_localization\dataset\images\train\1345_0618010169_01_WRI-L1_F011.png,D:\projects\MediMind\ai-prediction-service\artifacts\fracture_v2\experiment5_localization\dataset\images\train\1345_0618010231_01_WRI-L2_F011.png,"[0.525455, 0.7167380000000001, 0.789091, 0.792918]","[0.31355900000000003, 0.564102, 0.576271, 0.6163]","[0.5329, 0.7151, 0.7938, 0.7938]","[0.3153, 0.5565, 0.5792, 0.622]",0.749,0.724,"[0.48072000000000004, 0.69936, 0.84598, 0.8095399999999999]","[0.26252000000000003, 0.5434, 0.6319800000000001, 0.6351]",20pct_expanded_or_full_fallback,0.925,0.7839
1345_02_WRI-L,PAT_GRAZ_1345,GRAZPEDWRI-DX,train,1,D:\projects\MediMind\ai-prediction-service\artifacts\fracture_v2\experiment5_localization\dataset\images\train\1345_0618585927_02_WRI-L1_F011.png,D:\projects\MediMind\ai-prediction-service\artifacts\fracture_v2\experiment5_localization\dataset\images\train\1345_0618585989_02_WRI-L2_F011.png,"[0.44942000000000004, 0.5852155, 0.689884, 0.6488705]","[0.3917045, 0.450052, 0.6843315, 0.526262]","[0.4567, 0.5804, 0.6922, 0.6624]","[0.4046, 0.4446, 0.6865, 0.5218]",0.7641,0.7765,"[0.40959999999999996, 0.5640000000000001, 0.7393000000000001, 0.6788]","[0.34822000000000003, 0.42916, 0.74288, 0.53724]",20pct_expanded_or_full_fallback,0.7506,0.8365
1345_04_WRI-L,PAT_GRAZ_1345,GRAZPEDWRI-DX,train,1,D:\projects\MediMind\ai-prediction-service\artifacts\fracture_v2\experiment5_localization\dataset\images\train\1345_0620228253_04_WRI-L1_F011.png,D:\projects\MediMind\ai-prediction-service\artifacts\fracture_v2\experiment5_localization\dataset\images\train\1345_0620228293_04_WRI-L2_F011.png,"[0.4628095, 0.44273300000000004, 0.7685945, 0.541867]","[0.2891895, 0.5196510000000001, 0.6324325000000001, 0.613537]","[0.4686, 0.4549, 0.7675, 0.5431]","[0.3068, 0.5118, 0.6205, 0.5938]",0.7131,0.6783,"[0.40882, 0.43726000000000004, 0.8272799999999999, 0.56074]","[0.24406, 0.49540000000000006, 0.6832400000000001, 0.6102]",20pct_expanded_or_full_fallback,0.8472,0.6706
1345_05_WRI-L,PAT_GRAZ_1345,GRAZPEDWRI-DX,train,1,D:\projects\MediMind\ai-prediction-service\artifacts\fracture_v2\experiment5_localization\dataset\images\train\1345_0621429769_05_WRI-L1_F011.png,D:\projects\MediMind\ai-prediction-service\artifacts\fracture_v2\experiment5_localization\dataset\images\train\1345_0621429805_05_WRI-L2_F011.png,"[0.4376105, 0.6029685, 0.6977155, 0.7152135]","[0.318459, 0.5530305, 0.576065, 0.6843435]","[0.4406, 0.6163, 0.6939, 0.7061]","[0.3243, 0.5657, 0.5776, 0.6368]",0.7346,0.7957,"[0.38994, 0.59834, 0.74456, 0.7240599999999999]","[0.27364, 0.55148, 0.62826, 0.65102]",20pct_expanded_or_full_fallback,0.7791,0.5275
1346_01_WRI-L,PAT_GRAZ_1346,GRAZPEDWRI-DX,train,0,D:\projects\MediMind\ai-prediction-service\artifacts\fracture_v2\experiment5_localization\dataset\images\train\1346_0417976510_01_WRI-L1_F008.png,D:\projects\MediMind\ai-prediction-service\artifacts\fracture_v2\experiment5_localization\dataset\images\train\1346_0417976547_01_WRI-L2_F008.png,NONE,NONE,NONE,NONE,0.0,0.0,FULL_IMAGE,FULL_IMAGE,20pct_expanded_or_full_fallback,0.0,0.0
1348_01_WRI-R,PAT_GRAZ_1348,GRAZPEDWRI-DX,train,1,D:\projects\MediMind\ai-prediction-service\artifacts\fracture_v2\experiment5_localization\dataset\images\train\1348_0983187694_01_WRI-R1_M014.png,D:\projects\MediMind\ai-prediction-service\artifacts\fracture_v2\experiment5_localization\dataset\images\train\1348_0983187735_01_WRI-R2_M014.png,"[0.2626975, 0.5041495, 0.5096324999999999, 0.5632785]","[0.444653, 0.5436245, 0.666041, 0.5961974999999999]","[0.2634, 0.4876, 0.515, 0.5684]","[0.4476, 0.5404, 0.6701, 0.6113]",0.6158,0.4129,"[0.21308000000000002, 0.47143999999999997, 0.56532, 0.58456]","[0.4031, 0.52622, 0.7146, 0.6254799999999999]",20pct_expanded_or_full_fallback,0.7147,0.7209
1349_01_WRI-L,PAT_GRAZ_1349,GRAZPEDWRI-DX,train,0,D:\projects\MediMind\ai-prediction-service\artifacts\fracture_v2\experiment5_localization\dataset\images\train\1349_1000508176_01_WRI-L1_M008.png,D:\projects\MediMind\ai-prediction-service\artifacts\fracture_v2\experiment5_localization\dataset\images\train\1349_1000508216_01_WRI-L2_M008.png,NONE,NONE,NONE,"[0.3925, 0.6356, 0.5733, 0.736]",0.0,0.177,FULL_IMAGE,"[0.35634, 0.6155200000000001, 0.60946, 0.75608]",20pct_expanded_or_full_fallback,0.0,0.0
1352_01_WRI-L,PAT_GRAZ_1352,GRAZPEDWRI-DX,train,1,D:\projects\MediMind\ai-prediction-service\artifacts\fracture_v2\experiment5_localization\dataset\images\train\1352_1191780878_01_WRI-L1_F010.png,D:\projects\MediMind\ai-prediction-service\artifacts\fracture_v2\experiment5_localization\dataset\images\train\1352_1191780897_01_WRI-L2_F010.png,"[0.5209790000000001, 0.517526, 0.730769, 0.5845360000000001]","[0.32558149999999997, 0.519757, 0.5044725, 0.5668690000000001]","[0.5313, 0.5149, 0.7321, 0.5868]","[0.3274, 0.5089, 0.5039, 0.5691]",0.8107,0.8086,"[0.49114, 0.5005200000000001, 0.77226, 0.6011799999999999]","[0.2921, 0.49686, 0.5392, 0.5811400000000001]",20pct_expanded_or_full_fallback,0.8835,0.7744
1352_02_WRI-L,PAT_GRAZ_1352,GRAZPEDWRI-DX,train,1,D:\projects\MediMind\ai-prediction-service\artifacts\fracture_v2\experiment5_localization\dataset\images\train\1352_1206532509_02_WRI-L1_F010.png,D:\projects\MediMind\ai-prediction-service\artifacts\fracture_v2\experiment5_localization\dataset\images\train\1352_1206532539_02_WRI-L2_F010.png,"[0.44799999999999995, 0.507172, 0.774, 0.5625]","[0.34449749999999996, 0.567876, 0.6722485, 0.629016]","[0.4473, 0.4938, 0.7787, 0.5619]","[0.3503, 0.5678, 0.6643, 0.6356]",0.4073,0.6568,"[0.38101999999999997, 0.48018000000000005, 0.84498, 0.5755199999999999]","[0.2875, 0.55424, 0.7271, 0.6491600000000001]",20pct_expanded_or_full_fallback,0.7838,0.8675
1354_01_WRI-L,PAT_GRAZ_1354,GRAZPEDWRI-DX,train,1,D:\projects\MediMind\ai-prediction-service\artifacts\fracture_v2\experiment5_localization\dataset\images\train\1354_0927375436_01_WRI-L1_M016.png,D:\projects\MediMind\ai-prediction-service\artifacts\fracture_v2\experiment5_localization\dataset\images\train\1354_0927375479_01_WRI-L2_M016.png,"[0.435811, 0.370583, 0.7652030000000001, 0.443171]","[0.369932, 0.3714005, 0.6199319999999999, 0.4458795]","[0.4247, 0.3533, 0.765, 0.4491]","[0.3629, 0.3703, 0.6146, 0.4534]",0.5456,0.4851,"[0.35664, 0.33414, 0.83306, 0.46826]","[0.31256, 0.35368, 0.6649400000000001, 0.47002000000000005]",20pct_expanded_or_full_fallback,0.7326,0.855
1355_01_WRI-L,PAT_GRAZ_1355,GRAZPEDWRI-DX,train,1,D:\projects\MediMind\ai-prediction-service\artifacts\fracture_v2\experiment5_localization\dataset\images\train\1355_0485876132_01_WRI-L1_M014.png,D:\projects\MediMind\ai-prediction-service\artifacts\fracture_v2\experiment5_localization\dataset\images\train\1355_0485876195_01_WRI-L2_M014.png,"[0.42496300000000004, 0.4383305, 0.6493310000000001, 0.5094875]","[0.3264465, 0.48530899999999993, 0.5537195, 0.5562309999999999]","[0.431, 0.4351, 0.6547, 0.506]","[0.3242, 0.4786, 0.562, 0.552]",0.4926,0.7443,"[0.38626, 0.42091999999999996, 0.69944, 0.52018]","[0.27664, 0.46392, 0.6095600000000001, 0.5666800000000001]",20pct_expanded_or_full_fallback,0.8665,0.823
1355_02_WRI-R,PAT_GRAZ_1355,GRAZPEDWRI-DX,train,1,D:\projects\MediMind\ai-prediction-service\artifacts\fracture_v2\experiment5_localization\dataset\images\train\1355_0485879102_02_WRI-R1_M014.png,D:\projects\MediMind\ai-prediction-service\artifacts\fracture_v2\experiment5_localization\dataset\images\train\1355_0485879149_02_WRI-R2_M014.png,"[0.31504, 0.3913545, 0.554926, 0.4790015]","[0.4950135, 0.3243795, 0.7049125, 0.4138525]","[0.3153, 0.3995, 0.5612, 0.4694]","[0.5028, 0.3335, 0.6947, 0.4133]",0.3363,0.6054,"[0.26612, 0.38552000000000003, 0.61038, 0.48338]","[0.46442000000000005, 0.31754000000000004, 0.73308, 0.42926]",20pct_expanded_or_full_fallback,0.7804,0.8154
1355_03_WRI-R,PAT_GRAZ_1355,GRAZPEDWRI-DX,train,1,D:\projects\MediMind\ai-prediction-service\artifacts\fracture_v2\experiment5_localization\dataset\images\train\1355_0486786199_03_WRI-R1_M014.png,D:\projects\MediMind\ai-prediction-service\artifacts\fracture_v2\experiment5_localization\dataset\images\train\1355_0486786242_03_WRI-R2_M014.png,"[0.3109805, 0.3952425, 0.6323755, 0.4910935]","[0.45747949999999993, 0.403956, 0.7740625, 0.49344]","[0.3079, 0.4104, 0.641, 0.4871]","[0.4702, 0.4248, 0.7601, 0.4917]",0.5501,0.561,"[0.24128, 0.39505999999999997, 0.70762, 0.50244]","[0.41222000000000003, 0.41142, 0.81808, 0.50508]",20pct_expanded_or_full_fallback,0.7775,0.6846
1355_04_WRI-R,PAT_GRAZ_1355,GRAZPEDWRI-DX,train,1,D:\projects\MediMind\ai-prediction-service\artifacts\fracture_v2\experiment5_localization\dataset\images\train\1355_0487642330_04_WRI-R1_M014.png,D:\projects\MediMind\ai-prediction-service\artifacts\fracture_v2\experiment5_localization\dataset\images\train\1355_0487642380_04_WRI-R2_M014.png,"[0.2441855, 0.49214649999999993, 0.5747504999999999, 0.6134375]","[0.3035715, 0.46101099999999995, 0.6607145, 0.580977]","[0.2483, 0.5097, 0.5686, 0.6015]","[0.3075, 0.4892, 0.6526, 0.5742]",0.4308,0.4781,"[0.18424, 0.49134000000000005, 0.63266, 0.6198600000000001]","[0.23848, 0.4722, 0.7216199999999999, 0.5912000000000001]",20pct_expanded_or_full_fallback,0.7334,0.6846
1356_01_WRI-L,PAT_GRAZ_1356,GRAZPEDWRI-DX,train,0,D:\projects\MediMind\ai-prediction-service\artifacts\fracture_v2\experiment5_localization\dataset\images\train\1356_0931975564_01_WRI-L1_F015.png,D:\projects\MediMind\ai-prediction-service\artifacts\fracture_v2\experiment5_localization\dataset\images\train\1356_0931975629_01_WRI-L2_F015.png,NONE,NONE,"[0.5247, 0.204, 0.6673, 0.2618]",NONE,0.3925,0.0,"[0.49618000000000007, 0.19244, 0.69582, 0.27336]",FULL_IMAGE,20pct_expanded_or_full_fallback,0.0,0.0
1357_01_WRI-L,PAT_GRAZ_1357,GRAZPEDWRI-DX,train,1,D:\projects\MediMind\ai-prediction-service\artifacts\fracture_v2\experiment5_localization\dataset\images\train\1357_0604802081_01_WRI-L1_F012.png,D:\projects\MediMind\ai-prediction-service\artifacts\fracture_v2\experiment5_localization\dataset\images\train\1357_0604802123_01_WRI-L2_F012.png,NONE,"[0.2550335, 0.5052970000000001, 0.5570465, 0.604873]",NONE,"[0.2588, 0.5045, 0.5853, 0.5755]",0.0,0.1782,FULL_IMAGE,"[0.19349999999999995, 0.49029999999999996, 0.6506000000000001, 0.5897]",20pct_expanded_or_full_fallback,0.0,0.6479
1358_01_WRI-R,PAT_GRAZ_1358,GRAZPEDWRI-DX,train,0,D:\projects\MediMind\ai-prediction-service\artifacts\fracture_v2\experiment5_localization\dataset\images\train\1358_0601406010_01_WRI-R1_M011.png,D:\projects\MediMind\ai-prediction-service\artifacts\fracture_v2\experiment5_localization\dataset\images\train\1358_0601406054_01_WRI-R2_M011.png,NONE,NONE,NONE,NONE,0.0,0.0,FULL_IMAGE,FULL_IMAGE,20pct_expanded_or_full_fallback,0.0,0.0
1360_01_WRI-R,PAT_GRAZ_1360,GRAZPEDWRI-DX,train,1,D:\projects\MediMind\ai-prediction-service\artifacts\fracture_v2\experiment5_localization\dataset\images\train\1360_0287469153_01_WRI-R1_F001.png,D:\projects\MediMind\ai-prediction-service\artifacts\fracture_v2\experiment5_localization\dataset\images\train\1360_0287469192_01_WRI-R2_F001.png,"[0.20555550000000003, 0.48141899999999993, 0.46388850000000004, 0.577703]","[0.38484, 0.46621599999999996, 0.597668, 0.548986]","[0.2023, 0.4899, 0.4577, 0.577]","[0.3905, 0.4773, 0.5879, 0.5484]",0.6687,0.7318,"[0.15122000000000002, 0.47248, 0.50878, 0.59442]","[0.35102, 0.46308, 0.6273799999999999, 0.56262]",20pct_expanded_or_full_fallback,0.873,0.7967
1362_01_WRI-L,PAT_GRAZ_1362,GRAZPEDWRI-DX,train,1,D:\projects\MediMind\ai-prediction-service\artifacts\fracture_v2\experiment5_localization\dataset\images\train\1362_0899543551_01_WRI-L1_F007.png,D:\projects\MediMind\ai-prediction-service\artifacts\fracture_v2\experiment5_localization\dataset\images\train\1362_0899543571_01_WRI-L2_F007.png,"[0.45996600000000004, 0.531524, 0.614992, 0.5831879999999999]","[0.37082, 0.4914865, 0.49848, 0.5634675]","[0.457, 0.5137, 0.6093, 0.5714]","[0.3844, 0.4923, 0.4946, 0.5458]",0.6341,0.6099,"[0.42654000000000003, 0.50216, 0.6397599999999999, 0.58294]","[0.36236, 0.48160000000000003, 0.51664, 0.5565]",20pct_expanded_or_full_fallback,0.5492,0.6416
1365_03_WRI-L,PAT_GRAZ_1365,GRAZPEDWRI-DX,train,1,D:\projects\MediMind\ai-prediction-service\artifacts\fracture_v2\experiment5_localization\dataset\images\train\1365_0351852123_03_WRI-L1_M013.png,D:\projects\MediMind\ai-prediction-service\artifacts\fracture_v2\experiment5_localization\dataset\images\train\1365_0351852168_03_WRI-L2_M013.png,"[0.4755555, 0.4342375, 0.7007405, 0.5605424999999999]","[0.3621625, 0.5873984999999999, 0.6090095, 0.6941055]","[0.4717, 0.4455, 0.7125, 0.555]","[0.3645, 0.6074, 0.5921, 0.6973]",0.7174,0.5915,"[0.42354, 0.4236, 0.76066, 0.5769000000000001]","[0.31898, 0.58942, 0.63762, 0.71528]",20pct_expanded_or_full_fallback,0.8178,0.7291
1366_01_WRI-L,PAT_GRAZ_1366,GRAZPEDWRI-DX,train,0,D:\projects\MediMind\ai-prediction-service\artifacts\fracture_v2\experiment5_localization\dataset\images\train\1366_0920355541_01_WRI-L1_F010.png,D:\projects\MediMind\ai-prediction-service\artifacts\fracture_v2\experiment5_localization\dataset\images\train\1366_0920355587_01_WRI-L2_F010.png,NONE,NONE,NONE,NONE,0.0,0.0,FULL_IMAGE,FULL_IMAGE,20pct_expanded_or_full_fallback,0.0,0.0
1367_01_WRI-R,PAT_GRAZ_1367,GRAZPEDWRI-DX,train,1,D:\projects\MediMind\ai-prediction-service\artifacts\fracture_v2\experiment5_localization\dataset\images\train\1367_0455313636_01_WRI-R1_F010.png,D:\projects\MediMind\ai-prediction-service\artifacts\fracture_v2\experiment5_localization\dataset\images\train\1367_0455313678_01_WRI-R2_F010.png,"[0.3081765, 0.633839, 0.5062895000000001, 0.7234849999999999]","[0.450471, 0.5540229999999999, 0.698113, 0.654023]","[0.3103, 0.6339, 0.4935, 0.732]","[0.4591, 0.5604, 0.6972, 0.6529]",0.7704,0.6571,"[0.27366, 0.61428, 0.53014, 0.75162]","[0.41148, 0.5419, 0.74482, 0.6714]",20pct_expanded_or_full_fallback,0.8495,0.8894
1367_02_WRI-R,PAT_GRAZ_1367,GRAZPEDWRI-DX,train,1,D:\projects\MediMind\ai-prediction-service\artifacts\fracture_v2\experiment5_localization\dataset\images\train\1367_0457125685_02_WRI-R1_F010.png,D:\projects\MediMind\ai-prediction-service\artifacts\fracture_v2\experiment5_localization\dataset\images\train\1367_0457125722_02_WRI-R2_F010.png,"[0.29865800000000003, 0.6407245, 0.521812, 0.7174835]","[0.283293, 0.588036, 0.556901, 0.6997739999999999]","[0.3094, 0.626, 0.5157, 0.7312]","[0.2943, 0.5924, 0.5322, 0.692]",0.7817,0.608,"[0.26814, 0.60496, 0.55696, 0.7522399999999999]","[0.24672, 0.5724800000000001, 0.57978, 0.7119199999999999]",20pct_expanded_or_full_fallback,0.6886,0.775
1367_03_WRI-R,PAT_GRAZ_1367,GRAZPEDWRI-DX,train,1,D:\projects\MediMind\ai-prediction-service\artifacts\fracture_v2\experiment5_localization\dataset\images\train\1367_0458336235_03_WRI-R1_F010.png,D:\projects\MediMind\ai-prediction-service\artifacts\fracture_v2\experiment5_localization\dataset\images\train\1367_0458336262_03_WRI-R2_F010.png,"[0.26219499999999996, 0.5317029999999999, 0.506097, 0.604167]","[0.3657895, 0.539427, 0.6315785, 0.6362009999999999]","[0.264, 0.5247, 0.5006, 0.6063]","[0.3666, 0.5164, 0.6295, 0.5924]",0.7681,0.7478,"[0.21668, 0.50838, 0.5479200000000001, 0.62262]","[0.31401999999999997, 0.5012, 0.6820799999999999, 0.6076]",20pct_expanded_or_full_fallback,0.8644,0.4383
1368_01_WRI-R,PAT_GRAZ_1368,GRAZPEDWRI-DX,train,0,D:\projects\MediMind\ai-prediction-service\artifacts\fracture_v2\experiment5_localization\dataset\images\train\1368_0788547827_01_WRI-R1_F010.png,D:\projects\MediMind\ai-prediction-service\artifacts\fracture_v2\experiment5_localization\dataset\images\train\1368_0788547861_01_WRI-R2_F010.png,NONE,NONE,NONE,NONE,0.0,0.0,FULL_IMAGE,FULL_IMAGE,20pct_expanded_or_full_fallback,0.0,0.0
1369_01_WRI-L,PAT_GRAZ_1369,GRAZPEDWRI-DX,train,0,D:\projects\MediMind\ai-prediction-service\artifacts\fracture_v2\experiment5_localization\dataset\images\train\1369_0474628604_01_WRI-L1_F001.png,D:\projects\MediMind\ai-prediction-service\artifacts\fracture_v2\experiment5_localization\dataset\images\train\1369_0474628709_01_WRI-L2_F001.png,NONE,NONE,NONE,NONE,0.0,0.0,FULL_IMAGE,FULL_IMAGE,20pct_expanded_or_full_fallback,0.0,0.0
1371_01_WRI-R,PAT_GRAZ_1371,GRAZPEDWRI-DX,train,0,D:\projects\MediMind\ai-prediction-service\artifacts\fracture_v2\experiment5_localization\dataset\images\train\1371_0912982871_01_WRI-R1_F008.png,D:\projects\MediMind\ai-prediction-service\artifacts\fracture_v2\experiment5_localization\dataset\images\train\1371_0912982900_01_WRI-R2_F008.png,NONE,NONE,NONE,NONE,0.0,0.0,FULL_IMAGE,FULL_IMAGE,20pct_expanded_or_full_fallback,0.0,0.0
1375_01_WRI-L,PAT_GRAZ_1375,GRAZPEDWRI-DX,train,1,D:\projects\MediMind\ai-prediction-service\artifacts\fracture_v2\experiment5_localization\dataset\images\train\1375_0307842066_01_WRI-L1_M011.png,D:\projects\MediMind\ai-prediction-service\artifacts\fracture_v2\experiment5_localization\dataset\images\train\1375_0307842136_01_WRI-L2_M011.png,"[0.21643, 0.259504, 0.304898, 0.30826400000000004]","[0.359649, 0.366046, 0.542763, 0.439828]","[0.4346, 0.3615, 0.6988, 0.4365]","[0.3636, 0.3614, 0.5467, 0.4459]",0.671,0.6109,"[0.38176, 0.3465, 0.75164, 0.4515]","[0.32698, 0.3445, 0.58332, 0.46280000000000004]",20pct_expanded_or_full_fallback,0.6989,0.8386
1375_02_WRI-L,PAT_GRAZ_1375,GRAZPEDWRI-DX,train,1,D:\projects\MediMind\ai-prediction-service\artifacts\fracture_v2\experiment5_localization\dataset\images\train\1375_0307850493_02_WRI-L1_M011.png,D:\projects\MediMind\ai-prediction-service\artifacts\fracture_v2\experiment5_localization\dataset\images\train\1375_0307850434_02_WRI-L2_M011.png,"[0.505389, 0.2648955, 0.711377, 0.3438005]","[0.39322, 0.319372, 0.637288, 0.43891800000000003]","[0.5087, 0.2722, 0.7119, 0.3426]","[0.4133, 0.3759, 0.631, 0.4411]",0.6873,0.5116,"[0.46806000000000003, 0.25812, 0.75254, 0.35668]","[0.36976, 0.36286, 0.67454, 0.45414]",20pct_expanded_or_full_fallback,0.8759,0.4627
1375_03_WRI-L,PAT_GRAZ_1375,GRAZPEDWRI-DX,train,1,D:\projects\MediMind\ai-prediction-service\artifacts\fracture_v2\experiment5_localization\dataset\images\train\1375_0308359302_03_WRI-L1_M011.png,D:\projects\MediMind\ai-prediction-service\artifacts\fracture_v2\experiment5_localization\dataset\images\train\1375_0308359195_03_WRI-L2_M011.png,"[0.44398899999999997, 0.37684, 0.689891, 0.479882]","[0.2796465, 0.530572, 0.5398235, 0.642998]","[0.4463, 0.3861, 0.6986, 0.4843]","[0.2904, 0.5658, 0.5286, 0.6357]",0.5094,0.431,"[0.39583999999999997, 0.36646, 0.7490600000000001, 0.50394]","[0.24276, 0.55182, 0.57624, 0.64968]",20pct_expanded_or_full_fallback,0.8377,0.5692
1375_04_WRI-L,PAT_GRAZ_1375,GRAZPEDWRI-DX,train,1,D:\projects\MediMind\ai-prediction-service\artifacts\fracture_v2\experiment5_localization\dataset\images\train\1375_0308361104_04_WRI-L1_M011.png,D:\projects\MediMind\ai-prediction-service\artifacts\fracture_v2\experiment5_localization\dataset\images\train\1375_0308361175_04_WRI-L2_M011.png,"[0.4319615, 0.5852715, 0.6977844999999999, 0.7054265]","[0.32233049999999996, 0.5316345, 0.6349515, 0.6432335]","[0.4301, 0.6032, 0.6976, 0.6976]","[0.3325, 0.5505, 0.6033, 0.6311]",0.6065,0.3255,"[0.3766, 0.58432, 0.7511, 0.71648]","[0.27834000000000003, 0.53438, 0.6574599999999999, 0.64722]",20pct_expanded_or_full_fallback,0.7808,0.6256
1375_05_WRI-L,PAT_GRAZ_1375,GRAZPEDWRI-DX,train,1,D:\projects\MediMind\ai-prediction-service\artifacts\fracture_v2\experiment5_localization\dataset\images\train\1375_0310417645_05_WRI-L1_M011.png,D:\projects\MediMind\ai-prediction-service\artifacts\fracture_v2\experiment5_localization\dataset\images\train\1375_0310417719_05_WRI-L2_M011.png,"[0.20568550000000002, 0.4406195, 0.2993305, 0.5421685]","[0.24669650000000004, 0.437604, 0.5660795000000001, 0.648918]","[0.4648, 0.5977, 0.7383, 0.7686]","[0.2806, 0.5272, 0.5637, 0.65]",0.6289,0.2839,"[0.4101, 0.56352, 0.7929999999999999, 0.8027799999999999]","[0.22398, 0.50264, 0.62032, 0.67456]",20pct_expanded_or_full_fallback,0.6132,0.5083
1376_01_WRI-L,PAT_GRAZ_1376,GRAZPEDWRI-DX,train,1,D:\projects\MediMind\ai-prediction-service\artifacts\fracture_v2\experiment5_localization\dataset\images\train\1376_1093594173_01_WRI-L1_F006.png,D:\projects\MediMind\ai-prediction-service\artifacts\fracture_v2\experiment5_localization\dataset\images\train\1376_1093594271_01_WRI-L2_F006.png,"[0.29224399999999995, 0.9307179999999999, 0.443214, 0.992488]","[0.8463685, 0.8552825000000001, 0.9567035, 0.9160635]",NONE,NONE,0.0,0.0,FULL_IMAGE,FULL_IMAGE,20pct_expanded_or_full_fallback,0.0,0.0
1380_01_WRI-L,PAT_GRAZ_1380,GRAZPEDWRI-DX,train,0,D:\projects\MediMind\ai-prediction-service\artifacts\fracture_v2\experiment5_localization\dataset\images\train\1380_1155484461_01_WRI-L1_M017.png,D:\projects\MediMind\ai-prediction-service\artifacts\fracture_v2\experiment5_localization\dataset\images\train\1380_1155484498_01_WRI-L2_M017.png,NONE,NONE,"[0.1902, 0.2903, 0.2982, 0.3482]","[0.1709, 0.267, 0.5159, 0.3382]",0.2279,0.3034,"[0.1686, 0.27872, 0.31980000000000003, 0.35978]","[0.10189999999999999, 0.25276000000000004, 0.5849, 0.35244]",20pct_expanded_or_full_fallback,0.0,0.0
1381_01_WRI-R,PAT_GRAZ_1381,GRAZPEDWRI-DX,train,1,D:\projects\MediMind\ai-prediction-service\artifacts\fracture_v2\experiment5_localization\dataset\images\train\1381_0235905500_01_WRI-R1_F010.png,D:\projects\MediMind\ai-prediction-service\artifacts\fracture_v2\experiment5_localization\dataset\images\train\1381_0235905527_01_WRI-R2_F010.png,NONE,"[0.4129465, 0.4256295, 0.7388395, 0.5286045]",NONE,NONE,0.0,0.0,FULL_IMAGE,FULL_IMAGE,20pct_expanded_or_full_fallback,0.0,0.0
1381_02_WRI-L,PAT_GRAZ_1381,GRAZPEDWRI-DX,train,0,D:\projects\MediMind\ai-prediction-service\artifacts\fracture_v2\experiment5_localization\dataset\images\train\1381_0283604659_02_WRI-L1_F012.png,D:\projects\MediMind\ai-prediction-service\artifacts\fracture_v2\experiment5_localization\dataset\images\train\1381_0283604742_02_WRI-L2_F012.png,NONE,NONE,NONE,NONE,0.0,0.0,FULL_IMAGE,FULL_IMAGE,20pct_expanded_or_full_fallback,0.0,0.0
1385_01_WRI-R,PAT_GRAZ_1385,GRAZPEDWRI-DX,train,1,D:\projects\MediMind\ai-prediction-service\artifacts\fracture_v2\experiment5_localization\dataset\images\train\1385_0650517675_01_WRI-R1_F009.png,D:\projects\MediMind\ai-prediction-service\artifacts\fracture_v2\experiment5_localization\dataset\images\train\1385_0650517712_01_WRI-R2_F009.png,NONE,"[0.463675, 0.381898, 0.717949, 0.44591600000000003]",NONE,"[0.4582, 0.3817, 0.7127, 0.4638]",0.0,0.1966,FULL_IMAGE,"[0.4073, 0.36528, 0.7636000000000001, 0.48022]",20pct_expanded_or_full_fallback,0.0,0.7509
1386_01_WRI-R,PAT_GRAZ_1386,GRAZPEDWRI-DX,train,1,D:\projects\MediMind\ai-prediction-service\artifacts\fracture_v2\experiment5_localization\dataset\images\train\1386_0185353410_01_WRI-R1_F004.png,D:\projects\MediMind\ai-prediction-service\artifacts\fracture_v2\experiment5_localization\dataset\images\train\1386_0185353527_01_WRI-R2_F004.png,"[0.37927350000000004, 0.514864, 0.4814885, 0.5792440000000001]","[0.3805415, 0.48137250000000004, 0.45566450000000003, 0.5431375]","[0.3763, 0.5015, 0.4835, 0.5741]","[0.3833, 0.485, 0.4777, 0.557]",0.6609,0.4301,"[0.35486, 0.4869799999999999, 0.5049399999999999, 0.58862]","[0.36441999999999997, 0.47059999999999996, 0.49658, 0.5714]",20pct_expanded_or_full_fallback,0.7287,0.5819
1386_04_WRI-R,PAT_GRAZ_1386,GRAZPEDWRI-DX,train,1,D:\projects\MediMind\ai-prediction-service\artifacts\fracture_v2\experiment5_localization\dataset\images\train\1386_0185866832_04_WRI-R1_F004.png,D:\projects\MediMind\ai-prediction-service\artifacts\fracture_v2\experiment5_localization\dataset\images\train\1386_0185866909_04_WRI-R2_F004.png,"[0.279417, 0.4756255, 0.421779, 0.5385345]","[0.4394215, 0.505134, 0.5714285, 0.585216]","[0.2745, 0.4558, 0.4163, 0.5408]","[0.4458, 0.4952, 0.5778, 0.5713]",0.5975,0.4876,"[0.24614000000000003, 0.43879999999999997, 0.44466, 0.5578]","[0.4194, 0.47997999999999996, 0.6042, 0.58652]",20pct_expanded_or_full_fallback,0.6946,0.6756
1386_05_WRI-R,PAT_GRAZ_1386,GRAZPEDWRI-DX,train,1,D:\projects\MediMind\ai-prediction-service\artifacts\fracture_v2\experiment5_localization\dataset\images\train\1386_0186470011_05_WRI-R1_F004.png,D:\projects\MediMind\ai-prediction-service\artifacts\fracture_v2\experiment5_localization\dataset\images\train\1386_0186470078_05_WRI-R2_F004.png,"[0.340414, 0.5335405, 0.477206, 0.6125555]","[0.3544485, 0.4618185, 0.5452095, 0.5580815]","[0.3306, 0.5343, 0.4839, 0.6188]","[0.3547, 0.4553, 0.5364, 0.5476]",0.755,0.6968,"[0.29994, 0.5174, 0.51456, 0.6357]","[0.31836000000000003, 0.43684, 0.57274, 0.56606]",20pct_expanded_or_full_fallback,0.8198,0.7974
1387_01_WRI-L,PAT_GRAZ_1387,GRAZPEDWRI-DX,train,1,D:\projects\MediMind\ai-prediction-service\artifacts\fracture_v2\experiment5_localization\dataset\images\train\1387_1012595054_01_WRI-L1_F001.png,D:\projects\MediMind\ai-prediction-service\artifacts\fracture_v2\experiment5_localization\dataset\images\train\1387_1012595124_01_WRI-L2_F001.png,NONE,"[0.35682800000000003, 0.6208784999999999, 0.6651980000000001, 0.7582415]",NONE,"[0.4749, 0.1485, 0.7359, 0.2777]",0.0,0.3228,FULL_IMAGE,"[0.42269999999999996, 0.12265999999999999, 0.7881, 0.30354000000000003]",20pct_expanded_or_full_fallback,0.0,0.0
1391_01_WRI-L,PAT_GRAZ_1391,GRAZPEDWRI-DX,train,1,D:\projects\MediMind\ai-prediction-service\artifacts\fracture_v2\experiment5_localization\dataset\images\train\1391_1164684821_01_WRI-L1_F012.png,D:\projects\MediMind\ai-prediction-service\artifacts\fracture_v2\experiment5_localization\dataset\images\train\1391_1164684862_01_WRI-L2_F012.png,"[0.2142855, 0.6411545, 0.39377249999999997, 0.7427855]","[0.21325049999999998, 0.38427300000000003, 0.49275349999999996, 0.5133530000000001]","[0.2206, 0.6426, 0.3928, 0.7157]","[0.2051, 0.4087, 0.4882, 0.5223]",0.8749,0.4328,"[0.18616, 0.62798, 0.42723999999999995, 0.73032]","[0.14848, 0.38598, 0.5448200000000001, 0.54502]",20pct_expanded_or_full_fallback,0.6901,0.7291
1391_02_WRI-L,PAT_GRAZ_1391,GRAZPEDWRI-DX,train,1,D:\projects\MediMind\ai-prediction-service\artifacts\fracture_v2\experiment5_localization\dataset\images\train\1391_1165262089_02_WRI-L1_F012.png,D:\projects\MediMind\ai-prediction-service\artifacts\fracture_v2\experiment5_localization\dataset\images\train\1391_1165262126_02_WRI-L2_F012.png,"[0.49829350000000006, 0.5159855000000001, 0.7832765, 0.5968025]","[0.3517855, 0.6246814999999999, 0.5973245, 0.7113585]","[0.4998, 0.5243, 0.7809, 0.6037]","[0.3479, 0.6357, 0.6066, 0.7106]",0.7487,0.7024,"[0.44358000000000003, 0.50842, 0.8371200000000001, 0.61958]","[0.29616, 0.62072, 0.65834, 0.72558]",20pct_expanded_or_full_fallback,0.8162,0.8259
1391_03_WRI-L,PAT_GRAZ_1391,GRAZPEDWRI-DX,train,1,D:\projects\MediMind\ai-prediction-service\artifacts\fracture_v2\experiment5_localization\dataset\images\train\1391_1165860814_03_WRI-L1_F012.png,D:\projects\MediMind\ai-prediction-service\artifacts\fracture_v2\experiment5_localization\dataset\images\train\1391_1165860849_03_WRI-L2_F012.png,"[0.45638199999999995, 0.58371, 0.735602, 0.6585840000000001]","[0.3704345, 0.466457, 0.6086955, 0.554507]","[0.4533, 0.5671, 0.7478, 0.6557]","[0.3684, 0.4586, 0.6137, 0.5615]",0.7965,0.6685,"[0.3944, 0.5493800000000001, 0.8067, 0.6734199999999999]","[0.31934, 0.43802, 0.66276, 0.58208]",20pct_expanded_or_full_fallback,0.7473,0.8311
1391_04_WRI-L,PAT_GRAZ_1391,GRAZPEDWRI-DX,train,1,D:\projects\MediMind\ai-prediction-service\artifacts\fracture_v2\experiment5_localization\dataset\images\train\1391_1166476416_04_WRI-L1_F012.png,D:\projects\MediMind\ai-prediction-service\artifacts\fracture_v2\experiment5_localization\dataset\images\train\1391_1166476435_04_WRI-L2_F012.png,"[0.48740400000000006, 0.5041945, 0.67908, 0.6048655]","[0.5263154999999999, 0.45811999999999997, 0.7875245, 0.550428]","[0.4866, 0.5108, 0.6835, 0.6044]","[0.5248, 0.4583, 0.7932, 0.5445]",0.8659,0.7047,"[0.44721999999999995, 0.49208, 0.72288, 0.62312]","[0.47112000000000004, 0.44106, 0.84688, 0.56174]",20pct_expanded_or_full_fallback,0.9068,0.9104
1391_05_WRI-L,PAT_GRAZ_1391,GRAZPEDWRI-DX,train,1,D:\projects\MediMind\ai-prediction-service\artifacts\fracture_v2\experiment5_localization\dataset\images\train\1391_1167685031_05_WRI-L1_F012.png,D:\projects\MediMind\ai-prediction-service\artifacts\fracture_v2\experiment5_localization\dataset\images\train\1391_1167685069_05_WRI-L2_F012.png,"[0.46909199999999995, 0.4398665, 0.783986, 0.5353795]","[0.3355705, 0.4972375, 0.6442955, 0.5847145]","[0.4636, 0.4542, 0.7971, 0.5331]","[0.3581, 0.501, 0.6476, 0.5886]",0.7736,0.682,"[0.39690000000000003, 0.43842, 0.8638, 0.54888]","[0.30019999999999997, 0.48348, 0.7054999999999999, 0.60612]",20pct_expanded_or_full_fallback,0.7876,0.8434
1392_01_WRI-R,PAT_GRAZ_1392,GRAZPEDWRI-DX,train,1,D:\projects\MediMind\ai-prediction-service\artifacts\fracture_v2\experiment5_localization\dataset\images\train\1392_0677451874_01_WRI-R1_M017.png,D:\projects\MediMind\ai-prediction-service\artifacts\fracture_v2\experiment5_localization\dataset\images\train\1392_0677451986_01_WRI-R2_M017.png,"[0.3179185, 0.5070535, 0.6265895, 0.5885585]","[0.43606999999999996, 0.5014575, 0.716016, 0.5881925]",NONE,"[0.4708, 0.5594, 0.7045, 0.6259]",0.0,0.323,FULL_IMAGE,"[0.42406, 0.5461, 0.75124, 0.6392]",20pct_expanded_or_full_fallback,0.0,0.2033
1392_02_WRI-R,PAT_GRAZ_1392,GRAZPEDWRI-DX,train,1,D:\projects\MediMind\ai-prediction-service\artifacts\fracture_v2\experiment5_localization\dataset\images\train\1392_0678657073_02_WRI-R1_M017.png,D:\projects\MediMind\ai-prediction-service\artifacts\fracture_v2\experiment5_localization\dataset\images\train\1392_0678657138_02_WRI-R2_M017.png,"[0.29947900000000005, 0.41300699999999996, 0.609375, 0.5329389999999999]","[0.325658, 0.4198155, 0.692434, 0.5482785]","[0.2903, 0.4431, 0.6183, 0.5495]","[0.3965, 0.4991, 0.6429, 0.566]",0.2346,0.39,"[0.2247, 0.42182, 0.6839, 0.57078]","[0.34722000000000003, 0.48572, 0.69218, 0.5793799999999999]",20pct_expanded_or_full_fallback,0.6295,0.2354
1392_03_WRI-R,PAT_GRAZ_1392,GRAZPEDWRI-DX,train,1,D:\projects\MediMind\ai-prediction-service\artifacts\fracture_v2\experiment5_localization\dataset\images\train\1392_0691873653_03_WRI-R1_M018.png,D:\projects\MediMind\ai-prediction-service\artifacts\fracture_v2\experiment5_localization\dataset\images\train\1392_0691873714_03_WRI-R2_M018.png,"[0.2396545, 0.4029845, 0.6965515, 0.5832375000000001]",NONE,NONE,"[0.3961, 0.4829, 0.7009, 0.5592]",0.0,0.2396,FULL_IMAGE,"[0.33514, 0.46764, 0.76186, 0.5744600000000001]",20pct_expanded_or_full_fallback,0.0,0.0
1395_01_WRI-L,PAT_GRAZ_1395,GRAZPEDWRI-DX,train,1,D:\projects\MediMind\ai-prediction-service\artifacts\fracture_v2\experiment5_localization\dataset\images\train\1395_0717278680_01_WRI-L1_F017.png,D:\projects\MediMind\ai-prediction-service\artifacts\fracture_v2\experiment5_localization\dataset\images\train\1395_0717278728_01_WRI-L2_F017.png,"[0.40603999999999996, 0.427146, 0.7718119999999999, 0.550898]","[0.198165, 0.3873365, 0.526605, 0.5083795]","[0.3946, 0.4369, 0.7674, 0.5515]","[0.2196, 0.4047, 0.5329, 0.5216]",0.5614,0.4262,"[0.32004, 0.41398, 0.8419599999999999, 0.5744199999999999]","[0.15693999999999997, 0.38132, 0.5955600000000001, 0.5449799999999999]",20pct_expanded_or_full_fallback,0.8803,0.7145
1395_04_WRI-L,PAT_GRAZ_1395,GRAZPEDWRI-DX,train,1,D:\projects\MediMind\ai-prediction-service\artifacts\fracture_v2\experiment5_localization\dataset\images\train\1395_0729791360_04_WRI-L1_F017.png,D:\projects\MediMind\ai-prediction-service\artifacts\fracture_v2\experiment5_localization\dataset\images\train\1395_0729791380_04_WRI-L2_F017.png,"[0.41900899999999996, 0.31789500000000004, 0.672021, 0.430527]","[0.367953, 0.4890705, 0.551929, 0.5582875]","[0.4119, 0.313, 0.6863, 0.4207]","[0.3792, 0.4812, 0.5604, 0.5529]",0.5671,0.3535,"[0.35702, 0.29146, 0.7411800000000001, 0.44224]","[0.34296, 0.46686000000000005, 0.5966400000000001, 0.56724]",20pct_expanded_or_full_fallback,0.8118,0.75
1396_01_WRI-L,PAT_GRAZ_1396,GRAZPEDWRI-DX,train,0,D:\projects\MediMind\ai-prediction-service\artifacts\fracture_v2\experiment5_localization\dataset\images\train\1396_0857076570_01_WRI-L1_M009.png,D:\projects\MediMind\ai-prediction-service\artifacts\fracture_v2\experiment5_localization\dataset\images\train\1396_0857076613_01_WRI-L2_M009.png,NONE,NONE,NONE,NONE,0.0,0.0,FULL_IMAGE,FULL_IMAGE,20pct_expanded_or_full_fallback,0.0,0.0
1397_01_WRI-L,PAT_GRAZ_1397,GRAZPEDWRI-DX,train,0,D:\projects\MediMind\ai-prediction-service\artifacts\fracture_v2\experiment5_localization\dataset\images\train\1397_0941480505_01_WRI-L1_M013.png,D:\projects\MediMind\ai-prediction-service\artifacts\fracture_v2\experiment5_localization\dataset\images\train\1397_0941480575_01_WRI-L2_M013.png,NONE,NONE,NONE,NONE,0.0,0.0,FULL_IMAGE,FULL_IMAGE,20pct_expanded_or_full_fallback,0.0,0.0
1398_01_WRI-R,PAT_GRAZ_1398,GRAZPEDWRI-DX,train,1,D:\projects\MediMind\ai-prediction-service\artifacts\fracture_v2\experiment5_localization\dataset\images\train\1398_1011678863_01_WRI-R1_F012.png,D:\projects\MediMind\ai-prediction-service\artifacts\fracture_v2\experiment5_localization\dataset\images\train\1398_1011678894_01_WRI-R2_F012.png,"[0.28030299999999997, 0.4947085, 0.579545, 0.5546735]","[0.482402, 0.48845449999999996, 0.7867500000000001, 0.5683834999999999]","[0.276, 0.4785, 0.5748, 0.5446]","[0.4391, 0.4695, 0.787, 0.5513]",0.4472,0.4614,"[0.21624000000000004, 0.46527999999999997, 0.63456, 0.55782]","[0.36951999999999996, 0.45314, 0.85658, 0.56766]",20pct_expanded_or_full_fallback,0.6388,0.5683
1398_02_WRI-L,PAT_GRAZ_1398,GRAZPEDWRI-DX,train,1,D:\projects\MediMind\ai-prediction-service\artifacts\fracture_v2\experiment5_localization\dataset\images\train\1398_1011681808_02_WRI-L1_F012.png,D:\projects\MediMind\ai-prediction-service\artifacts\fracture_v2\experiment5_localization\dataset\images\train\1398_1011681844_02_WRI-L2_F012.png,"[0.44840499999999994, 0.438662, 0.776735, 0.50093]","[0.31894900000000004, 0.473867, 0.596623, 0.534843]","[0.4477, 0.4147, 0.7891, 0.4898]","[0.3166, 0.4635, 0.5908, 0.5369]",0.4133,0.3668,"[0.37942, 0.39968000000000004, 0.85738, 0.50482]","[0.26176, 0.44882, 0.64564, 0.5515800000000001]",20pct_expanded_or_full_fallback,0.5732,0.8093
1399_01_WRI-L,PAT_GRAZ_1399,GRAZPEDWRI-DX,train,1,D:\projects\MediMind\ai-prediction-service\artifacts\fracture_v2\experiment5_localization\dataset\images\train\1399_0584137011_01_WRI-L1_M012.png,D:\projects\MediMind\ai-prediction-service\artifacts\fracture_v2\experiment5_localization\dataset\images\train\1399_0584137055_01_WRI-L2_M012.png,"[0.562937, 0.651717, 0.7552449999999999, 0.727099]","[0.27697249999999995, 0.495379, 0.4589375, 0.563771]","[0.5469, 0.6504, 0.7646, 0.7576]","[0.2698, 0.4846, 0.4556, 0.5834]",0.7329,0.712,"[0.50336, 0.62896, 0.80814, 0.7790400000000001]","[0.23263999999999999, 0.46484, 0.49276000000000003, 0.60316]",20pct_expanded_or_full_fallback,0.6212,0.6573
1400_01_WRI-L,PAT_GRAZ_1400,GRAZPEDWRI-DX,train,0,D:\projects\MediMind\ai-prediction-service\artifacts\fracture_v2\experiment5_localization\dataset\images\train\1400_0788057697_01_WRI-L1_F010.png,D:\projects\MediMind\ai-prediction-service\artifacts\fracture_v2\experiment5_localization\dataset\images\train\1400_0788057728_01_WRI-L2_F010.png,NONE,NONE,NONE,NONE,0.0,0.0,FULL_IMAGE,FULL_IMAGE,20pct_expanded_or_full_fallback,0.0,0.0
1401_01_WRI-L,PAT_GRAZ_1401,GRAZPEDWRI-DX,train,1,D:\projects\MediMind\ai-prediction-service\artifacts\fracture_v2\experiment5_localization\dataset\images\train\1401_0731875820_01_WRI-L1_M014.png,D:\projects\MediMind\ai-prediction-service\artifacts\fracture_v2\experiment5_localization\dataset\images\train\1401_0731875854_01_WRI-L2_M014.png,"[0.46450649999999993, 0.39308200000000004, 0.7793215, 0.516772]","[0.3230775, 0.5219095, 0.6102565, 0.5938965]","[0.2548, 0.4732, 0.3804, 0.5332]","[0.3287, 0.5164, 0.6105, 0.5899]",0.7228,0.6795,"[0.22968000000000002, 0.4612, 0.40552, 0.5452]","[0.27233999999999997, 0.5016999999999999, 0.66686, 0.6046]",20pct_expanded_or_full_fallback,0.821,0.8607
1401_02_WRI-L,PAT_GRAZ_1401,GRAZPEDWRI-DX,train,1,D:\projects\MediMind\ai-prediction-service\artifacts\fracture_v2\experiment5_localization\dataset\images\train\1401_0731878176_02_WRI-L1_M014.png,D:\projects\MediMind\ai-prediction-service\artifacts\fracture_v2\experiment5_localization\dataset\images\train\1401_0731878211_02_WRI-L2_M014.png,"[0.487374, 0.36012900000000003, 0.737374, 0.437299]","[0.34015700000000004, 0.39770900000000003, 0.598425, 0.476269]","[0.4899, 0.3617, 0.7246, 0.4336]","[0.3386, 0.4002, 0.5915, 0.4748]",0.4557,0.4709,"[0.44296, 0.34732, 0.77154, 0.44798]","[0.28802, 0.38528, 0.64208, 0.48972]",20pct_expanded_or_full_fallback,0.8747,0.9189
1401_05_WRI-L,PAT_GRAZ_1401,GRAZPEDWRI-DX,train,1,D:\projects\MediMind\ai-prediction-service\artifacts\fracture_v2\experiment5_localization\dataset\images\train\1401_0732973695_05_WRI-L1_M014.png,D:\projects\MediMind\ai-prediction-service\artifacts\fracture_v2\experiment5_localization\dataset\images\train\1401_0732973740_05_WRI-L2_M014.png,"[0.433855, 0.509217, 0.702703, 0.5721970000000001]","[0.269517, 0.49999999999999994, 0.583643, 0.5789899999999999]","[0.4354, 0.5045, 0.693, 0.5759]","[0.2489, 0.4786, 0.5874, 0.577]",0.7397,0.5588,"[0.38388, 0.49021999999999993, 0.74452, 0.5901799999999999]","[0.1812, 0.45892000000000005, 0.6551, 0.59668]",20pct_expanded_or_full_fallback,0.8494,0.7128
1401_06_WRI-L,PAT_GRAZ_1401,GRAZPEDWRI-DX,train,1,D:\projects\MediMind\ai-prediction-service\artifacts\fracture_v2\experiment5_localization\dataset\images\train\1401_0734091310_06_WRI-L1_M014.png,D:\projects\MediMind\ai-prediction-service\artifacts\fracture_v2\experiment5_localization\dataset\images\train\1401_0734091352_06_WRI-L2_M014.png,"[0.36101700000000003, 0.5893170000000001, 0.6983050000000001, 0.686515]","[0.3613285, 0.539735, 0.6718755000000001, 0.612583]","[0.3588, 0.5995, 0.6839, 0.6852]","[0.3635, 0.534, 0.6719, 0.6113]",0.616,0.6967,"[0.29378000000000004, 0.58236, 0.7489199999999999, 0.7023400000000001]","[0.30182, 0.51854, 0.7335800000000001, 0.62676]",20pct_expanded_or_full_fallback,0.8392,0.9047
1402_01_WRI-L,PAT_GRAZ_1402,GRAZPEDWRI-DX,train,0,D:\projects\MediMind\ai-prediction-service\artifacts\fracture_v2\experiment5_localization\dataset\images\train\1402_0953518950_01_WRI-L1_F008.png,D:\projects\MediMind\ai-prediction-service\artifacts\fracture_v2\experiment5_localization\dataset\images\train\1402_0953518978_01_WRI-L2_F008.png,NONE,NONE,NONE,NONE,0.0,0.0,FULL_IMAGE,FULL_IMAGE,20pct_expanded_or_full_fallback,0.0,0.0
1403_01_WRI-L,PAT_GRAZ_1403,GRAZPEDWRI-DX,train,0,D:\projects\MediMind\ai-prediction-service\artifacts\fracture_v2\experiment5_localization\dataset\images\train\1403_0411430807_01_WRI-L1_M015.png,D:\projects\MediMind\ai-prediction-service\artifacts\fracture_v2\experiment5_localization\dataset\images\train\1403_0411430836_01_WRI-L2_M015.png,NONE,NONE,NONE,NONE,0.0,0.0,FULL_IMAGE,FULL_IMAGE,20pct_expanded_or_full_fallback,0.0,0.0
1405_01_WRI-R,PAT_GRAZ_1405,GRAZPEDWRI-DX,train,1,D:\projects\MediMind\ai-prediction-service\artifacts\fracture_v2\experiment5_localization\dataset\images\train\1405_0942669544_01_WRI-R1_M006.png,D:\projects\MediMind\ai-prediction-service\artifacts\fracture_v2\experiment5_localization\dataset\images\train\1405_0942669583_01_WRI-R2_M006.png,"[0.6546395, 0.4400385, 0.7749145, 0.5048355]","[0.397706, 0.47109850000000003, 0.5640539999999999, 0.5520235]","[0.3481, 0.4547, 0.5735, 0.5484]","[0.3955, 0.4665, 0.6377, 0.5616]",0.7864,0.7086,"[0.30302, 0.43596, 0.61858, 0.56714]","[0.34706000000000004, 0.44748000000000004, 0.6861400000000001, 0.58062]",20pct_expanded_or_full_fallback,0.8144,0.5844
1406_03_WRI-L,PAT_GRAZ_1406,GRAZPEDWRI-DX,train,0,D:\projects\MediMind\ai-prediction-service\artifacts\fracture_v2\experiment5_localization\dataset\images\train\1406_0723205792_03_WRI-L1_F009.png,D:\projects\MediMind\ai-prediction-service\artifacts\fracture_v2\experiment5_localization\dataset\images\train\1406_0723205832_03_WRI-L2_F009.png,NONE,NONE,NONE,NONE,0.0,0.0,FULL_IMAGE,FULL_IMAGE,20pct_expanded_or_full_fallback,0.0,0.0
1407_01_WRI-L,PAT_GRAZ_1407,GRAZPEDWRI-DX,train,1,D:\projects\MediMind\ai-prediction-service\artifacts\fracture_v2\experiment5_localization\dataset\images\train\1407_0719149567_01_WRI-L1_M017.png,D:\projects\MediMind\ai-prediction-service\artifacts\fracture_v2\experiment5_localization\dataset\images\train\1407_0719149648_01_WRI-L2_M017.png,"[0.45885349999999997, 0.4979825, 0.6134664999999999, 0.5585154999999999]",NONE,"[0.0571, 0.1201, 0.1742, 0.1792]",NONE,0.2108,0.0,"[0.03368, 0.10828, 0.19762, 0.19102]",FULL_IMAGE,20pct_expanded_or_full_fallback,0.0,0.0
1410_01_WRI-R,PAT_GRAZ_1410,GRAZPEDWRI-DX,train,1,D:\projects\MediMind\ai-prediction-service\artifacts\fracture_v2\experiment5_localization\dataset\images\train\1410_0529917269_01_WRI-R1_M011.png,D:\projects\MediMind\ai-prediction-service\artifacts\fracture_v2\experiment5_localization\dataset\images\train\1410_0529917316_01_WRI-R2_M011.png,"[0.33622199999999997, 0.39853849999999996, 0.5788559999999999, 0.4691555]","[0.47682100000000005, 0.44058, 0.662251, 0.497102]","[0.3445, 0.3985, 0.5792, 0.4635]","[0.4636, 0.436, 0.6624, 0.4948]",0.829,0.8088,"[0.29755999999999994, 0.3855, 0.62614, 0.47650000000000003]","[0.42384, 0.42424, 0.70216, 0.50656]",20pct_expanded_or_full_fallback,0.8869,0.8298
1411_01_WRI-L,PAT_GRAZ_1411,GRAZPEDWRI-DX,train,0,D:\projects\MediMind\ai-prediction-service\artifacts\fracture_v2\experiment5_localization\dataset\images\train\1411_0517013711_01_WRI-L1_F017.png,D:\projects\MediMind\ai-prediction-service\artifacts\fracture_v2\experiment5_localization\dataset\images\train\1411_0517013741_01_WRI-L2_F017.png,NONE,NONE,NONE,"[0.4352, 0.6169, 0.6535, 0.6964]",0.0,0.3254,FULL_IMAGE,"[0.39154, 0.601, 0.69716, 0.7123]",20pct_expanded_or_full_fallback,0.0,0.0
1415_01_WRI-L,PAT_GRAZ_1415,GRAZPEDWRI-DX,train,1,D:\projects\MediMind\ai-prediction-service\artifacts\fracture_v2\experiment5_localization\dataset\images\train\1415_0423942032_01_WRI-L1_M011.png,D:\projects\MediMind\ai-prediction-service\artifacts\fracture_v2\experiment5_localization\dataset\images\train\1415_0423942063_01_WRI-L2_M011.png,"[0.2046205, 0.375356, 0.43399350000000003, 0.455128]","[0.381895, 0.44271499999999997, 0.612447, 0.540473]","[0.4613, 0.4633, 0.7029, 0.5394]","[0.4129, 0.4591, 0.6087, 0.5345]",0.7416,0.5411,"[0.41298, 0.44808, 0.75122, 0.55462]","[0.37373999999999996, 0.44402, 0.64786, 0.54958]",20pct_expanded_or_full_fallback,0.7669,0.655
1415_02_WRI-L,PAT_GRAZ_1415,GRAZPEDWRI-DX,train,1,D:\projects\MediMind\ai-prediction-service\artifacts\fracture_v2\experiment5_localization\dataset\images\train\1415_0424720100_02_WRI-L1_M011.png,D:\projects\MediMind\ai-prediction-service\artifacts\fracture_v2\experiment5_localization\dataset\images\train\1415_0424720142_02_WRI-L2_M011.png,"[0.4921625, 0.46181, 0.6927895, 0.550212]","[0.34354850000000003, 0.46178299999999994, 0.5887095, 0.575371]","[0.4713, 0.4578, 0.6977, 0.5504]","[0.3377, 0.4988, 0.5678, 0.5629]",0.7056,0.6249,"[0.42602, 0.43928, 0.74298, 0.56892]","[0.29168, 0.48598, 0.6138199999999999, 0.5757199999999999]",20pct_expanded_or_full_fallback,0.846,0.5093
1417_01_WRI-R,PAT_GRAZ_1417,GRAZPEDWRI-DX,train,1,D:\projects\MediMind\ai-prediction-service\artifacts\fracture_v2\experiment5_localization\dataset\images\train\1417_1190323898_01_WRI-R1_M012.png,D:\projects\MediMind\ai-prediction-service\artifacts\fracture_v2\experiment5_localization\dataset\images\train\1417_1190323985_01_WRI-R2_M012.png,"[0.22006050000000002, 0.32018549999999996, 0.5344315000000001, 0.4238205]","[0.27798449999999997, 0.275745, 0.7406715, 0.41191500000000003]","[0.2481, 0.3588, 0.532, 0.4271]","[0.3149, 0.3041, 0.7419, 0.4044]",0.3906,0.3113,"[0.19132, 0.34514, 0.5887800000000001, 0.44076]","[0.2295, 0.28403999999999996, 0.8273, 0.42446]",20pct_expanded_or_full_fallback,0.5508,0.6765
1417_04_WRI-R,PAT_GRAZ_1417,GRAZPEDWRI-DX,train,1,D:\projects\MediMind\ai-prediction-service\artifacts\fracture_v2\experiment5_localization\dataset\images\train\1417_1191589291_04_WRI-R1_M012.png,D:\projects\MediMind\ai-prediction-service\artifacts\fracture_v2\experiment5_localization\dataset\images\train\1417_1191589338_04_WRI-R2_M012.png,"[0.6713685, 0.384201, 0.7729195, 0.449731]","[0.30975149999999996, 0.30748149999999996, 0.6883365, 0.4479925]","[0.3744, 0.7287, 0.5258, 0.8058]","[0.4084, 0.5717, 0.5926, 0.6451]",0.427,0.6365,"[0.34412, 0.71328, 0.55608, 0.82122]","[0.37156, 0.55702, 0.62944, 0.65978]",20pct_expanded_or_full_fallback,0.0,0.0
1417_05_WRI-R,PAT_GRAZ_1417,GRAZPEDWRI-DX,train,1,D:\projects\MediMind\ai-prediction-service\artifacts\fracture_v2\experiment5_localization\dataset\images\train\1417_1192193848_05_WRI-R1_M012.png,D:\projects\MediMind\ai-prediction-service\artifacts\fracture_v2\experiment5_localization\dataset\images\train\1417_1192193889_05_WRI-R2_M012.png,"[0.2918155, 0.47677749999999997, 0.6494665, 0.5867304999999999]","[0.27835050000000006, 0.404175, 0.7525775, 0.545541]","[0.7704, 0.4292, 0.8823, 0.4908]","[0.3577, 0.4759, 0.7044, 0.5523]",0.5895,0.4707,"[0.74802, 0.41688000000000003, 0.9046799999999999, 0.50312]","[0.28836, 0.46062, 0.77374, 0.56758]",20pct_expanded_or_full_fallback,0.7209,0.348
1418_01_WRI-R,PAT_GRAZ_1418,GRAZPEDWRI-DX,train,0,D:\projects\MediMind\ai-prediction-service\artifacts\fracture_v2\experiment5_localization\dataset\images\train\1418_1098643102_01_WRI-R1_M015.png,D:\projects\MediMind\ai-prediction-service\artifacts\fracture_v2\experiment5_localization\dataset\images\train\1418_1098643143_01_WRI-R2_M015.png,NONE,NONE,NONE,NONE,0.0,0.0,FULL_IMAGE,FULL_IMAGE,20pct_expanded_or_full_fallback,0.0,0.0
1419_01_WRI-R,PAT_GRAZ_1419,GRAZPEDWRI-DX,train,0,D:\projects\MediMind\ai-prediction-service\artifacts\fracture_v2\experiment5_localization\dataset\images\train\1419_0742862639_01_WRI-R1_F015.png,D:\projects\MediMind\ai-prediction-service\artifacts\fracture_v2\experiment5_localization\dataset\images\train\1419_0742862676_01_WRI-R2_F015.png,NONE,NONE,NONE,NONE,0.0,0.0,FULL_IMAGE,FULL_IMAGE,20pct_expanded_or_full_fallback,0.0,0.0
1420_01_WRI-L,PAT_GRAZ_1420,GRAZPEDWRI-DX,train,1,D:\projects\MediMind\ai-prediction-service\artifacts\fracture_v2\experiment5_localization\dataset\images\train\1420_0705974193_01_WRI-L1_M014.png,D:\projects\MediMind\ai-prediction-service\artifacts\fracture_v2\experiment5_localization\dataset\images\train\1420_0705974222_01_WRI-L2_M014.png,"[0.3686005, 0.4320295, 0.7013655, 0.5195525]","[0.300918, 0.31614400000000004, 0.590826, 0.424888]","[0.3664, 0.4302, 0.7049, 0.5291]","[0.3018, 0.3116, 0.6016, 0.4289]",0.3903,0.5169,"[0.2987, 0.41042, 0.7726, 0.54888]","[0.24184, 0.28814, 0.66156, 0.45236]",20pct_expanded_or_full_fallback,0.87,0.8913
1420_02_WRI-L,PAT_GRAZ_1420,GRAZPEDWRI-DX,train,1,D:\projects\MediMind\ai-prediction-service\artifacts\fracture_v2\experiment5_localization\dataset\images\train\1420_0706656094_02_WRI-L1_M014.png,D:\projects\MediMind\ai-prediction-service\artifacts\fracture_v2\experiment5_localization\dataset\images\train\1420_0706656146_02_WRI-L2_M014.png,"[0.37523149999999994, 0.39356, 0.7245845, 0.47585]","[0.20855600000000002, 0.351692, 0.5805400000000001, 0.44201599999999996]","[0.3729, 0.3847, 0.7308, 0.4822]","[0.1971, 0.3615, 0.5887, 0.4431]",0.6181,0.6108,"[0.30132000000000003, 0.36519999999999997, 0.80238, 0.5017]","[0.11878, 0.34518, 0.66702, 0.45942]",20pct_expanded_or_full_fallback,0.8238,0.8412
1420_03_WRI-L,PAT_GRAZ_1420,GRAZPEDWRI-DX,train,1,D:\projects\MediMind\ai-prediction-service\artifacts\fracture_v2\experiment5_localization\dataset\images\train\1420_0707863231_03_WRI-L1_M014.png,D:\projects\MediMind\ai-prediction-service\artifacts\fracture_v2\experiment5_localization\dataset\images\train\1420_0707863285_03_WRI-L2_M014.png,"[0.390892, 0.39982850000000003, 0.747628, 0.4905815]","[0.25273100000000004, 0.381854, 0.626621, 0.487186]","[0.3859, 0.3996, 0.7417, 0.4984]","[0.2683, 0.4011, 0.606, 0.4797]",0.4782,0.4667,"[0.31474, 0.37984, 0.81286, 0.51816]","[0.20076, 0.38538, 0.67354, 0.49542]",20pct_expanded_or_full_fallback,0.892,0.674
1420_04_WRI-L,PAT_GRAZ_1420,GRAZPEDWRI-DX,train,1,D:\projects\MediMind\ai-prediction-service\artifacts\fracture_v2\experiment5_localization\dataset\images\train\1420_0713479581_04_WRI-L1_M014.png,D:\projects\MediMind\ai-prediction-service\artifacts\fracture_v2\experiment5_localization\dataset\images\train\1420_0713479599_04_WRI-L2_M014.png,"[0.433048, 0.320976, 0.653846, 0.468354]","[0.373563, 0.29266349999999997, 0.576149, 0.4465705]",NONE,NONE,0.0,0.0,FULL_IMAGE,FULL_IMAGE,20pct_expanded_or_full_fallback,0.0,0.0
1421_01_WRI-L,PAT_GRAZ_1421,GRAZPEDWRI-DX,train,0,D:\projects\MediMind\ai-prediction-service\artifacts\fracture_v2\experiment5_localization\dataset\images\train\1421_0241550339_01_WRI-L1_F010.png,D:\projects\MediMind\ai-prediction-service\artifacts\fracture_v2\experiment5_localization\dataset\images\train\1421_0241550382_01_WRI-L2_F010.png,NONE,NONE,NONE,NONE,0.0,0.0,FULL_IMAGE,FULL_IMAGE,20pct_expanded_or_full_fallback,0.0,0.0
1423_01_WRI-L,PAT_GRAZ_1423,GRAZPEDWRI-DX,train,0,D:\projects\MediMind\ai-prediction-service\artifacts\fracture_v2\experiment5_localization\dataset\images\train\1423_0783269550_01_WRI-L1_F008.png,D:\projects\MediMind\ai-prediction-service\artifacts\fracture_v2\experiment5_localization\dataset\images\train\1423_0783269581_01_WRI-L2_F008.png,NONE,NONE,NONE,NONE,0.0,0.0,FULL_IMAGE,FULL_IMAGE,20pct_expanded_or_full_fallback,0.0,0.0
1425_01_WRI-L,PAT_GRAZ_1425,GRAZPEDWRI-DX,train,0,D:\projects\MediMind\ai-prediction-service\artifacts\fracture_v2\experiment5_localization\dataset\images\train\1425_0880145616_01_WRI-L1_F008.png,D:\projects\MediMind\ai-prediction-service\artifacts\fracture_v2\experiment5_localization\dataset\images\train\1425_0880145677_01_WRI-L2_F008.png,NONE,NONE,NONE,NONE,0.0,0.0,FULL_IMAGE,FULL_IMAGE,20pct_expanded_or_full_fallback,0.0,0.0
1426_01_WRI-R,PAT_GRAZ_1426,GRAZPEDWRI-DX,train,0,D:\projects\MediMind\ai-prediction-service\artifacts\fracture_v2\experiment5_localization\dataset\images\train\1426_0318445840_01_WRI-R1_F011.png,D:\projects\MediMind\ai-prediction-service\artifacts\fracture_v2\experiment5_localization\dataset\images\train\1426_0318445874_01_WRI-R2_F011.png,NONE,NONE,NONE,NONE,0.0,0.0,FULL_IMAGE,FULL_IMAGE,20pct_expanded_or_full_fallback,0.0,0.0
1427_01_WRI-L,PAT_GRAZ_1427,GRAZPEDWRI-DX,train,0,D:\projects\MediMind\ai-prediction-service\artifacts\fracture_v2\experiment5_localization\dataset\images\train\1427_0280007935_01_WRI-L1_F014.png,D:\projects\MediMind\ai-prediction-service\artifacts\fracture_v2\experiment5_localization\dataset\images\train\1427_0280007956_01_WRI-L2_F014.png,NONE,NONE,NONE,"[0.3206, 0.6018, 0.5015, 0.6628]",0.0,0.2844,FULL_IMAGE,"[0.28442, 0.5896, 0.5376799999999999, 0.6749999999999999]",20pct_expanded_or_full_fallback,0.0,0.0
1429_01_WRI-L,PAT_GRAZ_1429,GRAZPEDWRI-DX,train,1,D:\projects\MediMind\ai-prediction-service\artifacts\fracture_v2\experiment5_localization\dataset\images\train\1429_0948968641_01_WRI-L1_M007.png,D:\projects\MediMind\ai-prediction-service\artifacts\fracture_v2\experiment5_localization\dataset\images\train\1429_0948968850_01_WRI-L2_M007.png,"[0.4549915, 0.3013695, 0.6513905, 0.37756850000000003]","[0.28100800000000004, 0.4265405, 0.58721, 0.5331755]","[0.4568, 0.3018, 0.6534, 0.3778]","[0.2778, 0.4341, 0.4966, 0.5452]",0.7186,0.4408,"[0.41747999999999996, 0.2866, 0.69272, 0.393]","[0.23404, 0.41187999999999997, 0.54036, 0.56742]",20pct_expanded_or_full_fallback,0.9723,0.6
1429_02_WRI-L,PAT_GRAZ_1429,GRAZPEDWRI-DX,train,1,D:\projects\MediMind\ai-prediction-service\artifacts\fracture_v2\experiment5_localization\dataset\images\train\1429_0949648445_02_WRI-L1_M007.png,D:\projects\MediMind\ai-prediction-service\artifacts\fracture_v2\experiment5_localization\dataset\images\train\1429_0949648473_02_WRI-L2_M007.png,"[0.46980700000000003, 0.48143650000000004, 0.623189, 0.5640715000000001]","[0.355524, 0.463904, 0.481586, 0.5614979999999999]","[0.4711, 0.4869, 0.6184, 0.5691]","[0.3533, 0.4522, 0.4814, 0.54]",0.5758,0.6392,"[0.44164000000000003, 0.47046, 0.6478599999999999, 0.5855400000000001]","[0.32768, 0.43463999999999997, 0.50702, 0.5575600000000001]",20pct_expanded_or_full_fallback,0.8473,0.6856
1429_03_WRI-L,PAT_GRAZ_1429,GRAZPEDWRI-DX,train,1,D:\projects\MediMind\ai-prediction-service\artifacts\fracture_v2\experiment5_localization\dataset\images\train\1429_0950252312_03_WRI-L1_M007.png,D:\projects\MediMind\ai-prediction-service\artifacts\fracture_v2\experiment5_localization\dataset\images\train\1429_0950252428_03_WRI-L2_M007.png,"[0.426045, 0.6566755, 0.628617, 0.7615805]","[0.43749999999999994, 0.3167085, 0.5792679999999999, 0.4027435]",NONE,"[0.4341, 0.3192, 0.5839, 0.3999]",0.0,0.5588,FULL_IMAGE,"[0.40414, 0.30306, 0.61386, 0.41603999999999997]",20pct_expanded_or_full_fallback,0.0,0.8907
1429_04_WRI-L,PAT_GRAZ_1429,GRAZPEDWRI-DX,train,1,D:\projects\MediMind\ai-prediction-service\artifacts\fracture_v2\experiment5_localization\dataset\images\train\1429_0951458673_04_WRI-L1_M007.png,D:\projects\MediMind\ai-prediction-service\artifacts\fracture_v2\experiment5_localization\dataset\images\train\1429_0951458720_04_WRI-L2_M007.png,"[0.41292150000000005, 0.44117700000000004, 0.7443825000000001, 0.562353]","[0.3082895, 0.48275850000000003, 0.5492225000000001, 0.5679515]","[0.4078, 0.4525, 0.748, 0.5445]","[0.3107, 0.4894, 0.5646, 0.5642]",0.7575,0.7059,"[0.33976, 0.43410000000000004, 0.81604, 0.5629]","[0.25992, 0.47444, 0.61538, 0.57916]",20pct_expanded_or_full_fallback,0.7443,0.8231
1430_01_WRI-R,PAT_GRAZ_1430,GRAZPEDWRI-DX,train,1,D:\projects\MediMind\ai-prediction-service\artifacts\fracture_v2\experiment5_localization\dataset\images\train\1430_0611557520_01_WRI-R1_M008.png,D:\projects\MediMind\ai-prediction-service\artifacts\fracture_v2\experiment5_localization\dataset\images\train\1430_0611557550_01_WRI-R2_M008.png,"[0.3589745, 0.631493, 0.5256415, 0.741883]","[0.4258375, 0.4138755, 0.5917065, 0.5023925]","[0.3588, 0.6252, 0.529, 0.7277]","[0.43, 0.4117, 0.5977, 0.5165]",0.615,0.6872,"[0.32476, 0.6047, 0.56304, 0.7482]","[0.39646, 0.39074000000000003, 0.63124, 0.5374599999999999]",20pct_expanded_or_full_fallback,0.8094,0.7977
1433_01_WRI-L,PAT_GRAZ_1433,GRAZPEDWRI-DX,train,1,D:\projects\MediMind\ai-prediction-service\artifacts\fracture_v2\experiment5_localization\dataset\images\train\1433_0622312111_01_WRI-L1_M014.png,D:\projects\MediMind\ai-prediction-service\artifacts\fracture_v2\experiment5_localization\dataset\images\train\1433_0622312172_01_WRI-L2_M014.png,"[0.46138149999999994, 0.5191605, 0.8231705, 0.5839415]","[0.3025365, 0.4831085, 0.5489135, 0.5498315]",NONE,"[0.3037, 0.4828, 0.5369, 0.5459]",0.0,0.4564,FULL_IMAGE,"[0.25706, 0.47018, 0.5835400000000001, 0.55852]",20pct_expanded_or_full_fallback,0.0,0.8869
1435_01_WRI-R,PAT_GRAZ_1435,GRAZPEDWRI-DX,train,0,D:\projects\MediMind\ai-prediction-service\artifacts\fracture_v2\experiment5_localization\dataset\images\train\1435_1180542249_01_WRI-R1_M010.png,D:\projects\MediMind\ai-prediction-service\artifacts\fracture_v2\experiment5_localization\dataset\images\train\1435_1180542272_01_WRI-R2_M010.png,NONE,NONE,NONE,NONE,0.0,0.0,FULL_IMAGE,FULL_IMAGE,20pct_expanded_or_full_fallback,0.0,0.0
1437_01_WRI-L,PAT_GRAZ_1437,GRAZPEDWRI-DX,train,0,D:\projects\MediMind\ai-prediction-service\artifacts\fracture_v2\experiment5_localization\dataset\images\train\1437_0665544937_01_WRI-L1_M014.png,D:\projects\MediMind\ai-prediction-service\artifacts\fracture_v2\experiment5_localization\dataset\images\train\1437_0665544977_01_WRI-L2_M014.png,NONE,NONE,NONE,NONE,0.0,0.0,FULL_IMAGE,FULL_IMAGE,20pct_expanded_or_full_fallback,0.0,0.0
1438_01_WRI-L,PAT_GRAZ_1438,GRAZPEDWRI-DX,train,1,D:\projects\MediMind\ai-prediction-service\artifacts\fracture_v2\experiment5_localization\dataset\images\train\1438_1090894683_01_WRI-L1_M013.png,D:\projects\MediMind\ai-prediction-service\artifacts\fracture_v2\experiment5_localization\dataset\images\train\1438_1090894735_01_WRI-L2_M013.png,"[0.2055925, 0.4170245, 0.3338815, 0.4797935]","[0.43266049999999995, 0.3009885, 0.6043775, 0.38364750000000003]","[0.4427, 0.4523, 0.6482, 0.5193]","[0.4067, 0.2944, 0.6049, 0.3644]",0.8955,0.7423,"[0.40159999999999996, 0.43889999999999996, 0.6893, 0.5327]","[0.36706, 0.2804, 0.64454, 0.3784]",20pct_expanded_or_full_fallback,0.7748,0.6338
1438_02_WRI-L,PAT_GRAZ_1438,GRAZPEDWRI-DX,train,1,D:\projects\MediMind\ai-prediction-service\artifacts\fracture_v2\experiment5_localization\dataset\images\train\1438_1090896840_02_WRI-L1_M013.png,D:\projects\MediMind\ai-prediction-service\artifacts\fracture_v2\experiment5_localization\dataset\images\train\1438_1090896886_02_WRI-L2_M013.png,"[0.46337649999999997, 0.365811, 0.6751595, 0.41895499999999997]","[0.483389, 0.2932025, 0.666113, 0.3513515]","[0.4642, 0.3489, 0.6798, 0.4181]","[0.481, 0.2854, 0.6637, 0.349]",0.8449,0.8316,"[0.42108, 0.33505999999999997, 0.72292, 0.43194000000000005]","[0.44445999999999997, 0.27268, 0.70024, 0.36172]",20pct_expanded_or_full_fallback,0.7284,0.8257
1438_03_WRI-L,PAT_GRAZ_1438,GRAZPEDWRI-DX,train,1,D:\projects\MediMind\ai-prediction-service\artifacts\fracture_v2\experiment5_localization\dataset\images\train\1438_1091481293_03_WRI-L1_M013.png,D:\projects\MediMind\ai-prediction-service\artifacts\fracture_v2\experiment5_localization\dataset\images\train\1438_1091481366_03_WRI-L2_M013.png,"[0.49839249999999996, 0.5590405, 0.7186494999999999, 0.6107015]","[0.5285715, 0.485179, 0.7510205000000001, 0.5397810000000001]","[0.507, 0.5407, 0.7217, 0.6157]","[0.5109, 0.4721, 0.7589, 0.5398]",0.7893,0.7669,"[0.46406000000000003, 0.5257, 0.76464, 0.6307]","[0.46130000000000004, 0.45856, 0.8085, 0.5533399999999999]",20pct_expanded_or_full_fallback,0.6608,0.7234
1438_06_WRI-L,PAT_GRAZ_1438,GRAZPEDWRI-DX,train,1,D:\projects\MediMind\ai-prediction-service\artifacts\fracture_v2\experiment5_localization\dataset\images\train\1438_1093900833_06_WRI-L1_M013.png,D:\projects\MediMind\ai-prediction-service\artifacts\fracture_v2\experiment5_localization\dataset\images\train\1438_1093900906_06_WRI-L2_M013.png,"[0.48111849999999995, 0.5628345, 0.6825174999999999, 0.6657755]","[0.4114585, 0.5976250000000001, 0.6197915, 0.740105]","[0.2795, 0.4962, 0.3889, 0.5893]","[0.2876, 0.566, 0.4131, 0.6421]",0.7825,0.7973,"[0.25762, 0.47757999999999995, 0.41078000000000003, 0.60792]","[0.2625, 0.5507799999999999, 0.43820000000000003, 0.65732]",20pct_expanded_or_full_fallback,0.7116,0.7906
1439_01_WRI-R,PAT_GRAZ_1439,GRAZPEDWRI-DX,train,0,D:\projects\MediMind\ai-prediction-service\artifacts\fracture_v2\experiment5_localization\dataset\images\train\1439_0478434410_01_WRI-R1_M015.png,D:\projects\MediMind\ai-prediction-service\artifacts\fracture_v2\experiment5_localization\dataset\images\train\1439_0478434456_01_WRI-R2_M015.png,NONE,NONE,NONE,NONE,0.0,0.0,FULL_IMAGE,FULL_IMAGE,20pct_expanded_or_full_fallback,0.0,0.0
1440_01_WRI-R,PAT_GRAZ_1440,GRAZPEDWRI-DX,train,1,D:\projects\MediMind\ai-prediction-service\artifacts\fracture_v2\experiment5_localization\dataset\images\train\1440_0853819615_01_WRI-R1_M013.png,D:\projects\MediMind\ai-prediction-service\artifacts\fracture_v2\experiment5_localization\dataset\images\train\1440_0853819663_01_WRI-R2_M013.png,"[0.2734765, 0.35248749999999995, 0.6210875, 0.4193825]","[0.4295655, 0.36453199999999997, 0.7634785, 0.43103400000000003]",NONE,NONE,0.0,0.0,FULL_IMAGE,FULL_IMAGE,20pct_expanded_or_full_fallback,0.0,0.0
1441_01_WRI-L,PAT_GRAZ_1441,GRAZPEDWRI-DX,train,0,D:\projects\MediMind\ai-prediction-service\artifacts\fracture_v2\experiment5_localization\dataset\images\train\1441_0845230203_01_WRI-L1_M017.png,D:\projects\MediMind\ai-prediction-service\artifacts\fracture_v2\experiment5_localization\dataset\images\train\1441_0845230243_01_WRI-L2_M017.png,NONE,NONE,"[0.3777, 0.4938, 0.6439, 0.5641]",NONE,0.3313,0.0,"[0.32445999999999997, 0.47974, 0.6971400000000001, 0.57816]",FULL_IMAGE,20pct_expanded_or_full_fallback,0.0,0.0
1444_01_WRI-L,PAT_GRAZ_1444,GRAZPEDWRI-DX,train,1,D:\projects\MediMind\ai-prediction-service\artifacts\fracture_v2\experiment5_localization\dataset\images\train\1444_0460699087_01_WRI-L1_M013.png,D:\projects\MediMind\ai-prediction-service\artifacts\fracture_v2\experiment5_localization\dataset\images\train\1444_0460699195_01_WRI-L2_M013.png,"[0.439804, 0.7414634999999999, 0.63145, 0.8373985]","[0.321856, 0.6129264999999999, 0.5029939999999999, 0.6789775]","[0.4375, 0.7528, 0.6279, 0.8332]","[0.3321, 0.5836, 0.5235, 0.6567]",0.7815,0.3686,"[0.39942, 0.73672, 0.66598, 0.84928]","[0.29382, 0.56898, 0.56178, 0.6713199999999999]",20pct_expanded_or_full_fallback,0.8143,0.4049
1445_01_WRI-L,PAT_GRAZ_1445,GRAZPEDWRI-DX,train,0,D:\projects\MediMind\ai-prediction-service\artifacts\fracture_v2\experiment5_localization\dataset\images\train\1445_1188765254_01_WRI-L1_M013.png,D:\projects\MediMind\ai-prediction-service\artifacts\fracture_v2\experiment5_localization\dataset\images\train\1445_1188765295_01_WRI-L2_M013.png,NONE,NONE,NONE,NONE,0.0,0.0,FULL_IMAGE,FULL_IMAGE,20pct_expanded_or_full_fallback,0.0,0.0
1447_01_WRI-L,PAT_GRAZ_1447,GRAZPEDWRI-DX,train,1,D:\projects\MediMind\ai-prediction-service\artifacts\fracture_v2\experiment5_localization\dataset\images\train\1447_0690830859_01_WRI-L1_M011.png,D:\projects\MediMind\ai-prediction-service\artifacts\fracture_v2\experiment5_localization\dataset\images\train\1447_0690830881_01_WRI-L2_M011.png,"[0.3016765, 0.4421485, 0.46368750000000003, 0.49256150000000004]","[0.41062750000000003, 0.496743, 0.5619965, 0.556189]","[0.3012, 0.4321, 0.464, 0.4921]","[0.4127, 0.4912, 0.5693, 0.5458]",0.4709,0.4969,"[0.26864000000000005, 0.4201, 0.49656, 0.5041]","[0.38138, 0.48028000000000004, 0.60062, 0.5567199999999999]",20pct_expanded_or_full_fallback,0.8222,0.7163
1447_02_WRI-R,PAT_GRAZ_1447,GRAZPEDWRI-DX,train,1,D:\projects\MediMind\ai-prediction-service\artifacts\fracture_v2\experiment5_localization\dataset\images\train\1447_0810122930_02_WRI-R1_M015.png,D:\projects\MediMind\ai-prediction-service\artifacts\fracture_v2\experiment5_localization\dataset\images\train\1447_0810122975_02_WRI-R2_M015.png,"[0.299191, 0.466296, 0.587601, 0.528152]","[0.41558400000000006, 0.47282099999999994, 0.768398, 0.551337]",NONE,"[0.4216, 0.4634, 0.7717, 0.5304]",0.0,0.4576,FULL_IMAGE,"[0.35157999999999995, 0.44999999999999996, 0.84172, 0.5438]",20pct_expanded_or_full_fallback,0.0,0.6402
1447_03_WRI-R,PAT_GRAZ_1447,GRAZPEDWRI-DX,train,1,D:\projects\MediMind\ai-prediction-service\artifacts\fracture_v2\experiment5_localization\dataset\images\train\1447_0812817954_03_WRI-R1_M015.png,D:\projects\MediMind\ai-prediction-service\artifacts\fracture_v2\experiment5_localization\dataset\images\train\1447_0812817977_03_WRI-R2_M015.png,"[0.17222249999999997, 0.4557695, 0.5592595, 0.5326925]","[0.3874095000000001, 0.496008, 0.7627125, 0.580838]","[0.152, 0.4271, 0.5627, 0.5245]","[0.3925, 0.4973, 0.7573, 0.566]",0.1943,0.385,"[0.06986, 0.40762, 0.64484, 0.5439799999999999]","[0.31954000000000005, 0.48356000000000005, 0.83026, 0.5797399999999999]",20pct_expanded_or_full_fallback,0.6162,0.7872
1448_01_WRI-L,PAT_GRAZ_1448,GRAZPEDWRI-DX,train,1,D:\projects\MediMind\ai-prediction-service\artifacts\fracture_v2\experiment5_localization\dataset\images\train\1448_0412257867_01_WRI-L1_M011.png,D:\projects\MediMind\ai-prediction-service\artifacts\fracture_v2\experiment5_localization\dataset\images\train\1448_0412257906_01_WRI-L2_M011.png,"[0.49813399999999997, 0.5823929999999999, 0.770522, 0.660271]","[0.312638, 0.5868270000000001, 0.56541, 0.678643]","[0.5047, 0.5799, 0.7779, 0.6639]","[0.3178, 0.599, 0.572, 0.6748]",0.6734,0.7176,"[0.45006, 0.5630999999999999, 0.8325400000000001, 0.6807000000000001]","[0.26696000000000003, 0.58384, 0.62284, 0.6899599999999999]",20pct_expanded_or_full_fallback,0.8824,0.7917
1450_01_WRI-R,PAT_GRAZ_1450,GRAZPEDWRI-DX,train,0,D:\projects\MediMind\ai-prediction-service\artifacts\fracture_v2\experiment5_localization\dataset\images\train\1450_1008503338_01_WRI-R1_F016.png,D:\projects\MediMind\ai-prediction-service\artifacts\fracture_v2\experiment5_localization\dataset\images\train\1450_1008503385_01_WRI-R2_F016.png,NONE,NONE,NONE,NONE,0.0,0.0,FULL_IMAGE,FULL_IMAGE,20pct_expanded_or_full_fallback,0.0,0.0
1452_01_WRI-R,PAT_GRAZ_1452,GRAZPEDWRI-DX,train,0,D:\projects\MediMind\ai-prediction-service\artifacts\fracture_v2\experiment5_localization\dataset\images\train\1452_0440920752_01_WRI-R1_F010.png,D:\projects\MediMind\ai-prediction-service\artifacts\fracture_v2\experiment5_localization\dataset\images\train\1452_0440920776_01_WRI-R2_F010.png,NONE,NONE,NONE,NONE,0.0,0.0,FULL_IMAGE,FULL_IMAGE,20pct_expanded_or_full_fallback,0.0,0.0
1453_01_WRI-L,PAT_GRAZ_1453,GRAZPEDWRI-DX,train,0,D:\projects\MediMind\ai-prediction-service\artifacts\fracture_v2\experiment5_localization\dataset\images\train\1453_0340996387_01_WRI-L1_F008.png,D:\projects\MediMind\ai-prediction-service\artifacts\fracture_v2\experiment5_localization\dataset\images\train\1453_0340996419_01_WRI-L2_F008.png,NONE,NONE,NONE,NONE,0.0,0.0,FULL_IMAGE,FULL_IMAGE,20pct_expanded_or_full_fallback,0.0,0.0
1454_01_WRI-L,PAT_GRAZ_1454,GRAZPEDWRI-DX,train,1,D:\projects\MediMind\ai-prediction-service\artifacts\fracture_v2\experiment5_localization\dataset\images\train\1454_0639652470_01_WRI-L1_M008.png,D:\projects\MediMind\ai-prediction-service\artifacts\fracture_v2\experiment5_localization\dataset\images\train\1454_0639652519_01_WRI-L2_M008.png,"[0.464789, 0.5804024999999999, 0.739437, 0.6582915]","[0.29836799999999997, 0.42933350000000003, 0.58275, 0.5360005]","[0.4623, 0.5709, 0.7394, 0.6706]","[0.301, 0.4437, 0.5836, 0.5323]",0.6218,0.5674,"[0.40688, 0.55096, 0.79482, 0.6905399999999999]","[0.24447999999999998, 0.42597999999999997, 0.64012, 0.55002]",20pct_expanded_or_full_fallback,0.7741,0.8209
1455_01_WRI-R,PAT_GRAZ_1455,GRAZPEDWRI-DX,train,0,D:\projects\MediMind\ai-prediction-service\artifacts\fracture_v2\experiment5_localization\dataset\images\train\1455_0982779876_01_WRI-R1_M008.png,D:\projects\MediMind\ai-prediction-service\artifacts\fracture_v2\experiment5_localization\dataset\images\train\1455_0982779905_01_WRI-R2_M008.png,NONE,NONE,NONE,NONE,0.0,0.0,FULL_IMAGE,FULL_IMAGE,20pct_expanded_or_full_fallback,0.0,0.0
1456_01_WRI-R,PAT_GRAZ_1456,GRAZPEDWRI-DX,train,1,D:\projects\MediMind\ai-prediction-service\artifacts\fracture_v2\experiment5_localization\dataset\images\train\1456_0516020442_01_WRI-R1_M013.png,D:\projects\MediMind\ai-prediction-service\artifacts\fracture_v2\experiment5_localization\dataset\images\train\1456_0516020479_01_WRI-R2_M013.png,NONE,"[0.4331335, 0.45110700000000004, 0.7385225, 0.516605]",NONE,NONE,0.0,0.0,FULL_IMAGE,FULL_IMAGE,20pct_expanded_or_full_fallback,0.0,0.0
1457_01_WRI-R,PAT_GRAZ_1457,GRAZPEDWRI-DX,train,1,D:\projects\MediMind\ai-prediction-service\artifacts\fracture_v2\experiment5_localization\dataset\images\train\1457_0461840349_01_WRI-R1_F008.png,D:\projects\MediMind\ai-prediction-service\artifacts\fracture_v2\experiment5_localization\dataset\images\train\1457_0461840394_01_WRI-R2_F008.png,"[0.3535185, 0.464094, 0.5384615, 0.527828]","[0.329384, 0.448683, 0.528436, 0.493759]","[0.3548, 0.4597, 0.5374, 0.5312]","[0.3385, 0.4435, 0.5327, 0.4944]",0.7661,0.5698,"[0.31828, 0.4454, 0.57392, 0.5455]","[0.29966000000000004, 0.43332, 0.5715399999999999, 0.50458]",20pct_expanded_or_full_fallback,0.8813,0.8316
1457_02_WRI-L,PAT_GRAZ_1457,GRAZPEDWRI-DX,train,1,D:\projects\MediMind\ai-prediction-service\artifacts\fracture_v2\experiment5_localization\dataset\images\train\1457_0554589489_02_WRI-L1_F011.png,D:\projects\MediMind\ai-prediction-service\artifacts\fracture_v2\experiment5_localization\dataset\images\train\1457_0554589512_02_WRI-L2_F011.png,"[0.4569415, 0.466523, 0.6397185, 0.5604750000000001]","[0.4705885000000001, 0.577937, 0.6280835, 0.653477]","[0.4602, 0.4731, 0.6461, 0.5537]","[0.474, 0.5791, 0.6321, 0.6584]",0.8743,0.7202,"[0.42302, 0.45698000000000005, 0.68328, 0.56982]","[0.44238, 0.56324, 0.66372, 0.67426]",20pct_expanded_or_full_fallback,0.8181,0.8833
1460_03_WRI-L,PAT_GRAZ_1460,GRAZPEDWRI-DX,train,1,D:\projects\MediMind\ai-prediction-service\artifacts\fracture_v2\experiment5_localization\dataset\images\train\1460_0710246099_03_WRI-L1_M005.png,D:\projects\MediMind\ai-prediction-service\artifacts\fracture_v2\experiment5_localization\dataset\images\train\1460_0710246024_03_WRI-L2_M005.png,"[0.346154, 0.5164529999999999, 0.492604, 0.589579]","[0.44381999999999994, 0.5682659999999999, 0.6198499999999999, 0.654982]","[0.3391, 0.5081, 0.4996, 0.5963]","[0.4473, 0.578, 0.6325, 0.6595]",0.5931,0.6922,"[0.307, 0.49046, 0.5317, 0.61394]","[0.41025999999999996, 0.5617, 0.6695399999999999, 0.6758]",20pct_expanded_or_full_fallback,0.7565,0.7779
1461_01_WRI-L,PAT_GRAZ_1461,GRAZPEDWRI-DX,train,1,D:\projects\MediMind\ai-prediction-service\artifacts\fracture_v2\experiment5_localization\dataset\images\train\1461_0847559166_01_WRI-L1_M012.png,D:\projects\MediMind\ai-prediction-service\artifacts\fracture_v2\experiment5_localization\dataset\images\train\1461_0847559229_01_WRI-L2_M012.png,"[0.407008, 0.5104685, 0.673854, 0.6241275]","[0.360372, 0.482206, 0.597074, 0.620996]","[0.2099, 0.4776, 0.3024, 0.5428]","[0.381, 0.5507, 0.5706, 0.6197]",0.3158,0.421,"[0.19140000000000001, 0.46456000000000003, 0.3209, 0.5558399999999999]","[0.34308, 0.5368999999999999, 0.60852, 0.6335000000000001]",20pct_expanded_or_full_fallback,0.0,0.3982
1461_04_WRI-L,PAT_GRAZ_1461,GRAZPEDWRI-DX,train,1,D:\projects\MediMind\ai-prediction-service\artifacts\fracture_v2\experiment5_localization\dataset\images\train\1461_0848253547_04_WRI-L1_M012.png,D:\projects\MediMind\ai-prediction-service\artifacts\fracture_v2\experiment5_localization\dataset\images\train\1461_0848253587_04_WRI-L2_M012.png,"[0.4363055, 0.4273895, 0.7547765, 0.5413605]","[0.3501115, 0.397942, 0.5727065, 0.519726]","[0.4521, 0.449, 0.7538, 0.5412]","[0.3455, 0.4109, 0.5682, 0.5247]",0.4397,0.5427,"[0.39176, 0.43056, 0.8141400000000001, 0.55964]","[0.30095999999999995, 0.38814, 0.6127400000000001, 0.5474600000000001]",20pct_expanded_or_full_fallback,0.7664,0.8264
1461_06_WRI-L,PAT_GRAZ_1461,GRAZPEDWRI-DX,train,1,D:\projects\MediMind\ai-prediction-service\artifacts\fracture_v2\experiment5_localization\dataset\images\train\1461_0848766301_06_WRI-L1_M012.png,D:\projects\MediMind\ai-prediction-service\artifacts\fracture_v2\experiment5_localization\dataset\images\train\1461_0848766331_06_WRI-L2_M012.png,"[0.2317415, 0.326291, 0.3932585, 0.39280099999999996]","[0.26841250000000005, 0.32722199999999996, 0.4386255, 0.389986]","[0.4213, 0.3261, 0.6716, 0.4177]","[0.3509, 0.5067, 0.5981, 0.594]",0.5785,0.63,"[0.37124, 0.30778, 0.72166, 0.43602]","[0.30146, 0.48924000000000006, 0.64754, 0.61146]",20pct_expanded_or_full_fallback,0.6895,0.0
1461_07_WRI-L,PAT_GRAZ_1461,GRAZPEDWRI-DX,train,1,D:\projects\MediMind\ai-prediction-service\artifacts\fracture_v2\experiment5_localization\dataset\images\train\1461_0849372786_07_WRI-L1_M012.png,D:\projects\MediMind\ai-prediction-service\artifacts\fracture_v2\experiment5_localization\dataset\images\train\1461_0849372732_07_WRI-L2_M012.png,"[0.415051, 0.367001, 0.643101, 0.448557]","[0.363471, 0.356868, 0.512329, 0.458922]","[0.4176, 0.3849, 0.6189, 0.4525]","[0.4597, 0.5367, 0.5688, 0.6009]",0.6306,0.5157,"[0.37734, 0.37138000000000004, 0.65916, 0.46602]","[0.43788, 0.52386, 0.5906199999999999, 0.61374]",20pct_expanded_or_full_fallback,0.6608,0.0
1461_08_WRI-L,PAT_GRAZ_1461,GRAZPEDWRI-DX,train,1,D:\projects\MediMind\ai-prediction-service\artifacts\fracture_v2\experiment5_localization\dataset\images\train\1461_0851441660_08_WRI-L1_M012.png,D:\projects\MediMind\ai-prediction-service\artifacts\fracture_v2\experiment5_localization\dataset\images\train\1461_0851441712_08_WRI-L2_M012.png,"[0.43909000000000004, 0.4258405, 0.7121820000000001, 0.5435775]","[0.25612, 0.417808, 0.578154, 0.55137]","[0.4496, 0.4818, 0.6546, 0.549]","[0.2416, 0.675, 0.4243, 0.7486]",0.448,0.4483,"[0.4086, 0.46836, 0.6956, 0.56244]","[0.20506000000000002, 0.6602800000000001, 0.46084, 0.76332]",20pct_expanded_or_full_fallback,0.3807,0.0
1461_09_WRI-L,PAT_GRAZ_1461,GRAZPEDWRI-DX,train,1,D:\projects\MediMind\ai-prediction-service\artifacts\fracture_v2\experiment5_localization\dataset\images\train\1461_0855503530_09_WRI-L1_M013.png,D:\projects\MediMind\ai-prediction-service\artifacts\fracture_v2\experiment5_localization\dataset\images\train\1461_0855503581_09_WRI-L2_M013.png,"[0.45804199999999995, 0.46976249999999997, 0.821678, 0.6349895]","[0.280543, 0.56331, 0.615385, 0.732802]","[0.2461, 0.5727, 0.395, 0.6302]","[0.3084, 0.6072, 0.6063, 0.6834]",0.4478,0.4663,"[0.21632, 0.5612, 0.42478000000000005, 0.6416999999999999]","[0.24882, 0.5919599999999999, 0.6658799999999999, 0.69864]",20pct_expanded_or_full_fallback,0.0,0.4
1462_01_WRI-R,PAT_GRAZ_1462,GRAZPEDWRI-DX,train,0,D:\projects\MediMind\ai-prediction-service\artifacts\fracture_v2\experiment5_localization\dataset\images\train\1462_0525624466_01_WRI-R1_F016.png,D:\projects\MediMind\ai-prediction-service\artifacts\fracture_v2\experiment5_localization\dataset\images\train\1462_0525624501_01_WRI-R2_F016.png,NONE,NONE,NONE,NONE,0.0,0.0,FULL_IMAGE,FULL_IMAGE,20pct_expanded_or_full_fallback,0.0,0.0
1463_01_WRI-R,PAT_GRAZ_1463,GRAZPEDWRI-DX,train,1,D:\projects\MediMind\ai-prediction-service\artifacts\fracture_v2\experiment5_localization\dataset\images\train\1463_0418495027_01_WRI-R1_M016.png,D:\projects\MediMind\ai-prediction-service\artifacts\fracture_v2\experiment5_localization\dataset\images\train\1463_0418495094_01_WRI-R2_M016.png,"[0.32850250000000003, 0.7242149999999999, 0.6167475, 0.847533]","[0.332649, 0.5841120000000001, 0.628337, 0.679906]","[0.3292, 0.7223, 0.6167, 0.835]","[0.3346, 0.5776, 0.6307, 0.6694]",0.648,0.5742,"[0.2717, 0.69976, 0.6742, 0.85754]","[0.27538, 0.55924, 0.6899200000000001, 0.68776]",20pct_expanded_or_full_fallback,0.8824,0.8226
1463_02_WRI-R,PAT_GRAZ_1463,GRAZPEDWRI-DX,train,1,D:\projects\MediMind\ai-prediction-service\artifacts\fracture_v2\experiment5_localization\dataset\images\train\1463_0418499422_02_WRI-R1_M016.png,D:\projects\MediMind\ai-prediction-service\artifacts\fracture_v2\experiment5_localization\dataset\images\train\1463_0418499468_02_WRI-R2_M016.png,"[0.405751, 0.6384799999999999, 0.603899, 0.73479]","[0.381206, 0.5760865, 0.661348, 0.6612315]","[0.3998, 0.6355, 0.612, 0.7325]","[0.3843, 0.5776, 0.6326, 0.6586]",0.8294,0.7703,"[0.35736, 0.6161, 0.65444, 0.7519]","[0.33463999999999994, 0.5614, 0.6822600000000001, 0.6748]",20pct_expanded_or_full_fallback,0.8856,0.8432
1463_03_WRI-R,PAT_GRAZ_1463,GRAZPEDWRI-DX,train,1,D:\projects\MediMind\ai-prediction-service\artifacts\fracture_v2\experiment5_localization\dataset\images\train\1463_0419015135_03_WRI-R1_M016.png,D:\projects\MediMind\ai-prediction-service\artifacts\fracture_v2\experiment5_localization\dataset\images\train\1463_0419015184_03_WRI-R2_M016.png,"[0.21797299999999997, 0.792473, 0.560229, 0.924731]","[0.467188, 0.6272465, 0.692188, 0.7388835]","[0.2233, 0.8102, 0.559, 0.9208]","[0.4631, 0.6285, 0.6492, 0.7278]",0.684,0.6467,"[0.15615999999999997, 0.78808, 0.62614, 0.94292]","[0.42588000000000004, 0.60864, 0.68642, 0.74766]",20pct_expanded_or_full_fallback,0.8202,0.7081
1463_04_WRI-R,PAT_GRAZ_1463,GRAZPEDWRI-DX,train,1,D:\projects\MediMind\ai-prediction-service\artifacts\fracture_v2\experiment5_localization\dataset\images\train\1463_0419616598_04_WRI-R1_M016.png,D:\projects\MediMind\ai-prediction-service\artifacts\fracture_v2\experiment5_localization\dataset\images\train\1463_0419616714_04_WRI-R2_M016.png,"[0.322275, 0.650183, 0.595577, 0.766483]","[0.3079775, 0.5590065000000001, 0.5565865, 0.6604555]","[0.3212, 0.6622, 0.5947, 0.7595]","[0.3035, 0.5618, 0.496, 0.651]",0.7561,0.5063,"[0.26649999999999996, 0.64274, 0.6494, 0.77896]","[0.265, 0.54396, 0.5345, 0.66884]",20pct_expanded_or_full_fallback,0.8312,0.6546
1466_01_WRI-L,PAT_GRAZ_1466,GRAZPEDWRI-DX,train,1,D:\projects\MediMind\ai-prediction-service\artifacts\fracture_v2\experiment5_localization\dataset\images\train\1466_0759549281_01_WRI-L1_M015.png,D:\projects\MediMind\ai-prediction-service\artifacts\fracture_v2\experiment5_localization\dataset\images\train\1466_0759549311_01_WRI-L2_M015.png,"[0.38161999999999996, 0.545151, 0.685358, 0.616221]","[0.2319075, 0.4873525, 0.4786185, 0.5699835]",NONE,"[0.2377, 0.4864, 0.4909, 0.5531]",0.0,0.3854,FULL_IMAGE,"[0.18706, 0.47306, 0.54154, 0.56644]",20pct_expanded_or_full_fallback,0.0,0.739
1467_01_WRI-L,PAT_GRAZ_1467,GRAZPEDWRI-DX,train,1,D:\projects\MediMind\ai-prediction-service\artifacts\fracture_v2\experiment5_localization\dataset\images\train\1467_0417301234_01_WRI-L1_F009.png,D:\projects\MediMind\ai-prediction-service\artifacts\fracture_v2\experiment5_localization\dataset\images\train\1467_0417301256_01_WRI-L2_F009.png,"[0.44195450000000003, 0.3655385, 0.6782075000000001, 0.4492035]","[0.37288200000000005, 0.3579415, 0.525424, 0.4541385]","[0.4428, 0.3777, 0.662, 0.4451]","[0.382, 0.3747, 0.5095, 0.4524]",0.7095,0.5846,"[0.39896000000000004, 0.36422, 0.70584, 0.45858]","[0.35650000000000004, 0.35916, 0.5349999999999999, 0.46794]",20pct_expanded_or_full_fallback,0.7474,0.6751
1467_02_WRI-L,PAT_GRAZ_1467,GRAZPEDWRI-DX,train,1,D:\projects\MediMind\ai-prediction-service\artifacts\fracture_v2\experiment5_localization\dataset\images\train\1467_0419074246_02_WRI-L1_F009.png,D:\projects\MediMind\ai-prediction-service\artifacts\fracture_v2\experiment5_localization\dataset\images\train\1467_0419074281_02_WRI-L2_F009.png,"[0.40039100000000005, 0.491506, 0.623047, 0.595696]","[0.16857149999999999, 0.537844, 0.4571425, 0.65367]","[0.4103, 0.5123, 0.6203, 0.5935]","[0.1943, 0.5363, 0.4588, 0.621]",0.7803,0.5951,"[0.3683, 0.49605999999999995, 0.6623, 0.6097400000000001]","[0.1414, 0.51936, 0.5116999999999999, 0.63794]",20pct_expanded_or_full_fallback,0.735,0.6434
1468_01_WRI-R,PAT_GRAZ_1468,GRAZPEDWRI-DX,train,1,D:\projects\MediMind\ai-prediction-service\artifacts\fracture_v2\experiment5_localization\dataset\images\train\1468_0712116080_01_WRI-R1_M011.png,D:\projects\MediMind\ai-prediction-service\artifacts\fracture_v2\experiment5_localization\dataset\images\train\1468_0712116128_01_WRI-R2_M011.png,"[0.715947, 0.5010465, 0.8073089999999999, 0.5564855]","[0.3897339999999999, 0.41170500000000004, 0.71673, 0.5196770000000001]","[0.3097, 0.5421, 0.6039, 0.6302]","[0.5112, 0.4559, 0.7018, 0.5245]",0.4088,0.4992,"[0.25085999999999997, 0.5244800000000001, 0.66274, 0.64782]","[0.47308, 0.44218, 0.73992, 0.5382199999999999]",20pct_expanded_or_full_fallback,0.784,0.3356
1468_02_WRI-R,PAT_GRAZ_1468,GRAZPEDWRI-DX,train,1,D:\projects\MediMind\ai-prediction-service\artifacts\fracture_v2\experiment5_localization\dataset\images\train\1468_0713323872_02_WRI-R1_M011.png,D:\projects\MediMind\ai-prediction-service\artifacts\fracture_v2\experiment5_localization\dataset\images\train\1468_0713323913_02_WRI-R2_M011.png,"[0.294719, 0.491701, 0.5928450000000001, 0.599585]","[0.5902339999999999, 0.41309, 0.768578, 0.51824]","[0.2867, 0.503, 0.5913, 0.5987]","[0.5506, 0.4435, 0.7583, 0.5166]",0.4374,0.3935,"[0.22578, 0.48386, 0.65222, 0.6178400000000001]","[0.50906, 0.42888000000000004, 0.79984, 0.5312199999999999]",20pct_expanded_or_full_fallback,0.8619,0.5675
1471_01_WRI-R,PAT_GRAZ_1471,GRAZPEDWRI-DX,train,0,D:\projects\MediMind\ai-prediction-service\artifacts\fracture_v2\experiment5_localization\dataset\images\train\1471_0835437826_01_WRI-R1_M016.png,D:\projects\MediMind\ai-prediction-service\artifacts\fracture_v2\experiment5_localization\dataset\images\train\1471_0835437880_01_WRI-R2_M016.png,NONE,NONE,"[0.3852, 0.5671, 0.6977, 0.6574]",NONE,0.4985,0.0,"[0.3227, 0.5490400000000001, 0.7602, 0.67546]",FULL_IMAGE,20pct_expanded_or_full_fallback,0.0,0.0
1471_02_WRI-R,PAT_GRAZ_1471,GRAZPEDWRI-DX,train,0,D:\projects\MediMind\ai-prediction-service\artifacts\fracture_v2\experiment5_localization\dataset\images\train\1471_0854452737_02_WRI-R1_M017.png,D:\projects\MediMind\ai-prediction-service\artifacts\fracture_v2\experiment5_localization\dataset\images\train\1471_0854452770_02_WRI-R2_M017.png,NONE,NONE,"[0.6389, 0.6947, 0.8154, 0.782]",NONE,0.2114,0.0,"[0.6036, 0.67724, 0.8507, 0.7994600000000001]",FULL_IMAGE,20pct_expanded_or_full_fallback,0.0,0.0
1471_03_WRI-R,PAT_GRAZ_1471,GRAZPEDWRI-DX,train,0,D:\projects\MediMind\ai-prediction-service\artifacts\fracture_v2\experiment5_localization\dataset\images\train\1471_0864814350_03_WRI-R1_M017.png,D:\projects\MediMind\ai-prediction-service\artifacts\fracture_v2\experiment5_localization\dataset\images\train\1471_0864814416_03_WRI-R2_M017.png,NONE,NONE,"[0.3898, 0.6586, 0.5392, 0.7256]",NONE,0.1791,0.0,"[0.35991999999999996, 0.6452, 0.56908, 0.739]",FULL_IMAGE,20pct_expanded_or_full_fallback,0.0,0.0
1471_04_WRI-R,PAT_GRAZ_1471,GRAZPEDWRI-DX,train,0,D:\projects\MediMind\ai-prediction-service\artifacts\fracture_v2\experiment5_localization\dataset\images\train\1471_0866972025_04_WRI-R1_M017.png,D:\projects\MediMind\ai-prediction-service\artifacts\fracture_v2\experiment5_localization\dataset\images\train\1471_0866972074_04_WRI-R2_M017.png,NONE,NONE,"[0.3214, 0.549, 0.5493, 0.6249]",NONE,0.1898,0.0,"[0.27582, 0.5338200000000001, 0.59488, 0.64008]",FULL_IMAGE,20pct_expanded_or_full_fallback,0.0,0.0
1471_05_WRI-R,PAT_GRAZ_1471,GRAZPEDWRI-DX,train,0,D:\projects\MediMind\ai-prediction-service\artifacts\fracture_v2\experiment5_localization\dataset\images\train\1471_0869391447_05_WRI-R1_M017.png,D:\projects\MediMind\ai-prediction-service\artifacts\fracture_v2\experiment5_localization\dataset\images\train\1471_0869391510_05_WRI-R2_M017.png,NONE,NONE,"[0.3458, 0.5208, 0.6077, 0.6246]","[0.555, 0.5586, 0.7274, 0.6189]",0.1724,0.3877,"[0.29342, 0.50004, 0.66008, 0.64536]","[0.5205200000000001, 0.54654, 0.76188, 0.63096]",20pct_expanded_or_full_fallback,0.0,0.0
1471_06_WRI-R,PAT_GRAZ_1471,GRAZPEDWRI-DX,train,0,D:\projects\MediMind\ai-prediction-service\artifacts\fracture_v2\experiment5_localization\dataset\images\train\1471_0874234277_06_WRI-R1_M017.png,D:\projects\MediMind\ai-prediction-service\artifacts\fracture_v2\experiment5_localization\dataset\images\train\1471_0874234324_06_WRI-R2_M017.png,NONE,NONE,"[0.4588, 0.6403, 0.5664, 0.7286]",NONE,0.2108,0.0,"[0.43728, 0.62264, 0.58792, 0.74626]",FULL_IMAGE,20pct_expanded_or_full_fallback,0.0,0.0
1473_01_WRI-L,PAT_GRAZ_1473,GRAZPEDWRI-DX,train,0,D:\projects\MediMind\ai-prediction-service\artifacts\fracture_v2\experiment5_localization\dataset\images\train\1473_0708638564_01_WRI-L1_M011.png,D:\projects\MediMind\ai-prediction-service\artifacts\fracture_v2\experiment5_localization\dataset\images\train\1473_0708638585_01_WRI-L2_M011.png,NONE,NONE,NONE,"[0.2361, 0.2697, 0.4325, 0.3323]",0.0,0.1975,FULL_IMAGE,"[0.19682, 0.25718, 0.47178, 0.34481999999999996]",20pct_expanded_or_full_fallback,0.0,0.0
1474_01_WRI-R,PAT_GRAZ_1474,GRAZPEDWRI-DX,train,1,D:\projects\MediMind\ai-prediction-service\artifacts\fracture_v2\experiment5_localization\dataset\images\train\1474_0298088369_01_WRI-R1_M014.png,D:\projects\MediMind\ai-prediction-service\artifacts\fracture_v2\experiment5_localization\dataset\images\train\1474_0298088409_01_WRI-R2_M014.png,"[0.3474365, 0.6633985, 0.5833335, 0.7352935]","[0.43631050000000005, 0.386015, 0.6793555, 0.490421]","[0.6822, 0.5502, 0.7728, 0.6239]","[0.4235, 0.3829, 0.6785, 0.4824]",0.4953,0.6421,"[0.66408, 0.53546, 0.7909200000000001, 0.63864]","[0.3725, 0.36300000000000004, 0.7295, 0.5023]",20pct_expanded_or_full_fallback,0.908,0.8518
1474_02_WRI-R,PAT_GRAZ_1474,GRAZPEDWRI-DX,train,1,D:\projects\MediMind\ai-prediction-service\artifacts\fracture_v2\experiment5_localization\dataset\images\train\1474_0298582740_02_WRI-R1_M014.png,D:\projects\MediMind\ai-prediction-service\artifacts\fracture_v2\experiment5_localization\dataset\images\train\1474_0298582812_02_WRI-R2_M014.png,"[0.29647650000000003, 0.3797935, 0.5370595, 0.4520645]","[0.353941, 0.24118699999999998, 0.6136010000000001, 0.346011]","[0.3, 0.3744, 0.541, 0.4491]","[0.3508, 0.2578, 0.6051, 0.3543]",0.4725,0.301,"[0.25179999999999997, 0.35946, 0.5892000000000001, 0.46404]","[0.29994, 0.23849999999999996, 0.65596, 0.3736]",20pct_expanded_or_full_fallback,0.8665,0.7484
1474_03_WRI-R,PAT_GRAZ_1474,GRAZPEDWRI-DX,train,1,D:\projects\MediMind\ai-prediction-service\artifacts\fracture_v2\experiment5_localization\dataset\images\train\1474_0299797814_03_WRI-R1_M014.png,D:\projects\MediMind\ai-prediction-service\artifacts\fracture_v2\experiment5_localization\dataset\images\train\1474_0299797881_03_WRI-R2_M014.png,"[0.2800635, 0.461461, 0.5838605, 0.586207]","[0.38761500000000004, 0.473906, 0.788991, 0.59596]","[0.2825, 0.465, 0.5896, 0.582]","[0.3867, 0.4643, 0.8082, 0.5824]",0.4253,0.6683,"[0.22107999999999997, 0.44160000000000005, 0.65102, 0.6053999999999999]","[0.3024, 0.44067999999999996, 0.8925000000000001, 0.60602]",20pct_expanded_or_full_fallback,0.9142,0.7886
1474_04_WRI-R,PAT_GRAZ_1474,GRAZPEDWRI-DX,train,1,D:\projects\MediMind\ai-prediction-service\artifacts\fracture_v2\experiment5_localization\dataset\images\train\1474_0302810757_04_WRI-R1_M014.png,D:\projects\MediMind\ai-prediction-service\artifacts\fracture_v2\experiment5_localization\dataset\images\train\1474_0302810823_04_WRI-R2_M014.png,"[0.6721855000000001, 0.549002, 0.8013245, 0.61405]","[0.29831949999999996, 0.4845955, 0.6596645, 0.5870105]","[0.6895, 0.5448, 0.8036, 0.6042]","[0.296, 0.4792, 0.6414, 0.5821]",0.3737,0.4288,"[0.66668, 0.53292, 0.8264199999999999, 0.61608]","[0.22691999999999998, 0.45862, 0.71048, 0.6026799999999999]",20pct_expanded_or_full_fallback,0.6854,0.8556
1474_05_WRI-R,PAT_GRAZ_1474,GRAZPEDWRI-DX,train,1,D:\projects\MediMind\ai-prediction-service\artifacts\fracture_v2\experiment5_localization\dataset\images\train\1474_0302812774_05_WRI-R1_M014.png,D:\projects\MediMind\ai-prediction-service\artifacts\fracture_v2\experiment5_localization\dataset\images\train\1474_0302812822_05_WRI-R2_M014.png,"[0.260797, 0.46817450000000005, 0.589701, 0.5670015]","[0.3491735, 0.444701, 0.6921485, 0.543011]","[0.7032, 0.4092, 0.8216, 0.4674]","[0.4002, 0.4893, 0.6694, 0.5459]",0.4159,0.5606,"[0.67952, 0.39756, 0.84528, 0.47903999999999997]","[0.34636, 0.47798, 0.72324, 0.55722]",20pct_expanded_or_full_fallback,0.0,0.4192
1474_06_WRI-R,PAT_GRAZ_1474,GRAZPEDWRI-DX,train,0,D:\projects\MediMind\ai-prediction-service\artifacts\fracture_v2\experiment5_localization\dataset\images\train\1474_0337022330_06_WRI-R1_M015.png,D:\projects\MediMind\ai-prediction-service\artifacts\fracture_v2\experiment5_localization\dataset\images\train\1474_0337022365_06_WRI-R2_M015.png,NONE,NONE,NONE,NONE,0.0,0.0,FULL_IMAGE,FULL_IMAGE,20pct_expanded_or_full_fallback,0.0,0.0
1475_01_WRI-L,PAT_GRAZ_1475,GRAZPEDWRI-DX,train,1,D:\projects\MediMind\ai-prediction-service\artifacts\fracture_v2\experiment5_localization\dataset\images\train\1475_0288929560_01_WRI-L1_M013.png,D:\projects\MediMind\ai-prediction-service\artifacts\fracture_v2\experiment5_localization\dataset\images\train\1475_0288929597_01_WRI-L2_M013.png,NONE,"[0.154786, 0.4122985, 0.507128, 0.49092749999999996]",NONE,NONE,0.0,0.0,FULL_IMAGE,FULL_IMAGE,20pct_expanded_or_full_fallback,0.0,0.0
1477_01_WRI-L,PAT_GRAZ_1477,GRAZPEDWRI-DX,train,0,D:\projects\MediMind\ai-prediction-service\artifacts\fracture_v2\experiment5_localization\dataset\images\train\1477_1013501450_01_WRI-L1_F009.png,D:\projects\MediMind\ai-prediction-service\artifacts\fracture_v2\experiment5_localization\dataset\images\train\1477_1013501491_01_WRI-L2_F009.png,NONE,NONE,NONE,NONE,0.0,0.0,FULL_IMAGE,FULL_IMAGE,20pct_expanded_or_full_fallback,0.0,0.0
1479_01_WRI-R,PAT_GRAZ_1479,GRAZPEDWRI-DX,train,1,D:\projects\MediMind\ai-prediction-service\artifacts\fracture_v2\experiment5_localization\dataset\images\train\1479_0373184175_01_WRI-R1_F006.png,D:\projects\MediMind\ai-prediction-service\artifacts\fracture_v2\experiment5_localization\dataset\images\train\1479_0373184436_01_WRI-R2_F006.png,"[0.39244650000000003, 0.3913045, 0.6108375, 0.44869549999999997]","[0.374312, 0.4611555, 0.6330279999999999, 0.5537845]","[0.3892, 0.3862, 0.6109, 0.4506]","[0.4737, 0.4612, 0.6376, 0.5323]",0.6543,0.4521,"[0.34486, 0.37332, 0.65524, 0.46348]","[0.44092000000000003, 0.44698, 0.67038, 0.54652]",20pct_expanded_or_full_fallback,0.8779,0.4664
1479_02_WRI-R,PAT_GRAZ_1479,GRAZPEDWRI-DX,train,1,D:\projects\MediMind\ai-prediction-service\artifacts\fracture_v2\experiment5_localization\dataset\images\train\1479_0373779334_02_WRI-R1_F006.png,D:\projects\MediMind\ai-prediction-service\artifacts\fracture_v2\experiment5_localization\dataset\images\train\1479_0373779386_02_WRI-R2_F006.png,"[0.3638055, 0.6513234999999999, 0.5652985, 0.7295745]","[0.4838715, 0.4512985, 0.7204305, 0.5140695]","[0.3571, 0.6436, 0.5649, 0.7299]","[0.4725, 0.4521, 0.7187, 0.5192]",0.7723,0.6901,"[0.31554, 0.6263399999999999, 0.60646, 0.74716]","[0.42325999999999997, 0.43868, 0.7679400000000001, 0.53262]",20pct_expanded_or_full_fallback,0.8759,0.8653
1479_06_WRI-R,PAT_GRAZ_1479,GRAZPEDWRI-DX,train,1,D:\projects\MediMind\ai-prediction-service\artifacts\fracture_v2\experiment5_localization\dataset\images\train\1479_0376461692_06_WRI-R1_F007.png,D:\projects\MediMind\ai-prediction-service\artifacts\fracture_v2\experiment5_localization\dataset\images\train\1479_0376461767_06_WRI-R2_F007.png,"[0.6249994999999999, 0.6579885, 0.7408085, 0.7100595]","[0.395631, 0.49579850000000003, 0.597087, 0.6336135]","[0.3494, 0.6304, 0.5402, 0.7121]","[0.4018, 0.514, 0.6053, 0.6407]",0.7836,0.6894,"[0.31123999999999996, 0.6140599999999999, 0.57836, 0.72844]","[0.3611, 0.48866, 0.6459999999999999, 0.6660400000000001]",20pct_expanded_or_full_fallback,0.7241,0.7738
1480_01_WRI-R,PAT_GRAZ_1480,GRAZPEDWRI-DX,train,0,D:\projects\MediMind\ai-prediction-service\artifacts\fracture_v2\experiment5_localization\dataset\images\train\1480_1147780612_01_WRI-R1_M012.png,D:\projects\MediMind\ai-prediction-service\artifacts\fracture_v2\experiment5_localization\dataset\images\train\1480_1147780709_01_WRI-R2_M012.png,NONE,NONE,NONE,NONE,0.0,0.0,FULL_IMAGE,FULL_IMAGE,20pct_expanded_or_full_fallback,0.0,0.0
1481_01_WRI-R,PAT_GRAZ_1481,GRAZPEDWRI-DX,train,1,D:\projects\MediMind\ai-prediction-service\artifacts\fracture_v2\experiment5_localization\dataset\images\train\1481_0638336387_01_WRI-R1_F006.png,D:\projects\MediMind\ai-prediction-service\artifacts\fracture_v2\experiment5_localization\dataset\images\train\1481_0638336476_01_WRI-R2_F006.png,"[0.29800000000000004, 0.6520144999999999, 0.484, 0.7362635]","[0.41935500000000003, 0.578889, 0.6102150000000001, 0.674445]","[0.3084, 0.6702, 0.4674, 0.728]","[0.4275, 0.5852, 0.6107, 0.6549]",0.6045,0.494,"[0.2766, 0.65864, 0.4992, 0.73956]","[0.39086, 0.5712600000000001, 0.64734, 0.66884]",20pct_expanded_or_full_fallback,0.5865,0.697
1483_01_WRI-R,PAT_GRAZ_1483,GRAZPEDWRI-DX,train,1,D:\projects\MediMind\ai-prediction-service\artifacts\fracture_v2\experiment5_localization\dataset\images\train\1483_0381467882_01_WRI-R1_M016.png,D:\projects\MediMind\ai-prediction-service\artifacts\fracture_v2\experiment5_localization\dataset\images\train\1483_0381467931_01_WRI-R2_M016.png,"[0.6013284999999999, 0.454628, 0.8554815, 0.5390199999999999]","[0.433544, 0.3358775, 0.693038, 0.4537745]","[0.6217, 0.4751, 0.8587, 0.5433]","[0.4153, 0.3559, 0.6839, 0.4384]",0.4354,0.3567,"[0.5743, 0.46146000000000004, 0.9061, 0.55694]","[0.36158, 0.3394, 0.7376199999999999, 0.4549]",20pct_expanded_or_full_fallback,0.6592,0.6435
1483_02_WRI-R,PAT_GRAZ_1483,GRAZPEDWRI-DX,train,1,D:\projects\MediMind\ai-prediction-service\artifacts\fracture_v2\experiment5_localization\dataset\images\train\1483_0382405524_02_WRI-R1_M016.png,D:\projects\MediMind\ai-prediction-service\artifacts\fracture_v2\experiment5_localization\dataset\images\train\1483_0382405576_02_WRI-R2_M016.png,"[0.5206489999999999, 0.41525449999999997, 0.746313, 0.5008475]","[0.4031695, 0.44723599999999997, 0.7447185000000001, 0.587102]","[0.5312, 0.433, 0.7398, 0.5004]","[0.415, 0.465, 0.7481, 0.5639]",0.6958,0.3074,"[0.48948, 0.41952, 0.78152, 0.5138799999999999]","[0.34837999999999997, 0.44522000000000006, 0.81472, 0.58368]",20pct_expanded_or_full_fallback,0.7279,0.6779
1483_03_WRI-R,PAT_GRAZ_1483,GRAZPEDWRI-DX,train,1,D:\projects\MediMind\ai-prediction-service\artifacts\fracture_v2\experiment5_localization\dataset\images\train\1483_0383863296_03_WRI-R1_M016.png,D:\projects\MediMind\ai-prediction-service\artifacts\fracture_v2\experiment5_localization\dataset\images\train\1483_0383863361_03_WRI-R2_M016.png,"[0.310292, 0.5698325, 0.615976, 0.7108935000000001]","[0.38535600000000003, 0.5020165, 0.743738, 0.6441534999999999]","[0.6117, 0.6186, 0.8392, 0.7442]","[0.4724, 0.5765, 0.7124, 0.6498]",0.5862,0.3545,"[0.5662, 0.59348, 0.8846999999999999, 0.76932]","[0.4244, 0.56184, 0.7604000000000001, 0.66446]",20pct_expanded_or_full_fallback,0.8471,0.3105
1484_01_WRI-L,PAT_GRAZ_1484,GRAZPEDWRI-DX,train,0,D:\projects\MediMind\ai-prediction-service\artifacts\fracture_v2\experiment5_localization\dataset\images\train\1484_0890326822_01_WRI-L1_M016.png,D:\projects\MediMind\ai-prediction-service\artifacts\fracture_v2\experiment5_localization\dataset\images\train\1484_0890326843_01_WRI-L2_M016.png,NONE,NONE,NONE,NONE,0.0,0.0,FULL_IMAGE,FULL_IMAGE,20pct_expanded_or_full_fallback,0.0,0.0
1485_01_WRI-R,PAT_GRAZ_1485,GRAZPEDWRI-DX,train,1,D:\projects\MediMind\ai-prediction-service\artifacts\fracture_v2\experiment5_localization\dataset\images\train\1485_0720794153_01_WRI-R1_F008.png,D:\projects\MediMind\ai-prediction-service\artifacts\fracture_v2\experiment5_localization\dataset\images\train\1485_0720794174_01_WRI-R2_F008.png,"[0.30210349999999997, 0.6413045, 0.5162525, 0.7282615]","[0.42316800000000004, 0.5015625, 0.6406620000000001, 0.5812495000000001]","[0.3032, 0.6354, 0.5195, 0.7404]","[0.4267, 0.5038, 0.6238, 0.5921]",0.7289,0.6841,"[0.25994000000000006, 0.6144, 0.5627599999999999, 0.7614]","[0.38728, 0.48614, 0.66322, 0.60976]",20pct_expanded_or_full_fallback,0.8123,0.784
1485_02_WRI-R,PAT_GRAZ_1485,GRAZPEDWRI-DX,train,1,D:\projects\MediMind\ai-prediction-service\artifacts\fracture_v2\experiment5_localization\dataset\images\train\1485_0721270181_02_WRI-R1_F008.png,D:\projects\MediMind\ai-prediction-service\artifacts\fracture_v2\experiment5_localization\dataset\images\train\1485_0721270229_02_WRI-R2_F008.png,"[0.26037699999999997, 0.5652655000000001, 0.47924500000000003, 0.6393805]","[0.5086, 0.49326149999999996, 0.724816, 0.5916444999999999]","[0.269, 0.571, 0.4728, 0.6386]","[0.5062, 0.4907, 0.7295, 0.5862]",0.6546,0.7662,"[0.22824000000000003, 0.55748, 0.51356, 0.6521199999999999]","[0.46153999999999995, 0.4716, 0.7741600000000001, 0.6053000000000001]",20pct_expanded_or_full_fallback,0.8493,0.893
1487_01_WRI-L,PAT_GRAZ_1487,GRAZPEDWRI-DX,train,1,D:\projects\MediMind\ai-prediction-service\artifacts\fracture_v2\experiment5_localization\dataset\images\train\1487_0769563398_01_WRI-L1_F004.png,D:\projects\MediMind\ai-prediction-service\artifacts\fracture_v2\experiment5_localization\dataset\images\train\1487_0769563437_01_WRI-L2_F004.png,"[0.42462849999999996, 0.5369315, 0.6348195, 0.6207385]","[0.39667399999999997, 0.4988405, 0.60095, 0.5904875]","[0.4236, 0.5361, 0.6307, 0.6139]","[0.3906, 0.4973, 0.5935, 0.5788]",0.8217,0.7128,"[0.38217999999999996, 0.52054, 0.67212, 0.62946]","[0.35002, 0.48100000000000004, 0.63408, 0.5951]",20pct_expanded_or_full_fallback,0.8877,0.8063
1490_01_WRI-L,PAT_GRAZ_1490,GRAZPEDWRI-DX,train,0,D:\projects\MediMind\ai-prediction-service\artifacts\fracture_v2\experiment5_localization\dataset\images\train\1490_0765992162_01_WRI-L1_F012.png,D:\projects\MediMind\ai-prediction-service\artifacts\fracture_v2\experiment5_localization\dataset\images\train\1490_0765992207_01_WRI-L2_F012.png,NONE,NONE,NONE,NONE,0.0,0.0,FULL_IMAGE,FULL_IMAGE,20pct_expanded_or_full_fallback,0.0,0.0
1491_01_WRI-R,PAT_GRAZ_1491,GRAZPEDWRI-DX,train,0,D:\projects\MediMind\ai-prediction-service\artifacts\fracture_v2\experiment5_localization\dataset\images\train\1491_0570930435_01_WRI-R1_F011.png,D:\projects\MediMind\ai-prediction-service\artifacts\fracture_v2\experiment5_localization\dataset\images\train\1491_0570930478_01_WRI-R2_F011.png,NONE,NONE,NONE,NONE,0.0,0.0,FULL_IMAGE,FULL_IMAGE,20pct_expanded_or_full_fallback,0.0,0.0
1492_01_WRI-L,PAT_GRAZ_1492,GRAZPEDWRI-DX,train,1,D:\projects\MediMind\ai-prediction-service\artifacts\fracture_v2\experiment5_localization\dataset\images\train\1492_0474171468_01_WRI-L1_M008.png,D:\projects\MediMind\ai-prediction-service\artifacts\fracture_v2\experiment5_localization\dataset\images\train\1492_0474171522_01_WRI-L2_M008.png,"[0.531557, 0.505855, 0.691445, 0.596019]","[0.4067795, 0.482537, 0.5687385, 0.545037]","[0.5313, 0.5058, 0.695, 0.6074]","[0.3998, 0.4737, 0.5758, 0.5442]",0.8156,0.7387,"[0.49856, 0.48548, 0.7277399999999999, 0.6277200000000001]","[0.3646, 0.4596, 0.611, 0.5583]",20pct_expanded_or_full_fallback,0.8668,0.7962
1492_04_WRI-L,PAT_GRAZ_1492,GRAZPEDWRI-DX,train,1,D:\projects\MediMind\ai-prediction-service\artifacts\fracture_v2\experiment5_localization\dataset\images\train\1492_0474767036_04_WRI-L1_M008.png,D:\projects\MediMind\ai-prediction-service\artifacts\fracture_v2\experiment5_localization\dataset\images\train\1492_0474767093_04_WRI-L2_M008.png,"[0.536184, 0.4352945, 0.723684, 0.4882355]","[0.5219045, 0.5419505, 0.6838095, 0.6326535]","[0.54, 0.4266, 0.7249, 0.4947]","[0.5291, 0.5424, 0.6857, 0.6115]",0.7968,0.763,"[0.50302, 0.41297999999999996, 0.76188, 0.50832]","[0.49778, 0.5285799999999999, 0.71702, 0.6253200000000001]",20pct_expanded_or_full_fallback,0.7601,0.7216
1492_05_WRI-L,PAT_GRAZ_1492,GRAZPEDWRI-DX,train,1,D:\projects\MediMind\ai-prediction-service\artifacts\fracture_v2\experiment5_localization\dataset\images\train\1492_0476662104_05_WRI-L1_M009.png,D:\projects\MediMind\ai-prediction-service\artifacts\fracture_v2\experiment5_localization\dataset\images\train\1492_0476662123_05_WRI-L2_M009.png,"[0.5378285, 0.635572, 0.7269734999999999, 0.75]","[0.5645155, 0.569876, 0.7603685, 0.701864]","[0.5399, 0.6392, 0.7247, 0.7476]","[0.5732, 0.5711, 0.7611, 0.6968]",0.8105,0.5855,"[0.50294, 0.61752, 0.76166, 0.7692800000000001]","[0.5356200000000001, 0.5459600000000001, 0.79868, 0.7219399999999999]",20pct_expanded_or_full_fallback,0.9256,0.9069
1493_01_WRI-L,PAT_GRAZ_1493,GRAZPEDWRI-DX,train,1,D:\projects\MediMind\ai-prediction-service\artifacts\fracture_v2\experiment5_localization\dataset\images\train\1493_0515588842_01_WRI-L1_F012.png,D:\projects\MediMind\ai-prediction-service\artifacts\fracture_v2\experiment5_localization\dataset\images\train\1493_0515588872_01_WRI-L2_F012.png,"[0.537076, 0.2413355, 0.724576, 0.3029525]","[0.422594, 0.3113895, 0.575314, 0.38183049999999996]","[0.5384, 0.2441, 0.7212, 0.3051]","[0.4235, 0.3242, 0.5666, 0.3811]",0.4525,0.567,"[0.50184, 0.23190000000000002, 0.75776, 0.31729999999999997]","[0.39488, 0.31282, 0.59522, 0.39248]",20pct_expanded_or_full_fallback,0.9006,0.7569
1493_02_WRI-L,PAT_GRAZ_1493,GRAZPEDWRI-DX,train,1,D:\projects\MediMind\ai-prediction-service\artifacts\fracture_v2\experiment5_localization\dataset\images\train\1493_0516110451_02_WRI-L1_F012.png,D:\projects\MediMind\ai-prediction-service\artifacts\fracture_v2\experiment5_localization\dataset\images\train\1493_0516110511_02_WRI-L2_F012.png,"[0.4978695000000001, 0.314073, 0.7431225, 0.407429]","[0.353952, 0.4488995, 0.5790379999999999, 0.5322325]","[0.5009, 0.3295, 0.7381, 0.3978]","[0.3472, 0.4628, 0.5816, 0.535]",0.2835,0.537,"[0.45346000000000003, 0.31584, 0.78554, 0.41146]","[0.30032000000000003, 0.44836, 0.62848, 0.54944]",20pct_expanded_or_full_fallback,0.7076,0.7794
1493_03_WRI-L,PAT_GRAZ_1493,GRAZPEDWRI-DX,train,1,D:\projects\MediMind\ai-prediction-service\artifacts\fracture_v2\experiment5_localization\dataset\images\train\1493_0517931261_03_WRI-L1_F012.png,D:\projects\MediMind\ai-prediction-service\artifacts\fracture_v2\experiment5_localization\dataset\images\train\1493_0517931289_03_WRI-L2_F012.png,"[0.435921, 0.4390315, 0.685789, 0.5407685]","[0.2748895, 0.470137, 0.6462964999999999, 0.5800190000000001]","[0.4354, 0.4539, 0.6857, 0.5394]","[0.2826, 0.4904, 0.6323, 0.596]",0.4907,0.3963,"[0.38534, 0.4368, 0.73576, 0.5565]","[0.21266000000000002, 0.46928000000000003, 0.70224, 0.61712]",20pct_expanded_or_full_fallback,0.8386,0.6754
1494_01_WRI-L,PAT_GRAZ_1494,GRAZPEDWRI-DX,train,1,D:\projects\MediMind\ai-prediction-service\artifacts\fracture_v2\experiment5_localization\dataset\images\train\1494_0504114428_01_WRI-L1_F004.png,D:\projects\MediMind\ai-prediction-service\artifacts\fracture_v2\experiment5_localization\dataset\images\train\1494_0504114476_01_WRI-L2_F004.png,"[0.538775, 0.5791045, 0.7285710000000001, 0.6552235000000001]","[0.42610899999999996, 0.6005429999999999, 0.623153, 0.686141]","[0.534, 0.577, 0.7274, 0.6603]","[0.4287, 0.6066, 0.6202, 0.6784]",0.7287,0.715,"[0.49532000000000004, 0.56034, 0.7660800000000001, 0.67696]","[0.3904, 0.59224, 0.6585, 0.69276]",20pct_expanded_or_full_fallback,0.8863,0.8152
1495_01_WRI-R,PAT_GRAZ_1495,GRAZPEDWRI-DX,train,0,D:\projects\MediMind\ai-prediction-service\artifacts\fracture_v2\experiment5_localization\dataset\images\train\1495_0833548331_01_WRI-R1_F014.png,D:\projects\MediMind\ai-prediction-service\artifacts\fracture_v2\experiment5_localization\dataset\images\train\1495_0833548346_01_WRI-R2_F014.png,NONE,NONE,NONE,NONE,0.0,0.0,FULL_IMAGE,FULL_IMAGE,20pct_expanded_or_full_fallback,0.0,0.0
1496_01_WRI-L,PAT_GRAZ_1496,GRAZPEDWRI-DX,train,0,D:\projects\MediMind\ai-prediction-service\artifacts\fracture_v2\experiment5_localization\dataset\images\train\1496_0760963094_01_WRI-L1_F009.png,D:\projects\MediMind\ai-prediction-service\artifacts\fracture_v2\experiment5_localization\dataset\images\train\1496_0760963135_01_WRI-L2_F009.png,NONE,NONE,NONE,NONE,0.0,0.0,FULL_IMAGE,FULL_IMAGE,20pct_expanded_or_full_fallback,0.0,0.0
1497_01_WRI-R,PAT_GRAZ_1497,GRAZPEDWRI-DX,train,1,D:\projects\MediMind\ai-prediction-service\artifacts\fracture_v2\experiment5_localization\dataset\images\train\1497_0534251501_01_WRI-R1_M011.png,D:\projects\MediMind\ai-prediction-service\artifacts\fracture_v2\experiment5_localization\dataset\images\train\1497_0534251540_01_WRI-R2_M011.png,"[0.6573205, 0.442798, 0.7725854999999999, 0.493004]","[0.46360150000000006, 0.481171, 0.6704985000000001, 0.548117]","[0.6629, 0.4428, 0.7829, 0.492]","[0.4588, 0.4801, 0.6551, 0.5434]",0.2722,0.3483,"[0.6389, 0.43296, 0.8069000000000001, 0.50184]","[0.41953999999999997, 0.46744, 0.69436, 0.55606]",20pct_expanded_or_full_fallback,0.8573,0.8299
1499_01_WRI-L,PAT_GRAZ_1499,GRAZPEDWRI-DX,train,0,D:\projects\MediMind\ai-prediction-service\artifacts\fracture_v2\experiment5_localization\dataset\images\train\1499_1049807262_01_WRI-L1_M011.png,D:\projects\MediMind\ai-prediction-service\artifacts\fracture_v2\experiment5_localization\dataset\images\train\1499_1049807292_01_WRI-L2_M011.png,NONE,NONE,NONE,NONE,0.0,0.0,FULL_IMAGE,FULL_IMAGE,20pct_expanded_or_full_fallback,0.0,0.0
