study_id,patient_id,raw_patient_id,dataset_source,split,ap_filestem,lat_filestem,ap_file_path,lat_file_path,ap_exists,lat_exists,ap_fractured,lat_fractured,fracture_label,concordant_views,patient_age,gender,laterality,anatomy,missing_view_indicator
0001_01_WRI-L,PAT_GRAZ_1,1,GRAZPEDWRI-DX,train,0001_1297860395_01_WRI-L1_M014,0001_1297860435_01_WRI-L2_M014,D:\projects\MediMind\ai-prediction-service\artifacts\fracture_v2\experiment5_localization\dataset\images\train\0001_1297860395_01_WRI-L1_M014.png,D:\projects\MediMind\ai-prediction-service\artifacts\fracture_v2\experiment5_localization\dataset\images\train\0001_1297860435_01_WRI-L2_M014.png,True,True,0,1,1,0,14.1,M,L,wrist,NONE
0002_01_WRI-R,PAT_GRAZ_2,2,GRAZPEDWRI-DX,train,0002_0354485735_01_WRI-R1_F012,0002_0354485759_01_WRI-R2_F012,D:\projects\MediMind\ai-prediction-service\artifacts\fracture_v2\experiment5_localization\dataset\images\train\0002_0354485735_01_WRI-R1_F012.png,D:\projects\MediMind\ai-prediction-service\artifacts\fracture_v2\experiment5_localization\dataset\images\train\0002_0354485759_01_WRI-R2_F012.png,True,True,0,0,0,1,12.0,F,R,wrist,NONE
0003_01_WRI-R,PAT_GRAZ_3,3,GRAZPEDWRI-DX,train,0003_0662359226_01_WRI-R1_M011,0003_0662359351_01_WRI-R2_M011,D:\projects\MediMind\ai-prediction-service\artifacts\fracture_v2\experiment5_localization\dataset\images\train\0003_0662359226_01_WRI-R1_M011.png,D:\projects\MediMind\ai-prediction-service\artifacts\fracture_v2\experiment5_localization\dataset\images\train\0003_0662359351_01_WRI-R2_M011.png,True,True,1,1,1,1,11.1,M,R,wrist,NONE
0003_02_WRI-R,PAT_GRAZ_3,3,GRAZPEDWRI-DX,train,0003_0663715732_02_WRI-R1_M011,0003_0663715782_02_WRI-R2_M011,D:\projects\MediMind\ai-prediction-service\artifacts\fracture_v2\experiment5_localization\dataset\images\train\0003_0663715732_02_WRI-R1_M011.png,D:\projects\MediMind\ai-prediction-service\artifacts\fracture_v2\experiment5_localization\dataset\images\train\0003_0663715782_02_WRI-R2_M011.png,True,True,1,1,1,1,11.2,M,R,wrist,NONE
0003_03_WRI-R,PAT_GRAZ_3,3,GRAZPEDWRI-DX,train,0003_0664918633_03_WRI-R1_M011,0003_0664918693_03_WRI-R2_M011,D:\projects\MediMind\ai-prediction-service\artifacts\fracture_v2\experiment5_localization\dataset\images\train\0003_0664918633_03_WRI-R1_M011.png,D:\projects\MediMind\ai-prediction-service\artifacts\fracture_v2\experiment5_localization\dataset\images\train\0003_0664918693_03_WRI-R2_M011.png,True,True,1,1,1,1,11.2,M,R,wrist,NONE
0005_01_WRI-R,PAT_GRAZ_5,5,GRAZPEDWRI-DX,train,0005_0073601946_01_WRI-R1_F014,0005_0073601967_01_WRI-R2_F014,D:\projects\MediMind\ai-prediction-service\artifacts\fracture_v2\experiment5_localization\dataset\images\train\0005_0073601946_01_WRI-R1_F014.png,D:\projects\MediMind\ai-prediction-service\artifacts\fracture_v2\experiment5_localization\dataset\images\train\0005_0073601967_01_WRI-R2_F014.png,True,True,0,1,1,0,14.1,F,R,wrist,NONE
0006_01_WRI-R,PAT_GRAZ_6,6,GRAZPEDWRI-DX,train,0006_0290481856_01_WRI-R1_M011,0006_0290481819_01_WRI-R2_M011,D:\projects\MediMind\ai-prediction-service\artifacts\fracture_v2\experiment5_localization\dataset\images\train\0006_0290481856_01_WRI-R1_M011.png,D:\projects\MediMind\ai-prediction-service\artifacts\fracture_v2\experiment5_localization\dataset\images\train\0006_0290481819_01_WRI-R2_M011.png,True,True,1,1,1,1,11.1,M,R,wrist,NONE
0007_01_WRI-R,PAT_GRAZ_7,7,GRAZPEDWRI-DX,train,0007_0812696320_01_WRI-R1_M015,0007_0812696396_01_WRI-R2_M015,D:\projects\MediMind\ai-prediction-service\artifacts\fracture_v2\experiment5_localization\dataset\images\train\0007_0812696320_01_WRI-R1_M015.png,D:\projects\MediMind\ai-prediction-service\artifacts\fracture_v2\experiment5_localization\dataset\images\train\0007_0812696396_01_WRI-R2_M015.png,True,True,0,0,0,1,15.4,M,R,wrist,NONE
0008_01_WRI-L,PAT_GRAZ_8,8,GRAZPEDWRI-DX,train,0008_1128992395_01_WRI-L1_M005,0008_1128992441_01_WRI-L2_M005,D:\projects\MediMind\ai-prediction-service\artifacts\fracture_v2\experiment5_localization\dataset\images\train\0008_1128992395_01_WRI-L1_M005.png,D:\projects\MediMind\ai-prediction-service\artifacts\fracture_v2\experiment5_localization\dataset\images\train\0008_1128992441_01_WRI-L2_M005.png,True,True,1,1,1,1,5.6,M,L,wrist,NONE
0009_01_WRI-R,PAT_GRAZ_9,9,GRAZPEDWRI-DX,train,0009_1112587669_01_WRI-R1_F013,0009_1112587738_01_WRI-R2_F013,D:\projects\MediMind\ai-prediction-service\artifacts\fracture_v2\experiment5_localization\dataset\images\train\0009_1112587669_01_WRI-R1_F013.png,D:\projects\MediMind\ai-prediction-service\artifacts\fracture_v2\experiment5_localization\dataset\images\train\0009_1112587738_01_WRI-R2_F013.png,True,True,0,0,0,1,13.2,F,R,wrist,NONE
0010_01_WRI-L,PAT_GRAZ_10,10,GRAZPEDWRI-DX,train,0010_0604034401_01_WRI-L1_M014,0010_0604034442_01_WRI-L2_M014,D:\projects\MediMind\ai-prediction-service\artifacts\fracture_v2\experiment5_localization\dataset\images\train\0010_0604034401_01_WRI-L1_M014.png,D:\projects\MediMind\ai-prediction-service\artifacts\fracture_v2\experiment5_localization\dataset\images\train\0010_0604034442_01_WRI-L2_M014.png,True,True,1,1,1,1,14.3,M,L,wrist,NONE
0011_01_WRI-L,PAT_GRAZ_11,11,GRAZPEDWRI-DX,train,0011_0397077467_01_WRI-L1_M009,0011_0397077508_01_WRI-L2_M009,D:\projects\MediMind\ai-prediction-service\artifacts\fracture_v2\experiment5_localization\dataset\images\train\0011_0397077467_01_WRI-L1_M009.png,D:\projects\MediMind\ai-prediction-service\artifacts\fracture_v2\experiment5_localization\dataset\images\train\0011_0397077508_01_WRI-L2_M009.png,True,True,0,0,0,1,9.6,M,L,wrist,NONE
0013_01_WRI-R,PAT_GRAZ_13,13,GRAZPEDWRI-DX,train,0013_0185896313_01_WRI-R1_M012,0013_0185896340_01_WRI-R2_M012,D:\projects\MediMind\ai-prediction-service\artifacts\fracture_v2\experiment5_localization\dataset\images\train\0013_0185896313_01_WRI-R1_M012.png,D:\projects\MediMind\ai-prediction-service\artifacts\fracture_v2\experiment5_localization\dataset\images\train\0013_0185896340_01_WRI-R2_M012.png,True,True,0,0,0,1,12.0,M,R,wrist,NONE
0014_01_WRI-L,PAT_GRAZ_14,14,GRAZPEDWRI-DX,train,0014_0516192795_01_WRI-L1_M006,0014_0516192868_01_WRI-L2_M006,D:\projects\MediMind\ai-prediction-service\artifacts\fracture_v2\experiment5_localization\dataset\images\train\0014_0516192795_01_WRI-L1_M006.png,D:\projects\MediMind\ai-prediction-service\artifacts\fracture_v2\experiment5_localization\dataset\images\train\0014_0516192868_01_WRI-L2_M006.png,True,True,1,1,1,1,6.8,M,L,wrist,NONE
0014_02_WRI-L,PAT_GRAZ_14,14,GRAZPEDWRI-DX,train,0014_0516793680_02_WRI-L1_M006,0014_0516793756_02_WRI-L2_M006,D:\projects\MediMind\ai-prediction-service\artifacts\fracture_v2\experiment5_localization\dataset\images\train\0014_0516793680_02_WRI-L1_M006.png,D:\projects\MediMind\ai-prediction-service\artifacts\fracture_v2\experiment5_localization\dataset\images\train\0014_0516793756_02_WRI-L2_M006.png,True,True,1,1,1,1,6.8,M,L,wrist,NONE
0014_03_WRI-L,PAT_GRAZ_14,14,GRAZPEDWRI-DX,train,0014_0517394593_03_WRI-L1_M006,0014_0517394665_03_WRI-L2_M006,D:\projects\MediMind\ai-prediction-service\artifacts\fracture_v2\experiment5_localization\dataset\images\train\0014_0517394593_03_WRI-L1_M006.png,D:\projects\MediMind\ai-prediction-service\artifacts\fracture_v2\experiment5_localization\dataset\images\train\0014_0517394665_03_WRI-L2_M006.png,True,True,1,1,1,1,6.8,M,L,wrist,NONE
0016_01_WRI-L,PAT_GRAZ_16,16,GRAZPEDWRI-DX,train,0016_0320600143_01_WRI-L1_F010,0016_0320600198_01_WRI-L2_F010,D:\projects\MediMind\ai-prediction-service\artifacts\fracture_v2\experiment5_localization\dataset\images\train\0016_0320600143_01_WRI-L1_F010.png,D:\projects\MediMind\ai-prediction-service\artifacts\fracture_v2\experiment5_localization\dataset\images\train\0016_0320600198_01_WRI-L2_F010.png,True,True,0,0,0,1,10.3,F,L,wrist,NONE
0016_02_WRI-L,PAT_GRAZ_16,16,GRAZPEDWRI-DX,train,0016_0321123728_02_WRI-L1_F010,0016_0321123759_02_WRI-L2_F010,D:\projects\MediMind\ai-prediction-service\artifacts\fracture_v2\experiment5_localization\dataset\images\train\0016_0321123728_02_WRI-L1_F010.png,D:\projects\MediMind\ai-prediction-service\artifacts\fracture_v2\experiment5_localization\dataset\images\train\0016_0321123759_02_WRI-L2_F010.png,True,True,0,0,0,1,10.3,F,L,wrist,NONE
0019_01_WRI-R,PAT_GRAZ_19,19,GRAZPEDWRI-DX,train,0019_0224740760_01_WRI-R1_M009,0019_0224740802_01_WRI-R2_M009,D:\projects\MediMind\ai-prediction-service\artifacts\fracture_v2\experiment5_localization\dataset\images\train\0019_0224740760_01_WRI-R1_M009.png,D:\projects\MediMind\ai-prediction-service\artifacts\fracture_v2\experiment5_localization\dataset\images\train\0019_0224740802_01_WRI-R2_M009.png,True,True,0,1,1,0,9.5,M,R,wrist,NONE
0020_01_WRI-L,PAT_GRAZ_20,20,GRAZPEDWRI-DX,train,0020_0163123912_01_WRI-L1_M015,0020_0163123942_01_WRI-L2_M015,D:\projects\MediMind\ai-prediction-service\artifacts\fracture_v2\experiment5_localization\dataset\images\train\0020_0163123912_01_WRI-L1_M015.png,D:\projects\MediMind\ai-prediction-service\artifacts\fracture_v2\experiment5_localization\dataset\images\train\0020_0163123942_01_WRI-L2_M015.png,True,True,0,0,0,1,15.2,M,L,wrist,NONE
0021_01_WRI-R,PAT_GRAZ_21,21,GRAZPEDWRI-DX,train,0021_1009239861_01_WRI-R1_M015,0021_1009239893_01_WRI-R2_M015,D:\projects\MediMind\ai-prediction-service\artifacts\fracture_v2\experiment5_localization\dataset\images\train\0021_1009239861_01_WRI-R1_M015.png,D:\projects\MediMind\ai-prediction-service\artifacts\fracture_v2\experiment5_localization\dataset\images\train\0021_1009239893_01_WRI-R2_M015.png,True,True,0,1,1,0,15.9,M,R,wrist,NONE
0022_02_WRI-L,PAT_GRAZ_22,22,GRAZPEDWRI-DX,train,0022_0395494318_02_WRI-L1_M012,0022_0395494351_02_WRI-L2_M012,D:\projects\MediMind\ai-prediction-service\artifacts\fracture_v2\experiment5_localization\dataset\images\train\0022_0395494318_02_WRI-L1_M012.png,D:\projects\MediMind\ai-prediction-service\artifacts\fracture_v2\experiment5_localization\dataset\images\train\0022_0395494351_02_WRI-L2_M012.png,True,True,1,1,1,1,12.1,M,L,wrist,NONE
0022_03_WRI-R,PAT_GRAZ_22,22,GRAZPEDWRI-DX,train,0022_0473957070_03_WRI-R1_M014,0022_0473957122_03_WRI-R2_M014,D:\projects\MediMind\ai-prediction-service\artifacts\fracture_v2\experiment5_localization\dataset\images\train\0022_0473957070_03_WRI-R1_M014.png,D:\projects\MediMind\ai-prediction-service\artifacts\fracture_v2\experiment5_localization\dataset\images\train\0022_0473957122_03_WRI-R2_M014.png,True,True,0,0,0,1,14.6,M,R,wrist,NONE
0024_01_WRI-L,PAT_GRAZ_24,24,GRAZPEDWRI-DX,train,0024_0210292654_01_WRI-L1_M011,0024_0210292715_01_WRI-L2_M011,D:\projects\MediMind\ai-prediction-service\artifacts\fracture_v2\experiment5_localization\dataset\images\train\0024_0210292654_01_WRI-L1_M011.png,D:\projects\MediMind\ai-prediction-service\artifacts\fracture_v2\experiment5_localization\dataset\images\train\0024_0210292715_01_WRI-L2_M011.png,True,True,1,1,1,1,11.2,M,L,wrist,NONE
0025_01_WRI-L,PAT_GRAZ_25,25,GRAZPEDWRI-DX,train,0025_0483842858_01_WRI-L1_F000,0025_0483842914_01_WRI-L2_F000,D:\projects\MediMind\ai-prediction-service\artifacts\fracture_v2\experiment5_localization\dataset\images\train\0025_0483842858_01_WRI-L1_F000.png,D:\projects\MediMind\ai-prediction-service\artifacts\fracture_v2\experiment5_localization\dataset\images\train\0025_0483842914_01_WRI-L2_F000.png,True,True,1,1,1,1,0.7,F,L,wrist,NONE
0026_01_WRI-L,PAT_GRAZ_26,26,GRAZPEDWRI-DX,train,0026_0943885928_01_WRI-L1_M014,0026_0943885953_01_WRI-L2_M014,D:\projects\MediMind\ai-prediction-service\artifacts\fracture_v2\experiment5_localization\dataset\images\train\0026_0943885928_01_WRI-L1_M014.png,D:\projects\MediMind\ai-prediction-service\artifacts\fracture_v2\experiment5_localization\dataset\images\train\0026_0943885953_01_WRI-L2_M014.png,True,True,0,0,0,1,14.2,M,L,wrist,NONE
0027_01_WRI-L,PAT_GRAZ_27,27,GRAZPEDWRI-DX,train,0027_0484640641_01_WRI-L1_F011,0027_0484640676_01_WRI-L2_F011,D:\projects\MediMind\ai-prediction-service\artifacts\fracture_v2\experiment5_localization\dataset\images\train\0027_0484640641_01_WRI-L1_F011.png,D:\projects\MediMind\ai-prediction-service\artifacts\fracture_v2\experiment5_localization\dataset\images\train\0027_0484640676_01_WRI-L2_F011.png,True,True,0,0,0,1,11.3,F,L,wrist,NONE
0029_01_WRI-L,PAT_GRAZ_29,29,GRAZPEDWRI-DX,train,0029_0571570953_01_WRI-L1_M008,0029_0571570993_01_WRI-L2_M008,D:\projects\MediMind\ai-prediction-service\artifacts\fracture_v2\experiment5_localization\dataset\images\train\0029_0571570953_01_WRI-L1_M008.png,D:\projects\MediMind\ai-prediction-service\artifacts\fracture_v2\experiment5_localization\dataset\images\train\0029_0571570993_01_WRI-L2_M008.png,True,True,1,1,1,1,8.4,M,L,wrist,NONE
0031_01_WRI-R,PAT_GRAZ_31,31,GRAZPEDWRI-DX,train,0031_1006577868_01_WRI-R1_M009,0031_1006577911_01_WRI-R2_M009,D:\projects\MediMind\ai-prediction-service\artifacts\fracture_v2\experiment5_localization\dataset\images\train\0031_1006577868_01_WRI-R1_M009.png,D:\projects\MediMind\ai-prediction-service\artifacts\fracture_v2\experiment5_localization\dataset\images\train\0031_1006577911_01_WRI-R2_M009.png,True,True,1,1,1,1,9.1,M,R,wrist,NONE
0031_02_WRI-R,PAT_GRAZ_31,31,GRAZPEDWRI-DX,train,0031_1007172623_02_WRI-R1_M009,0031_1007172668_02_WRI-R2_M009,D:\projects\MediMind\ai-prediction-service\artifacts\fracture_v2\experiment5_localization\dataset\images\train\0031_1007172623_02_WRI-R1_M009.png,D:\projects\MediMind\ai-prediction-service\artifacts\fracture_v2\experiment5_localization\dataset\images\train\0031_1007172668_02_WRI-R2_M009.png,True,True,1,1,1,1,9.1,M,R,wrist,NONE
0031_03_WRI-R,PAT_GRAZ_31,31,GRAZPEDWRI-DX,train,0031_1007782833_03_WRI-R1_M009,0031_1007782900_03_WRI-R2_M009,D:\projects\MediMind\ai-prediction-service\artifacts\fracture_v2\experiment5_localization\dataset\images\train\0031_1007782833_03_WRI-R1_M009.png,D:\projects\MediMind\ai-prediction-service\artifacts\fracture_v2\experiment5_localization\dataset\images\train\0031_1007782900_03_WRI-R2_M009.png,True,True,1,1,1,1,9.2,M,R,wrist,NONE
0033_01_WRI-L,PAT_GRAZ_33,33,GRAZPEDWRI-DX,train,0033_1098977646_01_WRI-L1_F006,0033_1098977682_01_WRI-L2_F006,D:\projects\MediMind\ai-prediction-service\artifacts\fracture_v2\experiment5_localization\dataset\images\train\0033_1098977646_01_WRI-L1_F006.png,D:\projects\MediMind\ai-prediction-service\artifacts\fracture_v2\experiment5_localization\dataset\images\train\0033_1098977682_01_WRI-L2_F006.png,True,True,1,1,1,1,6.7,F,L,wrist,NONE
0033_02_WRI-L,PAT_GRAZ_33,33,GRAZPEDWRI-DX,train,0033_1100149160_02_WRI-L1_F006,0033_1100149190_02_WRI-L2_F006,D:\projects\MediMind\ai-prediction-service\artifacts\fracture_v2\experiment5_localization\dataset\images\train\0033_1100149160_02_WRI-L1_F006.png,D:\projects\MediMind\ai-prediction-service\artifacts\fracture_v2\experiment5_localization\dataset\images\train\0033_1100149190_02_WRI-L2_F006.png,True,True,1,1,1,1,6.8,F,L,wrist,NONE
0034_01_WRI-R,PAT_GRAZ_34,34,GRAZPEDWRI-DX,train,0034_1157727574_01_WRI-R1_F013,0034_1157727598_01_WRI-R2_F013,D:\projects\MediMind\ai-prediction-service\artifacts\fracture_v2\experiment5_localization\dataset\images\train\0034_1157727574_01_WRI-R1_F013.png,D:\projects\MediMind\ai-prediction-service\artifacts\fracture_v2\experiment5_localization\dataset\images\train\0034_1157727598_01_WRI-R2_F013.png,True,True,0,0,0,1,13.3,F,R,wrist,NONE
0035_01_WRI-L,PAT_GRAZ_35,35,GRAZPEDWRI-DX,train,0035_0797029228_01_WRI-L1_F012,0035_0797029354_01_WRI-L2_F012,D:\projects\MediMind\ai-prediction-service\artifacts\fracture_v2\experiment5_localization\dataset\images\train\0035_0797029228_01_WRI-L1_F012.png,D:\projects\MediMind\ai-prediction-service\artifacts\fracture_v2\experiment5_localization\dataset\images\train\0035_0797029354_01_WRI-L2_F012.png,True,True,1,1,1,1,12.4,F,L,wrist,NONE
0039_01_WRI-R,PAT_GRAZ_39,39,GRAZPEDWRI-DX,train,0039_0524881391_01_WRI-R1_M016,0039_0524881424_01_WRI-R2_M016,D:\projects\MediMind\ai-prediction-service\artifacts\fracture_v2\experiment5_localization\dataset\images\train\0039_0524881391_01_WRI-R1_M016.png,D:\projects\MediMind\ai-prediction-service\artifacts\fracture_v2\experiment5_localization\dataset\images\train\0039_0524881424_01_WRI-R2_M016.png,True,True,0,0,0,1,16.5,M,R,wrist,NONE
0041_01_WRI-R,PAT_GRAZ_41,41,GRAZPEDWRI-DX,train,0041_0846362218_01_WRI-R1_M010,0041_0846362255_01_WRI-R2_M010,D:\projects\MediMind\ai-prediction-service\artifacts\fracture_v2\experiment5_localization\dataset\images\train\0041_0846362218_01_WRI-R1_M010.png,D:\projects\MediMind\ai-prediction-service\artifacts\fracture_v2\experiment5_localization\dataset\images\train\0041_0846362255_01_WRI-R2_M010.png,True,True,1,1,1,1,10.5,M,R,wrist,NONE
0042_01_WRI-R,PAT_GRAZ_42,42,GRAZPEDWRI-DX,train,0042_0760625564_01_WRI-R1_M013,0042_0760625600_01_WRI-R2_M013,D:\projects\MediMind\ai-prediction-service\artifacts\fracture_v2\experiment5_localization\dataset\images\train\0042_0760625564_01_WRI-R1_M013.png,D:\projects\MediMind\ai-prediction-service\artifacts\fracture_v2\experiment5_localization\dataset\images\train\0042_0760625600_01_WRI-R2_M013.png,True,True,1,1,1,1,13.1,M,R,wrist,NONE
0042_03_WRI-R,PAT_GRAZ_42,42,GRAZPEDWRI-DX,train,0042_0762697159_03_WRI-R1_M013,0042_0762697180_03_WRI-R2_M013,D:\projects\MediMind\ai-prediction-service\artifacts\fracture_v2\experiment5_localization\dataset\images\train\0042_0762697159_03_WRI-R1_M013.png,D:\projects\MediMind\ai-prediction-service\artifacts\fracture_v2\experiment5_localization\dataset\images\train\0042_0762697180_03_WRI-R2_M013.png,True,True,1,1,1,1,13.1,M,R,wrist,NONE
0042_04_WRI-R,PAT_GRAZ_42,42,GRAZPEDWRI-DX,train,0042_0827512754_04_WRI-R1_M015,0042_0827512771_04_WRI-R2_M015,D:\projects\MediMind\ai-prediction-service\artifacts\fracture_v2\experiment5_localization\dataset\images\train\0042_0827512754_04_WRI-R1_M015.png,D:\projects\MediMind\ai-prediction-service\artifacts\fracture_v2\experiment5_localization\dataset\images\train\0042_0827512771_04_WRI-R2_M015.png,True,True,0,1,1,0,15.2,M,R,wrist,NONE
0043_01_WRI-R,PAT_GRAZ_43,43,GRAZPEDWRI-DX,train,0043_1102352941_01_WRI-R1_M007,0043_1102352994_01_WRI-R2_M007,D:\projects\MediMind\ai-prediction-service\artifacts\fracture_v2\experiment5_localization\dataset\images\train\0043_1102352941_01_WRI-R1_M007.png,D:\projects\MediMind\ai-prediction-service\artifacts\fracture_v2\experiment5_localization\dataset\images\train\0043_1102352994_01_WRI-R2_M007.png,True,True,1,1,1,1,7.1,M,R,wrist,NONE
0044_01_WRI-L,PAT_GRAZ_44,44,GRAZPEDWRI-DX,train,0044_1042128354_01_WRI-L1_M004,0044_1042128398_01_WRI-L2_M004,D:\projects\MediMind\ai-prediction-service\artifacts\fracture_v2\experiment5_localization\dataset\images\train\0044_1042128354_01_WRI-L1_M004.png,D:\projects\MediMind\ai-prediction-service\artifacts\fracture_v2\experiment5_localization\dataset\images\train\0044_1042128398_01_WRI-L2_M004.png,True,True,1,1,1,1,4.0,M,L,wrist,NONE
0045_01_WRI-L,PAT_GRAZ_45,45,GRAZPEDWRI-DX,train,0045_0661159881_01_WRI-L1_M010,0045_0661159909_01_WRI-L2_M010,D:\projects\MediMind\ai-prediction-service\artifacts\fracture_v2\experiment5_localization\dataset\images\train\0045_0661159881_01_WRI-L1_M010.png,D:\projects\MediMind\ai-prediction-service\artifacts\fracture_v2\experiment5_localization\dataset\images\train\0045_0661159909_01_WRI-L2_M010.png,True,True,0,1,1,0,10.5,M,L,wrist,NONE
0046_01_WRI-L,PAT_GRAZ_46,46,GRAZPEDWRI-DX,train,0046_1032962136_01_WRI-L1_M008,0046_1032962185_01_WRI-L2_M008,D:\projects\MediMind\ai-prediction-service\artifacts\fracture_v2\experiment5_localization\dataset\images\train\0046_1032962136_01_WRI-L1_M008.png,D:\projects\MediMind\ai-prediction-service\artifacts\fracture_v2\experiment5_localization\dataset\images\train\0046_1032962185_01_WRI-L2_M008.png,True,True,1,1,1,1,8.2,M,L,wrist,NONE
0046_02_WRI-L,PAT_GRAZ_46,46,GRAZPEDWRI-DX,train,0046_1033629128_02_WRI-L1_M008,0046_1033629175_02_WRI-L2_M008,D:\projects\MediMind\ai-prediction-service\artifacts\fracture_v2\experiment5_localization\dataset\images\train\0046_1033629128_02_WRI-L1_M008.png,D:\projects\MediMind\ai-prediction-service\artifacts\fracture_v2\experiment5_localization\dataset\images\train\0046_1033629175_02_WRI-L2_M008.png,True,True,1,1,1,1,8.2,M,L,wrist,NONE
0046_03_WRI-L,PAT_GRAZ_46,46,GRAZPEDWRI-DX,train,0046_1034320500_03_WRI-L1_M008,0046_1034320574_03_WRI-L2_M008,D:\projects\MediMind\ai-prediction-service\artifacts\fracture_v2\experiment5_localization\dataset\images\train\0046_1034320500_03_WRI-L1_M008.png,D:\projects\MediMind\ai-prediction-service\artifacts\fracture_v2\experiment5_localization\dataset\images\train\0046_1034320574_03_WRI-L2_M008.png,True,True,1,1,1,1,8.2,M,L,wrist,NONE
0049_01_WRI-L,PAT_GRAZ_49,49,GRAZPEDWRI-DX,train,0049_0920148982_01_WRI-L1_M012,0049_0920148997_01_WRI-L2_M012,D:\projects\MediMind\ai-prediction-service\artifacts\fracture_v2\experiment5_localization\dataset\images\train\0049_0920148982_01_WRI-L1_M012.png,D:\projects\MediMind\ai-prediction-service\artifacts\fracture_v2\experiment5_localization\dataset\images\train\0049_0920148997_01_WRI-L2_M012.png,True,True,0,0,0,1,12.9,M,L,wrist,NONE
0054_01_WRI-L,PAT_GRAZ_54,54,GRAZPEDWRI-DX,train,0054_0367866644_01_WRI-L1_M014,0054_0367866717_01_WRI-L2_M014,D:\projects\MediMind\ai-prediction-service\artifacts\fracture_v2\experiment5_localization\dataset\images\train\0054_0367866644_01_WRI-L1_M014.png,D:\projects\MediMind\ai-prediction-service\artifacts\fracture_v2\experiment5_localization\dataset\images\train\0054_0367866717_01_WRI-L2_M014.png,True,True,1,1,1,1,14.8,M,L,wrist,NONE
0055_01_WRI-L,PAT_GRAZ_55,55,GRAZPEDWRI-DX,train,0055_0844133053_01_WRI-L1_F015,0055_0844133130_01_WRI-L2_F015,D:\projects\MediMind\ai-prediction-service\artifacts\fracture_v2\experiment5_localization\dataset\images\train\0055_0844133053_01_WRI-L1_F015.png,D:\projects\MediMind\ai-prediction-service\artifacts\fracture_v2\experiment5_localization\dataset\images\train\0055_0844133130_01_WRI-L2_F015.png,True,True,1,1,1,1,15.0,F,L,wrist,NONE
0055_02_WRI-L,PAT_GRAZ_55,55,GRAZPEDWRI-DX,train,0055_0845337283_02_WRI-L1_F015,0055_0845337354_02_WRI-L2_F015,D:\projects\MediMind\ai-prediction-service\artifacts\fracture_v2\experiment5_localization\dataset\images\train\0055_0845337283_02_WRI-L1_F015.png,D:\projects\MediMind\ai-prediction-service\artifacts\fracture_v2\experiment5_localization\dataset\images\train\0055_0845337354_02_WRI-L2_F015.png,True,True,1,1,1,1,15.1,F,L,wrist,NONE
0055_03_WRI-L,PAT_GRAZ_55,55,GRAZPEDWRI-DX,train,0055_0851472050_03_WRI-L1_F015,0055_0851472085_03_WRI-L2_F015,D:\projects\MediMind\ai-prediction-service\artifacts\fracture_v2\experiment5_localization\dataset\images\train\0055_0851472050_03_WRI-L1_F015.png,D:\projects\MediMind\ai-prediction-service\artifacts\fracture_v2\experiment5_localization\dataset\images\train\0055_0851472085_03_WRI-L2_F015.png,True,True,1,1,1,1,15.3,F,L,wrist,NONE
0057_01_WRI-R,PAT_GRAZ_57,57,GRAZPEDWRI-DX,train,0057_0927207219_01_WRI-R1_M010,0057_0927207258_01_WRI-R2_M010,D:\projects\MediMind\ai-prediction-service\artifacts\fracture_v2\experiment5_localization\dataset\images\train\0057_0927207219_01_WRI-R1_M010.png,D:\projects\MediMind\ai-prediction-service\artifacts\fracture_v2\experiment5_localization\dataset\images\train\0057_0927207258_01_WRI-R2_M010.png,True,True,1,1,1,1,10.8,M,R,wrist,NONE
0057_02_WRI-R,PAT_GRAZ_57,57,GRAZPEDWRI-DX,train,0057_0928238931_02_WRI-R1_M010,0057_0928238990_02_WRI-R2_M010,D:\projects\MediMind\ai-prediction-service\artifacts\fracture_v2\experiment5_localization\dataset\images\train\0057_0928238931_02_WRI-R1_M010.png,D:\projects\MediMind\ai-prediction-service\artifacts\fracture_v2\experiment5_localization\dataset\images\train\0057_0928238990_02_WRI-R2_M010.png,True,True,1,1,1,1,10.8,M,R,wrist,NONE
0058_01_WRI-L,PAT_GRAZ_58,58,GRAZPEDWRI-DX,train,0058_1187121256_01_WRI-L1_M013,0058_1187121299_01_WRI-L2_M013,D:\projects\MediMind\ai-prediction-service\artifacts\fracture_v2\experiment5_localization\dataset\images\train\0058_1187121256_01_WRI-L1_M013.png,D:\projects\MediMind\ai-prediction-service\artifacts\fracture_v2\experiment5_localization\dataset\images\train\0058_1187121299_01_WRI-L2_M013.png,True,True,0,1,1,0,13.7,M,L,wrist,NONE
0058_02_WRI-L,PAT_GRAZ_58,58,GRAZPEDWRI-DX,train,0058_1220190927_02_WRI-L1_M014,0058_1220190964_02_WRI-L2_M014,D:\projects\MediMind\ai-prediction-service\artifacts\fracture_v2\experiment5_localization\dataset\images\train\0058_1220190927_02_WRI-L1_M014.png,D:\projects\MediMind\ai-prediction-service\artifacts\fracture_v2\experiment5_localization\dataset\images\train\0058_1220190964_02_WRI-L2_M014.png,True,True,1,1,1,1,14.7,M,L,wrist,NONE
0061_01_WRI-L,PAT_GRAZ_61,61,GRAZPEDWRI-DX,train,0061_0644271576_01_WRI-L1_F010,0061_0644271611_01_WRI-L2_F010,D:\projects\MediMind\ai-prediction-service\artifacts\fracture_v2\experiment5_localization\dataset\images\train\0061_0644271576_01_WRI-L1_F010.png,D:\projects\MediMind\ai-prediction-service\artifacts\fracture_v2\experiment5_localization\dataset\images\train\0061_0644271611_01_WRI-L2_F010.png,True,True,0,0,0,1,10.8,F,L,wrist,NONE
0063_01_WRI-R,PAT_GRAZ_63,63,GRAZPEDWRI-DX,train,0063_0564895706_01_WRI-R1_F011,0063_0564895777_01_WRI-R2_F011,D:\projects\MediMind\ai-prediction-service\artifacts\fracture_v2\experiment5_localization\dataset\images\train\0063_0564895706_01_WRI-R1_F011.png,D:\projects\MediMind\ai-prediction-service\artifacts\fracture_v2\experiment5_localization\dataset\images\train\0063_0564895777_01_WRI-R2_F011.png,True,True,1,1,1,1,11.9,F,R,wrist,NONE
0063_02_WRI-R,PAT_GRAZ_63,63,GRAZPEDWRI-DX,train,0063_0566100805_02_WRI-R1_F011,0063_0566100866_02_WRI-R2_F011,D:\projects\MediMind\ai-prediction-service\artifacts\fracture_v2\experiment5_localization\dataset\images\train\0063_0566100805_02_WRI-R1_F011.png,D:\projects\MediMind\ai-prediction-service\artifacts\fracture_v2\experiment5_localization\dataset\images\train\0063_0566100866_02_WRI-R2_F011.png,True,True,1,1,1,1,11.9,F,R,wrist,NONE
0066_01_WRI-L,PAT_GRAZ_66,66,GRAZPEDWRI-DX,train,0066_1261433016_01_WRI-L1_M011,0066_1261433167_01_WRI-L2_M011,D:\projects\MediMind\ai-prediction-service\artifacts\fracture_v2\experiment5_localization\dataset\images\train\0066_1261433016_01_WRI-L1_M011.png,D:\projects\MediMind\ai-prediction-service\artifacts\fracture_v2\experiment5_localization\dataset\images\train\0066_1261433167_01_WRI-L2_M011.png,True,True,1,1,1,1,11.6,M,L,wrist,NONE
0066_02_WRI-L,PAT_GRAZ_66,66,GRAZPEDWRI-DX,train,0066_1261436248_02_WRI-L1_M011,0066_1261436285_02_WRI-L2_M011,D:\projects\MediMind\ai-prediction-service\artifacts\fracture_v2\experiment5_localization\dataset\images\train\0066_1261436248_02_WRI-L1_M011.png,D:\projects\MediMind\ai-prediction-service\artifacts\fracture_v2\experiment5_localization\dataset\images\train\0066_1261436285_02_WRI-L2_M011.png,True,True,1,1,1,1,11.6,M,L,wrist,NONE
0066_03_WRI-L,PAT_GRAZ_66,66,GRAZPEDWRI-DX,train,0066_1262119048_03_WRI-L1_M011,0066_1262119118_03_WRI-L2_M011,D:\projects\MediMind\ai-prediction-service\artifacts\fracture_v2\experiment5_localization\dataset\images\train\0066_1262119048_03_WRI-L1_M011.png,D:\projects\MediMind\ai-prediction-service\artifacts\fracture_v2\experiment5_localization\dataset\images\train\0066_1262119118_03_WRI-L2_M011.png,True,True,1,1,1,1,11.6,M,L,wrist,NONE
0066_04_WRI-L,PAT_GRAZ_66,66,GRAZPEDWRI-DX,train,0066_1263156785_04_WRI-L1_M011,0066_1263156863_04_WRI-L2_M011,D:\projects\MediMind\ai-prediction-service\artifacts\fracture_v2\experiment5_localization\dataset\images\train\0066_1263156785_04_WRI-L1_M011.png,D:\projects\MediMind\ai-prediction-service\artifacts\fracture_v2\experiment5_localization\dataset\images\train\0066_1263156863_04_WRI-L2_M011.png,True,True,1,1,1,1,11.6,M,L,wrist,NONE
0068_01_WRI-R,PAT_GRAZ_68,68,GRAZPEDWRI-DX,train,0068_0415383065_01_WRI-R1_M010,0068_0415383100_01_WRI-R2_M010,D:\projects\MediMind\ai-prediction-service\artifacts\fracture_v2\experiment5_localization\dataset\images\train\0068_0415383065_01_WRI-R1_M010.png,D:\projects\MediMind\ai-prediction-service\artifacts\fracture_v2\experiment5_localization\dataset\images\train\0068_0415383100_01_WRI-R2_M010.png,True,True,0,0,0,1,10.9,M,R,wrist,NONE
0069_01_WRI-L,PAT_GRAZ_69,69,GRAZPEDWRI-DX,train,0069_0502540283_01_WRI-L1_M013,0069_0502540229_01_WRI-L2_M013,D:\projects\MediMind\ai-prediction-service\artifacts\fracture_v2\experiment5_localization\dataset\images\train\0069_0502540283_01_WRI-L1_M013.png,D:\projects\MediMind\ai-prediction-service\artifacts\fracture_v2\experiment5_localization\dataset\images\train\0069_0502540229_01_WRI-L2_M013.png,True,True,1,1,1,1,13.8,M,L,wrist,NONE
0069_02_WRI-L,PAT_GRAZ_69,69,GRAZPEDWRI-DX,train,0069_0503059409_02_WRI-L1_M013,0069_0503059471_02_WRI-L2_M013,D:\projects\MediMind\ai-prediction-service\artifacts\fracture_v2\experiment5_localization\dataset\images\train\0069_0503059409_02_WRI-L1_M013.png,D:\projects\MediMind\ai-prediction-service\artifacts\fracture_v2\experiment5_localization\dataset\images\train\0069_0503059471_02_WRI-L2_M013.png,True,True,1,1,1,1,13.8,M,L,wrist,NONE
0069_03_WRI-L,PAT_GRAZ_69,69,GRAZPEDWRI-DX,train,0069_0503737760_03_WRI-L1_M013,0069_0503737843_03_WRI-L2_M013,D:\projects\MediMind\ai-prediction-service\artifacts\fracture_v2\experiment5_localization\dataset\images\train\0069_0503737760_03_WRI-L1_M013.png,D:\projects\MediMind\ai-prediction-service\artifacts\fracture_v2\experiment5_localization\dataset\images\train\0069_0503737843_03_WRI-L2_M013.png,True,True,1,1,1,1,13.9,M,L,wrist,NONE
0070_01_WRI-L,PAT_GRAZ_70,70,GRAZPEDWRI-DX,train,0070_0614525012_01_WRI-L1_F003,0070_0614525072_01_WRI-L2_F003,D:\projects\MediMind\ai-prediction-service\artifacts\fracture_v2\experiment5_localization\dataset\images\train\0070_0614525012_01_WRI-L1_F003.png,D:\projects\MediMind\ai-prediction-service\artifacts\fracture_v2\experiment5_localization\dataset\images\train\0070_0614525072_01_WRI-L2_F003.png,True,True,0,0,0,1,3.2,F,L,wrist,NONE
0071_01_WRI-R,PAT_GRAZ_71,71,GRAZPEDWRI-DX,train,0071_0678614107_01_WRI-R1_F009,0071_0678614151_01_WRI-R2_F009,D:\projects\MediMind\ai-prediction-service\artifacts\fracture_v2\experiment5_localization\dataset\images\train\0071_0678614107_01_WRI-R1_F009.png,D:\projects\MediMind\ai-prediction-service\artifacts\fracture_v2\experiment5_localization\dataset\images\train\0071_0678614151_01_WRI-R2_F009.png,True,True,1,1,1,1,9.6,F,R,wrist,NONE
0071_02_WRI-R,PAT_GRAZ_71,71,GRAZPEDWRI-DX,train,0071_0680563744_02_WRI-R1_F009,0071_0680563788_02_WRI-R2_F009,D:\projects\MediMind\ai-prediction-service\artifacts\fracture_v2\experiment5_localization\dataset\images\train\0071_0680563744_02_WRI-R1_F009.png,D:\projects\MediMind\ai-prediction-service\artifacts\fracture_v2\experiment5_localization\dataset\images\train\0071_0680563788_02_WRI-R2_F009.png,True,True,1,1,1,1,9.6,F,R,wrist,NONE
0073_01_WRI-L,PAT_GRAZ_73,73,GRAZPEDWRI-DX,train,0073_1156812533_01_WRI-L1_M015,0073_1156812570_01_WRI-L2_M015,D:\projects\MediMind\ai-prediction-service\artifacts\fracture_v2\experiment5_localization\dataset\images\train\0073_1156812533_01_WRI-L1_M015.png,D:\projects\MediMind\ai-prediction-service\artifacts\fracture_v2\experiment5_localization\dataset\images\train\0073_1156812570_01_WRI-L2_M015.png,True,True,0,0,0,1,15.8,M,L,wrist,NONE
0073_02_WRI-R,PAT_GRAZ_73,73,GRAZPEDWRI-DX,train,0073_1210326335_02_WRI-R1_M017,0073_1210326386_02_WRI-R2_M017,D:\projects\MediMind\ai-prediction-service\artifacts\fracture_v2\experiment5_localization\dataset\images\train\0073_1210326335_02_WRI-R1_M017.png,D:\projects\MediMind\ai-prediction-service\artifacts\fracture_v2\experiment5_localization\dataset\images\train\0073_1210326386_02_WRI-R2_M017.png,True,True,0,0,0,1,17.5,M,R,wrist,NONE
0074_01_WRI-L,PAT_GRAZ_74,74,GRAZPEDWRI-DX,train,0074_0778270458_01_WRI-L1_F010,0074_0778270509_01_WRI-L2_F010,D:\projects\MediMind\ai-prediction-service\artifacts\fracture_v2\experiment5_localization\dataset\images\train\0074_0778270458_01_WRI-L1_F010.png,D:\projects\MediMind\ai-prediction-service\artifacts\fracture_v2\experiment5_localization\dataset\images\train\0074_0778270509_01_WRI-L2_F010.png,True,True,0,1,1,0,10.0,F,L,wrist,NONE
0077_01_WRI-R,PAT_GRAZ_77,77,GRAZPEDWRI-DX,train,0077_1156321403_01_WRI-R1_M011,0077_1156321421_01_WRI-R2_M011,D:\projects\MediMind\ai-prediction-service\artifacts\fracture_v2\experiment5_localization\dataset\images\train\0077_1156321403_01_WRI-R1_M011.png,D:\projects\MediMind\ai-prediction-service\artifacts\fracture_v2\experiment5_localization\dataset\images\train\0077_1156321421_01_WRI-R2_M011.png,True,True,0,0,0,1,11.5,M,R,wrist,NONE
0078_01_WRI-L,PAT_GRAZ_78,78,GRAZPEDWRI-DX,train,0078_1212376595_01_WRI-L1_M011,0078_1212376663_01_WRI-L2_M011,D:\projects\MediMind\ai-prediction-service\artifacts\fracture_v2\experiment5_localization\dataset\images\train\0078_1212376595_01_WRI-L1_M011.png,D:\projects\MediMind\ai-prediction-service\artifacts\fracture_v2\experiment5_localization\dataset\images\train\0078_1212376663_01_WRI-L2_M011.png,True,True,1,1,1,1,11.6,M,L,wrist,NONE
0078_02_WRI-L,PAT_GRAZ_78,78,GRAZPEDWRI-DX,train,0078_1212968409_02_WRI-L1_M011,0078_1212968489_02_WRI-L2_M011,D:\projects\MediMind\ai-prediction-service\artifacts\fracture_v2\experiment5_localization\dataset\images\train\0078_1212968409_02_WRI-L1_M011.png,D:\projects\MediMind\ai-prediction-service\artifacts\fracture_v2\experiment5_localization\dataset\images\train\0078_1212968489_02_WRI-L2_M011.png,True,True,1,1,1,1,11.7,M,L,wrist,NONE
0078_03_WRI-L,PAT_GRAZ_78,78,GRAZPEDWRI-DX,train,0078_1213575280_03_WRI-L1_M011,0078_1213575325_03_WRI-L2_M011,D:\projects\MediMind\ai-prediction-service\artifacts\fracture_v2\experiment5_localization\dataset\images\train\0078_1213575280_03_WRI-L1_M011.png,D:\projects\MediMind\ai-prediction-service\artifacts\fracture_v2\experiment5_localization\dataset\images\train\0078_1213575325_03_WRI-L2_M011.png,True,True,1,1,1,1,11.7,M,L,wrist,NONE
0078_04_WRI-L,PAT_GRAZ_78,78,GRAZPEDWRI-DX,train,0078_1214181861_04_WRI-L1_M011,0078_1214181959_04_WRI-L2_M011,D:\projects\MediMind\ai-prediction-service\artifacts\fracture_v2\experiment5_localization\dataset\images\train\0078_1214181861_04_WRI-L1_M011.png,D:\projects\MediMind\ai-prediction-service\artifacts\fracture_v2\experiment5_localization\dataset\images\train\0078_1214181959_04_WRI-L2_M011.png,True,True,1,1,1,1,11.7,M,L,wrist,NONE
0078_05_WRI-L,PAT_GRAZ_78,78,GRAZPEDWRI-DX,train,0078_1215384180_05_WRI-L1_M011,0078_1215384250_05_WRI-L2_M011,D:\projects\MediMind\ai-prediction-service\artifacts\fracture_v2\experiment5_localization\dataset\images\train\0078_1215384180_05_WRI-L1_M011.png,D:\projects\MediMind\ai-prediction-service\artifacts\fracture_v2\experiment5_localization\dataset\images\train\0078_1215384250_05_WRI-L2_M011.png,True,True,1,1,1,1,11.7,M,L,wrist,NONE
0079_01_WRI-L,PAT_GRAZ_79,79,GRAZPEDWRI-DX,train,0079_0554009487_01_WRI-L1_M010,0079_0554009526_01_WRI-L2_M010,D:\projects\MediMind\ai-prediction-service\artifacts\fracture_v2\experiment5_localization\dataset\images\train\0079_0554009487_01_WRI-L1_M010.png,D:\projects\MediMind\ai-prediction-service\artifacts\fracture_v2\experiment5_localization\dataset\images\train\0079_0554009526_01_WRI-L2_M010.png,True,True,1,1,1,1,10.7,M,L,wrist,NONE
0079_02_WRI-L,PAT_GRAZ_79,79,GRAZPEDWRI-DX,train,0079_0554611613_02_WRI-L1_M010,0079_0554611651_02_WRI-L2_M010,D:\projects\MediMind\ai-prediction-service\artifacts\fracture_v2\experiment5_localization\dataset\images\train\0079_0554611613_02_WRI-L1_M010.png,D:\projects\MediMind\ai-prediction-service\artifacts\fracture_v2\experiment5_localization\dataset\images\train\0079_0554611651_02_WRI-L2_M010.png,True,True,1,1,1,1,10.7,M,L,wrist,NONE
0079_03_WRI-L,PAT_GRAZ_79,79,GRAZPEDWRI-DX,train,0079_0555388535_03_WRI-L1_M010,0079_0555388559_03_WRI-L2_M010,D:\projects\MediMind\ai-prediction-service\artifacts\fracture_v2\experiment5_localization\dataset\images\train\0079_0555388535_03_WRI-L1_M010.png,D:\projects\MediMind\ai-prediction-service\artifacts\fracture_v2\experiment5_localization\dataset\images\train\0079_0555388559_03_WRI-L2_M010.png,True,True,1,1,1,1,10.7,M,L,wrist,NONE
0080_01_WRI-L,PAT_GRAZ_80,80,GRAZPEDWRI-DX,train,0080_0763432029_01_WRI-L1_F009,0080_0763432063_01_WRI-L2_F009,D:\projects\MediMind\ai-prediction-service\artifacts\fracture_v2\experiment5_localization\dataset\images\train\0080_0763432029_01_WRI-L1_F009.png,D:\projects\MediMind\ai-prediction-service\artifacts\fracture_v2\experiment5_localization\dataset\images\train\0080_0763432063_01_WRI-L2_F009.png,True,True,1,1,1,1,9.5,F,L,wrist,NONE
0081_01_WRI-L,PAT_GRAZ_81,81,GRAZPEDWRI-DX,train,0081_0559506603_01_WRI-L1_F016,0081_0559506630_01_WRI-L2_F016,D:\projects\MediMind\ai-prediction-service\artifacts\fracture_v2\experiment5_localization\dataset\images\train\0081_0559506603_01_WRI-L1_F016.png,D:\projects\MediMind\ai-prediction-service\artifacts\fracture_v2\experiment5_localization\dataset\images\train\0081_0559506630_01_WRI-L2_F016.png,True,True,0,0,0,1,16.6,F,L,wrist,NONE
0081_01_WRI-R,PAT_GRAZ_81,81,GRAZPEDWRI-DX,train,0081_0559506660_01_WRI-R1_F016,0081_0559506696_01_WRI-R2_F016,D:\projects\MediMind\ai-prediction-service\artifacts\fracture_v2\experiment5_localization\dataset\images\train\0081_0559506660_01_WRI-R1_F016.png,D:\projects\MediMind\ai-prediction-service\artifacts\fracture_v2\experiment5_localization\dataset\images\train\0081_0559506696_01_WRI-R2_F016.png,True,True,0,0,0,1,16.6,F,R,wrist,NONE
0082_01_WRI-R,PAT_GRAZ_82,82,GRAZPEDWRI-DX,train,0082_0625809071_01_WRI-R1_M001,0082_0625809140_01_WRI-R2_M001,D:\projects\MediMind\ai-prediction-service\artifacts\fracture_v2\experiment5_localization\dataset\images\train\0082_0625809071_01_WRI-R1_M001.png,D:\projects\MediMind\ai-prediction-service\artifacts\fracture_v2\experiment5_localization\dataset\images\train\0082_0625809140_01_WRI-R2_M001.png,True,True,0,0,0,1,1.4,M,R,wrist,NONE
0084_01_WRI-R,PAT_GRAZ_84,84,GRAZPEDWRI-DX,train,0084_0923524247_01_WRI-R1_F008,0084_0923524295_01_WRI-R2_F008,D:\projects\MediMind\ai-prediction-service\artifacts\fracture_v2\experiment5_localization\dataset\images\train\0084_0923524247_01_WRI-R1_F008.png,D:\projects\MediMind\ai-prediction-service\artifacts\fracture_v2\experiment5_localization\dataset\images\train\0084_0923524295_01_WRI-R2_F008.png,True,True,1,1,1,1,8.4,F,R,wrist,NONE
0084_02_WRI-R,PAT_GRAZ_84,84,GRAZPEDWRI-DX,train,0084_0924130301_02_WRI-R1_F008,0084_0924130330_02_WRI-R2_F008,D:\projects\MediMind\ai-prediction-service\artifacts\fracture_v2\experiment5_localization\dataset\images\train\0084_0924130301_02_WRI-R1_F008.png,D:\projects\MediMind\ai-prediction-service\artifacts\fracture_v2\experiment5_localization\dataset\images\train\0084_0924130330_02_WRI-R2_F008.png,True,True,1,1,1,1,8.5,F,R,wrist,NONE
0084_03_WRI-R,PAT_GRAZ_84,84,GRAZPEDWRI-DX,train,0084_0924736214_03_WRI-R1_F008,0084_0924736287_03_WRI-R2_F008,D:\projects\MediMind\ai-prediction-service\artifacts\fracture_v2\experiment5_localization\dataset\images\train\0084_0924736214_03_WRI-R1_F008.png,D:\projects\MediMind\ai-prediction-service\artifacts\fracture_v2\experiment5_localization\dataset\images\train\0084_0924736287_03_WRI-R2_F008.png,True,True,1,1,1,1,8.5,F,R,wrist,NONE
0084_04_WRI-R,PAT_GRAZ_84,84,GRAZPEDWRI-DX,train,0084_0925949124_04_WRI-R1_F008,0084_0925949292_04_WRI-R2_F008,D:\projects\MediMind\ai-prediction-service\artifacts\fracture_v2\experiment5_localization\dataset\images\train\0084_0925949124_04_WRI-R1_F008.png,D:\projects\MediMind\ai-prediction-service\artifacts\fracture_v2\experiment5_localization\dataset\images\train\0084_0925949292_04_WRI-R2_F008.png,True,True,1,1,1,1,8.5,F,R,wrist,NONE
0087_01_WRI-R,PAT_GRAZ_87,87,GRAZPEDWRI-DX,train,0087_0493070649_01_WRI-R1_F003,0087_0493070693_01_WRI-R2_F003,D:\projects\MediMind\ai-prediction-service\artifacts\fracture_v2\experiment5_localization\dataset\images\train\0087_0493070649_01_WRI-R1_F003.png,D:\projects\MediMind\ai-prediction-service\artifacts\fracture_v2\experiment5_localization\dataset\images\train\0087_0493070693_01_WRI-R2_F003.png,True,True,0,0,0,1,3.3,F,R,wrist,NONE
0088_01_WRI-L,PAT_GRAZ_88,88,GRAZPEDWRI-DX,train,0088_1103836917_01_WRI-L1_M017,0088_1103836952_01_WRI-L2_M017,D:\projects\MediMind\ai-prediction-service\artifacts\fracture_v2\experiment5_localization\dataset\images\train\0088_1103836917_01_WRI-L1_M017.png,D:\projects\MediMind\ai-prediction-service\artifacts\fracture_v2\experiment5_localization\dataset\images\train\0088_1103836952_01_WRI-L2_M017.png,True,True,0,0,0,1,17.3,M,L,wrist,NONE
0089_01_WRI-R,PAT_GRAZ_89,89,GRAZPEDWRI-DX,train,0089_0433913959_01_WRI-R1_F010,0089_0433913987_01_WRI-R2_F010,D:\projects\MediMind\ai-prediction-service\artifacts\fracture_v2\experiment5_localization\dataset\images\train\0089_0433913959_01_WRI-R1_F010.png,D:\projects\MediMind\ai-prediction-service\artifacts\fracture_v2\experiment5_localization\dataset\images\train\0089_0433913987_01_WRI-R2_F010.png,True,True,1,1,1,1,10.9,F,R,wrist,NONE
0092_01_WRI-L,PAT_GRAZ_92,92,GRAZPEDWRI-DX,train,0092_0773048270_01_WRI-L1_M012,0092_0773048323_01_WRI-L2_M012,D:\projects\MediMind\ai-prediction-service\artifacts\fracture_v2\experiment5_localization\dataset\images\train\0092_0773048270_01_WRI-L1_M012.png,D:\projects\MediMind\ai-prediction-service\artifacts\fracture_v2\experiment5_localization\dataset\images\train\0092_0773048323_01_WRI-L2_M012.png,True,True,0,1,1,0,12.8,M,L,wrist,NONE
0093_01_WRI-R,PAT_GRAZ_93,93,GRAZPEDWRI-DX,train,0093_0595986251_01_WRI-R1_M012,0093_0595986302_01_WRI-R2_M012,D:\projects\MediMind\ai-prediction-service\artifacts\fracture_v2\experiment5_localization\dataset\images\train\0093_0595986251_01_WRI-R1_M012.png,D:\projects\MediMind\ai-prediction-service\artifacts\fracture_v2\experiment5_localization\dataset\images\train\0093_0595986302_01_WRI-R2_M012.png,True,True,1,1,1,1,12.6,M,R,wrist,NONE
0093_02_WRI-R,PAT_GRAZ_93,93,GRAZPEDWRI-DX,train,0093_0597190473_02_WRI-R1_M012,0093_0597190523_02_WRI-R2_M012,D:\projects\MediMind\ai-prediction-service\artifacts\fracture_v2\experiment5_localization\dataset\images\train\0093_0597190473_02_WRI-R1_M012.png,D:\projects\MediMind\ai-prediction-service\artifacts\fracture_v2\experiment5_localization\dataset\images\train\0093_0597190523_02_WRI-R2_M012.png,True,True,1,1,1,1,12.6,M,R,wrist,NONE
0093_03_WRI-R,PAT_GRAZ_93,93,GRAZPEDWRI-DX,train,0093_0598311484_03_WRI-R1_M012,0093_0598311532_03_WRI-R2_M012,D:\projects\MediMind\ai-prediction-service\artifacts\fracture_v2\experiment5_localization\dataset\images\train\0093_0598311484_03_WRI-R1_M012.png,D:\projects\MediMind\ai-prediction-service\artifacts\fracture_v2\experiment5_localization\dataset\images\train\0093_0598311532_03_WRI-R2_M012.png,True,True,1,1,1,1,12.7,M,R,wrist,NONE
0095_01_WRI-L,PAT_GRAZ_95,95,GRAZPEDWRI-DX,train,0095_0897461656_01_WRI-L1_F005,0095_0897461702_01_WRI-L2_F005,D:\projects\MediMind\ai-prediction-service\artifacts\fracture_v2\experiment5_localization\dataset\images\train\0095_0897461656_01_WRI-L1_F005.png,D:\projects\MediMind\ai-prediction-service\artifacts\fracture_v2\experiment5_localization\dataset\images\train\0095_0897461702_01_WRI-L2_F005.png,True,True,1,1,1,1,5.8,F,L,wrist,NONE
0097_01_WRI-R,PAT_GRAZ_97,97,GRAZPEDWRI-DX,train,0097_1108250210_01_WRI-R1_M015,0097_1108250259_01_WRI-R2_M015,D:\projects\MediMind\ai-prediction-service\artifacts\fracture_v2\experiment5_localization\dataset\images\train\0097_1108250210_01_WRI-R1_M015.png,D:\projects\MediMind\ai-prediction-service\artifacts\fracture_v2\experiment5_localization\dataset\images\train\0097_1108250259_01_WRI-R2_M015.png,True,True,1,1,1,1,15.1,M,R,wrist,NONE
0098_01_WRI-R,PAT_GRAZ_98,98,GRAZPEDWRI-DX,train,0098_1133632121_01_WRI-R1_F004,0098_1133632173_01_WRI-R2_F004,D:\projects\MediMind\ai-prediction-service\artifacts\fracture_v2\experiment5_localization\dataset\images\train\0098_1133632121_01_WRI-R1_F004.png,D:\projects\MediMind\ai-prediction-service\artifacts\fracture_v2\experiment5_localization\dataset\images\train\0098_1133632173_01_WRI-R2_F004.png,True,True,0,0,0,1,4.6,F,R,wrist,NONE
0100_01_WRI-L,PAT_GRAZ_100,100,GRAZPEDWRI-DX,train,0100_0333148879_01_WRI-L1_F016,0100_0333148913_01_WRI-L2_F016,D:\projects\MediMind\ai-prediction-service\artifacts\fracture_v2\experiment5_localization\dataset\images\train\0100_0333148879_01_WRI-L1_F016.png,D:\projects\MediMind\ai-prediction-service\artifacts\fracture_v2\experiment5_localization\dataset\images\train\0100_0333148913_01_WRI-L2_F016.png,True,True,1,1,1,1,16.8,F,L,wrist,NONE
0101_01_WRI-R,PAT_GRAZ_101,101,GRAZPEDWRI-DX,train,0101_0623472531_01_WRI-R1_M012,0101_0623472591_01_WRI-R2_M012,D:\projects\MediMind\ai-prediction-service\artifacts\fracture_v2\experiment5_localization\dataset\images\train\0101_0623472531_01_WRI-R1_M012.png,D:\projects\MediMind\ai-prediction-service\artifacts\fracture_v2\experiment5_localization\dataset\images\train\0101_0623472591_01_WRI-R2_M012.png,True,True,1,1,1,1,12.2,M,R,wrist,NONE
0102_01_WRI-R,PAT_GRAZ_102,102,GRAZPEDWRI-DX,train,0102_0879236916_01_WRI-R1_M014,0102_0879236957_01_WRI-R2_M014,D:\projects\MediMind\ai-prediction-service\artifacts\fracture_v2\experiment5_localization\dataset\images\train\0102_0879236916_01_WRI-R1_M014.png,D:\projects\MediMind\ai-prediction-service\artifacts\fracture_v2\experiment5_localization\dataset\images\train\0102_0879236957_01_WRI-R2_M014.png,True,True,0,1,1,0,14.3,M,R,wrist,NONE
0104_01_WRI-L,PAT_GRAZ_104,104,GRAZPEDWRI-DX,train,0104_0861127118_01_WRI-L1_M010,0104_0861127151_01_WRI-L2_M010,D:\projects\MediMind\ai-prediction-service\artifacts\fracture_v2\experiment5_localization\dataset\images\train\0104_0861127118_01_WRI-L1_M010.png,D:\projects\MediMind\ai-prediction-service\artifacts\fracture_v2\experiment5_localization\dataset\images\train\0104_0861127151_01_WRI-L2_M010.png,True,True,0,0,0,1,10.7,M,L,wrist,NONE
0107_01_WRI-R,PAT_GRAZ_107,107,GRAZPEDWRI-DX,train,0107_0878859102_01_WRI-R1_M013,0107_0878859120_01_WRI-R2_M013,D:\projects\MediMind\ai-prediction-service\artifacts\fracture_v2\experiment5_localization\dataset\images\train\0107_0878859102_01_WRI-R1_M013.png,D:\projects\MediMind\ai-prediction-service\artifacts\fracture_v2\experiment5_localization\dataset\images\train\0107_0878859120_01_WRI-R2_M013.png,True,True,0,0,0,1,13.9,M,R,wrist,NONE
0108_01_WRI-R,PAT_GRAZ_108,108,GRAZPEDWRI-DX,train,0108_0398571436_01_WRI-R1_M015,0108_0398571462_01_WRI-R2_M015,D:\projects\MediMind\ai-prediction-service\artifacts\fracture_v2\experiment5_localization\dataset\images\train\0108_0398571436_01_WRI-R1_M015.png,D:\projects\MediMind\ai-prediction-service\artifacts\fracture_v2\experiment5_localization\dataset\images\train\0108_0398571462_01_WRI-R2_M015.png,True,True,0,0,0,1,15.8,M,R,wrist,NONE
0110_01_WRI-L,PAT_GRAZ_110,110,GRAZPEDWRI-DX,train,0110_0503930402_01_WRI-L1_F014,0110_0503930445_01_WRI-L2_F014,D:\projects\MediMind\ai-prediction-service\artifacts\fracture_v2\experiment5_localization\dataset\images\train\0110_0503930402_01_WRI-L1_F014.png,D:\projects\MediMind\ai-prediction-service\artifacts\fracture_v2\experiment5_localization\dataset\images\train\0110_0503930445_01_WRI-L2_F014.png,True,True,0,0,0,1,14.2,F,L,wrist,NONE
0110_02_WRI-R,PAT_GRAZ_110,110,GRAZPEDWRI-DX,train,0110_0509979702_02_WRI-R1_F014,0110_0509979746_02_WRI-R2_F014,D:\projects\MediMind\ai-prediction-service\artifacts\fracture_v2\experiment5_localization\dataset\images\train\0110_0509979702_02_WRI-R1_F014.png,D:\projects\MediMind\ai-prediction-service\artifacts\fracture_v2\experiment5_localization\dataset\images\train\0110_0509979746_02_WRI-R2_F014.png,True,True,0,0,0,1,14.4,F,R,wrist,NONE
0113_01_WRI-R,PAT_GRAZ_113,113,GRAZPEDWRI-DX,train,0113_0568519534_01_WRI-R1_F010,0113_0568519570_01_WRI-R2_F010,D:\projects\MediMind\ai-prediction-service\artifacts\fracture_v2\experiment5_localization\dataset\images\train\0113_0568519534_01_WRI-R1_F010.png,D:\projects\MediMind\ai-prediction-service\artifacts\fracture_v2\experiment5_localization\dataset\images\train\0113_0568519570_01_WRI-R2_F010.png,True,True,0,0,0,1,10.9,F,R,wrist,NONE
0114_01_WRI-L,PAT_GRAZ_114,114,GRAZPEDWRI-DX,train,0114_0838457189_01_WRI-L1_F010,0114_0838457232_01_WRI-L2_F010,D:\projects\MediMind\ai-prediction-service\artifacts\fracture_v2\experiment5_localization\dataset\images\train\0114_0838457189_01_WRI-L1_F010.png,D:\projects\MediMind\ai-prediction-service\artifacts\fracture_v2\experiment5_localization\dataset\images\train\0114_0838457232_01_WRI-L2_F010.png,True,True,0,1,1,0,10.5,F,L,wrist,NONE
0116_01_WRI-R,PAT_GRAZ_116,116,GRAZPEDWRI-DX,train,0116_0626059847_01_WRI-R1_M014,0116_0626059877_01_WRI-R2_M014,D:\projects\MediMind\ai-prediction-service\artifacts\fracture_v2\experiment5_localization\dataset\images\train\0116_0626059847_01_WRI-R1_M014.png,D:\projects\MediMind\ai-prediction-service\artifacts\fracture_v2\experiment5_localization\dataset\images\train\0116_0626059877_01_WRI-R2_M014.png,True,True,0,0,0,1,14.2,M,R,wrist,NONE
0117_01_WRI-R,PAT_GRAZ_117,117,GRAZPEDWRI-DX,train,0117_0177859414_01_WRI-R1_F009,0117_0177859440_01_WRI-R2_F009,D:\projects\MediMind\ai-prediction-service\artifacts\fracture_v2\experiment5_localization\dataset\images\train\0117_0177859414_01_WRI-R1_F009.png,D:\projects\MediMind\ai-prediction-service\artifacts\fracture_v2\experiment5_localization\dataset\images\train\0117_0177859440_01_WRI-R2_F009.png,True,True,0,0,0,1,9.1,F,R,wrist,NONE
0118_01_WRI-L,PAT_GRAZ_118,118,GRAZPEDWRI-DX,train,0118_0296477953_01_WRI-L1_F014,0118_0296477975_01_WRI-L2_F014,D:\projects\MediMind\ai-prediction-service\artifacts\fracture_v2\experiment5_localization\dataset\images\train\0118_0296477953_01_WRI-L1_F014.png,D:\projects\MediMind\ai-prediction-service\artifacts\fracture_v2\experiment5_localization\dataset\images\train\0118_0296477975_01_WRI-L2_F014.png,True,True,0,0,0,1,14.7,F,L,wrist,NONE
0120_01_WRI-L,PAT_GRAZ_120,120,GRAZPEDWRI-DX,train,0120_1113583860_01_WRI-L1_F009,0120_1113583904_01_WRI-L2_F009,D:\projects\MediMind\ai-prediction-service\artifacts\fracture_v2\experiment5_localization\dataset\images\train\0120_1113583860_01_WRI-L1_F009.png,D:\projects\MediMind\ai-prediction-service\artifacts\fracture_v2\experiment5_localization\dataset\images\train\0120_1113583904_01_WRI-L2_F009.png,True,True,0,1,1,0,9.9,F,L,wrist,NONE
0121_01_WRI-R,PAT_GRAZ_121,121,GRAZPEDWRI-DX,train,0121_0754165156_01_WRI-R1_F015,0121_0754165230_01_WRI-R2_F015,D:\projects\MediMind\ai-prediction-service\artifacts\fracture_v2\experiment5_localization\dataset\images\train\0121_0754165156_01_WRI-R1_F015.png,D:\projects\MediMind\ai-prediction-service\artifacts\fracture_v2\experiment5_localization\dataset\images\train\0121_0754165230_01_WRI-R2_F015.png,True,True,0,0,0,1,15.9,F,R,wrist,NONE
0124_01_WRI-R,PAT_GRAZ_124,124,GRAZPEDWRI-DX,train,0124_1136061275_01_WRI-R1_F006,0124_1136061314_01_WRI-R2_F006,D:\projects\MediMind\ai-prediction-service\artifacts\fracture_v2\experiment5_localization\dataset\images\train\0124_1136061275_01_WRI-R1_F006.png,D:\projects\MediMind\ai-prediction-service\artifacts\fracture_v2\experiment5_localization\dataset\images\train\0124_1136061314_01_WRI-R2_F006.png,True,True,1,1,1,1,6.3,F,R,wrist,NONE
0125_01_WRI-L,PAT_GRAZ_125,125,GRAZPEDWRI-DX,train,0125_0722935242_01_WRI-L1_M013,0125_0722935291_01_WRI-L2_M013,D:\projects\MediMind\ai-prediction-service\artifacts\fracture_v2\experiment5_localization\dataset\images\train\0125_0722935242_01_WRI-L1_M013.png,D:\projects\MediMind\ai-prediction-service\artifacts\fracture_v2\experiment5_localization\dataset\images\train\0125_0722935291_01_WRI-L2_M013.png,True,True,1,1,1,1,13.0,M,L,wrist,NONE
0125_02_WRI-L,PAT_GRAZ_125,125,GRAZPEDWRI-DX,train,0125_0729674136_02_WRI-L1_M013,0125_0729674162_02_WRI-L2_M013,D:\projects\MediMind\ai-prediction-service\artifacts\fracture_v2\experiment5_localization\dataset\images\train\0125_0729674136_02_WRI-L1_M013.png,D:\projects\MediMind\ai-prediction-service\artifacts\fracture_v2\experiment5_localization\dataset\images\train\0125_0729674162_02_WRI-L2_M013.png,True,True,1,1,1,1,13.2,M,L,wrist,NONE
0126_01_WRI-L,PAT_GRAZ_126,126,GRAZPEDWRI-DX,train,0126_0816183779_01_WRI-L1_F008,0126_0816183836_01_WRI-L2_F008,D:\projects\MediMind\ai-prediction-service\artifacts\fracture_v2\experiment5_localization\dataset\images\train\0126_0816183779_01_WRI-L1_F008.png,D:\projects\MediMind\ai-prediction-service\artifacts\fracture_v2\experiment5_localization\dataset\images\train\0126_0816183836_01_WRI-L2_F008.png,True,True,1,1,1,1,8.7,F,L,wrist,NONE
0127_01_WRI-L,PAT_GRAZ_127,127,GRAZPEDWRI-DX,train,0127_0325437234_01_WRI-L1_F012,0127_0325437258_01_WRI-L2_F012,D:\projects\MediMind\ai-prediction-service\artifacts\fracture_v2\experiment5_localization\dataset\images\train\0127_0325437234_01_WRI-L1_F012.png,D:\projects\MediMind\ai-prediction-service\artifacts\fracture_v2\experiment5_localization\dataset\images\train\0127_0325437258_01_WRI-L2_F012.png,True,True,0,0,0,1,12.2,F,L,wrist,NONE
0128_01_WRI-L,PAT_GRAZ_128,128,GRAZPEDWRI-DX,train,0128_0605866170_01_WRI-L1_M016,0128_0605866215_01_WRI-L2_M016,D:\projects\MediMind\ai-prediction-service\artifacts\fracture_v2\experiment5_localization\dataset\images\train\0128_0605866170_01_WRI-L1_M016.png,D:\projects\MediMind\ai-prediction-service\artifacts\fracture_v2\experiment5_localization\dataset\images\train\0128_0605866215_01_WRI-L2_M016.png,True,True,1,1,1,1,16.4,M,L,wrist,NONE
0128_02_WRI-L,PAT_GRAZ_128,128,GRAZPEDWRI-DX,train,0128_0606182434_02_WRI-L1_M016,0128_0606182459_02_WRI-L2_M016,D:\projects\MediMind\ai-prediction-service\artifacts\fracture_v2\experiment5_localization\dataset\images\train\0128_0606182434_02_WRI-L1_M016.png,D:\projects\MediMind\ai-prediction-service\artifacts\fracture_v2\experiment5_localization\dataset\images\train\0128_0606182459_02_WRI-L2_M016.png,True,True,1,1,1,1,16.5,M,L,wrist,NONE
0128_03_WRI-L,PAT_GRAZ_128,128,GRAZPEDWRI-DX,train,0128_0606964197_03_WRI-L1_M016,0128_0606964258_03_WRI-L2_M016,D:\projects\MediMind\ai-prediction-service\artifacts\fracture_v2\experiment5_localization\dataset\images\train\0128_0606964197_03_WRI-L1_M016.png,D:\projects\MediMind\ai-prediction-service\artifacts\fracture_v2\experiment5_localization\dataset\images\train\0128_0606964258_03_WRI-L2_M016.png,True,True,1,1,1,1,16.5,M,L,wrist,NONE
0128_04_WRI-L,PAT_GRAZ_128,128,GRAZPEDWRI-DX,train,0128_0608171418_04_WRI-L1_M016,0128_0608171443_04_WRI-L2_M016,D:\projects\MediMind\ai-prediction-service\artifacts\fracture_v2\experiment5_localization\dataset\images\train\0128_0608171418_04_WRI-L1_M016.png,D:\projects\MediMind\ai-prediction-service\artifacts\fracture_v2\experiment5_localization\dataset\images\train\0128_0608171443_04_WRI-L2_M016.png,True,True,1,1,1,1,16.5,M,L,wrist,NONE
0128_05_WRI-L,PAT_GRAZ_128,128,GRAZPEDWRI-DX,train,0128_0608775675_05_WRI-L1_M016,0128_0608775730_05_WRI-L2_M016,D:\projects\MediMind\ai-prediction-service\artifacts\fracture_v2\experiment5_localization\dataset\images\train\0128_0608775675_05_WRI-L1_M016.png,D:\projects\MediMind\ai-prediction-service\artifacts\fracture_v2\experiment5_localization\dataset\images\train\0128_0608775730_05_WRI-L2_M016.png,True,True,1,1,1,1,16.5,M,L,wrist,NONE
0129_01_WRI-R,PAT_GRAZ_129,129,GRAZPEDWRI-DX,train,0129_1035715641_01_WRI-R1_F011,0129_1035715705_01_WRI-R2_F011,D:\projects\MediMind\ai-prediction-service\artifacts\fracture_v2\experiment5_localization\dataset\images\train\0129_1035715641_01_WRI-R1_F011.png,D:\projects\MediMind\ai-prediction-service\artifacts\fracture_v2\experiment5_localization\dataset\images\train\0129_1035715705_01_WRI-R2_F011.png,True,True,1,1,1,1,11.1,F,R,wrist,NONE
0129_02_WRI-R,PAT_GRAZ_129,129,GRAZPEDWRI-DX,train,0129_1036281128_02_WRI-R1_F011,0129_1036281239_02_WRI-R2_F011,D:\projects\MediMind\ai-prediction-service\artifacts\fracture_v2\experiment5_localization\dataset\images\train\0129_1036281128_02_WRI-R1_F011.png,D:\projects\MediMind\ai-prediction-service\artifacts\fracture_v2\experiment5_localization\dataset\images\train\0129_1036281239_02_WRI-R2_F011.png,True,True,1,1,1,1,11.1,F,R,wrist,NONE
0129_03_WRI-R,PAT_GRAZ_129,129,GRAZPEDWRI-DX,train,0129_1036896243_03_WRI-R1_F011,0129_1036896300_03_WRI-R2_F011,D:\projects\MediMind\ai-prediction-service\artifacts\fracture_v2\experiment5_localization\dataset\images\train\0129_1036896243_03_WRI-R1_F011.png,D:\projects\MediMind\ai-prediction-service\artifacts\fracture_v2\experiment5_localization\dataset\images\train\0129_1036896300_03_WRI-R2_F011.png,True,True,1,1,1,1,11.1,F,R,wrist,NONE
0129_04_WRI-R,PAT_GRAZ_129,129,GRAZPEDWRI-DX,train,0129_1038098679_04_WRI-R1_F011,0129_1038098730_04_WRI-R2_F011,D:\projects\MediMind\ai-prediction-service\artifacts\fracture_v2\experiment5_localization\dataset\images\train\0129_1038098679_04_WRI-R1_F011.png,D:\projects\MediMind\ai-prediction-service\artifacts\fracture_v2\experiment5_localization\dataset\images\train\0129_1038098730_04_WRI-R2_F011.png,True,True,1,1,1,1,11.1,F,R,wrist,NONE
0129_05_WRI-R,PAT_GRAZ_129,129,GRAZPEDWRI-DX,train,0129_1050194169_05_WRI-R1_F011,0129_1050194230_05_WRI-R2_F011,D:\projects\MediMind\ai-prediction-service\artifacts\fracture_v2\experiment5_localization\dataset\images\train\0129_1050194169_05_WRI-R1_F011.png,D:\projects\MediMind\ai-prediction-service\artifacts\fracture_v2\experiment5_localization\dataset\images\train\0129_1050194230_05_WRI-R2_F011.png,True,True,1,1,1,1,11.5,F,R,wrist,NONE
0130_01_WRI-L,PAT_GRAZ_130,130,GRAZPEDWRI-DX,train,0130_0261689301_01_WRI-L1_M014,0130_0261689330_01_WRI-L2_M014,D:\projects\MediMind\ai-prediction-service\artifacts\fracture_v2\experiment5_localization\dataset\images\train\0130_0261689301_01_WRI-L1_M014.png,D:\projects\MediMind\ai-prediction-service\artifacts\fracture_v2\experiment5_localization\dataset\images\train\0130_0261689330_01_WRI-L2_M014.png,True,True,1,1,1,1,14.2,M,L,wrist,NONE
0130_02_WRI-L,PAT_GRAZ_130,130,GRAZPEDWRI-DX,train,0130_0262366841_02_WRI-L1_M014,0130_0262366882_02_WRI-L2_M014,D:\projects\MediMind\ai-prediction-service\artifacts\fracture_v2\experiment5_localization\dataset\images\train\0130_0262366841_02_WRI-L1_M014.png,D:\projects\MediMind\ai-prediction-service\artifacts\fracture_v2\experiment5_localization\dataset\images\train\0130_0262366882_02_WRI-L2_M014.png,True,True,1,1,1,1,14.3,M,L,wrist,NONE
0131_01_WRI-L,PAT_GRAZ_131,131,GRAZPEDWRI-DX,train,0131_1083947645_01_WRI-L1_F014,0131_1083947705_01_WRI-L2_F014,D:\projects\MediMind\ai-prediction-service\artifacts\fracture_v2\experiment5_localization\dataset\images\train\0131_1083947645_01_WRI-L1_F014.png,D:\projects\MediMind\ai-prediction-service\artifacts\fracture_v2\experiment5_localization\dataset\images\train\0131_1083947705_01_WRI-L2_F014.png,True,True,0,0,0,1,14.5,F,L,wrist,NONE
0132_01_WRI-L,PAT_GRAZ_132,132,GRAZPEDWRI-DX,train,0132_0505585089_01_WRI-L1_M016,0132_0505585112_01_WRI-L2_M016,D:\projects\MediMind\ai-prediction-service\artifacts\fracture_v2\experiment5_localization\dataset\images\train\0132_0505585089_01_WRI-L1_M016.png,D:\projects\MediMind\ai-prediction-service\artifacts\fracture_v2\experiment5_localization\dataset\images\train\0132_0505585112_01_WRI-L2_M016.png,True,True,0,0,0,1,16.9,M,L,wrist,NONE
0133_01_WRI-R,PAT_GRAZ_133,133,GRAZPEDWRI-DX,train,0133_0281744388_01_WRI-R1_M014,0133_0281744417_01_WRI-R2_M014,D:\projects\MediMind\ai-prediction-service\artifacts\fracture_v2\experiment5_localization\dataset\images\train\0133_0281744388_01_WRI-R1_M014.png,D:\projects\MediMind\ai-prediction-service\artifacts\fracture_v2\experiment5_localization\dataset\images\train\0133_0281744417_01_WRI-R2_M014.png,True,True,1,1,1,1,14.2,M,R,wrist,NONE
0133_04_WRI-R,PAT_GRAZ_133,133,GRAZPEDWRI-DX,train,0133_0282140046_04_WRI-R1_M014,0133_0282140097_04_WRI-R2_M014,D:\projects\MediMind\ai-prediction-service\artifacts\fracture_v2\experiment5_localization\dataset\images\train\0133_0282140046_04_WRI-R1_M014.png,D:\projects\MediMind\ai-prediction-service\artifacts\fracture_v2\experiment5_localization\dataset\images\train\0133_0282140097_04_WRI-R2_M014.png,True,True,1,1,1,1,14.2,M,R,wrist,NONE
0133_05_WRI-R,PAT_GRAZ_133,133,GRAZPEDWRI-DX,train,0133_0282560422_05_WRI-R1_M014,0133_0282560471_05_WRI-R2_M014,D:\projects\MediMind\ai-prediction-service\artifacts\fracture_v2\experiment5_localization\dataset\images\train\0133_0282560422_05_WRI-R1_M014.png,D:\projects\MediMind\ai-prediction-service\artifacts\fracture_v2\experiment5_localization\dataset\images\train\0133_0282560471_05_WRI-R2_M014.png,True,True,1,1,1,1,14.2,M,R,wrist,NONE
0133_06_WRI-R,PAT_GRAZ_133,133,GRAZPEDWRI-DX,train,0133_0282914262_06_WRI-R1_M014,0133_0282914318_06_WRI-R2_M014,D:\projects\MediMind\ai-prediction-service\artifacts\fracture_v2\experiment5_localization\dataset\images\train\0133_0282914262_06_WRI-R1_M014.png,D:\projects\MediMind\ai-prediction-service\artifacts\fracture_v2\experiment5_localization\dataset\images\train\0133_0282914318_06_WRI-R2_M014.png,True,True,1,1,1,1,14.2,M,R,wrist,NONE
0133_07_WRI-R,PAT_GRAZ_133,133,GRAZPEDWRI-DX,train,0133_0306769742_07_WRI-R1_M015,0133_0306769778_07_WRI-R2_M015,D:\projects\MediMind\ai-prediction-service\artifacts\fracture_v2\experiment5_localization\dataset\images\train\0133_0306769742_07_WRI-R1_M015.png,D:\projects\MediMind\ai-prediction-service\artifacts\fracture_v2\experiment5_localization\dataset\images\train\0133_0306769778_07_WRI-R2_M015.png,True,True,1,0,1,0,15.0,M,R,wrist,NONE
0134_01_WRI-R,PAT_GRAZ_134,134,GRAZPEDWRI-DX,train,0134_0975636301_01_WRI-R1_M016,0134_0975636337_01_WRI-R2_M016,D:\projects\MediMind\ai-prediction-service\artifacts\fracture_v2\experiment5_localization\dataset\images\train\0134_0975636301_01_WRI-R1_M016.png,D:\projects\MediMind\ai-prediction-service\artifacts\fracture_v2\experiment5_localization\dataset\images\train\0134_0975636337_01_WRI-R2_M016.png,True,True,1,0,1,0,16.8,M,R,wrist,NONE
0135_01_WRI-R,PAT_GRAZ_135,135,GRAZPEDWRI-DX,train,0135_0883026032_01_WRI-R1_M015,0135_0883026095_01_WRI-R2_M015,D:\projects\MediMind\ai-prediction-service\artifacts\fracture_v2\experiment5_localization\dataset\images\train\0135_0883026032_01_WRI-R1_M015.png,D:\projects\MediMind\ai-prediction-service\artifacts\fracture_v2\experiment5_localization\dataset\images\train\0135_0883026095_01_WRI-R2_M015.png,True,True,0,1,1,0,15.1,M,R,wrist,NONE
0135_02_WRI-R,PAT_GRAZ_135,135,GRAZPEDWRI-DX,train,0135_0884668136_02_WRI-R1_M015,0135_0884668170_02_WRI-R2_M015,D:\projects\MediMind\ai-prediction-service\artifacts\fracture_v2\experiment5_localization\dataset\images\train\0135_0884668136_02_WRI-R1_M015.png,D:\projects\MediMind\ai-prediction-service\artifacts\fracture_v2\experiment5_localization\dataset\images\train\0135_0884668170_02_WRI-R2_M015.png,True,True,1,1,1,1,15.2,M,R,wrist,NONE
0136_01_WRI-L,PAT_GRAZ_136,136,GRAZPEDWRI-DX,train,0136_0978928699_01_WRI-L1_F010,0136_0978928740_01_WRI-L2_F010,D:\projects\MediMind\ai-prediction-service\artifacts\fracture_v2\experiment5_localization\dataset\images\train\0136_0978928699_01_WRI-L1_F010.png,D:\projects\MediMind\ai-prediction-service\artifacts\fracture_v2\experiment5_localization\dataset\images\train\0136_0978928740_01_WRI-L2_F010.png,True,True,1,1,1,1,10.3,F,L,wrist,NONE
0136_02_WRI-L,PAT_GRAZ_136,136,GRAZPEDWRI-DX,train,0136_0980136249_02_WRI-L1_F010,0136_0980136192_02_WRI-L2_F010,D:\projects\MediMind\ai-prediction-service\artifacts\fracture_v2\experiment5_localization\dataset\images\train\0136_0980136249_02_WRI-L1_F010.png,D:\projects\MediMind\ai-prediction-service\artifacts\fracture_v2\experiment5_localization\dataset\images\train\0136_0980136192_02_WRI-L2_F010.png,True,True,1,1,1,1,10.4,F,L,wrist,NONE
0137_01_WRI-L,PAT_GRAZ_137,137,GRAZPEDWRI-DX,train,0137_0542317439_01_WRI-L1_F006,0137_0542317535_01_WRI-L2_F006,D:\projects\MediMind\ai-prediction-service\artifacts\fracture_v2\experiment5_localization\dataset\images\train\0137_0542317439_01_WRI-L1_F006.png,D:\projects\MediMind\ai-prediction-service\artifacts\fracture_v2\experiment5_localization\dataset\images\train\0137_0542317535_01_WRI-L2_F006.png,True,True,1,1,1,1,6.9,F,L,wrist,NONE
0137_02_WRI-L,PAT_GRAZ_137,137,GRAZPEDWRI-DX,train,0137_0543009357_02_WRI-L1_F006,0137_0543009410_02_WRI-L2_F006,D:\projects\MediMind\ai-prediction-service\artifacts\fracture_v2\experiment5_localization\dataset\images\train\0137_0543009357_02_WRI-L1_F006.png,D:\projects\MediMind\ai-prediction-service\artifacts\fracture_v2\experiment5_localization\dataset\images\train\0137_0543009410_02_WRI-L2_F006.png,True,True,1,1,1,1,6.9,F,L,wrist,NONE
0140_01_WRI-R,PAT_GRAZ_140,140,GRAZPEDWRI-DX,train,0140_1131587376_01_WRI-R1_F014,0140_1131587403_01_WRI-R2_F014,D:\projects\MediMind\ai-prediction-service\artifacts\fracture_v2\experiment5_localization\dataset\images\train\0140_1131587376_01_WRI-R1_F014.png,D:\projects\MediMind\ai-prediction-service\artifacts\fracture_v2\experiment5_localization\dataset\images\train\0140_1131587403_01_WRI-R2_F014.png,True,True,0,0,0,1,14.3,F,R,wrist,NONE
0142_01_WRI-L,PAT_GRAZ_142,142,GRAZPEDWRI-DX,train,0142_0856460472_01_WRI-L1_M007,0142_0856460514_01_WRI-L2_M007,D:\projects\MediMind\ai-prediction-service\artifacts\fracture_v2\experiment5_localization\dataset\images\train\0142_0856460472_01_WRI-L1_M007.png,D:\projects\MediMind\ai-prediction-service\artifacts\fracture_v2\experiment5_localization\dataset\images\train\0142_0856460514_01_WRI-L2_M007.png,True,True,1,1,1,1,7.3,M,L,wrist,NONE
0145_01_WRI-L,PAT_GRAZ_145,145,GRAZPEDWRI-DX,train,0145_0320973152_01_WRI-L1_M017,0145_0320973195_01_WRI-L2_M017,D:\projects\MediMind\ai-prediction-service\artifacts\fracture_v2\experiment5_localization\dataset\images\train\0145_0320973152_01_WRI-L1_M017.png,D:\projects\MediMind\ai-prediction-service\artifacts\fracture_v2\experiment5_localization\dataset\images\train\0145_0320973195_01_WRI-L2_M017.png,True,True,0,0,0,1,17.6,M,L,wrist,NONE
0146_01_WRI-L,PAT_GRAZ_146,146,GRAZPEDWRI-DX,train,0146_0670555494_01_WRI-L1_F015,0146_0670555525_01_WRI-L2_F015,D:\projects\MediMind\ai-prediction-service\artifacts\fracture_v2\experiment5_localization\dataset\images\train\0146_0670555494_01_WRI-L1_F015.png,D:\projects\MediMind\ai-prediction-service\artifacts\fracture_v2\experiment5_localization\dataset\images\train\0146_0670555525_01_WRI-L2_F015.png,True,True,0,0,0,1,15.2,F,L,wrist,NONE
0147_01_WRI-L,PAT_GRAZ_147,147,GRAZPEDWRI-DX,train,0147_0253239188_01_WRI-L1_M010,0147_0253239225_01_WRI-L2_M010,D:\projects\MediMind\ai-prediction-service\artifacts\fracture_v2\experiment5_localization\dataset\images\train\0147_0253239188_01_WRI-L1_M010.png,D:\projects\MediMind\ai-prediction-service\artifacts\fracture_v2\experiment5_localization\dataset\images\train\0147_0253239225_01_WRI-L2_M010.png,True,True,1,1,1,1,10.6,M,L,wrist,NONE
0147_02_WRI-L,PAT_GRAZ_147,147,GRAZPEDWRI-DX,train,0147_0255030249_02_WRI-L1_M010,0147_0255030310_02_WRI-L2_M010,D:\projects\MediMind\ai-prediction-service\artifacts\fracture_v2\experiment5_localization\dataset\images\train\0147_0255030249_02_WRI-L1_M010.png,D:\projects\MediMind\ai-prediction-service\artifacts\fracture_v2\experiment5_localization\dataset\images\train\0147_0255030310_02_WRI-L2_M010.png,True,True,1,1,1,1,10.6,M,L,wrist,NONE
0149_01_WRI-R,PAT_GRAZ_149,149,GRAZPEDWRI-DX,train,0149_0194719911_01_WRI-R1_F011,0149_0194719984_01_WRI-R2_F011,D:\projects\MediMind\ai-prediction-service\artifacts\fracture_v2\experiment5_localization\dataset\images\train\0149_0194719911_01_WRI-R1_F011.png,D:\projects\MediMind\ai-prediction-service\artifacts\fracture_v2\experiment5_localization\dataset\images\train\0149_0194719984_01_WRI-R2_F011.png,True,True,1,1,1,1,11.9,F,R,wrist,NONE
0149_02_WRI-R,PAT_GRAZ_149,149,GRAZPEDWRI-DX,train,0149_0195330945_02_WRI-R1_F011,0149_0195330974_02_WRI-R2_F011,D:\projects\MediMind\ai-prediction-service\artifacts\fracture_v2\experiment5_localization\dataset\images\train\0149_0195330945_02_WRI-R1_F011.png,D:\projects\MediMind\ai-prediction-service\artifacts\fracture_v2\experiment5_localization\dataset\images\train\0149_0195330974_02_WRI-R2_F011.png,True,True,1,1,1,1,11.9,F,R,wrist,NONE
0149_03_WRI-R,PAT_GRAZ_149,149,GRAZPEDWRI-DX,train,0149_0196449924_03_WRI-R1_F011,0149_0196449952_03_WRI-R2_F011,D:\projects\MediMind\ai-prediction-service\artifacts\fracture_v2\experiment5_localization\dataset\images\train\0149_0196449924_03_WRI-R1_F011.png,D:\projects\MediMind\ai-prediction-service\artifacts\fracture_v2\experiment5_localization\dataset\images\train\0149_0196449952_03_WRI-R2_F011.png,True,True,1,1,1,1,11.9,F,R,wrist,NONE
0150_01_WRI-L,PAT_GRAZ_150,150,GRAZPEDWRI-DX,train,0150_0615531177_01_WRI-L1_F012,0150_0615531210_01_WRI-L2_F012,D:\projects\MediMind\ai-prediction-service\artifacts\fracture_v2\experiment5_localization\dataset\images\train\0150_0615531177_01_WRI-L1_F012.png,D:\projects\MediMind\ai-prediction-service\artifacts\fracture_v2\experiment5_localization\dataset\images\train\0150_0615531210_01_WRI-L2_F012.png,True,True,0,0,0,1,12.9,F,L,wrist,NONE
0150_01_WRI-R,PAT_GRAZ_150,150,GRAZPEDWRI-DX,train,0150_0615531255_01_WRI-R1_F012,0150_0615531287_01_WRI-R2_F012,D:\projects\MediMind\ai-prediction-service\artifacts\fracture_v2\experiment5_localization\dataset\images\train\0150_0615531255_01_WRI-R1_F012.png,D:\projects\MediMind\ai-prediction-service\artifacts\fracture_v2\experiment5_localization\dataset\images\train\0150_0615531287_01_WRI-R2_F012.png,True,True,0,0,0,1,12.9,F,R,wrist,NONE
0151_01_WRI-L,PAT_GRAZ_151,151,GRAZPEDWRI-DX,train,0151_0836672869_01_WRI-L1_F017,0151_0836672891_01_WRI-L2_F017,D:\projects\MediMind\ai-prediction-service\artifacts\fracture_v2\experiment5_localization\dataset\images\train\0151_0836672869_01_WRI-L1_F017.png,D:\projects\MediMind\ai-prediction-service\artifacts\fracture_v2\experiment5_localization\dataset\images\train\0151_0836672891_01_WRI-L2_F017.png,True,True,0,0,0,1,17.6,F,L,wrist,NONE
0152_01_WRI-R,PAT_GRAZ_152,152,GRAZPEDWRI-DX,train,0152_0542871220_01_WRI-R1_M012,0152_0542871297_01_WRI-R2_M012,D:\projects\MediMind\ai-prediction-service\artifacts\fracture_v2\experiment5_localization\dataset\images\train\0152_0542871220_01_WRI-R1_M012.png,D:\projects\MediMind\ai-prediction-service\artifacts\fracture_v2\experiment5_localization\dataset\images\train\0152_0542871297_01_WRI-R2_M012.png,True,True,1,1,1,1,12.0,M,R,wrist,NONE
0152_02_WRI-R,PAT_GRAZ_152,152,GRAZPEDWRI-DX,train,0152_0543457741_02_WRI-R1_M012,0152_0543457797_02_WRI-R2_M012,D:\projects\MediMind\ai-prediction-service\artifacts\fracture_v2\experiment5_localization\dataset\images\train\0152_0543457741_02_WRI-R1_M012.png,D:\projects\MediMind\ai-prediction-service\artifacts\fracture_v2\experiment5_localization\dataset\images\train\0152_0543457797_02_WRI-R2_M012.png,True,True,1,1,1,1,12.0,M,R,wrist,NONE
0152_03_WRI-R,PAT_GRAZ_152,152,GRAZPEDWRI-DX,train,0152_0544667516_03_WRI-R1_M012,0152_0544667605_03_WRI-R2_M012,D:\projects\MediMind\ai-prediction-service\artifacts\fracture_v2\experiment5_localization\dataset\images\train\0152_0544667516_03_WRI-R1_M012.png,D:\projects\MediMind\ai-prediction-service\artifacts\fracture_v2\experiment5_localization\dataset\images\train\0152_0544667605_03_WRI-R2_M012.png,True,True,1,1,1,1,12.1,M,R,wrist,NONE
0154_01_WRI-R,PAT_GRAZ_154,154,GRAZPEDWRI-DX,train,0154_1139522249_01_WRI-R1_M011,0154_1139522276_01_WRI-R2_M011,D:\projects\MediMind\ai-prediction-service\artifacts\fracture_v2\experiment5_localization\dataset\images\train\0154_1139522249_01_WRI-R1_M011.png,D:\projects\MediMind\ai-prediction-service\artifacts\fracture_v2\experiment5_localization\dataset\images\train\0154_1139522276_01_WRI-R2_M011.png,True,True,1,1,1,1,11.4,M,R,wrist,NONE
0154_02_WRI-R,PAT_GRAZ_154,154,GRAZPEDWRI-DX,train,0154_1139528726_02_WRI-R1_M011,0154_1139528774_02_WRI-R2_M011,D:\projects\MediMind\ai-prediction-service\artifacts\fracture_v2\experiment5_localization\dataset\images\train\0154_1139528726_02_WRI-R1_M011.png,D:\projects\MediMind\ai-prediction-service\artifacts\fracture_v2\experiment5_localization\dataset\images\train\0154_1139528774_02_WRI-R2_M011.png,True,True,1,1,1,1,11.4,M,R,wrist,NONE
0154_03_WRI-R,PAT_GRAZ_154,154,GRAZPEDWRI-DX,train,0154_1139950395_03_WRI-R1_M011,0154_1139950436_03_WRI-R2_M011,D:\projects\MediMind\ai-prediction-service\artifacts\fracture_v2\experiment5_localization\dataset\images\train\0154_1139950395_03_WRI-R1_M011.png,D:\projects\MediMind\ai-prediction-service\artifacts\fracture_v2\experiment5_localization\dataset\images\train\0154_1139950436_03_WRI-R2_M011.png,True,True,0,1,1,0,11.5,M,R,wrist,NONE
0154_04_WRI-R,PAT_GRAZ_154,154,GRAZPEDWRI-DX,train,0154_1140471517_04_WRI-R1_M011,0154_1140471548_04_WRI-R2_M011,D:\projects\MediMind\ai-prediction-service\artifacts\fracture_v2\experiment5_localization\dataset\images\train\0154_1140471517_04_WRI-R1_M011.png,D:\projects\MediMind\ai-prediction-service\artifacts\fracture_v2\experiment5_localization\dataset\images\train\0154_1140471548_04_WRI-R2_M011.png,True,True,1,1,1,1,11.5,M,R,wrist,NONE
0155_01_WRI-L,PAT_GRAZ_155,155,GRAZPEDWRI-DX,train,0155_0430984308_01_WRI-L1_M004,0155_0430984354_01_WRI-L2_M004,D:\projects\MediMind\ai-prediction-service\artifacts\fracture_v2\experiment5_localization\dataset\images\train\0155_0430984308_01_WRI-L1_M004.png,D:\projects\MediMind\ai-prediction-service\artifacts\fracture_v2\experiment5_localization\dataset\images\train\0155_0430984354_01_WRI-L2_M004.png,True,True,1,1,1,1,4.4,M,L,wrist,NONE
0156_01_WRI-R,PAT_GRAZ_156,156,GRAZPEDWRI-DX,train,0156_0211257891_01_WRI-R1_F015,0156_0211257918_01_WRI-R2_F015,D:\projects\MediMind\ai-prediction-service\artifacts\fracture_v2\experiment5_localization\dataset\images\train\0156_0211257891_01_WRI-R1_F015.png,D:\projects\MediMind\ai-prediction-service\artifacts\fracture_v2\experiment5_localization\dataset\images\train\0156_0211257918_01_WRI-R2_F015.png,True,True,0,0,0,1,15.6,F,R,wrist,NONE
0158_01_WRI-L,PAT_GRAZ_158,158,GRAZPEDWRI-DX,train,0158_0921923746_01_WRI-L1_M008,0158_0921923868_01_WRI-L2_M008,D:\projects\MediMind\ai-prediction-service\artifacts\fracture_v2\experiment5_localization\dataset\images\train\0158_0921923746_01_WRI-L1_M008.png,D:\projects\MediMind\ai-prediction-service\artifacts\fracture_v2\experiment5_localization\dataset\images\train\0158_0921923868_01_WRI-L2_M008.png,True,True,1,1,1,1,8.3,M,L,wrist,NONE
0159_01_WRI-L,PAT_GRAZ_159,159,GRAZPEDWRI-DX,train,0159_1276861687_01_WRI-L1_M013,0159_1276861715_01_WRI-L2_M013,D:\projects\MediMind\ai-prediction-service\artifacts\fracture_v2\experiment5_localization\dataset\images\train\0159_1276861687_01_WRI-L1_M013.png,D:\projects\MediMind\ai-prediction-service\artifacts\fracture_v2\experiment5_localization\dataset\images\train\0159_1276861715_01_WRI-L2_M013.png,True,True,0,0,0,1,13.0,M,L,wrist,NONE
0160_01_WRI-L,PAT_GRAZ_160,160,GRAZPEDWRI-DX,train,0160_0598179425_01_WRI-L1_F009,0160_0598179343_01_WRI-L2_F009,D:\projects\MediMind\ai-prediction-service\artifacts\fracture_v2\experiment5_localization\dataset\images\train\0160_0598179425_01_WRI-L1_F009.png,D:\projects\MediMind\ai-prediction-service\artifacts\fracture_v2\experiment5_localization\dataset\images\train\0160_0598179343_01_WRI-L2_F009.png,True,True,1,1,1,1,9.6,F,L,wrist,NONE
0160_02_WRI-L,PAT_GRAZ_160,160,GRAZPEDWRI-DX,train,0160_0598184032_02_WRI-L1_F009,0160_0598184105_02_WRI-L2_F009,D:\projects\MediMind\ai-prediction-service\artifacts\fracture_v2\experiment5_localization\dataset\images\train\0160_0598184032_02_WRI-L1_F009.png,D:\projects\MediMind\ai-prediction-service\artifacts\fracture_v2\experiment5_localization\dataset\images\train\0160_0598184105_02_WRI-L2_F009.png,True,True,1,1,1,1,9.6,F,L,wrist,NONE
0160_03_WRI-L,PAT_GRAZ_160,160,GRAZPEDWRI-DX,train,0160_0599791287_03_WRI-L1_F009,0160_0599791327_03_WRI-L2_F009,D:\projects\MediMind\ai-prediction-service\artifacts\fracture_v2\experiment5_localization\dataset\images\train\0160_0599791287_03_WRI-L1_F009.png,D:\projects\MediMind\ai-prediction-service\artifacts\fracture_v2\experiment5_localization\dataset\images\train\0160_0599791327_03_WRI-L2_F009.png,True,True,1,1,1,1,9.7,F,L,wrist,NONE
0160_04_WRI-L,PAT_GRAZ_160,160,GRAZPEDWRI-DX,train,0160_0600656245_04_WRI-L1_F009,0160_0600656290_04_WRI-L2_F009,D:\projects\MediMind\ai-prediction-service\artifacts\fracture_v2\experiment5_localization\dataset\images\train\0160_0600656245_04_WRI-L1_F009.png,D:\projects\MediMind\ai-prediction-service\artifacts\fracture_v2\experiment5_localization\dataset\images\train\0160_0600656290_04_WRI-L2_F009.png,True,True,1,1,1,1,9.7,F,L,wrist,NONE
0161_01_WRI-R,PAT_GRAZ_161,161,GRAZPEDWRI-DX,train,0161_0809821026_01_WRI-R1_M015,0161_0809821041_01_WRI-R2_M015,D:\projects\MediMind\ai-prediction-service\artifacts\fracture_v2\experiment5_localization\dataset\images\train\0161_0809821026_01_WRI-R1_M015.png,D:\projects\MediMind\ai-prediction-service\artifacts\fracture_v2\experiment5_localization\dataset\images\train\0161_0809821041_01_WRI-R2_M015.png,True,True,0,0,0,1,15.3,M,R,wrist,NONE
0161_02_WRI-L,PAT_GRAZ_161,161,GRAZPEDWRI-DX,train,0161_0833290547_02_WRI-L1_M016,0161_0833290583_02_WRI-L2_M016,D:\projects\MediMind\ai-prediction-service\artifacts\fracture_v2\experiment5_localization\dataset\images\train\0161_0833290547_02_WRI-L1_M016.png,D:\projects\MediMind\ai-prediction-service\artifacts\fracture_v2\experiment5_localization\dataset\images\train\0161_0833290583_02_WRI-L2_M016.png,True,True,0,0,0,1,16.0,M,L,wrist,NONE
0166_01_WRI-R,PAT_GRAZ_166,166,GRAZPEDWRI-DX,train,0166_0906149092_01_WRI-R1_F006,0166_0906149169_01_WRI-R2_F006,D:\projects\MediMind\ai-prediction-service\artifacts\fracture_v2\experiment5_localization\dataset\images\train\0166_0906149092_01_WRI-R1_F006.png,D:\projects\MediMind\ai-prediction-service\artifacts\fracture_v2\experiment5_localization\dataset\images\train\0166_0906149169_01_WRI-R2_F006.png,True,True,1,1,1,1,6.1,F,R,wrist,NONE
0167_01_WRI-R,PAT_GRAZ_167,167,GRAZPEDWRI-DX,train,0167_0975764652_01_WRI-R1_F011,0167_0975764683_01_WRI-R2_F011,D:\projects\MediMind\ai-prediction-service\artifacts\fracture_v2\experiment5_localization\dataset\images\train\0167_0975764652_01_WRI-R1_F011.png,D:\projects\MediMind\ai-prediction-service\artifacts\fracture_v2\experiment5_localization\dataset\images\train\0167_0975764683_01_WRI-R2_F011.png,True,True,0,0,0,1,11.8,F,R,wrist,NONE
0168_01_WRI-R,PAT_GRAZ_168,168,GRAZPEDWRI-DX,train,0168_0510330641_01_WRI-R1_M012,0168_0510330677_01_WRI-R2_M012,D:\projects\MediMind\ai-prediction-service\artifacts\fracture_v2\experiment5_localization\dataset\images\train\0168_0510330641_01_WRI-R1_M012.png,D:\projects\MediMind\ai-prediction-service\artifacts\fracture_v2\experiment5_localization\dataset\images\train\0168_0510330677_01_WRI-R2_M012.png,True,True,0,1,1,0,12.6,M,R,wrist,NONE
0170_01_WRI-L,PAT_GRAZ_170,170,GRAZPEDWRI-DX,train,0170_0535206679_01_WRI-L1_F009,0170_0535206724_01_WRI-L2_F009,D:\projects\MediMind\ai-prediction-service\artifacts\fracture_v2\experiment5_localization\dataset\images\train\0170_0535206679_01_WRI-L1_F009.png,D:\projects\MediMind\ai-prediction-service\artifacts\fracture_v2\experiment5_localization\dataset\images\train\0170_0535206724_01_WRI-L2_F009.png,True,True,1,1,1,1,9.8,F,L,wrist,NONE
0170_02_WRI-L,PAT_GRAZ_170,170,GRAZPEDWRI-DX,train,0170_0535945820_02_WRI-L1_F009,0170_0535945867_02_WRI-L2_F009,D:\projects\MediMind\ai-prediction-service\artifacts\fracture_v2\experiment5_localization\dataset\images\train\0170_0535945820_02_WRI-L1_F009.png,D:\projects\MediMind\ai-prediction-service\artifacts\fracture_v2\experiment5_localization\dataset\images\train\0170_0535945867_02_WRI-L2_F009.png,True,True,1,1,1,1,9.8,F,L,wrist,NONE
0170_03_WRI-L,PAT_GRAZ_170,170,GRAZPEDWRI-DX,train,0170_0536645752_03_WRI-L1_F009,0170_0536645813_03_WRI-L2_F009,D:\projects\MediMind\ai-prediction-service\artifacts\fracture_v2\experiment5_localization\dataset\images\train\0170_0536645752_03_WRI-L1_F009.png,D:\projects\MediMind\ai-prediction-service\artifacts\fracture_v2\experiment5_localization\dataset\images\train\0170_0536645813_03_WRI-L2_F009.png,True,True,1,1,1,1,9.8,F,L,wrist,NONE
0171_01_WRI-L,PAT_GRAZ_171,171,GRAZPEDWRI-DX,train,0171_0605668008_01_WRI-L1_F009,0171_0605668045_01_WRI-L2_F009,D:\projects\MediMind\ai-prediction-service\artifacts\fracture_v2\experiment5_localization\dataset\images\train\0171_0605668008_01_WRI-L1_F009.png,D:\projects\MediMind\ai-prediction-service\artifacts\fracture_v2\experiment5_localization\dataset\images\train\0171_0605668045_01_WRI-L2_F009.png,True,True,0,1,1,0,9.8,F,L,wrist,NONE
0175_01_WRI-L,PAT_GRAZ_175,175,GRAZPEDWRI-DX,train,0175_0551651598_01_WRI-L1_M010,0175_0551651639_01_WRI-L2_M010,D:\projects\MediMind\ai-prediction-service\artifacts\fracture_v2\experiment5_localization\dataset\images\train\0175_0551651598_01_WRI-L1_M010.png,D:\projects\MediMind\ai-prediction-service\artifacts\fracture_v2\experiment5_localization\dataset\images\train\0175_0551651639_01_WRI-L2_M010.png,True,True,1,1,1,1,10.9,M,L,wrist,NONE
0177_01_WRI-R,PAT_GRAZ_177,177,GRAZPEDWRI-DX,train,0177_0389217136_01_WRI-R1_M007,0177_0389217169_01_WRI-R2_M007,D:\projects\MediMind\ai-prediction-service\artifacts\fracture_v2\experiment5_localization\dataset\images\train\0177_0389217136_01_WRI-R1_M007.png,D:\projects\MediMind\ai-prediction-service\artifacts\fracture_v2\experiment5_localization\dataset\images\train\0177_0389217169_01_WRI-R2_M007.png,True,True,1,1,1,1,7.3,M,R,wrist,NONE
0177_02_WRI-R,PAT_GRAZ_177,177,GRAZPEDWRI-DX,train,0177_0389791448_02_WRI-R1_M007,0177_0389791564_02_WRI-R2_M007,D:\projects\MediMind\ai-prediction-service\artifacts\fracture_v2\experiment5_localization\dataset\images\train\0177_0389791448_02_WRI-R1_M007.png,D:\projects\MediMind\ai-prediction-service\artifacts\fracture_v2\experiment5_localization\dataset\images\train\0177_0389791564_02_WRI-R2_M007.png,True,True,1,1,1,1,7.3,M,R,wrist,NONE
0177_03_WRI-R,PAT_GRAZ_177,177,GRAZPEDWRI-DX,train,0177_0390402173_03_WRI-R1_M007,0177_0390402236_03_WRI-R2_M007,D:\projects\MediMind\ai-prediction-service\artifacts\fracture_v2\experiment5_localization\dataset\images\train\0177_0390402173_03_WRI-R1_M007.png,D:\projects\MediMind\ai-prediction-service\artifacts\fracture_v2\experiment5_localization\dataset\images\train\0177_0390402236_03_WRI-R2_M007.png,True,True,1,1,1,1,7.3,M,R,wrist,NONE
0177_04_WRI-R,PAT_GRAZ_177,177,GRAZPEDWRI-DX,train,0177_0391004064_04_WRI-R1_M007,0177_0391004130_04_WRI-R2_M007,D:\projects\MediMind\ai-prediction-service\artifacts\fracture_v2\experiment5_localization\dataset\images\train\0177_0391004064_04_WRI-R1_M007.png,D:\projects\MediMind\ai-prediction-service\artifacts\fracture_v2\experiment5_localization\dataset\images\train\0177_0391004130_04_WRI-R2_M007.png,True,True,1,1,1,1,7.3,M,R,wrist,NONE
0178_01_WRI-R,PAT_GRAZ_178,178,GRAZPEDWRI-DX,train,0178_0106627326_01_WRI-R1_M013,0178_0106627364_01_WRI-R2_M013,D:\projects\MediMind\ai-prediction-service\artifacts\fracture_v2\experiment5_localization\dataset\images\train\0178_0106627326_01_WRI-R1_M013.png,D:\projects\MediMind\ai-prediction-service\artifacts\fracture_v2\experiment5_localization\dataset\images\train\0178_0106627364_01_WRI-R2_M013.png,True,True,1,1,1,1,13.5,M,R,wrist,NONE
0178_02_WRI-L,PAT_GRAZ_178,178,GRAZPEDWRI-DX,train,0178_0154573379_02_WRI-L1_M015,0178_0154573422_02_WRI-L2_M015,D:\projects\MediMind\ai-prediction-service\artifacts\fracture_v2\experiment5_localization\dataset\images\train\0178_0154573379_02_WRI-L1_M015.png,D:\projects\MediMind\ai-prediction-service\artifacts\fracture_v2\experiment5_localization\dataset\images\train\0178_0154573422_02_WRI-L2_M015.png,True,True,0,0,0,1,15.0,M,L,wrist,NONE
0178_03_WRI-L,PAT_GRAZ_178,178,GRAZPEDWRI-DX,train,0178_0165975172_03_WRI-L1_M015,0178_0165975217_03_WRI-L2_M015,D:\projects\MediMind\ai-prediction-service\artifacts\fracture_v2\experiment5_localization\dataset\images\train\0178_0165975172_03_WRI-L1_M015.png,D:\projects\MediMind\ai-prediction-service\artifacts\fracture_v2\experiment5_localization\dataset\images\train\0178_0165975217_03_WRI-L2_M015.png,True,True,0,0,0,1,15.4,M,L,wrist,NONE
0179_01_WRI-R,PAT_GRAZ_179,179,GRAZPEDWRI-DX,train,0179_0985398796_01_WRI-R1_M004,0179_0985398891_01_WRI-R2_M004,D:\projects\MediMind\ai-prediction-service\artifacts\fracture_v2\experiment5_localization\dataset\images\train\0179_0985398796_01_WRI-R1_M004.png,D:\projects\MediMind\ai-prediction-service\artifacts\fracture_v2\experiment5_localization\dataset\images\train\0179_0985398891_01_WRI-R2_M004.png,True,True,0,0,0,1,4.0,M,R,wrist,NONE
0180_01_WRI-L,PAT_GRAZ_180,180,GRAZPEDWRI-DX,train,0180_0154120731_01_WRI-L1_M008,0180_0154120789_01_WRI-L2_M008,D:\projects\MediMind\ai-prediction-service\artifacts\fracture_v2\experiment5_localization\dataset\images\train\0180_0154120731_01_WRI-L1_M008.png,D:\projects\MediMind\ai-prediction-service\artifacts\fracture_v2\experiment5_localization\dataset\images\train\0180_0154120789_01_WRI-L2_M008.png,True,True,0,0,0,1,8.1,M,L,wrist,NONE
0181_01_WRI-L,PAT_GRAZ_181,181,GRAZPEDWRI-DX,train,0181_1229746239_01_WRI-L1_F013,0181_1229746266_01_WRI-L2_F013,D:\projects\MediMind\ai-prediction-service\artifacts\fracture_v2\experiment5_localization\dataset\images\train\0181_1229746239_01_WRI-L1_F013.png,D:\projects\MediMind\ai-prediction-service\artifacts\fracture_v2\experiment5_localization\dataset\images\train\0181_1229746266_01_WRI-L2_F013.png,True,True,0,0,0,1,13.7,F,L,wrist,NONE
0183_01_WRI-L,PAT_GRAZ_183,183,GRAZPEDWRI-DX,train,0183_0090368197_01_WRI-L1_F014,0183_0090368238_01_WRI-L2_F014,D:\projects\MediMind\ai-prediction-service\artifacts\fracture_v2\experiment5_localization\dataset\images\train\0183_0090368197_01_WRI-L1_F014.png,D:\projects\MediMind\ai-prediction-service\artifacts\fracture_v2\experiment5_localization\dataset\images\train\0183_0090368238_01_WRI-L2_F014.png,True,True,0,0,0,1,14.2,F,L,wrist,NONE
0183_02_WRI-L,PAT_GRAZ_183,183,GRAZPEDWRI-DX,train,0183_0207701510_02_WRI-L1_F017,0183_0207701548_02_WRI-L2_F017,D:\projects\MediMind\ai-prediction-service\artifacts\fracture_v2\experiment5_localization\dataset\images\train\0183_0207701510_02_WRI-L1_F017.png,D:\projects\MediMind\ai-prediction-service\artifacts\fracture_v2\experiment5_localization\dataset\images\train\0183_0207701548_02_WRI-L2_F017.png,True,True,0,0,0,1,17.9,F,L,wrist,NONE
0184_01_WRI-R,PAT_GRAZ_184,184,GRAZPEDWRI-DX,train,0184_0953131478_01_WRI-R1_M017,0184_0953131511_01_WRI-R2_M017,D:\projects\MediMind\ai-prediction-service\artifacts\fracture_v2\experiment5_localization\dataset\images\train\0184_0953131478_01_WRI-R1_M017.png,D:\projects\MediMind\ai-prediction-service\artifacts\fracture_v2\experiment5_localization\dataset\images\train\0184_0953131511_01_WRI-R2_M017.png,True,True,1,1,1,1,17.2,M,R,wrist,NONE
0185_01_WRI-R,PAT_GRAZ_185,185,GRAZPEDWRI-DX,train,0185_0545486805_01_WRI-R1_M010,0185_0545486841_01_WRI-R2_M010,D:\projects\MediMind\ai-prediction-service\artifacts\fracture_v2\experiment5_localization\dataset\images\train\0185_0545486805_01_WRI-R1_M010.png,D:\projects\MediMind\ai-prediction-service\artifacts\fracture_v2\experiment5_localization\dataset\images\train\0185_0545486841_01_WRI-R2_M010.png,True,True,1,1,1,1,10.3,M,R,wrist,NONE
0185_02_WRI-R,PAT_GRAZ_185,185,GRAZPEDWRI-DX,train,0185_0546080754_02_WRI-R1_M010,0185_0546080787_02_WRI-R2_M010,D:\projects\MediMind\ai-prediction-service\artifacts\fracture_v2\experiment5_localization\dataset\images\train\0185_0546080754_02_WRI-R1_M010.png,D:\projects\MediMind\ai-prediction-service\artifacts\fracture_v2\experiment5_localization\dataset\images\train\0185_0546080787_02_WRI-R2_M010.png,True,True,1,1,1,1,10.3,M,R,wrist,NONE
0185_03_WRI-L,PAT_GRAZ_185,185,GRAZPEDWRI-DX,train,0185_0588340759_03_WRI-L1_M011,0185_0588340785_03_WRI-L2_M011,D:\projects\MediMind\ai-prediction-service\artifacts\fracture_v2\experiment5_localization\dataset\images\train\0185_0588340759_03_WRI-L1_M011.png,D:\projects\MediMind\ai-prediction-service\artifacts\fracture_v2\experiment5_localization\dataset\images\train\0185_0588340785_03_WRI-L2_M011.png,True,True,1,1,1,1,11.7,M,L,wrist,NONE
0186_01_WRI-L,PAT_GRAZ_186,186,GRAZPEDWRI-DX,train,0186_0838523181_01_WRI-L1_M013,0186_0838523220_01_WRI-L2_M013,D:\projects\MediMind\ai-prediction-service\artifacts\fracture_v2\experiment5_localization\dataset\images\train\0186_0838523181_01_WRI-L1_M013.png,D:\projects\MediMind\ai-prediction-service\artifacts\fracture_v2\experiment5_localization\dataset\images\train\0186_0838523220_01_WRI-L2_M013.png,True,True,0,0,0,1,13.7,M,L,wrist,NONE
0187_01_WRI-R,PAT_GRAZ_187,187,GRAZPEDWRI-DX,train,0187_1070349320_01_WRI-R1_M011,0187_1070349356_01_WRI-R2_M011,D:\projects\MediMind\ai-prediction-service\artifacts\fracture_v2\experiment5_localization\dataset\images\train\0187_1070349320_01_WRI-R1_M011.png,D:\projects\MediMind\ai-prediction-service\artifacts\fracture_v2\experiment5_localization\dataset\images\train\0187_1070349356_01_WRI-R2_M011.png,True,True,1,1,1,1,11.9,M,R,wrist,NONE
0188_01_WRI-L,PAT_GRAZ_188,188,GRAZPEDWRI-DX,train,0188_0212411736_01_WRI-L1_M012,0188_0212411820_01_WRI-L2_M012,D:\projects\MediMind\ai-prediction-service\artifacts\fracture_v2\experiment5_localization\dataset\images\train\0188_0212411736_01_WRI-L1_M012.png,D:\projects\MediMind\ai-prediction-service\artifacts\fracture_v2\experiment5_localization\dataset\images\train\0188_0212411820_01_WRI-L2_M012.png,True,True,0,0,0,1,12.0,M,L,wrist,NONE
0189_01_WRI-L,PAT_GRAZ_189,189,GRAZPEDWRI-DX,train,0189_0599694738_01_WRI-L1_M014,0189_0599694775_01_WRI-L2_M014,D:\projects\MediMind\ai-prediction-service\artifacts\fracture_v2\experiment5_localization\dataset\images\train\0189_0599694738_01_WRI-L1_M014.png,D:\projects\MediMind\ai-prediction-service\artifacts\fracture_v2\experiment5_localization\dataset\images\train\0189_0599694775_01_WRI-L2_M014.png,True,True,0,0,0,1,14.6,M,L,wrist,NONE
0191_02_WRI-R,PAT_GRAZ_191,191,GRAZPEDWRI-DX,train,0191_0229175838_02_WRI-R1_M009,0191_0229175791_02_WRI-R2_M009,D:\projects\MediMind\ai-prediction-service\artifacts\fracture_v2\experiment5_localization\dataset\images\train\0191_0229175838_02_WRI-R1_M009.png,D:\projects\MediMind\ai-prediction-service\artifacts\fracture_v2\experiment5_localization\dataset\images\train\0191_0229175791_02_WRI-R2_M009.png,True,True,1,1,1,1,9.9,M,R,wrist,NONE
0191_03_WRI-R,PAT_GRAZ_191,191,GRAZPEDWRI-DX,train,0191_0230385594_03_WRI-R1_M009,0191_0230385625_03_WRI-R2_M009,D:\projects\MediMind\ai-prediction-service\artifacts\fracture_v2\experiment5_localization\dataset\images\train\0191_0230385594_03_WRI-R1_M009.png,D:\projects\MediMind\ai-prediction-service\artifacts\fracture_v2\experiment5_localization\dataset\images\train\0191_0230385625_03_WRI-R2_M009.png,True,True,1,1,1,1,9.9,M,R,wrist,NONE
0192_01_WRI-R,PAT_GRAZ_192,192,GRAZPEDWRI-DX,train,0192_0840907297_01_WRI-R1_F007,0192_0840907316_01_WRI-R2_F007,D:\projects\MediMind\ai-prediction-service\artifacts\fracture_v2\experiment5_localization\dataset\images\train\0192_0840907297_01_WRI-R1_F007.png,D:\projects\MediMind\ai-prediction-service\artifacts\fracture_v2\experiment5_localization\dataset\images\train\0192_0840907316_01_WRI-R2_F007.png,True,True,0,0,0,1,7.9,F,R,wrist,NONE
0193_01_WRI-R,PAT_GRAZ_193,193,GRAZPEDWRI-DX,train,0193_1064251161_01_WRI-R1_M010,0193_1064251181_01_WRI-R2_M010,D:\projects\MediMind\ai-prediction-service\artifacts\fracture_v2\experiment5_localization\dataset\images\train\0193_1064251161_01_WRI-R1_M010.png,D:\projects\MediMind\ai-prediction-service\artifacts\fracture_v2\experiment5_localization\dataset\images\train\0193_1064251181_01_WRI-R2_M010.png,True,True,1,1,1,1,10.3,M,R,wrist,NONE
0193_02_WRI-L,PAT_GRAZ_193,193,GRAZPEDWRI-DX,train,0193_1085827603_02_WRI-L1_M011,0193_1085827629_02_WRI-L2_M011,D:\projects\MediMind\ai-prediction-service\artifacts\fracture_v2\experiment5_localization\dataset\images\train\0193_1085827603_02_WRI-L1_M011.png,D:\projects\MediMind\ai-prediction-service\artifacts\fracture_v2\experiment5_localization\dataset\images\train\0193_1085827629_02_WRI-L2_M011.png,True,True,0,0,0,1,11.0,M,L,wrist,NONE
0195_01_WRI-L,PAT_GRAZ_195,195,GRAZPEDWRI-DX,train,0195_0920972546_01_WRI-L1_M010,0195_0920972576_01_WRI-L2_M010,D:\projects\MediMind\ai-prediction-service\artifacts\fracture_v2\experiment5_localization\dataset\images\train\0195_0920972546_01_WRI-L1_M010.png,D:\projects\MediMind\ai-prediction-service\artifacts\fracture_v2\experiment5_localization\dataset\images\train\0195_0920972576_01_WRI-L2_M010.png,True,True,0,0,0,1,10.2,M,L,wrist,NONE
0197_01_WRI-R,PAT_GRAZ_197,197,GRAZPEDWRI-DX,train,0197_0791582221_01_WRI-R1_M006,0197_0791582125_01_WRI-R2_M006,D:\projects\MediMind\ai-prediction-service\artifacts\fracture_v2\experiment5_localization\dataset\images\train\0197_0791582221_01_WRI-R1_M006.png,D:\projects\MediMind\ai-prediction-service\artifacts\fracture_v2\experiment5_localization\dataset\images\train\0197_0791582125_01_WRI-R2_M006.png,True,True,1,1,1,1,6.3,M,R,wrist,NONE
0197_04_WRI-R,PAT_GRAZ_197,197,GRAZPEDWRI-DX,train,0197_0792683451_04_WRI-R1_M006,0197_0792683516_04_WRI-R2_M006,D:\projects\MediMind\ai-prediction-service\artifacts\fracture_v2\experiment5_localization\dataset\images\train\0197_0792683451_04_WRI-R1_M006.png,D:\projects\MediMind\ai-prediction-service\artifacts\fracture_v2\experiment5_localization\dataset\images\train\0197_0792683516_04_WRI-R2_M006.png,True,True,1,1,1,1,6.4,M,R,wrist,NONE
0197_05_WRI-R,PAT_GRAZ_197,197,GRAZPEDWRI-DX,train,0197_0793453347_05_WRI-R1_M006,0197_0793453396_05_WRI-R2_M006,D:\projects\MediMind\ai-prediction-service\artifacts\fracture_v2\experiment5_localization\dataset\images\train\0197_0793453347_05_WRI-R1_M006.png,D:\projects\MediMind\ai-prediction-service\artifacts\fracture_v2\experiment5_localization\dataset\images\train\0197_0793453396_05_WRI-R2_M006.png,True,True,1,1,1,1,6.4,M,R,wrist,NONE
0197_06_WRI-R,PAT_GRAZ_197,197,GRAZPEDWRI-DX,train,0197_0794660705_06_WRI-R1_M006,0197_0794660768_06_WRI-R2_M006,D:\projects\MediMind\ai-prediction-service\artifacts\fracture_v2\experiment5_localization\dataset\images\train\0197_0794660705_06_WRI-R1_M006.png,D:\projects\MediMind\ai-prediction-service\artifacts\fracture_v2\experiment5_localization\dataset\images\train\0197_0794660768_06_WRI-R2_M006.png,True,True,1,1,1,1,6.4,M,R,wrist,NONE
0198_01_WRI-L,PAT_GRAZ_198,198,GRAZPEDWRI-DX,train,0198_0798640435_01_WRI-L1_M011,0198_0798640498_01_WRI-L2_M011,D:\projects\MediMind\ai-prediction-service\artifacts\fracture_v2\experiment5_localization\dataset\images\train\0198_0798640435_01_WRI-L1_M011.png,D:\projects\MediMind\ai-prediction-service\artifacts\fracture_v2\experiment5_localization\dataset\images\train\0198_0798640498_01_WRI-L2_M011.png,True,True,0,0,0,1,11.7,M,L,wrist,NONE
0200_01_WRI-R,PAT_GRAZ_200,200,GRAZPEDWRI-DX,train,0200_0681314421_01_WRI-R1_M002,0200_0681314472_01_WRI-R2_M002,D:\projects\MediMind\ai-prediction-service\artifacts\fracture_v2\experiment5_localization\dataset\images\train\0200_0681314421_01_WRI-R1_M002.png,D:\projects\MediMind\ai-prediction-service\artifacts\fracture_v2\experiment5_localization\dataset\images\train\0200_0681314472_01_WRI-R2_M002.png,True,True,1,1,1,1,2.1,M,R,wrist,NONE
0201_01_WRI-L,PAT_GRAZ_201,201,GRAZPEDWRI-DX,train,0201_0583212323_01_WRI-L1_M011,0201_0583212359_01_WRI-L2_M011,D:\projects\MediMind\ai-prediction-service\artifacts\fracture_v2\experiment5_localization\dataset\images\train\0201_0583212323_01_WRI-L1_M011.png,D:\projects\MediMind\ai-prediction-service\artifacts\fracture_v2\experiment5_localization\dataset\images\train\0201_0583212359_01_WRI-L2_M011.png,True,True,1,1,1,1,11.7,M,L,wrist,NONE
0201_04_WRI-L,PAT_GRAZ_201,201,GRAZPEDWRI-DX,train,0201_0583807753_04_WRI-L1_M011,0201_0583807806_04_WRI-L2_M011,D:\projects\MediMind\ai-prediction-service\artifacts\fracture_v2\experiment5_localization\dataset\images\train\0201_0583807753_04_WRI-L1_M011.png,D:\projects\MediMind\ai-prediction-service\artifacts\fracture_v2\experiment5_localization\dataset\images\train\0201_0583807806_04_WRI-L2_M011.png,True,True,1,1,1,1,11.8,M,L,wrist,NONE
0201_05_WRI-L,PAT_GRAZ_201,201,GRAZPEDWRI-DX,train,0201_0586221676_05_WRI-L1_M011,0201_0586221707_05_WRI-L2_M011,D:\projects\MediMind\ai-prediction-service\artifacts\fracture_v2\experiment5_localization\dataset\images\train\0201_0586221676_05_WRI-L1_M011.png,D:\projects\MediMind\ai-prediction-service\artifacts\fracture_v2\experiment5_localization\dataset\images\train\0201_0586221707_05_WRI-L2_M011.png,True,True,1,1,1,1,11.8,M,L,wrist,NONE
0202_01_WRI-R,PAT_GRAZ_202,202,GRAZPEDWRI-DX,train,0202_0344339825_01_WRI-R1_F004,0202_0344339855_01_WRI-R2_F004,D:\projects\MediMind\ai-prediction-service\artifacts\fracture_v2\experiment5_localization\dataset\images\train\0202_0344339825_01_WRI-R1_F004.png,D:\projects\MediMind\ai-prediction-service\artifacts\fracture_v2\experiment5_localization\dataset\images\train\0202_0344339855_01_WRI-R2_F004.png,True,True,0,0,0,1,4.0,F,R,wrist,NONE
0204_01_WRI-R,PAT_GRAZ_204,204,GRAZPEDWRI-DX,train,0204_0376789622_01_WRI-R1_F006,0204_0376789568_01_WRI-R2_F006,D:\projects\MediMind\ai-prediction-service\artifacts\fracture_v2\experiment5_localization\dataset\images\train\0204_0376789622_01_WRI-R1_F006.png,D:\projects\MediMind\ai-prediction-service\artifacts\fracture_v2\experiment5_localization\dataset\images\train\0204_0376789568_01_WRI-R2_F006.png,True,True,0,1,1,0,6.7,F,R,wrist,NONE
0205_01_WRI-L,PAT_GRAZ_205,205,GRAZPEDWRI-DX,train,0205_0928110443_01_WRI-L1_F012,0205_0928110483_01_WRI-L2_F012,D:\projects\MediMind\ai-prediction-service\artifacts\fracture_v2\experiment5_localization\dataset\images\train\0205_0928110443_01_WRI-L1_F012.png,D:\projects\MediMind\ai-prediction-service\artifacts\fracture_v2\experiment5_localization\dataset\images\train\0205_0928110483_01_WRI-L2_F012.png,True,True,0,0,0,1,12.0,F,L,wrist,NONE
0206_01_WRI-R,PAT_GRAZ_206,206,GRAZPEDWRI-DX,train,0206_0717338767_01_WRI-R1_M013,0206_0717338802_01_WRI-R2_M013,D:\projects\MediMind\ai-prediction-service\artifacts\fracture_v2\experiment5_localization\dataset\images\train\0206_0717338767_01_WRI-R1_M013.png,D:\projects\MediMind\ai-prediction-service\artifacts\fracture_v2\experiment5_localization\dataset\images\train\0206_0717338802_01_WRI-R2_M013.png,True,True,0,0,0,1,13.1,M,R,wrist,NONE
0207_01_WRI-L,PAT_GRAZ_207,207,GRAZPEDWRI-DX,train,0207_0930178754_01_WRI-L1_F016,0207_0930178796_01_WRI-L2_F016,D:\projects\MediMind\ai-prediction-service\artifacts\fracture_v2\experiment5_localization\dataset\images\train\0207_0930178754_01_WRI-L1_F016.png,D:\projects\MediMind\ai-prediction-service\artifacts\fracture_v2\experiment5_localization\dataset\images\train\0207_0930178796_01_WRI-L2_F016.png,True,True,0,0,0,1,16.9,F,L,wrist,NONE
0209_01_WRI-L,PAT_GRAZ_209,209,GRAZPEDWRI-DX,train,0209_1053892767_01_WRI-L1_M009,0209_1053892804_01_WRI-L2_M009,D:\projects\MediMind\ai-prediction-service\artifacts\fracture_v2\experiment5_localization\dataset\images\train\0209_1053892767_01_WRI-L1_M009.png,D:\projects\MediMind\ai-prediction-service\artifacts\fracture_v2\experiment5_localization\dataset\images\train\0209_1053892804_01_WRI-L2_M009.png,True,True,1,1,1,1,9.5,M,L,wrist,NONE
0210_01_WRI-L,PAT_GRAZ_210,210,GRAZPEDWRI-DX,train,0210_1094711892_01_WRI-L1_F013,0210_1094711917_01_WRI-L2_F013,D:\projects\MediMind\ai-prediction-service\artifacts\fracture_v2\experiment5_localization\dataset\images\train\0210_1094711892_01_WRI-L1_F013.png,D:\projects\MediMind\ai-prediction-service\artifacts\fracture_v2\experiment5_localization\dataset\images\train\0210_1094711917_01_WRI-L2_F013.png,True,True,0,0,0,1,13.9,F,L,wrist,NONE
0212_01_WRI-R,PAT_GRAZ_212,212,GRAZPEDWRI-DX,train,0212_0634366491_01_WRI-R1_M009,0212_0634366525_01_WRI-R2_M009,D:\projects\MediMind\ai-prediction-service\artifacts\fracture_v2\experiment5_localization\dataset\images\train\0212_0634366491_01_WRI-R1_M009.png,D:\projects\MediMind\ai-prediction-service\artifacts\fracture_v2\experiment5_localization\dataset\images\train\0212_0634366525_01_WRI-R2_M009.png,True,True,0,0,0,1,9.9,M,R,wrist,NONE
0213_01_WRI-L,PAT_GRAZ_213,213,GRAZPEDWRI-DX,train,0213_0427429258_01_WRI-L1_F008,0213_0427429298_01_WRI-L2_F008,D:\projects\MediMind\ai-prediction-service\artifacts\fracture_v2\experiment5_localization\dataset\images\train\0213_0427429258_01_WRI-L1_F008.png,D:\projects\MediMind\ai-prediction-service\artifacts\fracture_v2\experiment5_localization\dataset\images\train\0213_0427429298_01_WRI-L2_F008.png,True,True,1,1,1,1,8.1,F,L,wrist,NONE
0214_01_WRI-R,PAT_GRAZ_214,214,GRAZPEDWRI-DX,train,0214_0333321080_01_WRI-R1_M007,0214_0333321129_01_WRI-R2_M007,D:\projects\MediMind\ai-prediction-service\artifacts\fracture_v2\experiment5_localization\dataset\images\train\0214_0333321080_01_WRI-R1_M007.png,D:\projects\MediMind\ai-prediction-service\artifacts\fracture_v2\experiment5_localization\dataset\images\train\0214_0333321129_01_WRI-R2_M007.png,True,True,1,1,1,1,7.1,M,R,wrist,NONE
0217_01_WRI-L,PAT_GRAZ_217,217,GRAZPEDWRI-DX,train,0217_1016762119_01_WRI-L1_M016,0217_1016762172_01_WRI-L2_M016,D:\projects\MediMind\ai-prediction-service\artifacts\fracture_v2\experiment5_localization\dataset\images\train\0217_1016762119_01_WRI-L1_M016.png,D:\projects\MediMind\ai-prediction-service\artifacts\fracture_v2\experiment5_localization\dataset\images\train\0217_1016762172_01_WRI-L2_M016.png,True,True,1,1,1,1,16.7,M,L,wrist,NONE
0217_02_WRI-L,PAT_GRAZ_217,217,GRAZPEDWRI-DX,train,0217_1017349109_02_WRI-L1_M016,0217_1017349175_02_WRI-L2_M016,D:\projects\MediMind\ai-prediction-service\artifacts\fracture_v2\experiment5_localization\dataset\images\train\0217_1017349109_02_WRI-L1_M016.png,D:\projects\MediMind\ai-prediction-service\artifacts\fracture_v2\experiment5_localization\dataset\images\train\0217_1017349175_02_WRI-L2_M016.png,True,True,1,1,1,1,16.7,M,L,wrist,NONE
0217_03_WRI-L,PAT_GRAZ_217,217,GRAZPEDWRI-DX,train,0217_1019070615_03_WRI-L1_M016,0217_1019070660_03_WRI-L2_M016,D:\projects\MediMind\ai-prediction-service\artifacts\fracture_v2\experiment5_localization\dataset\images\train\0217_1019070615_03_WRI-L1_M016.png,D:\projects\MediMind\ai-prediction-service\artifacts\fracture_v2\experiment5_localization\dataset\images\train\0217_1019070660_03_WRI-L2_M016.png,True,True,1,1,1,1,16.7,M,L,wrist,NONE
0218_01_WRI-L,PAT_GRAZ_218,218,GRAZPEDWRI-DX,train,0218_0887812214_01_WRI-L1_F007,0218_0887812251_01_WRI-L2_F007,D:\projects\MediMind\ai-prediction-service\artifacts\fracture_v2\experiment5_localization\dataset\images\train\0218_0887812214_01_WRI-L1_F007.png,D:\projects\MediMind\ai-prediction-service\artifacts\fracture_v2\experiment5_localization\dataset\images\train\0218_0887812251_01_WRI-L2_F007.png,True,True,0,0,0,1,7.9,F,L,wrist,NONE
0218_02_WRI-R,PAT_GRAZ_218,218,GRAZPEDWRI-DX,train,0218_0891252457_02_WRI-R1_F008,0218_0891252499_02_WRI-R2_F008,D:\projects\MediMind\ai-prediction-service\artifacts\fracture_v2\experiment5_localization\dataset\images\train\0218_0891252457_02_WRI-R1_F008.png,D:\projects\MediMind\ai-prediction-service\artifacts\fracture_v2\experiment5_localization\dataset\images\train\0218_0891252499_02_WRI-R2_F008.png,True,True,0,0,0,1,8.0,F,R,wrist,NONE
0219_01_WRI-R,PAT_GRAZ_219,219,GRAZPEDWRI-DX,train,0219_0930447648_01_WRI-R1_M011,0219_0930447681_01_WRI-R2_M011,D:\projects\MediMind\ai-prediction-service\artifacts\fracture_v2\experiment5_localization\dataset\images\train\0219_0930447648_01_WRI-R1_M011.png,D:\projects\MediMind\ai-prediction-service\artifacts\fracture_v2\experiment5_localization\dataset\images\train\0219_0930447681_01_WRI-R2_M011.png,True,True,1,1,1,1,11.6,M,R,wrist,NONE
0219_02_WRI-R,PAT_GRAZ_219,219,GRAZPEDWRI-DX,train,0219_0931033817_02_WRI-R1_M011,0219_0931033847_02_WRI-R2_M011,D:\projects\MediMind\ai-prediction-service\artifacts\fracture_v2\experiment5_localization\dataset\images\train\0219_0931033817_02_WRI-R1_M011.png,D:\projects\MediMind\ai-prediction-service\artifacts\fracture_v2\experiment5_localization\dataset\images\train\0219_0931033847_02_WRI-R2_M011.png,True,True,1,1,1,1,11.6,M,R,wrist,NONE
0220_01_WRI-L,PAT_GRAZ_220,220,GRAZPEDWRI-DX,train,0220_0451654086_01_WRI-L1_F009,0220_0451654107_01_WRI-L2_F009,D:\projects\MediMind\ai-prediction-service\artifacts\fracture_v2\experiment5_localization\dataset\images\train\0220_0451654086_01_WRI-L1_F009.png,D:\projects\MediMind\ai-prediction-service\artifacts\fracture_v2\experiment5_localization\dataset\images\train\0220_0451654107_01_WRI-L2_F009.png,True,True,0,0,0,1,9.8,F,L,wrist,NONE
0223_01_WRI-R,PAT_GRAZ_223,223,GRAZPEDWRI-DX,train,0223_0453462331_01_WRI-R1_F014,0223_0453462361_01_WRI-R2_F014,D:\projects\MediMind\ai-prediction-service\artifacts\fracture_v2\experiment5_localization\dataset\images\train\0223_0453462331_01_WRI-R1_F014.png,D:\projects\MediMind\ai-prediction-service\artifacts\fracture_v2\experiment5_localization\dataset\images\train\0223_0453462361_01_WRI-R2_F014.png,True,True,0,0,0,1,14.0,F,R,wrist,NONE
0226_01_WRI-R,PAT_GRAZ_226,226,GRAZPEDWRI-DX,train,0226_0901097287_01_WRI-R1_F008,0226_0901097336_01_WRI-R2_F008,D:\projects\MediMind\ai-prediction-service\artifacts\fracture_v2\experiment5_localization\dataset\images\train\0226_0901097287_01_WRI-R1_F008.png,D:\projects\MediMind\ai-prediction-service\artifacts\fracture_v2\experiment5_localization\dataset\images\train\0226_0901097336_01_WRI-R2_F008.png,True,True,0,0,0,1,8.8,F,R,wrist,NONE
0226_02_WRI-R,PAT_GRAZ_226,226,GRAZPEDWRI-DX,train,0226_1025421756_02_WRI-R1_F012,0226_1025421893_02_WRI-R2_F012,D:\projects\MediMind\ai-prediction-service\artifacts\fracture_v2\experiment5_localization\dataset\images\train\0226_1025421756_02_WRI-R1_F012.png,D:\projects\MediMind\ai-prediction-service\artifacts\fracture_v2\experiment5_localization\dataset\images\train\0226_1025421893_02_WRI-R2_F012.png,True,True,0,0,0,1,12.8,F,R,wrist,NONE
0228_01_WRI-L,PAT_GRAZ_228,228,GRAZPEDWRI-DX,train,0228_1161955663_01_WRI-L1_F001,0228_1161955705_01_WRI-L2_F001,D:\projects\MediMind\ai-prediction-service\artifacts\fracture_v2\experiment5_localization\dataset\images\train\0228_1161955663_01_WRI-L1_F001.png,D:\projects\MediMind\ai-prediction-service\artifacts\fracture_v2\experiment5_localization\dataset\images\train\0228_1161955705_01_WRI-L2_F001.png,True,True,0,0,0,1,1.7,F,L,wrist,NONE
0229_01_WRI-L,PAT_GRAZ_229,229,GRAZPEDWRI-DX,train,0229_0543713880_01_WRI-L1_M015,0229_0543713919_01_WRI-L2_M015,D:\projects\MediMind\ai-prediction-service\artifacts\fracture_v2\experiment5_localization\dataset\images\train\0229_0543713880_01_WRI-L1_M015.png,D:\projects\MediMind\ai-prediction-service\artifacts\fracture_v2\experiment5_localization\dataset\images\train\0229_0543713919_01_WRI-L2_M015.png,True,True,0,0,0,1,15.2,M,L,wrist,NONE
0230_01_WRI-L,PAT_GRAZ_230,230,GRAZPEDWRI-DX,train,0230_0504028009_01_WRI-L1_F006,0230_0504028043_01_WRI-L2_F006,D:\projects\MediMind\ai-prediction-service\artifacts\fracture_v2\experiment5_localization\dataset\images\train\0230_0504028009_01_WRI-L1_F006.png,D:\projects\MediMind\ai-prediction-service\artifacts\fracture_v2\experiment5_localization\dataset\images\train\0230_0504028043_01_WRI-L2_F006.png,True,True,1,1,1,1,6.3,F,L,wrist,NONE
0231_01_WRI-L,PAT_GRAZ_231,231,GRAZPEDWRI-DX,train,0231_1120088829_01_WRI-L1_M012,0231_1120088876_01_WRI-L2_M012,D:\projects\MediMind\ai-prediction-service\artifacts\fracture_v2\experiment5_localization\dataset\images\train\0231_1120088829_01_WRI-L1_M012.png,D:\projects\MediMind\ai-prediction-service\artifacts\fracture_v2\experiment5_localization\dataset\images\train\0231_1120088876_01_WRI-L2_M012.png,True,True,1,1,1,1,12.8,M,L,wrist,NONE
0232_01_WRI-L,PAT_GRAZ_232,232,GRAZPEDWRI-DX,train,0232_0752594522_01_WRI-L1_M013,0232_0752594587_01_WRI-L2_M013,D:\projects\MediMind\ai-prediction-service\artifacts\fracture_v2\experiment5_localization\dataset\images\train\0232_0752594522_01_WRI-L1_M013.png,D:\projects\MediMind\ai-prediction-service\artifacts\fracture_v2\experiment5_localization\dataset\images\train\0232_0752594587_01_WRI-L2_M013.png,True,True,1,1,1,1,13.2,M,L,wrist,NONE
0232_02_WRI-L,PAT_GRAZ_232,232,GRAZPEDWRI-DX,train,0232_0753164770_02_WRI-L1_M013,0232_0753164803_02_WRI-L2_M013,D:\projects\MediMind\ai-prediction-service\artifacts\fracture_v2\experiment5_localization\dataset\images\train\0232_0753164770_02_WRI-L1_M013.png,D:\projects\MediMind\ai-prediction-service\artifacts\fracture_v2\experiment5_localization\dataset\images\train\0232_0753164803_02_WRI-L2_M013.png,True,True,0,1,1,0,13.3,M,L,wrist,NONE
0232_03_WRI-L,PAT_GRAZ_232,232,GRAZPEDWRI-DX,train,0232_0754459265_03_WRI-L1_M013,0232_0754459327_03_WRI-L2_M013,D:\projects\MediMind\ai-prediction-service\artifacts\fracture_v2\experiment5_localization\dataset\images\train\0232_0754459265_03_WRI-L1_M013.png,D:\projects\MediMind\ai-prediction-service\artifacts\fracture_v2\experiment5_localization\dataset\images\train\0232_0754459327_03_WRI-L2_M013.png,True,True,1,1,1,1,13.3,M,L,wrist,NONE
0233_01_WRI-R,PAT_GRAZ_233,233,GRAZPEDWRI-DX,train,0233_0441465951_01_WRI-R1_M003,0233_0441465988_01_WRI-R2_M003,D:\projects\MediMind\ai-prediction-service\artifacts\fracture_v2\experiment5_localization\dataset\images\train\0233_0441465951_01_WRI-R1_M003.png,D:\projects\MediMind\ai-prediction-service\artifacts\fracture_v2\experiment5_localization\dataset\images\train\0233_0441465988_01_WRI-R2_M003.png,True,True,0,1,1,0,3.0,M,R,wrist,NONE
0234_01_WRI-L,PAT_GRAZ_234,234,GRAZPEDWRI-DX,train,0234_0816288382_01_WRI-L1_M011,0234_0816288441_01_WRI-L2_M011,D:\projects\MediMind\ai-prediction-service\artifacts\fracture_v2\experiment5_localization\dataset\images\train\0234_0816288382_01_WRI-L1_M011.png,D:\projects\MediMind\ai-prediction-service\artifacts\fracture_v2\experiment5_localization\dataset\images\train\0234_0816288441_01_WRI-L2_M011.png,True,True,0,0,0,1,11.4,M,L,wrist,NONE
0235_01_WRI-R,PAT_GRAZ_235,235,GRAZPEDWRI-DX,train,0235_0825087657_01_WRI-R1_F012,0235_0825087695_01_WRI-R2_F012,D:\projects\MediMind\ai-prediction-service\artifacts\fracture_v2\experiment5_localization\dataset\images\train\0235_0825087657_01_WRI-R1_F012.png,D:\projects\MediMind\ai-prediction-service\artifacts\fracture_v2\experiment5_localization\dataset\images\train\0235_0825087695_01_WRI-R2_F012.png,True,True,0,1,1,0,12.9,F,R,wrist,NONE
0240_01_WRI-R,PAT_GRAZ_240,240,GRAZPEDWRI-DX,train,0240_0448883930_01_WRI-R1_F012,0240_0448883998_01_WRI-R2_F012,D:\projects\MediMind\ai-prediction-service\artifacts\fracture_v2\experiment5_localization\dataset\images\train\0240_0448883930_01_WRI-R1_F012.png,D:\projects\MediMind\ai-prediction-service\artifacts\fracture_v2\experiment5_localization\dataset\images\train\0240_0448883998_01_WRI-R2_F012.png,True,True,1,1,1,1,12.6,F,R,wrist,NONE
0242_01_WRI-L,PAT_GRAZ_242,242,GRAZPEDWRI-DX,train,0242_0399761421_01_WRI-L1_F006,0242_0399761453_01_WRI-L2_F006,D:\projects\MediMind\ai-prediction-service\artifacts\fracture_v2\experiment5_localization\dataset\images\train\0242_0399761421_01_WRI-L1_F006.png,D:\projects\MediMind\ai-prediction-service\artifacts\fracture_v2\experiment5_localization\dataset\images\train\0242_0399761453_01_WRI-L2_F006.png,True,True,0,1,1,0,6.2,F,L,wrist,NONE
0243_01_WRI-L,PAT_GRAZ_243,243,GRAZPEDWRI-DX,train,0243_0176233415_01_WRI-L1_M012,0243_0176233486_01_WRI-L2_M012,D:\projects\MediMind\ai-prediction-service\artifacts\fracture_v2\experiment5_localization\dataset\images\train\0243_0176233415_01_WRI-L1_M012.png,D:\projects\MediMind\ai-prediction-service\artifacts\fracture_v2\experiment5_localization\dataset\images\train\0243_0176233486_01_WRI-L2_M012.png,True,True,1,1,1,1,12.8,M,L,wrist,NONE
0243_02_WRI-L,PAT_GRAZ_243,243,GRAZPEDWRI-DX,train,0243_0177270825_02_WRI-L1_M012,0243_0177270973_02_WRI-L2_M012,D:\projects\MediMind\ai-prediction-service\artifacts\fracture_v2\experiment5_localization\dataset\images\train\0243_0177270825_02_WRI-L1_M012.png,D:\projects\MediMind\ai-prediction-service\artifacts\fracture_v2\experiment5_localization\dataset\images\train\0243_0177270973_02_WRI-L2_M012.png,True,True,1,1,1,1,12.8,M,L,wrist,NONE
0243_03_WRI-L,PAT_GRAZ_243,243,GRAZPEDWRI-DX,train,0243_0177355030_03_WRI-L1_M012,0243_0177355129_03_WRI-L2_M012,D:\projects\MediMind\ai-prediction-service\artifacts\fracture_v2\experiment5_localization\dataset\images\train\0243_0177355030_03_WRI-L1_M012.png,D:\projects\MediMind\ai-prediction-service\artifacts\fracture_v2\experiment5_localization\dataset\images\train\0243_0177355129_03_WRI-L2_M012.png,True,True,1,1,1,1,12.8,M,L,wrist,NONE
0243_04_WRI-L,PAT_GRAZ_243,243,GRAZPEDWRI-DX,train,0243_0177966661_04_WRI-L1_M012,0243_0177966712_04_WRI-L2_M012,D:\projects\MediMind\ai-prediction-service\artifacts\fracture_v2\experiment5_localization\dataset\images\train\0243_0177966661_04_WRI-L1_M012.png,D:\projects\MediMind\ai-prediction-service\artifacts\fracture_v2\experiment5_localization\dataset\images\train\0243_0177966712_04_WRI-L2_M012.png,True,True,1,1,1,1,12.8,M,L,wrist,NONE
0243_05_WRI-L,PAT_GRAZ_243,243,GRAZPEDWRI-DX,train,0243_0178568748_05_WRI-L1_M012,0243_0178568839_05_WRI-L2_M012,D:\projects\MediMind\ai-prediction-service\artifacts\fracture_v2\experiment5_localization\dataset\images\train\0243_0178568748_05_WRI-L1_M012.png,D:\projects\MediMind\ai-prediction-service\artifacts\fracture_v2\experiment5_localization\dataset\images\train\0243_0178568839_05_WRI-L2_M012.png,True,True,1,1,1,1,12.8,M,L,wrist,NONE
0243_06_WRI-L,PAT_GRAZ_243,243,GRAZPEDWRI-DX,train,0243_0179768089_06_WRI-L1_M012,0243_0179768127_06_WRI-L2_M012,D:\projects\MediMind\ai-prediction-service\artifacts\fracture_v2\experiment5_localization\dataset\images\train\0243_0179768089_06_WRI-L1_M012.png,D:\projects\MediMind\ai-prediction-service\artifacts\fracture_v2\experiment5_localization\dataset\images\train\0243_0179768127_06_WRI-L2_M012.png,True,True,1,1,1,1,12.9,M,L,wrist,NONE
0244_01_WRI-R,PAT_GRAZ_244,244,GRAZPEDWRI-DX,train,0244_1110359774_01_WRI-R1_M007,0244_1110359807_01_WRI-R2_M007,D:\projects\MediMind\ai-prediction-service\artifacts\fracture_v2\experiment5_localization\dataset\images\train\0244_1110359774_01_WRI-R1_M007.png,D:\projects\MediMind\ai-prediction-service\artifacts\fracture_v2\experiment5_localization\dataset\images\train\0244_1110359807_01_WRI-R2_M007.png,True,True,1,1,1,1,7.6,M,R,wrist,NONE
0244_04_WRI-R,PAT_GRAZ_244,244,GRAZPEDWRI-DX,train,0244_1112241100_04_WRI-R1_M007,0244_1112241128_04_WRI-R2_M007,D:\projects\MediMind\ai-prediction-service\artifacts\fracture_v2\experiment5_localization\dataset\images\train\0244_1112241100_04_WRI-R1_M007.png,D:\projects\MediMind\ai-prediction-service\artifacts\fracture_v2\experiment5_localization\dataset\images\train\0244_1112241128_04_WRI-R2_M007.png,True,True,1,1,1,1,7.6,M,R,wrist,NONE
0245_01_WRI-L,PAT_GRAZ_245,245,GRAZPEDWRI-DX,train,0245_0529899282_01_WRI-L1_M018,0245_0529899312_01_WRI-L2_M018,D:\projects\MediMind\ai-prediction-service\artifacts\fracture_v2\experiment5_localization\dataset\images\train\0245_0529899282_01_WRI-L1_M018.png,D:\projects\MediMind\ai-prediction-service\artifacts\fracture_v2\experiment5_localization\dataset\images\train\0245_0529899312_01_WRI-L2_M018.png,True,True,0,0,0,1,18.0,M,L,wrist,NONE
0246_03_WRI-R,PAT_GRAZ_246,246,GRAZPEDWRI-DX,train,0246_1226649547_03_WRI-R1_M003,0246_1226649607_03_WRI-R2_M003,D:\projects\MediMind\ai-prediction-service\artifacts\fracture_v2\experiment5_localization\dataset\images\train\0246_1226649547_03_WRI-R1_M003.png,D:\projects\MediMind\ai-prediction-service\artifacts\fracture_v2\experiment5_localization\dataset\images\train\0246_1226649607_03_WRI-R2_M003.png,True,True,1,1,1,1,3.6,M,R,wrist,NONE
0247_01_WRI-R,PAT_GRAZ_247,247,GRAZPEDWRI-DX,train,0247_0973779021_01_WRI-R1_M011,0247_0973779082_01_WRI-R2_M011,D:\projects\MediMind\ai-prediction-service\artifacts\fracture_v2\experiment5_localization\dataset\images\train\0247_0973779021_01_WRI-R1_M011.png,D:\projects\MediMind\ai-prediction-service\artifacts\fracture_v2\experiment5_localization\dataset\images\train\0247_0973779082_01_WRI-R2_M011.png,True,True,1,1,1,1,11.5,M,R,wrist,NONE
0248_01_WRI-R,PAT_GRAZ_248,248,GRAZPEDWRI-DX,train,0248_0500364719_01_WRI-R1_F009,0248_0500364829_01_WRI-R2_F009,D:\projects\MediMind\ai-prediction-service\artifacts\fracture_v2\experiment5_localization\dataset\images\train\0248_0500364719_01_WRI-R1_F009.png,D:\projects\MediMind\ai-prediction-service\artifacts\fracture_v2\experiment5_localization\dataset\images\train\0248_0500364829_01_WRI-R2_F009.png,True,True,1,1,1,1,9.3,F,R,wrist,NONE
0248_02_WRI-R,PAT_GRAZ_248,248,GRAZPEDWRI-DX,train,0248_0501111671_02_WRI-R1_F009,0248_0501111699_02_WRI-R2_F009,D:\projects\MediMind\ai-prediction-service\artifacts\fracture_v2\experiment5_localization\dataset\images\train\0248_0501111671_02_WRI-R1_F009.png,D:\projects\MediMind\ai-prediction-service\artifacts\fracture_v2\experiment5_localization\dataset\images\train\0248_0501111699_02_WRI-R2_F009.png,True,True,1,1,1,1,9.3,F,R,wrist,NONE
0248_03_WRI-R,PAT_GRAZ_248,248,GRAZPEDWRI-DX,train,0248_0503013528_03_WRI-R1_F009,0248_0503013558_03_WRI-R2_F009,D:\projects\MediMind\ai-prediction-service\artifacts\fracture_v2\experiment5_localization\dataset\images\train\0248_0503013528_03_WRI-R1_F009.png,D:\projects\MediMind\ai-prediction-service\artifacts\fracture_v2\experiment5_localization\dataset\images\train\0248_0503013558_03_WRI-R2_F009.png,True,True,1,1,1,1,9.3,F,R,wrist,NONE
0249_01_WRI-R,PAT_GRAZ_249,249,GRAZPEDWRI-DX,train,0249_1109609409_01_WRI-R1_M001,0249_1109609441_01_WRI-R2_M001,D:\projects\MediMind\ai-prediction-service\artifacts\fracture_v2\experiment5_localization\dataset\images\train\0249_1109609409_01_WRI-R1_M001.png,D:\projects\MediMind\ai-prediction-service\artifacts\fracture_v2\experiment5_localization\dataset\images\train\0249_1109609441_01_WRI-R2_M001.png,True,True,1,1,1,1,1.4,M,R,wrist,NONE
0251_01_WRI-L,PAT_GRAZ_251,251,GRAZPEDWRI-DX,train,0251_0732110238_01_WRI-L1_M010,0251_0732110286_01_WRI-L2_M010,D:\projects\MediMind\ai-prediction-service\artifacts\fracture_v2\experiment5_localization\dataset\images\train\0251_0732110238_01_WRI-L1_M010.png,D:\projects\MediMind\ai-prediction-service\artifacts\fracture_v2\experiment5_localization\dataset\images\train\0251_0732110286_01_WRI-L2_M010.png,True,True,0,0,0,1,10.5,M,L,wrist,NONE
0252_01_WRI-R,PAT_GRAZ_252,252,GRAZPEDWRI-DX,train,0252_1080225662_01_WRI-R1_M009,0252_1080225708_01_WRI-R2_M009,D:\projects\MediMind\ai-prediction-service\artifacts\fracture_v2\experiment5_localization\dataset\images\train\0252_1080225662_01_WRI-R1_M009.png,D:\projects\MediMind\ai-prediction-service\artifacts\fracture_v2\experiment5_localization\dataset\images\train\0252_1080225708_01_WRI-R2_M009.png,True,True,0,0,0,1,9.3,M,R,wrist,NONE
0253_01_WRI-R,PAT_GRAZ_253,253,GRAZPEDWRI-DX,train,0253_1152831079_01_WRI-R1_M005,0253_1152831230_01_WRI-R2_M005,D:\projects\MediMind\ai-prediction-service\artifacts\fracture_v2\experiment5_localization\dataset\images\train\0253_1152831079_01_WRI-R1_M005.png,D:\projects\MediMind\ai-prediction-service\artifacts\fracture_v2\experiment5_localization\dataset\images\train\0253_1152831230_01_WRI-R2_M005.png,True,True,0,0,0,1,5.2,M,R,wrist,NONE
0255_01_WRI-R,PAT_GRAZ_255,255,GRAZPEDWRI-DX,train,0255_1043047195_01_WRI-R1_F012,0255_1043047228_01_WRI-R2_F012,D:\projects\MediMind\ai-prediction-service\artifacts\fracture_v2\experiment5_localization\dataset\images\train\0255_1043047195_01_WRI-R1_F012.png,D:\projects\MediMind\ai-prediction-service\artifacts\fracture_v2\experiment5_localization\dataset\images\train\0255_1043047228_01_WRI-R2_F012.png,True,True,1,1,1,1,12.5,F,R,wrist,NONE
0257_01_WRI-R,PAT_GRAZ_257,257,GRAZPEDWRI-DX,train,0257_0821248881_01_WRI-R1_F010,0257_0821248914_01_WRI-R2_F010,D:\projects\MediMind\ai-prediction-service\artifacts\fracture_v2\experiment5_localization\dataset\images\train\0257_0821248881_01_WRI-R1_F010.png,D:\projects\MediMind\ai-prediction-service\artifacts\fracture_v2\experiment5_localization\dataset\images\train\0257_0821248914_01_WRI-R2_F010.png,True,True,0,0,0,1,10.5,F,R,wrist,NONE
0259_01_WRI-L,PAT_GRAZ_259,259,GRAZPEDWRI-DX,train,0259_0950937392_01_WRI-L1_F008,0259_0950937432_01_WRI-L2_F008,D:\projects\MediMind\ai-prediction-service\artifacts\fracture_v2\experiment5_localization\dataset\images\train\0259_0950937392_01_WRI-L1_F008.png,D:\projects\MediMind\ai-prediction-service\artifacts\fracture_v2\experiment5_localization\dataset\images\train\0259_0950937432_01_WRI-L2_F008.png,True,True,1,1,1,1,8.7,F,L,wrist,NONE
0261_03_WRI-L,PAT_GRAZ_261,261,GRAZPEDWRI-DX,train,0261_0727351632_03_WRI-L1_M011,0261_0727351664_03_WRI-L2_M011,D:\projects\MediMind\ai-prediction-service\artifacts\fracture_v2\experiment5_localization\dataset\images\train\0261_0727351632_03_WRI-L1_M011.png,D:\projects\MediMind\ai-prediction-service\artifacts\fracture_v2\experiment5_localization\dataset\images\train\0261_0727351664_03_WRI-L2_M011.png,True,True,1,1,1,1,11.2,M,L,wrist,NONE
0261_04_WRI-R,PAT_GRAZ_261,261,GRAZPEDWRI-DX,train,0261_0838332046_04_WRI-R1_M014,0261_0838332076_04_WRI-R2_M014,D:\projects\MediMind\ai-prediction-service\artifacts\fracture_v2\experiment5_localization\dataset\images\train\0261_0838332046_04_WRI-R1_M014.png,D:\projects\MediMind\ai-prediction-service\artifacts\fracture_v2\experiment5_localization\dataset\images\train\0261_0838332076_04_WRI-R2_M014.png,True,True,0,1,1,0,14.8,M,R,wrist,NONE
0262_01_WRI-L,PAT_GRAZ_262,262,GRAZPEDWRI-DX,train,0262_0499782262_01_WRI-L1_F011,0262_0499782301_01_WRI-L2_F011,D:\projects\MediMind\ai-prediction-service\artifacts\fracture_v2\experiment5_localization\dataset\images\train\0262_0499782262_01_WRI-L1_F011.png,D:\projects\MediMind\ai-prediction-service\artifacts\fracture_v2\experiment5_localization\dataset\images\train\0262_0499782301_01_WRI-L2_F011.png,True,True,1,1,1,1,11.9,F,L,wrist,NONE
0262_02_WRI-L,PAT_GRAZ_262,262,GRAZPEDWRI-DX,train,0262_0500989374_02_WRI-L1_F012,0262_0500989398_02_WRI-L2_F012,D:\projects\MediMind\ai-prediction-service\artifacts\fracture_v2\experiment5_localization\dataset\images\train\0262_0500989374_02_WRI-L1_F012.png,D:\projects\MediMind\ai-prediction-service\artifacts\fracture_v2\experiment5_localization\dataset\images\train\0262_0500989398_02_WRI-L2_F012.png,True,True,1,1,1,1,12.0,F,L,wrist,NONE
0262_03_WRI-L,PAT_GRAZ_262,262,GRAZPEDWRI-DX,train,0262_0502180719_03_WRI-L1_F012,0262_0502180748_03_WRI-L2_F012,D:\projects\MediMind\ai-prediction-service\artifacts\fracture_v2\experiment5_localization\dataset\images\train\0262_0502180719_03_WRI-L1_F012.png,D:\projects\MediMind\ai-prediction-service\artifacts\fracture_v2\experiment5_localization\dataset\images\train\0262_0502180748_03_WRI-L2_F012.png,True,True,1,1,1,1,12.0,F,L,wrist,NONE
0264_01_WRI-R,PAT_GRAZ_264,264,GRAZPEDWRI-DX,train,0264_1106147172_01_WRI-R1_F011,0264_1106147209_01_WRI-R2_F011,D:\projects\MediMind\ai-prediction-service\artifacts\fracture_v2\experiment5_localization\dataset\images\train\0264_1106147172_01_WRI-R1_F011.png,D:\projects\MediMind\ai-prediction-service\artifacts\fracture_v2\experiment5_localization\dataset\images\train\0264_1106147209_01_WRI-R2_F011.png,True,True,0,1,1,0,11.2,F,R,wrist,NONE
0265_01_WRI-R,PAT_GRAZ_265,265,GRAZPEDWRI-DX,train,0265_0530969053_01_WRI-R1_F009,0265_0530969069_01_WRI-R2_F009,D:\projects\MediMind\ai-prediction-service\artifacts\fracture_v2\experiment5_localization\dataset\images\train\0265_0530969053_01_WRI-R1_F009.png,D:\projects\MediMind\ai-prediction-service\artifacts\fracture_v2\experiment5_localization\dataset\images\train\0265_0530969069_01_WRI-R2_F009.png,True,True,0,0,0,1,9.8,F,R,wrist,NONE
0266_01_WRI-R,PAT_GRAZ_266,266,GRAZPEDWRI-DX,train,0266_0382651447_01_WRI-R1_F012,0266_0382651492_01_WRI-R2_F012,D:\projects\MediMind\ai-prediction-service\artifacts\fracture_v2\experiment5_localization\dataset\images\train\0266_0382651447_01_WRI-R1_F012.png,D:\projects\MediMind\ai-prediction-service\artifacts\fracture_v2\experiment5_localization\dataset\images\train\0266_0382651492_01_WRI-R2_F012.png,True,True,0,0,0,1,12.1,F,R,wrist,NONE
0266_02_WRI-R,PAT_GRAZ_266,266,GRAZPEDWRI-DX,train,0266_0387050891_02_WRI-R1_F012,0266_0387050920_02_WRI-R2_F012,D:\projects\MediMind\ai-prediction-service\artifacts\fracture_v2\experiment5_localization\dataset\images\train\0266_0387050891_02_WRI-R1_F012.png,D:\projects\MediMind\ai-prediction-service\artifacts\fracture_v2\experiment5_localization\dataset\images\train\0266_0387050920_02_WRI-R2_F012.png,True,True,0,0,0,1,12.2,F,R,wrist,NONE
0267_01_WRI-R,PAT_GRAZ_267,267,GRAZPEDWRI-DX,train,0267_0577807484_01_WRI-R1_F013,0267_0577807520_01_WRI-R2_F013,D:\projects\MediMind\ai-prediction-service\artifacts\fracture_v2\experiment5_localization\dataset\images\train\0267_0577807484_01_WRI-R1_F013.png,D:\projects\MediMind\ai-prediction-service\artifacts\fracture_v2\experiment5_localization\dataset\images\train\0267_0577807520_01_WRI-R2_F013.png,True,True,0,0,0,1,13.1,F,R,wrist,NONE
0269_01_WRI-R,PAT_GRAZ_269,269,GRAZPEDWRI-DX,train,0269_0996343546_01_WRI-R1_M011,0269_0996343630_01_WRI-R2_M011,D:\projects\MediMind\ai-prediction-service\artifacts\fracture_v2\experiment5_localization\dataset\images\train\0269_0996343546_01_WRI-R1_M011.png,D:\projects\MediMind\ai-prediction-service\artifacts\fracture_v2\experiment5_localization\dataset\images\train\0269_0996343630_01_WRI-R2_M011.png,True,True,1,1,1,1,11.4,M,R,wrist,NONE
0269_02_WRI-R,PAT_GRAZ_269,269,GRAZPEDWRI-DX,train,0269_0996945897_02_WRI-R1_M011,0269_0996945977_02_WRI-R2_M011,D:\projects\MediMind\ai-prediction-service\artifacts\fracture_v2\experiment5_localization\dataset\images\train\0269_0996945897_02_WRI-R1_M011.png,D:\projects\MediMind\ai-prediction-service\artifacts\fracture_v2\experiment5_localization\dataset\images\train\0269_0996945977_02_WRI-R2_M011.png,True,True,1,1,1,1,11.5,M,R,wrist,NONE
0269_03_WRI-R,PAT_GRAZ_269,269,GRAZPEDWRI-DX,train,0269_0997550751_03_WRI-R1_M011,0269_0997550885_03_WRI-R2_M011,D:\projects\MediMind\ai-prediction-service\artifacts\fracture_v2\experiment5_localization\dataset\images\train\0269_0997550751_03_WRI-R1_M011.png,D:\projects\MediMind\ai-prediction-service\artifacts\fracture_v2\experiment5_localization\dataset\images\train\0269_0997550885_03_WRI-R2_M011.png,True,True,1,1,1,1,11.5,M,R,wrist,NONE
0269_04_WRI-R,PAT_GRAZ_269,269,GRAZPEDWRI-DX,train,0269_0998158955_04_WRI-R1_M011,0269_0998158992_04_WRI-R2_M011,D:\projects\MediMind\ai-prediction-service\artifacts\fracture_v2\experiment5_localization\dataset\images\train\0269_0998158955_04_WRI-R1_M011.png,D:\projects\MediMind\ai-prediction-service\artifacts\fracture_v2\experiment5_localization\dataset\images\train\0269_0998158992_04_WRI-R2_M011.png,True,True,1,1,1,1,11.5,M,R,wrist,NONE
0271_01_WRI-L,PAT_GRAZ_271,271,GRAZPEDWRI-DX,train,0271_0705354761_01_WRI-L1_F012,0271_0705354796_01_WRI-L2_F012,D:\projects\MediMind\ai-prediction-service\artifacts\fracture_v2\experiment5_localization\dataset\images\train\0271_0705354761_01_WRI-L1_F012.png,D:\projects\MediMind\ai-prediction-service\artifacts\fracture_v2\experiment5_localization\dataset\images\train\0271_0705354796_01_WRI-L2_F012.png,True,True,0,0,0,1,12.4,F,L,wrist,NONE
0272_01_WRI-L,PAT_GRAZ_272,272,GRAZPEDWRI-DX,train,0272_0094605760_01_WRI-L1_F010,0272_0094605788_01_WRI-L2_F010,D:\projects\MediMind\ai-prediction-service\artifacts\fracture_v2\experiment5_localization\dataset\images\train\0272_0094605760_01_WRI-L1_F010.png,D:\projects\MediMind\ai-prediction-service\artifacts\fracture_v2\experiment5_localization\dataset\images\train\0272_0094605788_01_WRI-L2_F010.png,True,True,0,0,0,1,10.7,F,L,wrist,NONE
0275_01_WRI-L,PAT_GRAZ_275,275,GRAZPEDWRI-DX,train,0275_1247837023_01_WRI-L1_M012,0275_1247837071_01_WRI-L2_M012,D:\projects\MediMind\ai-prediction-service\artifacts\fracture_v2\experiment5_localization\dataset\images\train\0275_1247837023_01_WRI-L1_M012.png,D:\projects\MediMind\ai-prediction-service\artifacts\fracture_v2\experiment5_localization\dataset\images\train\0275_1247837071_01_WRI-L2_M012.png,True,True,1,1,1,1,12.3,M,L,wrist,NONE
0276_01_WRI-L,PAT_GRAZ_276,276,GRAZPEDWRI-DX,train,0276_0188681531_01_WRI-L1_M010,0276_0188681551_01_WRI-L2_M010,D:\projects\MediMind\ai-prediction-service\artifacts\fracture_v2\experiment5_localization\dataset\images\train\0276_0188681531_01_WRI-L1_M010.png,D:\projects\MediMind\ai-prediction-service\artifacts\fracture_v2\experiment5_localization\dataset\images\train\0276_0188681551_01_WRI-L2_M010.png,True,True,1,1,1,1,10.6,M,L,wrist,NONE
0276_02_WRI-L,PAT_GRAZ_276,276,GRAZPEDWRI-DX,train,0276_0241901690_02_WRI-L1_M012,0276_0241901747_02_WRI-L2_M012,D:\projects\MediMind\ai-prediction-service\artifacts\fracture_v2\experiment5_localization\dataset\images\train\0276_0241901690_02_WRI-L1_M012.png,D:\projects\MediMind\ai-prediction-service\artifacts\fracture_v2\experiment5_localization\dataset\images\train\0276_0241901747_02_WRI-L2_M012.png,True,True,0,0,0,1,12.3,M,L,wrist,NONE
0277_01_WRI-L,PAT_GRAZ_277,277,GRAZPEDWRI-DX,train,0277_0637676345_01_WRI-L1_F014,0277_0637676397_01_WRI-L2_F014,D:\projects\MediMind\ai-prediction-service\artifacts\fracture_v2\experiment5_localization\dataset\images\train\0277_0637676345_01_WRI-L1_F014.png,D:\projects\MediMind\ai-prediction-service\artifacts\fracture_v2\experiment5_localization\dataset\images\train\0277_0637676397_01_WRI-L2_F014.png,True,True,0,0,0,1,14.0,F,L,wrist,NONE
0279_01_WRI-R,PAT_GRAZ_279,279,GRAZPEDWRI-DX,train,0279_0972195381_01_WRI-R1_F011,0279_0972195410_01_WRI-R2_F011,D:\projects\MediMind\ai-prediction-service\artifacts\fracture_v2\experiment5_localization\dataset\images\train\0279_0972195381_01_WRI-R1_F011.png,D:\projects\MediMind\ai-prediction-service\artifacts\fracture_v2\experiment5_localization\dataset\images\train\0279_0972195410_01_WRI-R2_F011.png,True,True,0,1,1,0,11.7,F,R,wrist,NONE
0280_01_WRI-R,PAT_GRAZ_280,280,GRAZPEDWRI-DX,train,0280_0288639371_01_WRI-R1_M013,0280_0288639394_01_WRI-R2_M013,D:\projects\MediMind\ai-prediction-service\artifacts\fracture_v2\experiment5_localization\dataset\images\train\0280_0288639371_01_WRI-R1_M013.png,D:\projects\MediMind\ai-prediction-service\artifacts\fracture_v2\experiment5_localization\dataset\images\train\0280_0288639394_01_WRI-R2_M013.png,True,True,0,0,0,1,13.7,M,R,wrist,NONE
0281_03_WRI-L,PAT_GRAZ_281,281,GRAZPEDWRI-DX,train,0281_0832226858_03_WRI-L1_M012,0281_0832226882_03_WRI-L2_M012,D:\projects\MediMind\ai-prediction-service\artifacts\fracture_v2\experiment5_localization\dataset\images\train\0281_0832226858_03_WRI-L1_M012.png,D:\projects\MediMind\ai-prediction-service\artifacts\fracture_v2\experiment5_localization\dataset\images\train\0281_0832226882_03_WRI-L2_M012.png,True,True,1,1,1,1,12.4,M,L,wrist,NONE
0281_04_WRI-L,PAT_GRAZ_281,281,GRAZPEDWRI-DX,train,0281_0833432307_04_WRI-L1_M012,0281_0833432337_04_WRI-L2_M012,D:\projects\MediMind\ai-prediction-service\artifacts\fracture_v2\experiment5_localization\dataset\images\train\0281_0833432307_04_WRI-L1_M012.png,D:\projects\MediMind\ai-prediction-service\artifacts\fracture_v2\experiment5_localization\dataset\images\train\0281_0833432337_04_WRI-L2_M012.png,True,True,1,1,1,1,12.5,M,L,wrist,NONE
0281_05_WRI-L,PAT_GRAZ_281,281,GRAZPEDWRI-DX,train,0281_0834035307_05_WRI-L1_M012,0281_0834035358_05_WRI-L2_M012,D:\projects\MediMind\ai-prediction-service\artifacts\fracture_v2\experiment5_localization\dataset\images\train\0281_0834035307_05_WRI-L1_M012.png,D:\projects\MediMind\ai-prediction-service\artifacts\fracture_v2\experiment5_localization\dataset\images\train\0281_0834035358_05_WRI-L2_M012.png,True,True,1,1,1,1,12.5,M,L,wrist,NONE
0281_06_WRI-L,PAT_GRAZ_281,281,GRAZPEDWRI-DX,train,0281_0834903189_06_WRI-L1_M012,0281_0834903248_06_WRI-L2_M012,D:\projects\MediMind\ai-prediction-service\artifacts\fracture_v2\experiment5_localization\dataset\images\train\0281_0834903189_06_WRI-L1_M012.png,D:\projects\MediMind\ai-prediction-service\artifacts\fracture_v2\experiment5_localization\dataset\images\train\0281_0834903248_06_WRI-L2_M012.png,True,True,1,1,1,1,12.5,M,L,wrist,NONE
0284_01_WRI-L,PAT_GRAZ_284,284,GRAZPEDWRI-DX,train,0284_0766834912_01_WRI-L1_F004,0284_0766834967_01_WRI-L2_F004,D:\projects\MediMind\ai-prediction-service\artifacts\fracture_v2\experiment5_localization\dataset\images\train\0284_0766834912_01_WRI-L1_F004.png,D:\projects\MediMind\ai-prediction-service\artifacts\fracture_v2\experiment5_localization\dataset\images\train\0284_0766834967_01_WRI-L2_F004.png,True,True,0,0,0,1,4.4,F,L,wrist,NONE
0286_01_WRI-L,PAT_GRAZ_286,286,GRAZPEDWRI-DX,train,0286_0411288264_01_WRI-L1_M009,0286_0411288381_01_WRI-L2_M009,D:\projects\MediMind\ai-prediction-service\artifacts\fracture_v2\experiment5_localization\dataset\images\train\0286_0411288264_01_WRI-L1_M009.png,D:\projects\MediMind\ai-prediction-service\artifacts\fracture_v2\experiment5_localization\dataset\images\train\0286_0411288381_01_WRI-L2_M009.png,True,True,1,1,1,1,9.2,M,L,wrist,NONE
0286_02_WRI-L,PAT_GRAZ_286,286,GRAZPEDWRI-DX,train,0286_0412069431_02_WRI-L1_M009,0286_0412069471_02_WRI-L2_M009,D:\projects\MediMind\ai-prediction-service\artifacts\fracture_v2\experiment5_localization\dataset\images\train\0286_0412069431_02_WRI-L1_M009.png,D:\projects\MediMind\ai-prediction-service\artifacts\fracture_v2\experiment5_localization\dataset\images\train\0286_0412069471_02_WRI-L2_M009.png,True,True,1,1,1,1,9.3,M,L,wrist,NONE
0291_01_WRI-L,PAT_GRAZ_291,291,GRAZPEDWRI-DX,train,0291_0396313610_01_WRI-L1_M005,0291_0396313675_01_WRI-L2_M005,D:\projects\MediMind\ai-prediction-service\artifacts\fracture_v2\experiment5_localization\dataset\images\train\0291_0396313610_01_WRI-L1_M005.png,D:\projects\MediMind\ai-prediction-service\artifacts\fracture_v2\experiment5_localization\dataset\images\train\0291_0396313675_01_WRI-L2_M005.png,True,True,0,0,0,1,5.0,M,L,wrist,NONE
0292_01_WRI-R,PAT_GRAZ_292,292,GRAZPEDWRI-DX,train,0292_0459839424_01_WRI-R1_F011,0292_0459839450_01_WRI-R2_F011,D:\projects\MediMind\ai-prediction-service\artifacts\fracture_v2\experiment5_localization\dataset\images\train\0292_0459839424_01_WRI-R1_F011.png,D:\projects\MediMind\ai-prediction-service\artifacts\fracture_v2\experiment5_localization\dataset\images\train\0292_0459839450_01_WRI-R2_F011.png,True,True,0,0,0,1,11.8,F,R,wrist,NONE
0294_01_WRI-R,PAT_GRAZ_294,294,GRAZPEDWRI-DX,train,0294_0427819862_01_WRI-R1_F006,0294_0427819878_01_WRI-R2_F006,D:\projects\MediMind\ai-prediction-service\artifacts\fracture_v2\experiment5_localization\dataset\images\train\0294_0427819862_01_WRI-R1_F006.png,D:\projects\MediMind\ai-prediction-service\artifacts\fracture_v2\experiment5_localization\dataset\images\train\0294_0427819878_01_WRI-R2_F006.png,True,True,0,1,1,0,6.6,F,R,wrist,NONE
0294_02_WRI-R,PAT_GRAZ_294,294,GRAZPEDWRI-DX,train,0294_0431487265_02_WRI-R1_F006,0294_0431487333_02_WRI-R2_F006,D:\projects\MediMind\ai-prediction-service\artifacts\fracture_v2\experiment5_localization\dataset\images\train\0294_0431487265_02_WRI-R1_F006.png,D:\projects\MediMind\ai-prediction-service\artifacts\fracture_v2\experiment5_localization\dataset\images\train\0294_0431487333_02_WRI-R2_F006.png,True,True,1,1,1,1,6.7,F,R,wrist,NONE
0295_01_WRI-L,PAT_GRAZ_295,295,GRAZPEDWRI-DX,train,0295_0511660026_01_WRI-L1_F015,0295_0511660053_01_WRI-L2_F015,D:\projects\MediMind\ai-prediction-service\artifacts\fracture_v2\experiment5_localization\dataset\images\train\0295_0511660026_01_WRI-L1_F015.png,D:\projects\MediMind\ai-prediction-service\artifacts\fracture_v2\experiment5_localization\dataset\images\train\0295_0511660053_01_WRI-L2_F015.png,True,True,0,0,0,1,15.2,F,L,wrist,NONE
0296_01_WRI-L,PAT_GRAZ_296,296,GRAZPEDWRI-DX,train,0296_0388544167_01_WRI-L1_F005,0296_0388544204_01_WRI-L2_F005,D:\projects\MediMind\ai-prediction-service\artifacts\fracture_v2\experiment5_localization\dataset\images\train\0296_0388544167_01_WRI-L1_F005.png,D:\projects\MediMind\ai-prediction-service\artifacts\fracture_v2\experiment5_localization\dataset\images\train\0296_0388544204_01_WRI-L2_F005.png,True,True,0,0,0,1,5.3,F,L,wrist,NONE
0297_01_WRI-L,PAT_GRAZ_297,297,GRAZPEDWRI-DX,train,0297_0429500118_01_WRI-L1_M011,0297_0429500151_01_WRI-L2_M011,D:\projects\MediMind\ai-prediction-service\artifacts\fracture_v2\experiment5_localization\dataset\images\train\0297_0429500118_01_WRI-L1_M011.png,D:\projects\MediMind\ai-prediction-service\artifacts\fracture_v2\experiment5_localization\dataset\images\train\0297_0429500151_01_WRI-L2_M011.png,True,True,0,1,1,0,11.2,M,L,wrist,NONE
0297_02_WRI-R,PAT_GRAZ_297,297,GRAZPEDWRI-DX,train,0297_0540681133_02_WRI-R1_M014,0297_0540681174_02_WRI-R2_M014,D:\projects\MediMind\ai-prediction-service\artifacts\fracture_v2\experiment5_localization\dataset\images\train\0297_0540681133_02_WRI-R1_M014.png,D:\projects\MediMind\ai-prediction-service\artifacts\fracture_v2\experiment5_localization\dataset\images\train\0297_0540681174_02_WRI-R2_M014.png,True,True,0,0,0,1,14.8,M,R,wrist,NONE
0298_01_WRI-R,PAT_GRAZ_298,298,GRAZPEDWRI-DX,train,0298_1033672631_01_WRI-R1_F010,0298_1033672665_01_WRI-R2_F010,D:\projects\MediMind\ai-prediction-service\artifacts\fracture_v2\experiment5_localization\dataset\images\train\0298_1033672631_01_WRI-R1_F010.png,D:\projects\MediMind\ai-prediction-service\artifacts\fracture_v2\experiment5_localization\dataset\images\train\0298_1033672665_01_WRI-R2_F010.png,True,True,1,1,1,1,10.8,F,R,wrist,NONE
0299_01_WRI-R,PAT_GRAZ_299,299,GRAZPEDWRI-DX,train,0299_0451708032_01_WRI-R1_M013,0299_0451708056_01_WRI-R2_M013,D:\projects\MediMind\ai-prediction-service\artifacts\fracture_v2\experiment5_localization\dataset\images\train\0299_0451708032_01_WRI-R1_M013.png,D:\projects\MediMind\ai-prediction-service\artifacts\fracture_v2\experiment5_localization\dataset\images\train\0299_0451708056_01_WRI-R2_M013.png,True,True,1,1,1,1,13.7,M,R,wrist,NONE
0300_01_WRI-L,PAT_GRAZ_300,300,GRAZPEDWRI-DX,train,0300_0526837677_01_WRI-L1_M011,0300_0526837707_01_WRI-L2_M011,D:\projects\MediMind\ai-prediction-service\artifacts\fracture_v2\experiment5_localization\dataset\images\train\0300_0526837677_01_WRI-L1_M011.png,D:\projects\MediMind\ai-prediction-service\artifacts\fracture_v2\experiment5_localization\dataset\images\train\0300_0526837707_01_WRI-L2_M011.png,True,True,0,0,0,1,11.0,M,L,wrist,NONE
0301_01_WRI-R,PAT_GRAZ_301,301,GRAZPEDWRI-DX,train,0301_0146731754_01_WRI-R1_F011,0301_0146731809_01_WRI-R2_F011,D:\projects\MediMind\ai-prediction-service\artifacts\fracture_v2\experiment5_localization\dataset\images\train\0301_0146731754_01_WRI-R1_F011.png,D:\projects\MediMind\ai-prediction-service\artifacts\fracture_v2\experiment5_localization\dataset\images\train\0301_0146731809_01_WRI-R2_F011.png,True,True,1,1,1,1,11.2,F,R,wrist,NONE
0301_02_WRI-R,PAT_GRAZ_301,301,GRAZPEDWRI-DX,train,0301_0148031286_02_WRI-R1_F011,0301_0148031335_02_WRI-R2_F011,D:\projects\MediMind\ai-prediction-service\artifacts\fracture_v2\experiment5_localization\dataset\images\train\0301_0148031286_02_WRI-R1_F011.png,D:\projects\MediMind\ai-prediction-service\artifacts\fracture_v2\experiment5_localization\dataset\images\train\0301_0148031335_02_WRI-R2_F011.png,True,True,1,1,1,1,11.3,F,R,wrist,NONE
0301_03_WRI-R,PAT_GRAZ_301,301,GRAZPEDWRI-DX,train,0301_0148034528_03_WRI-R1_F011,0301_0148034583_03_WRI-R2_F011,D:\projects\MediMind\ai-prediction-service\artifacts\fracture_v2\experiment5_localization\dataset\images\train\0301_0148034528_03_WRI-R1_F011.png,D:\projects\MediMind\ai-prediction-service\artifacts\fracture_v2\experiment5_localization\dataset\images\train\0301_0148034583_03_WRI-R2_F011.png,True,True,1,1,1,1,11.3,F,R,wrist,NONE
0301_04_WRI-R,PAT_GRAZ_301,301,GRAZPEDWRI-DX,train,0301_0149238109_04_WRI-R1_F011,0301_0149238163_04_WRI-R2_F011,D:\projects\MediMind\ai-prediction-service\artifacts\fracture_v2\experiment5_localization\dataset\images\train\0301_0149238109_04_WRI-R1_F011.png,D:\projects\MediMind\ai-prediction-service\artifacts\fracture_v2\experiment5_localization\dataset\images\train\0301_0149238163_04_WRI-R2_F011.png,True,True,1,1,1,1,11.3,F,R,wrist,NONE
0301_05_WRI-R,PAT_GRAZ_301,301,GRAZPEDWRI-DX,train,0301_0150535016_05_WRI-R1_F011,0301_0150535086_05_WRI-R2_F011,D:\projects\MediMind\ai-prediction-service\artifacts\fracture_v2\experiment5_localization\dataset\images\train\0301_0150535016_05_WRI-R1_F011.png,D:\projects\MediMind\ai-prediction-service\artifacts\fracture_v2\experiment5_localization\dataset\images\train\0301_0150535086_05_WRI-R2_F011.png,True,True,1,1,1,1,11.4,F,R,wrist,NONE
0301_06_WRI-R,PAT_GRAZ_301,301,GRAZPEDWRI-DX,train,0301_0159439326_06_WRI-R1_F011,0301_0159439362_06_WRI-R2_F011,D:\projects\MediMind\ai-prediction-service\artifacts\fracture_v2\experiment5_localization\dataset\images\train\0301_0159439326_06_WRI-R1_F011.png,D:\projects\MediMind\ai-prediction-service\artifacts\fracture_v2\experiment5_localization\dataset\images\train\0301_0159439362_06_WRI-R2_F011.png,True,True,1,1,1,1,11.6,F,R,wrist,NONE
0302_01_WRI-R,PAT_GRAZ_302,302,GRAZPEDWRI-DX,train,0302_0803987354_01_WRI-R1_F008,0302_0803987402_01_WRI-R2_F008,D:\projects\MediMind\ai-prediction-service\artifacts\fracture_v2\experiment5_localization\dataset\images\train\0302_0803987354_01_WRI-R1_F008.png,D:\projects\MediMind\ai-prediction-service\artifacts\fracture_v2\experiment5_localization\dataset\images\train\0302_0803987402_01_WRI-R2_F008.png,True,True,1,1,1,1,8.0,F,R,wrist,NONE
0302_02_WRI-L,PAT_GRAZ_302,302,GRAZPEDWRI-DX,train,0302_0978288252_02_WRI-L1_F013,0302_0978288279_02_WRI-L2_F013,D:\projects\MediMind\ai-prediction-service\artifacts\fracture_v2\experiment5_localization\dataset\images\train\0302_0978288252_02_WRI-L1_F013.png,D:\projects\MediMind\ai-prediction-service\artifacts\fracture_v2\experiment5_localization\dataset\images\train\0302_0978288279_02_WRI-L2_F013.png,True,True,0,0,0,1,13.6,F,L,wrist,NONE
0303_01_WRI-L,PAT_GRAZ_303,303,GRAZPEDWRI-DX,train,0303_1069930753_01_WRI-L1_M013,0303_1069930788_01_WRI-L2_M013,D:\projects\MediMind\ai-prediction-service\artifacts\fracture_v2\experiment5_localization\dataset\images\train\0303_1069930753_01_WRI-L1_M013.png,D:\projects\MediMind\ai-prediction-service\artifacts\fracture_v2\experiment5_localization\dataset\images\train\0303_1069930788_01_WRI-L2_M013.png,True,True,0,0,0,1,13.1,M,L,wrist,NONE
0307_01_WRI-L,PAT_GRAZ_307,307,GRAZPEDWRI-DX,train,0307_1173656007_01_WRI-L1_M016,0307_1173656059_01_WRI-L2_M016,D:\projects\MediMind\ai-prediction-service\artifacts\fracture_v2\experiment5_localization\dataset\images\train\0307_1173656007_01_WRI-L1_M016.png,D:\projects\MediMind\ai-prediction-service\artifacts\fracture_v2\experiment5_localization\dataset\images\train\0307_1173656059_01_WRI-L2_M016.png,True,True,0,0,0,1,16.6,M,L,wrist,NONE
0309_01_WRI-R,PAT_GRAZ_309,309,GRAZPEDWRI-DX,train,0309_0947567160_01_WRI-R1_F001,0309_0947567206_01_WRI-R2_F001,D:\projects\MediMind\ai-prediction-service\artifacts\fracture_v2\experiment5_localization\dataset\images\train\0309_0947567160_01_WRI-R1_F001.png,D:\projects\MediMind\ai-prediction-service\artifacts\fracture_v2\experiment5_localization\dataset\images\train\0309_0947567206_01_WRI-R2_F001.png,True,True,1,1,1,1,1.6,F,R,wrist,NONE
0312_01_WRI-R,PAT_GRAZ_312,312,GRAZPEDWRI-DX,train,0312_0795914876_01_WRI-R1_M017,0312_0795914905_01_WRI-R2_M017,D:\projects\MediMind\ai-prediction-service\artifacts\fracture_v2\experiment5_localization\dataset\images\train\0312_0795914876_01_WRI-R1_M017.png,D:\projects\MediMind\ai-prediction-service\artifacts\fracture_v2\experiment5_localization\dataset\images\train\0312_0795914905_01_WRI-R2_M017.png,True,True,0,0,0,1,17.4,M,R,wrist,NONE
0313_01_WRI-R,PAT_GRAZ_313,313,GRAZPEDWRI-DX,train,0313_0943585559_01_WRI-R1_F014,0313_0943585637_01_WRI-R2_F014,D:\projects\MediMind\ai-prediction-service\artifacts\fracture_v2\experiment5_localization\dataset\images\train\0313_0943585559_01_WRI-R1_F014.png,D:\projects\MediMind\ai-prediction-service\artifacts\fracture_v2\experiment5_localization\dataset\images\train\0313_0943585637_01_WRI-R2_F014.png,True,True,1,1,1,1,14.9,F,R,wrist,NONE
0313_02_WRI-R,PAT_GRAZ_313,313,GRAZPEDWRI-DX,train,0313_0943920453_02_WRI-R1_F014,0313_0943920533_02_WRI-R2_F014,D:\projects\MediMind\ai-prediction-service\artifacts\fracture_v2\experiment5_localization\dataset\images\train\0313_0943920453_02_WRI-R1_F014.png,D:\projects\MediMind\ai-prediction-service\artifacts\fracture_v2\experiment5_localization\dataset\images\train\0313_0943920533_02_WRI-R2_F014.png,True,True,1,1,1,1,14.9,F,R,wrist,NONE
0313_04_WRI-R,PAT_GRAZ_313,313,GRAZPEDWRI-DX,train,0313_0945143404_04_WRI-R1_F015,0313_0945143431_04_WRI-R2_F015,D:\projects\MediMind\ai-prediction-service\artifacts\fracture_v2\experiment5_localization\dataset\images\train\0313_0945143404_04_WRI-R1_F015.png,D:\projects\MediMind\ai-prediction-service\artifacts\fracture_v2\experiment5_localization\dataset\images\train\0313_0945143431_04_WRI-R2_F015.png,True,True,1,1,1,1,15.0,F,R,wrist,NONE
0313_05_WRI-R,PAT_GRAZ_313,313,GRAZPEDWRI-DX,train,0313_0946431058_05_WRI-R1_F015,0313_0946431153_05_WRI-R2_F015,D:\projects\MediMind\ai-prediction-service\artifacts\fracture_v2\experiment5_localization\dataset\images\train\0313_0946431058_05_WRI-R1_F015.png,D:\projects\MediMind\ai-prediction-service\artifacts\fracture_v2\experiment5_localization\dataset\images\train\0313_0946431153_05_WRI-R2_F015.png,True,True,1,1,1,1,15.0,F,R,wrist,NONE
0313_06_WRI-R,PAT_GRAZ_313,313,GRAZPEDWRI-DX,train,0313_0947475204_06_WRI-R1_F015,0313_0947475228_06_WRI-R2_F015,D:\projects\MediMind\ai-prediction-service\artifacts\fracture_v2\experiment5_localization\dataset\images\train\0313_0947475204_06_WRI-R1_F015.png,D:\projects\MediMind\ai-prediction-service\artifacts\fracture_v2\experiment5_localization\dataset\images\train\0313_0947475228_06_WRI-R2_F015.png,True,True,1,1,1,1,15.1,F,R,wrist,NONE
0313_07_WRI-R,PAT_GRAZ_313,313,GRAZPEDWRI-DX,train,0313_0949893538_07_WRI-R1_F015,0313_0949893580_07_WRI-R2_F015,D:\projects\MediMind\ai-prediction-service\artifacts\fracture_v2\experiment5_localization\dataset\images\train\0313_0949893538_07_WRI-R1_F015.png,D:\projects\MediMind\ai-prediction-service\artifacts\fracture_v2\experiment5_localization\dataset\images\train\0313_0949893580_07_WRI-R2_F015.png,True,True,1,1,1,1,15.1,F,R,wrist,NONE
0313_08_WRI-R,PAT_GRAZ_313,313,GRAZPEDWRI-DX,train,0313_0954826627_08_WRI-R1_F015,0313_0954826683_08_WRI-R2_F015,D:\projects\MediMind\ai-prediction-service\artifacts\fracture_v2\experiment5_localization\dataset\images\train\0313_0954826627_08_WRI-R1_F015.png,D:\projects\MediMind\ai-prediction-service\artifacts\fracture_v2\experiment5_localization\dataset\images\train\0313_0954826683_08_WRI-R2_F015.png,True,True,1,1,1,1,15.3,F,R,wrist,NONE
0313_08_WRI-L,PAT_GRAZ_313,313,GRAZPEDWRI-DX,train,0313_0954826752_08_WRI-L1_F015,0313_0954826801_08_WRI-L2_F015,D:\projects\MediMind\ai-prediction-service\artifacts\fracture_v2\experiment5_localization\dataset\images\train\0313_0954826752_08_WRI-L1_F015.png,D:\projects\MediMind\ai-prediction-service\artifacts\fracture_v2\experiment5_localization\dataset\images\train\0313_0954826801_08_WRI-L2_F015.png,True,True,0,0,0,1,15.3,F,L,wrist,NONE
0313_09_WRI-R,PAT_GRAZ_313,313,GRAZPEDWRI-DX,train,0313_0955166493_09_WRI-R1_F015,0313_0955166574_09_WRI-R2_F015,D:\projects\MediMind\ai-prediction-service\artifacts\fracture_v2\experiment5_localization\dataset\images\train\0313_0955166493_09_WRI-R1_F015.png,D:\projects\MediMind\ai-prediction-service\artifacts\fracture_v2\experiment5_localization\dataset\images\train\0313_0955166574_09_WRI-R2_F015.png,True,True,1,1,1,1,15.3,F,R,wrist,NONE
0313_10_WRI-R,PAT_GRAZ_313,313,GRAZPEDWRI-DX,train,0313_0958524563_10_WRI-R1_F015,0313_0958524638_10_WRI-R2_F015,D:\projects\MediMind\ai-prediction-service\artifacts\fracture_v2\experiment5_localization\dataset\images\train\0313_0958524563_10_WRI-R1_F015.png,D:\projects\MediMind\ai-prediction-service\artifacts\fracture_v2\experiment5_localization\dataset\images\train\0313_0958524638_10_WRI-R2_F015.png,True,True,1,1,1,1,15.4,F,R,wrist,NONE
0313_11_WRI-R,PAT_GRAZ_313,313,GRAZPEDWRI-DX,train,0313_0979001074_11_WRI-R1_F016,0313_0979001130_11_WRI-R2_F016,D:\projects\MediMind\ai-prediction-service\artifacts\fracture_v2\experiment5_localization\dataset\images\train\0313_0979001074_11_WRI-R1_F016.png,D:\projects\MediMind\ai-prediction-service\artifacts\fracture_v2\experiment5_localization\dataset\images\train\0313_0979001130_11_WRI-R2_F016.png,True,True,1,1,1,1,16.1,F,R,wrist,NONE
0313_12_WRI-R,PAT_GRAZ_313,313,GRAZPEDWRI-DX,train,0313_0988079054_12_WRI-R1_F016,0313_0988079135_12_WRI-R2_F016,D:\projects\MediMind\ai-prediction-service\artifacts\fracture_v2\experiment5_localization\dataset\images\train\0313_0988079054_12_WRI-R1_F016.png,D:\projects\MediMind\ai-prediction-service\artifacts\fracture_v2\experiment5_localization\dataset\images\train\0313_0988079135_12_WRI-R2_F016.png,True,True,1,1,1,1,16.3,F,R,wrist,NONE
0314_01_WRI-R,PAT_GRAZ_314,314,GRAZPEDWRI-DX,train,0314_1049993103_01_WRI-R1_M014,0314_1049993136_01_WRI-R2_M014,D:\projects\MediMind\ai-prediction-service\artifacts\fracture_v2\experiment5_localization\dataset\images\train\0314_1049993103_01_WRI-R1_M014.png,D:\projects\MediMind\ai-prediction-service\artifacts\fracture_v2\experiment5_localization\dataset\images\train\0314_1049993136_01_WRI-R2_M014.png,True,True,0,0,0,1,14.6,M,R,wrist,NONE
0317_01_WRI-L,PAT_GRAZ_317,317,GRAZPEDWRI-DX,train,0317_0585816847_01_WRI-L1_F008,0317_0585816885_01_WRI-L2_F008,D:\projects\MediMind\ai-prediction-service\artifacts\fracture_v2\experiment5_localization\dataset\images\train\0317_0585816847_01_WRI-L1_F008.png,D:\projects\MediMind\ai-prediction-service\artifacts\fracture_v2\experiment5_localization\dataset\images\train\0317_0585816885_01_WRI-L2_F008.png,True,True,0,0,0,1,8.8,F,L,wrist,NONE
0319_01_WRI-L,PAT_GRAZ_319,319,GRAZPEDWRI-DX,train,0319_0995074380_01_WRI-L1_M014,0319_0995074423_01_WRI-L2_M014,D:\projects\MediMind\ai-prediction-service\artifacts\fracture_v2\experiment5_localization\dataset\images\train\0319_0995074380_01_WRI-L1_M014.png,D:\projects\MediMind\ai-prediction-service\artifacts\fracture_v2\experiment5_localization\dataset\images\train\0319_0995074423_01_WRI-L2_M014.png,True,True,0,0,0,1,14.3,M,L,wrist,NONE
0320_01_WRI-L,PAT_GRAZ_320,320,GRAZPEDWRI-DX,train,0320_0532875391_01_WRI-L1_F017,0320_0532875424_01_WRI-L2_F017,D:\projects\MediMind\ai-prediction-service\artifacts\fracture_v2\experiment5_localization\dataset\images\train\0320_0532875391_01_WRI-L1_F017.png,D:\projects\MediMind\ai-prediction-service\artifacts\fracture_v2\experiment5_localization\dataset\images\train\0320_0532875424_01_WRI-L2_F017.png,True,True,0,0,0,1,17.1,F,L,wrist,NONE
0321_01_WRI-L,PAT_GRAZ_321,321,GRAZPEDWRI-DX,train,0321_1214039441_01_WRI-L1_M012,0321_1214039482_01_WRI-L2_M012,D:\projects\MediMind\ai-prediction-service\artifacts\fracture_v2\experiment5_localization\dataset\images\train\0321_1214039441_01_WRI-L1_M012.png,D:\projects\MediMind\ai-prediction-service\artifacts\fracture_v2\experiment5_localization\dataset\images\train\0321_1214039482_01_WRI-L2_M012.png,True,True,1,1,1,1,12.7,M,L,wrist,NONE
0321_02_WRI-L,PAT_GRAZ_321,321,GRAZPEDWRI-DX,train,0321_1214605301_02_WRI-L1_M012,0321_1214605337_02_WRI-L2_M012,D:\projects\MediMind\ai-prediction-service\artifacts\fracture_v2\experiment5_localization\dataset\images\train\0321_1214605301_02_WRI-L1_M012.png,D:\projects\MediMind\ai-prediction-service\artifacts\fracture_v2\experiment5_localization\dataset\images\train\0321_1214605337_02_WRI-L2_M012.png,True,True,1,1,1,1,12.8,M,L,wrist,NONE
0323_01_WRI-R,PAT_GRAZ_323,323,GRAZPEDWRI-DX,train,0323_0227289784_01_WRI-R1_F005,0323_0227289822_01_WRI-R2_F005,D:\projects\MediMind\ai-prediction-service\artifacts\fracture_v2\experiment5_localization\dataset\images\train\0323_0227289784_01_WRI-R1_F005.png,D:\projects\MediMind\ai-prediction-service\artifacts\fracture_v2\experiment5_localization\dataset\images\train\0323_0227289822_01_WRI-R2_F005.png,True,True,1,1,1,1,5.8,F,R,wrist,NONE
0324_01_WRI-R,PAT_GRAZ_324,324,GRAZPEDWRI-DX,train,0324_0285686206_01_WRI-R1_M016,0324_0285686238_01_WRI-R2_M016,D:\projects\MediMind\ai-prediction-service\artifacts\fracture_v2\experiment5_localization\dataset\images\train\0324_0285686206_01_WRI-R1_M016.png,D:\projects\MediMind\ai-prediction-service\artifacts\fracture_v2\experiment5_localization\dataset\images\train\0324_0285686238_01_WRI-R2_M016.png,True,True,0,0,0,1,16.5,M,R,wrist,NONE
0325_01_WRI-L,PAT_GRAZ_325,325,GRAZPEDWRI-DX,train,0325_0954245572_01_WRI-L1_M010,0325_0954245605_01_WRI-L2_M010,D:\projects\MediMind\ai-prediction-service\artifacts\fracture_v2\experiment5_localization\dataset\images\train\0325_0954245572_01_WRI-L1_M010.png,D:\projects\MediMind\ai-prediction-service\artifacts\fracture_v2\experiment5_localization\dataset\images\train\0325_0954245605_01_WRI-L2_M010.png,True,True,1,1,1,1,10.3,M,L,wrist,NONE
0326_01_WRI-L,PAT_GRAZ_326,326,GRAZPEDWRI-DX,train,0326_0563612087_01_WRI-L1_M012,0326_0563612120_01_WRI-L2_M012,D:\projects\MediMind\ai-prediction-service\artifacts\fracture_v2\experiment5_localization\dataset\images\train\0326_0563612087_01_WRI-L1_M012.png,D:\projects\MediMind\ai-prediction-service\artifacts\fracture_v2\experiment5_localization\dataset\images\train\0326_0563612120_01_WRI-L2_M012.png,True,True,0,0,0,1,12.5,M,L,wrist,NONE
0330_01_WRI-R,PAT_GRAZ_330,330,GRAZPEDWRI-DX,train,0330_0306002053_01_WRI-R1_M001,0330_0306002185_01_WRI-R2_M001,D:\projects\MediMind\ai-prediction-service\artifacts\fracture_v2\experiment5_localization\dataset\images\train\0330_0306002053_01_WRI-R1_M001.png,D:\projects\MediMind\ai-prediction-service\artifacts\fracture_v2\experiment5_localization\dataset\images\train\0330_0306002185_01_WRI-R2_M001.png,True,True,1,1,1,1,1.3,M,R,wrist,NONE
0331_01_WRI-L,PAT_GRAZ_331,331,GRAZPEDWRI-DX,train,0331_0782138660_01_WRI-L1_M011,0331_0782138701_01_WRI-L2_M011,D:\projects\MediMind\ai-prediction-service\artifacts\fracture_v2\experiment5_localization\dataset\images\train\0331_0782138660_01_WRI-L1_M011.png,D:\projects\MediMind\ai-prediction-service\artifacts\fracture_v2\experiment5_localization\dataset\images\train\0331_0782138701_01_WRI-L2_M011.png,True,True,0,0,0,1,11.2,M,L,wrist,NONE
0332_01_WRI-R,PAT_GRAZ_332,332,GRAZPEDWRI-DX,train,0332_0254991689_01_WRI-R1_F008,0332_0254991716_01_WRI-R2_F008,D:\projects\MediMind\ai-prediction-service\artifacts\fracture_v2\experiment5_localization\dataset\images\train\0332_0254991689_01_WRI-R1_F008.png,D:\projects\MediMind\ai-prediction-service\artifacts\fracture_v2\experiment5_localization\dataset\images\train\0332_0254991716_01_WRI-R2_F008.png,True,True,1,1,1,1,8.8,F,R,wrist,NONE
0332_02_WRI-R,PAT_GRAZ_332,332,GRAZPEDWRI-DX,train,0332_0257410930_02_WRI-R1_F008,0332_0257410959_02_WRI-R2_F008,D:\projects\MediMind\ai-prediction-service\artifacts\fracture_v2\experiment5_localization\dataset\images\train\0332_0257410930_02_WRI-R1_F008.png,D:\projects\MediMind\ai-prediction-service\artifacts\fracture_v2\experiment5_localization\dataset\images\train\0332_0257410959_02_WRI-R2_F008.png,True,True,1,1,1,1,8.8,F,R,wrist,NONE
0334_01_WRI-L,PAT_GRAZ_334,334,GRAZPEDWRI-DX,train,0334_0925680039_01_WRI-L1_M014,0334_0925680081_01_WRI-L2_M014,D:\projects\MediMind\ai-prediction-service\artifacts\fracture_v2\experiment5_localization\dataset\images\train\0334_0925680039_01_WRI-L1_M014.png,D:\projects\MediMind\ai-prediction-service\artifacts\fracture_v2\experiment5_localization\dataset\images\train\0334_0925680081_01_WRI-L2_M014.png,True,True,0,0,0,1,14.5,M,L,wrist,NONE
0336_01_WRI-R,PAT_GRAZ_336,336,GRAZPEDWRI-DX,train,0336_1105608655_01_WRI-R1_F003,0336_1105608687_01_WRI-R2_F003,D:\projects\MediMind\ai-prediction-service\artifacts\fracture_v2\experiment5_localization\dataset\images\train\0336_1105608655_01_WRI-R1_F003.png,D:\projects\MediMind\ai-prediction-service\artifacts\fracture_v2\experiment5_localization\dataset\images\train\0336_1105608687_01_WRI-R2_F003.png,True,True,0,0,0,1,3.4,F,R,wrist,NONE
0339_01_WRI-R,PAT_GRAZ_339,339,GRAZPEDWRI-DX,train,0339_1056752527_01_WRI-R1_F009,0339_1056752597_01_WRI-R2_F009,D:\projects\MediMind\ai-prediction-service\artifacts\fracture_v2\experiment5_localization\dataset\images\train\0339_1056752527_01_WRI-R1_F009.png,D:\projects\MediMind\ai-prediction-service\artifacts\fracture_v2\experiment5_localization\dataset\images\train\0339_1056752597_01_WRI-R2_F009.png,True,True,0,0,0,1,9.7,F,R,wrist,NONE
0340_01_WRI-L,PAT_GRAZ_340,340,GRAZPEDWRI-DX,train,0340_0842481224_01_WRI-L1_M010,0340_0842481265_01_WRI-L2_M010,D:\projects\MediMind\ai-prediction-service\artifacts\fracture_v2\experiment5_localization\dataset\images\train\0340_0842481224_01_WRI-L1_M010.png,D:\projects\MediMind\ai-prediction-service\artifacts\fracture_v2\experiment5_localization\dataset\images\train\0340_0842481265_01_WRI-L2_M010.png,True,True,0,0,0,1,10.4,M,L,wrist,NONE
0341_01_WRI-L,PAT_GRAZ_341,341,GRAZPEDWRI-DX,train,0341_0322168048_01_WRI-L1_M016,0341_0322168147_01_WRI-L2_M016,D:\projects\MediMind\ai-prediction-service\artifacts\fracture_v2\experiment5_localization\dataset\images\train\0341_0322168048_01_WRI-L1_M016.png,D:\projects\MediMind\ai-prediction-service\artifacts\fracture_v2\experiment5_localization\dataset\images\train\0341_0322168147_01_WRI-L2_M016.png,True,True,0,1,1,0,16.2,M,L,wrist,NONE
0344_01_WRI-L,PAT_GRAZ_344,344,GRAZPEDWRI-DX,train,0344_0975351782_01_WRI-L1_F012,0344_0975351811_01_WRI-L2_F012,D:\projects\MediMind\ai-prediction-service\artifacts\fracture_v2\experiment5_localization\dataset\images\train\0344_0975351782_01_WRI-L1_F012.png,D:\projects\MediMind\ai-prediction-service\artifacts\fracture_v2\experiment5_localization\dataset\images\train\0344_0975351811_01_WRI-L2_F012.png,True,True,0,0,0,1,12.0,F,L,wrist,NONE
0344_04_WRI-R,PAT_GRAZ_344,344,GRAZPEDWRI-DX,train,0344_1052562529_04_WRI-R1_F014,0344_1052562551_04_WRI-R2_F014,D:\projects\MediMind\ai-prediction-service\artifacts\fracture_v2\experiment5_localization\dataset\images\train\0344_1052562529_04_WRI-R1_F014.png,D:\projects\MediMind\ai-prediction-service\artifacts\fracture_v2\experiment5_localization\dataset\images\train\0344_1052562551_04_WRI-R2_F014.png,True,True,1,1,1,1,14.5,F,R,wrist,NONE
0345_01_WRI-L,PAT_GRAZ_345,345,GRAZPEDWRI-DX,train,0345_0648144791_01_WRI-L1_F004,0345_0648144946_01_WRI-L2_F004,D:\projects\MediMind\ai-prediction-service\artifacts\fracture_v2\experiment5_localization\dataset\images\train\0345_0648144791_01_WRI-L1_F004.png,D:\projects\MediMind\ai-prediction-service\artifacts\fracture_v2\experiment5_localization\dataset\images\train\0345_0648144946_01_WRI-L2_F004.png,True,True,1,1,1,1,4.7,F,L,wrist,NONE
0346_01_WRI-L,PAT_GRAZ_346,346,GRAZPEDWRI-DX,train,0346_0518063729_01_WRI-L1_M009,0346_0518063764_01_WRI-L2_M009,D:\projects\MediMind\ai-prediction-service\artifacts\fracture_v2\experiment5_localization\dataset\images\train\0346_0518063729_01_WRI-L1_M009.png,D:\projects\MediMind\ai-prediction-service\artifacts\fracture_v2\experiment5_localization\dataset\images\train\0346_0518063764_01_WRI-L2_M009.png,True,True,1,1,1,1,9.9,M,L,wrist,NONE
0346_02_WRI-L,PAT_GRAZ_346,346,GRAZPEDWRI-DX,train,0346_0520824835_02_WRI-L1_M010,0346_0520824873_02_WRI-L2_M010,D:\projects\MediMind\ai-prediction-service\artifacts\fracture_v2\experiment5_localization\dataset\images\train\0346_0520824835_02_WRI-L1_M010.png,D:\projects\MediMind\ai-prediction-service\artifacts\fracture_v2\experiment5_localization\dataset\images\train\0346_0520824873_02_WRI-L2_M010.png,True,True,1,1,1,1,10.0,M,L,wrist,NONE
0348_01_WRI-L,PAT_GRAZ_348,348,GRAZPEDWRI-DX,train,0348_0720830290_01_WRI-L1_M007,0348_0720830321_01_WRI-L2_M007,D:\projects\MediMind\ai-prediction-service\artifacts\fracture_v2\experiment5_localization\dataset\images\train\0348_0720830290_01_WRI-L1_M007.png,D:\projects\MediMind\ai-prediction-service\artifacts\fracture_v2\experiment5_localization\dataset\images\train\0348_0720830321_01_WRI-L2_M007.png,True,True,1,1,1,1,7.9,M,L,wrist,NONE
0349_01_WRI-L,PAT_GRAZ_349,349,GRAZPEDWRI-DX,train,0349_0526517839_01_WRI-L1_M015,0349_0526517897_01_WRI-L2_M015,D:\projects\MediMind\ai-prediction-service\artifacts\fracture_v2\experiment5_localization\dataset\images\train\0349_0526517839_01_WRI-L1_M015.png,D:\projects\MediMind\ai-prediction-service\artifacts\fracture_v2\experiment5_localization\dataset\images\train\0349_0526517897_01_WRI-L2_M015.png,True,True,0,1,1,0,15.6,M,L,wrist,NONE
0350_01_WRI-L,PAT_GRAZ_350,350,GRAZPEDWRI-DX,train,0350_0947648686_01_WRI-L1_M015,0350_0947648719_01_WRI-L2_M015,D:\projects\MediMind\ai-prediction-service\artifacts\fracture_v2\experiment5_localization\dataset\images\train\0350_0947648686_01_WRI-L1_M015.png,D:\projects\MediMind\ai-prediction-service\artifacts\fracture_v2\experiment5_localization\dataset\images\train\0350_0947648719_01_WRI-L2_M015.png,True,True,0,0,0,1,15.8,M,L,wrist,NONE
0351_01_WRI-R,PAT_GRAZ_351,351,GRAZPEDWRI-DX,train,0351_0798024531_01_WRI-R1_M014,0351_0798024563_01_WRI-R2_M014,D:\projects\MediMind\ai-prediction-service\artifacts\fracture_v2\experiment5_localization\dataset\images\train\0351_0798024531_01_WRI-R1_M014.png,D:\projects\MediMind\ai-prediction-service\artifacts\fracture_v2\experiment5_localization\dataset\images\train\0351_0798024563_01_WRI-R2_M014.png,True,True,0,0,0,1,14.6,M,R,wrist,NONE
0352_01_WRI-R,PAT_GRAZ_352,352,GRAZPEDWRI-DX,train,0352_0108899736_01_WRI-R1_F009,0352_0108899766_01_WRI-R2_F009,D:\projects\MediMind\ai-prediction-service\artifacts\fracture_v2\experiment5_localization\dataset\images\train\0352_0108899736_01_WRI-R1_F009.png,D:\projects\MediMind\ai-prediction-service\artifacts\fracture_v2\experiment5_localization\dataset\images\train\0352_0108899766_01_WRI-R2_F009.png,True,True,0,0,0,1,9.1,F,R,wrist,NONE
0354_01_WRI-R,PAT_GRAZ_354,354,GRAZPEDWRI-DX,train,0354_0544727691_01_WRI-R1_M017,0354_0544727720_01_WRI-R2_M017,D:\projects\MediMind\ai-prediction-service\artifacts\fracture_v2\experiment5_localization\dataset\images\train\0354_0544727691_01_WRI-R1_M017.png,D:\projects\MediMind\ai-prediction-service\artifacts\fracture_v2\experiment5_localization\dataset\images\train\0354_0544727720_01_WRI-R2_M017.png,True,True,0,0,0,1,17.8,M,R,wrist,NONE
0355_01_WRI-R,PAT_GRAZ_355,355,GRAZPEDWRI-DX,train,0355_1178426709_01_WRI-R1_M014,0355_1178426741_01_WRI-R2_M014,D:\projects\MediMind\ai-prediction-service\artifacts\fracture_v2\experiment5_localization\dataset\images\train\0355_1178426709_01_WRI-R1_M014.png,D:\projects\MediMind\ai-prediction-service\artifacts\fracture_v2\experiment5_localization\dataset\images\train\0355_1178426741_01_WRI-R2_M014.png,True,True,0,1,1,0,14.9,M,R,wrist,NONE
0356_01_WRI-R,PAT_GRAZ_356,356,GRAZPEDWRI-DX,train,0356_0646137115_01_WRI-R1_F007,0356_0646137074_01_WRI-R2_F007,D:\projects\MediMind\ai-prediction-service\artifacts\fracture_v2\experiment5_localization\dataset\images\train\0356_0646137115_01_WRI-R1_F007.png,D:\projects\MediMind\ai-prediction-service\artifacts\fracture_v2\experiment5_localization\dataset\images\train\0356_0646137074_01_WRI-R2_F007.png,True,True,1,1,1,1,7.2,F,R,wrist,NONE
0356_02_WRI-R,PAT_GRAZ_356,356,GRAZPEDWRI-DX,train,0356_0646902368_02_WRI-R1_F007,0356_0646902292_02_WRI-R2_F007,D:\projects\MediMind\ai-prediction-service\artifacts\fracture_v2\experiment5_localization\dataset\images\train\0356_0646902368_02_WRI-R1_F007.png,D:\projects\MediMind\ai-prediction-service\artifacts\fracture_v2\experiment5_localization\dataset\images\train\0356_0646902292_02_WRI-R2_F007.png,True,True,1,1,1,1,7.2,F,R,wrist,NONE
0356_03_WRI-R,PAT_GRAZ_356,356,GRAZPEDWRI-DX,train,0356_0648274941_03_WRI-R1_F007,0356_0648274997_03_WRI-R2_F007,D:\projects\MediMind\ai-prediction-service\artifacts\fracture_v2\experiment5_localization\dataset\images\train\0356_0648274941_03_WRI-R1_F007.png,D:\projects\MediMind\ai-prediction-service\artifacts\fracture_v2\experiment5_localization\dataset\images\train\0356_0648274997_03_WRI-R2_F007.png,True,True,1,1,1,1,7.3,F,R,wrist,NONE
0361_01_WRI-L,PAT_GRAZ_361,361,GRAZPEDWRI-DX,train,0361_0840784321_01_WRI-L1_F013,0361_0840784340_01_WRI-L2_F013,D:\projects\MediMind\ai-prediction-service\artifacts\fracture_v2\experiment5_localization\dataset\images\train\0361_0840784321_01_WRI-L1_F013.png,D:\projects\MediMind\ai-prediction-service\artifacts\fracture_v2\experiment5_localization\dataset\images\train\0361_0840784340_01_WRI-L2_F013.png,True,True,0,0,0,1,13.3,F,L,wrist,NONE
0363_01_WRI-L,PAT_GRAZ_363,363,GRAZPEDWRI-DX,train,0363_0770982232_01_WRI-L1_M014,0363_0770982289_01_WRI-L2_M014,D:\projects\MediMind\ai-prediction-service\artifacts\fracture_v2\experiment5_localization\dataset\images\train\0363_0770982232_01_WRI-L1_M014.png,D:\projects\MediMind\ai-prediction-service\artifacts\fracture_v2\experiment5_localization\dataset\images\train\0363_0770982289_01_WRI-L2_M014.png,True,True,0,0,0,1,14.4,M,L,wrist,NONE
0365_01_WRI-L,PAT_GRAZ_365,365,GRAZPEDWRI-DX,train,0365_1154666504_01_WRI-L1_M013,0365_1154666549_01_WRI-L2_M013,D:\projects\MediMind\ai-prediction-service\artifacts\fracture_v2\experiment5_localization\dataset\images\train\0365_1154666504_01_WRI-L1_M013.png,D:\projects\MediMind\ai-prediction-service\artifacts\fracture_v2\experiment5_localization\dataset\images\train\0365_1154666549_01_WRI-L2_M013.png,True,True,0,1,1,0,13.4,M,L,wrist,NONE
0365_02_WRI-R,PAT_GRAZ_365,365,GRAZPEDWRI-DX,train,0365_1256861054_02_WRI-R1_M016,0365_1256861091_02_WRI-R2_M016,D:\projects\MediMind\ai-prediction-service\artifacts\fracture_v2\experiment5_localization\dataset\images\train\0365_1256861054_02_WRI-R1_M016.png,D:\projects\MediMind\ai-prediction-service\artifacts\fracture_v2\experiment5_localization\dataset\images\train\0365_1256861091_02_WRI-R2_M016.png,True,True,0,1,1,0,16.6,M,R,wrist,NONE
0366_01_WRI-R,PAT_GRAZ_366,366,GRAZPEDWRI-DX,train,0366_0554015133_01_WRI-R1_F012,0366_0554015171_01_WRI-R2_F012,D:\projects\MediMind\ai-prediction-service\artifacts\fracture_v2\experiment5_localization\dataset\images\train\0366_0554015133_01_WRI-R1_F012.png,D:\projects\MediMind\ai-prediction-service\artifacts\fracture_v2\experiment5_localization\dataset\images\train\0366_0554015171_01_WRI-R2_F012.png,True,True,0,0,0,1,12.8,F,R,wrist,NONE
0367_01_WRI-L,PAT_GRAZ_367,367,GRAZPEDWRI-DX,train,0367_1063849992_01_WRI-L1_M006,0367_1063849957_01_WRI-L2_M006,D:\projects\MediMind\ai-prediction-service\artifacts\fracture_v2\experiment5_localization\dataset\images\train\0367_1063849992_01_WRI-L1_M006.png,D:\projects\MediMind\ai-prediction-service\artifacts\fracture_v2\experiment5_localization\dataset\images\train\0367_1063849957_01_WRI-L2_M006.png,True,True,1,1,1,1,6.6,M,L,wrist,NONE
0369_01_WRI-L,PAT_GRAZ_369,369,GRAZPEDWRI-DX,train,0369_0253783384_01_WRI-L1_F011,0369_0253783414_01_WRI-L2_F011,D:\projects\MediMind\ai-prediction-service\artifacts\fracture_v2\experiment5_localization\dataset\images\train\0369_0253783384_01_WRI-L1_F011.png,D:\projects\MediMind\ai-prediction-service\artifacts\fracture_v2\experiment5_localization\dataset\images\train\0369_0253783414_01_WRI-L2_F011.png,True,True,0,0,0,1,11.4,F,L,wrist,NONE
0370_01_WRI-R,PAT_GRAZ_370,370,GRAZPEDWRI-DX,train,0370_0378843659_01_WRI-R1_F013,0370_0378843717_01_WRI-R2_F013,D:\projects\MediMind\ai-prediction-service\artifacts\fracture_v2\experiment5_localization\dataset\images\train\0370_0378843659_01_WRI-R1_F013.png,D:\projects\MediMind\ai-prediction-service\artifacts\fracture_v2\experiment5_localization\dataset\images\train\0370_0378843717_01_WRI-R2_F013.png,True,True,0,0,0,1,13.3,F,R,wrist,NONE
0371_01_WRI-L,PAT_GRAZ_371,371,GRAZPEDWRI-DX,train,0371_0783780000_01_WRI-L1_F010,0371_0783780040_01_WRI-L2_F010,D:\projects\MediMind\ai-prediction-service\artifacts\fracture_v2\experiment5_localization\dataset\images\train\0371_0783780000_01_WRI-L1_F010.png,D:\projects\MediMind\ai-prediction-service\artifacts\fracture_v2\experiment5_localization\dataset\images\train\0371_0783780040_01_WRI-L2_F010.png,True,True,1,1,1,1,10.1,F,L,wrist,NONE
0371_02_WRI-L,PAT_GRAZ_371,371,GRAZPEDWRI-DX,train,0371_0882344902_02_WRI-L1_F013,0371_0882344866_02_WRI-L2_F013,D:\projects\MediMind\ai-prediction-service\artifacts\fracture_v2\experiment5_localization\dataset\images\train\0371_0882344902_02_WRI-L1_F013.png,D:\projects\MediMind\ai-prediction-service\artifacts\fracture_v2\experiment5_localization\dataset\images\train\0371_0882344866_02_WRI-L2_F013.png,True,True,0,0,0,1,13.2,F,L,wrist,NONE
0374_01_WRI-L,PAT_GRAZ_374,374,GRAZPEDWRI-DX,train,0374_1217751661_01_WRI-L1_F011,0374_1217751706_01_WRI-L2_F011,D:\projects\MediMind\ai-prediction-service\artifacts\fracture_v2\experiment5_localization\dataset\images\train\0374_1217751661_01_WRI-L1_F011.png,D:\projects\MediMind\ai-prediction-service\artifacts\fracture_v2\experiment5_localization\dataset\images\train\0374_1217751706_01_WRI-L2_F011.png,True,True,0,1,1,0,11.6,F,L,wrist,NONE
0376_01_WRI-L,PAT_GRAZ_376,376,GRAZPEDWRI-DX,train,0376_0893662292_01_WRI-L1_M012,0376_0893662336_01_WRI-L2_M012,D:\projects\MediMind\ai-prediction-service\artifacts\fracture_v2\experiment5_localization\dataset\images\train\0376_0893662292_01_WRI-L1_M012.png,D:\projects\MediMind\ai-prediction-service\artifacts\fracture_v2\experiment5_localization\dataset\images\train\0376_0893662336_01_WRI-L2_M012.png,True,True,1,1,1,1,12.1,M,L,wrist,NONE
0377_01_WRI-L,PAT_GRAZ_377,377,GRAZPEDWRI-DX,train,0377_0192425604_01_WRI-L1_F006,0377_0192425623_01_WRI-L2_F006,D:\projects\MediMind\ai-prediction-service\artifacts\fracture_v2\experiment5_localization\dataset\images\train\0377_0192425604_01_WRI-L1_F006.png,D:\projects\MediMind\ai-prediction-service\artifacts\fracture_v2\experiment5_localization\dataset\images\train\0377_0192425623_01_WRI-L2_F006.png,True,True,1,1,1,1,6.1,F,L,wrist,NONE
0378_01_WRI-L,PAT_GRAZ_378,378,GRAZPEDWRI-DX,train,0378_0752340761_01_WRI-L1_F013,0378_0752340848_01_WRI-L2_F013,D:\projects\MediMind\ai-prediction-service\artifacts\fracture_v2\experiment5_localization\dataset\images\train\0378_0752340761_01_WRI-L1_F013.png,D:\projects\MediMind\ai-prediction-service\artifacts\fracture_v2\experiment5_localization\dataset\images\train\0378_0752340848_01_WRI-L2_F013.png,True,True,1,1,1,1,13.1,F,L,wrist,NONE
0378_02_WRI-L,PAT_GRAZ_378,378,GRAZPEDWRI-DX,train,0378_0753639905_02_WRI-L1_F013,0378_0753639987_02_WRI-L2_F013,D:\projects\MediMind\ai-prediction-service\artifacts\fracture_v2\experiment5_localization\dataset\images\train\0378_0753639905_02_WRI-L1_F013.png,D:\projects\MediMind\ai-prediction-service\artifacts\fracture_v2\experiment5_localization\dataset\images\train\0378_0753639987_02_WRI-L2_F013.png,True,True,1,1,1,1,13.1,F,L,wrist,NONE
0378_03_WRI-L,PAT_GRAZ_378,378,GRAZPEDWRI-DX,train,0378_0754437037_03_WRI-L1_F013,0378_0754437117_03_WRI-L2_F013,D:\projects\MediMind\ai-prediction-service\artifacts\fracture_v2\experiment5_localization\dataset\images\train\0378_0754437037_03_WRI-L1_F013.png,D:\projects\MediMind\ai-prediction-service\artifacts\fracture_v2\experiment5_localization\dataset\images\train\0378_0754437117_03_WRI-L2_F013.png,True,True,1,1,1,1,13.1,F,L,wrist,NONE
0378_04_WRI-L,PAT_GRAZ_378,378,GRAZPEDWRI-DX,train,0378_0755185638_04_WRI-L1_F013,0378_0755185668_04_WRI-L2_F013,D:\projects\MediMind\ai-prediction-service\artifacts\fracture_v2\experiment5_localization\dataset\images\train\0378_0755185638_04_WRI-L1_F013.png,D:\projects\MediMind\ai-prediction-service\artifacts\fracture_v2\experiment5_localization\dataset\images\train\0378_0755185668_04_WRI-L2_F013.png,True,True,1,1,1,1,13.2,F,L,wrist,NONE
0378_05_WRI-L,PAT_GRAZ_378,378,GRAZPEDWRI-DX,train,0378_0759433188_05_WRI-L1_F013,0378_0759433213_05_WRI-L2_F013,D:\projects\MediMind\ai-prediction-service\artifacts\fracture_v2\experiment5_localization\dataset\images\train\0378_0759433188_05_WRI-L1_F013.png,D:\projects\MediMind\ai-prediction-service\artifacts\fracture_v2\experiment5_localization\dataset\images\train\0378_0759433213_05_WRI-L2_F013.png,True,True,1,1,1,1,13.3,F,L,wrist,NONE
0379_01_WRI-L,PAT_GRAZ_379,379,GRAZPEDWRI-DX,train,0379_1244589425_01_WRI-L1_F007,0379_1244589450_01_WRI-L2_F007,D:\projects\MediMind\ai-prediction-service\artifacts\fracture_v2\experiment5_localization\dataset\images\train\0379_1244589425_01_WRI-L1_F007.png,D:\projects\MediMind\ai-prediction-service\artifacts\fracture_v2\experiment5_localization\dataset\images\train\0379_1244589450_01_WRI-L2_F007.png,True,True,0,0,0,1,7.8,F,L,wrist,NONE
0380_01_WRI-L,PAT_GRAZ_380,380,GRAZPEDWRI-DX,train,0380_0297671376_01_WRI-L1_M010,0380_0297671408_01_WRI-L2_M010,D:\projects\MediMind\ai-prediction-service\artifacts\fracture_v2\experiment5_localization\dataset\images\train\0380_0297671376_01_WRI-L1_M010.png,D:\projects\MediMind\ai-prediction-service\artifacts\fracture_v2\experiment5_localization\dataset\images\train\0380_0297671408_01_WRI-L2_M010.png,True,True,0,0,0,1,10.2,M,L,wrist,NONE
0382_01_WRI-L,PAT_GRAZ_382,382,GRAZPEDWRI-DX,train,0382_0757431091_01_WRI-L1_F012,0382_0757431114_01_WRI-L2_F012,D:\projects\MediMind\ai-prediction-service\artifacts\fracture_v2\experiment5_localization\dataset\images\train\0382_0757431091_01_WRI-L1_F012.png,D:\projects\MediMind\ai-prediction-service\artifacts\fracture_v2\experiment5_localization\dataset\images\train\0382_0757431114_01_WRI-L2_F012.png,True,True,0,0,0,1,12.5,F,L,wrist,NONE
0384_01_WRI-L,PAT_GRAZ_384,384,GRAZPEDWRI-DX,train,0384_0780430473_01_WRI-L1_F004,0384_0780430508_01_WRI-L2_F004,D:\projects\MediMind\ai-prediction-service\artifacts\fracture_v2\experiment5_localization\dataset\images\train\0384_0780430473_01_WRI-L1_F004.png,D:\projects\MediMind\ai-prediction-service\artifacts\fracture_v2\experiment5_localization\dataset\images\train\0384_0780430508_01_WRI-L2_F004.png,True,True,1,1,1,1,4.8,F,L,wrist,NONE
0387_01_WRI-R,PAT_GRAZ_387,387,GRAZPEDWRI-DX,train,0387_0948727263_01_WRI-R1_M012,0387_0948727280_01_WRI-R2_M012,D:\projects\MediMind\ai-prediction-service\artifacts\fracture_v2\experiment5_localization\dataset\images\train\0387_0948727263_01_WRI-R1_M012.png,D:\projects\MediMind\ai-prediction-service\artifacts\fracture_v2\experiment5_localization\dataset\images\train\0387_0948727280_01_WRI-R2_M012.png,True,True,0,0,0,1,12.5,M,R,wrist,NONE
0388_01_WRI-L,PAT_GRAZ_388,388,GRAZPEDWRI-DX,train,0388_0852222110_01_WRI-L1_M002,0388_0852222173_01_WRI-L2_M002,D:\projects\MediMind\ai-prediction-service\artifacts\fracture_v2\experiment5_localization\dataset\images\train\0388_0852222110_01_WRI-L1_M002.png,D:\projects\MediMind\ai-prediction-service\artifacts\fracture_v2\experiment5_localization\dataset\images\train\0388_0852222173_01_WRI-L2_M002.png,True,True,0,0,0,1,2.5,M,L,wrist,NONE
0389_01_WRI-L,PAT_GRAZ_389,389,GRAZPEDWRI-DX,train,0389_1176702660_01_WRI-L1_M012,0389_1176702739_01_WRI-L2_M012,D:\projects\MediMind\ai-prediction-service\artifacts\fracture_v2\experiment5_localization\dataset\images\train\0389_1176702660_01_WRI-L1_M012.png,D:\projects\MediMind\ai-prediction-service\artifacts\fracture_v2\experiment5_localization\dataset\images\train\0389_1176702739_01_WRI-L2_M012.png,True,True,1,1,1,1,12.3,M,L,wrist,NONE
0391_01_WRI-L,PAT_GRAZ_391,391,GRAZPEDWRI-DX,train,0391_0714864135_01_WRI-L1_M015,0391_0714864185_01_WRI-L2_M015,D:\projects\MediMind\ai-prediction-service\artifacts\fracture_v2\experiment5_localization\dataset\images\train\0391_0714864135_01_WRI-L1_M015.png,D:\projects\MediMind\ai-prediction-service\artifacts\fracture_v2\experiment5_localization\dataset\images\train\0391_0714864185_01_WRI-L2_M015.png,True,True,1,1,1,1,15.2,M,L,wrist,NONE
0391_02_WRI-L,PAT_GRAZ_391,391,GRAZPEDWRI-DX,train,0391_0715457466_02_WRI-L1_M015,0391_0715457538_02_WRI-L2_M015,D:\projects\MediMind\ai-prediction-service\artifacts\fracture_v2\experiment5_localization\dataset\images\train\0391_0715457466_02_WRI-L1_M015.png,D:\projects\MediMind\ai-prediction-service\artifacts\fracture_v2\experiment5_localization\dataset\images\train\0391_0715457538_02_WRI-L2_M015.png,True,True,1,1,1,1,15.2,M,L,wrist,NONE
0392_02_WRI-L,PAT_GRAZ_392,392,GRAZPEDWRI-DX,train,0392_0799806077_02_WRI-L1_M008,0392_0799806124_02_WRI-L2_M008,D:\projects\MediMind\ai-prediction-service\artifacts\fracture_v2\experiment5_localization\dataset\images\train\0392_0799806077_02_WRI-L1_M008.png,D:\projects\MediMind\ai-prediction-service\artifacts\fracture_v2\experiment5_localization\dataset\images\train\0392_0799806124_02_WRI-L2_M008.png,True,True,1,1,1,1,8.0,M,L,wrist,NONE
0392_03_WRI-L,PAT_GRAZ_392,392,GRAZPEDWRI-DX,train,0392_0800408356_03_WRI-L1_M008,0392_0800408398_03_WRI-L2_M008,D:\projects\MediMind\ai-prediction-service\artifacts\fracture_v2\experiment5_localization\dataset\images\train\0392_0800408356_03_WRI-L1_M008.png,D:\projects\MediMind\ai-prediction-service\artifacts\fracture_v2\experiment5_localization\dataset\images\train\0392_0800408398_03_WRI-L2_M008.png,True,True,1,1,1,1,8.0,M,L,wrist,NONE
0392_04_WRI-L,PAT_GRAZ_392,392,GRAZPEDWRI-DX,train,0392_0801867858_04_WRI-L1_M008,0392_0801867889_04_WRI-L2_M008,D:\projects\MediMind\ai-prediction-service\artifacts\fracture_v2\experiment5_localization\dataset\images\train\0392_0801867858_04_WRI-L1_M008.png,D:\projects\MediMind\ai-prediction-service\artifacts\fracture_v2\experiment5_localization\dataset\images\train\0392_0801867889_04_WRI-L2_M008.png,True,True,1,1,1,1,8.1,M,L,wrist,NONE
0393_01_WRI-L,PAT_GRAZ_393,393,GRAZPEDWRI-DX,train,0393_0386035498_01_WRI-L1_F003,0393_0386035541_01_WRI-L2_F003,D:\projects\MediMind\ai-prediction-service\artifacts\fracture_v2\experiment5_localization\dataset\images\train\0393_0386035498_01_WRI-L1_F003.png,D:\projects\MediMind\ai-prediction-service\artifacts\fracture_v2\experiment5_localization\dataset\images\train\0393_0386035541_01_WRI-L2_F003.png,True,True,0,0,0,1,3.5,F,L,wrist,NONE
0394_01_WRI-L,PAT_GRAZ_394,394,GRAZPEDWRI-DX,train,0394_0754294748_01_WRI-L1_M015,0394_0754294821_01_WRI-L2_M015,D:\projects\MediMind\ai-prediction-service\artifacts\fracture_v2\experiment5_localization\dataset\images\train\0394_0754294748_01_WRI-L1_M015.png,D:\projects\MediMind\ai-prediction-service\artifacts\fracture_v2\experiment5_localization\dataset\images\train\0394_0754294821_01_WRI-L2_M015.png,True,True,1,1,1,1,15.1,M,L,wrist,NONE
0394_04_WRI-L,PAT_GRAZ_394,394,GRAZPEDWRI-DX,train,0394_0755158386_04_WRI-L1_M015,0394_0755158483_04_WRI-L2_M015,D:\projects\MediMind\ai-prediction-service\artifacts\fracture_v2\experiment5_localization\dataset\images\train\0394_0755158386_04_WRI-L1_M015.png,D:\projects\MediMind\ai-prediction-service\artifacts\fracture_v2\experiment5_localization\dataset\images\train\0394_0755158483_04_WRI-L2_M015.png,True,True,1,1,1,1,15.1,M,L,wrist,NONE
0395_01_WRI-R,PAT_GRAZ_395,395,GRAZPEDWRI-DX,train,0395_0929272725_01_WRI-R1_F014,0395_0929272749_01_WRI-R2_F014,D:\projects\MediMind\ai-prediction-service\artifacts\fracture_v2\experiment5_localization\dataset\images\train\0395_0929272725_01_WRI-R1_F014.png,D:\projects\MediMind\ai-prediction-service\artifacts\fracture_v2\experiment5_localization\dataset\images\train\0395_0929272749_01_WRI-R2_F014.png,True,True,1,1,1,1,14.4,F,R,wrist,NONE
0397_01_WRI-L,PAT_GRAZ_397,397,GRAZPEDWRI-DX,train,0397_0512488028_01_WRI-L1_F008,0397_0512488068_01_WRI-L2_F008,D:\projects\MediMind\ai-prediction-service\artifacts\fracture_v2\experiment5_localization\dataset\images\train\0397_0512488028_01_WRI-L1_F008.png,D:\projects\MediMind\ai-prediction-service\artifacts\fracture_v2\experiment5_localization\dataset\images\train\0397_0512488068_01_WRI-L2_F008.png,True,True,1,1,1,1,8.4,F,L,wrist,NONE
0397_04_WRI-L,PAT_GRAZ_397,397,GRAZPEDWRI-DX,train,0397_0514792096_04_WRI-L1_F008,0397_0514792184_04_WRI-L2_F008,D:\projects\MediMind\ai-prediction-service\artifacts\fracture_v2\experiment5_localization\dataset\images\train\0397_0514792096_04_WRI-L1_F008.png,D:\projects\MediMind\ai-prediction-service\artifacts\fracture_v2\experiment5_localization\dataset\images\train\0397_0514792184_04_WRI-L2_F008.png,True,True,1,1,1,1,8.5,F,L,wrist,NONE
0398_01_WRI-L,PAT_GRAZ_398,398,GRAZPEDWRI-DX,train,0398_0480710639_01_WRI-L1_M011,0398_0480710694_01_WRI-L2_M011,D:\projects\MediMind\ai-prediction-service\artifacts\fracture_v2\experiment5_localization\dataset\images\train\0398_0480710639_01_WRI-L1_M011.png,D:\projects\MediMind\ai-prediction-service\artifacts\fracture_v2\experiment5_localization\dataset\images\train\0398_0480710694_01_WRI-L2_M011.png,True,True,0,0,0,1,11.3,M,L,wrist,NONE
0400_01_WRI-R,PAT_GRAZ_400,400,GRAZPEDWRI-DX,train,0400_0424607172_01_WRI-R1_M011,0400_0424607265_01_WRI-R2_M011,D:\projects\MediMind\ai-prediction-service\artifacts\fracture_v2\experiment5_localization\dataset\images\train\0400_0424607172_01_WRI-R1_M011.png,D:\projects\MediMind\ai-prediction-service\artifacts\fracture_v2\experiment5_localization\dataset\images\train\0400_0424607265_01_WRI-R2_M011.png,True,True,1,1,1,1,11.3,M,R,wrist,NONE
0401_01_WRI-L,PAT_GRAZ_401,401,GRAZPEDWRI-DX,train,0401_1167768120_01_WRI-L1_M010,0401_1167768154_01_WRI-L2_M010,D:\projects\MediMind\ai-prediction-service\artifacts\fracture_v2\experiment5_localization\dataset\images\train\0401_1167768120_01_WRI-L1_M010.png,D:\projects\MediMind\ai-prediction-service\artifacts\fracture_v2\experiment5_localization\dataset\images\train\0401_1167768154_01_WRI-L2_M010.png,True,True,0,0,0,1,10.3,M,L,wrist,NONE
0403_01_WRI-L,PAT_GRAZ_403,403,GRAZPEDWRI-DX,train,0403_0370048326_01_WRI-L1_F010,0403_0370048372_01_WRI-L2_F010,D:\projects\MediMind\ai-prediction-service\artifacts\fracture_v2\experiment5_localization\dataset\images\train\0403_0370048326_01_WRI-L1_F010.png,D:\projects\MediMind\ai-prediction-service\artifacts\fracture_v2\experiment5_localization\dataset\images\train\0403_0370048372_01_WRI-L2_F010.png,True,True,0,1,1,0,10.7,F,L,wrist,NONE
0403_02_WRI-R,PAT_GRAZ_403,403,GRAZPEDWRI-DX,train,0403_0402818569_02_WRI-R1_F011,0403_0402818592_02_WRI-R2_F011,D:\projects\MediMind\ai-prediction-service\artifacts\fracture_v2\experiment5_localization\dataset\images\train\0403_0402818569_02_WRI-R1_F011.png,D:\projects\MediMind\ai-prediction-service\artifacts\fracture_v2\experiment5_localization\dataset\images\train\0403_0402818592_02_WRI-R2_F011.png,True,True,1,1,1,1,11.8,F,R,wrist,NONE
0405_01_WRI-R,PAT_GRAZ_405,405,GRAZPEDWRI-DX,train,0405_0622177737_01_WRI-R1_M008,0405_0622177780_01_WRI-R2_M008,D:\projects\MediMind\ai-prediction-service\artifacts\fracture_v2\experiment5_localization\dataset\images\train\0405_0622177737_01_WRI-R1_M008.png,D:\projects\MediMind\ai-prediction-service\artifacts\fracture_v2\experiment5_localization\dataset\images\train\0405_0622177780_01_WRI-R2_M008.png,True,True,0,1,1,0,8.4,M,R,wrist,NONE
0405_02_WRI-R,PAT_GRAZ_405,405,GRAZPEDWRI-DX,train,0405_0717265680_02_WRI-R1_M011,0405_0717265711_02_WRI-R2_M011,D:\projects\MediMind\ai-prediction-service\artifacts\fracture_v2\experiment5_localization\dataset\images\train\0405_0717265680_02_WRI-R1_M011.png,D:\projects\MediMind\ai-prediction-service\artifacts\fracture_v2\experiment5_localization\dataset\images\train\0405_0717265711_02_WRI-R2_M011.png,True,True,0,1,1,0,11.4,M,R,wrist,NONE
0406_01_WRI-L,PAT_GRAZ_406,406,GRAZPEDWRI-DX,train,0406_0590560742_01_WRI-L1_M007,0406_0590560839_01_WRI-L2_M007,D:\projects\MediMind\ai-prediction-service\artifacts\fracture_v2\experiment5_localization\dataset\images\train\0406_0590560742_01_WRI-L1_M007.png,D:\projects\MediMind\ai-prediction-service\artifacts\fracture_v2\experiment5_localization\dataset\images\train\0406_0590560839_01_WRI-L2_M007.png,True,True,1,1,1,1,7.1,M,L,wrist,NONE
0406_02_WRI-L,PAT_GRAZ_406,406,GRAZPEDWRI-DX,train,0406_0591144514_02_WRI-L1_M007,0406_0591144569_02_WRI-L2_M007,D:\projects\MediMind\ai-prediction-service\artifacts\fracture_v2\experiment5_localization\dataset\images\train\0406_0591144514_02_WRI-L1_M007.png,D:\projects\MediMind\ai-prediction-service\artifacts\fracture_v2\experiment5_localization\dataset\images\train\0406_0591144569_02_WRI-L2_M007.png,True,True,1,1,1,1,7.1,M,L,wrist,NONE
0406_03_WRI-L,PAT_GRAZ_406,406,GRAZPEDWRI-DX,train,0406_0592952108_03_WRI-L1_M007,0406_0592952157_03_WRI-L2_M007,D:\projects\MediMind\ai-prediction-service\artifacts\fracture_v2\experiment5_localization\dataset\images\train\0406_0592952108_03_WRI-L1_M007.png,D:\projects\MediMind\ai-prediction-service\artifacts\fracture_v2\experiment5_localization\dataset\images\train\0406_0592952157_03_WRI-L2_M007.png,True,True,1,1,1,1,7.1,M,L,wrist,NONE
0407_03_WRI-L,PAT_GRAZ_407,407,GRAZPEDWRI-DX,train,0407_1246672674_03_WRI-L1_F008,0407_1246672733_03_WRI-L2_F008,D:\projects\MediMind\ai-prediction-service\artifacts\fracture_v2\experiment5_localization\dataset\images\train\0407_1246672674_03_WRI-L1_F008.png,D:\projects\MediMind\ai-prediction-service\artifacts\fracture_v2\experiment5_localization\dataset\images\train\0407_1246672733_03_WRI-L2_F008.png,True,True,0,0,0,1,8.5,F,L,wrist,NONE
0407_04_WRI-R,PAT_GRAZ_407,407,GRAZPEDWRI-DX,train,0407_1247336933_04_WRI-R1_F008,0407_1247336999_04_WRI-R2_F008,D:\projects\MediMind\ai-prediction-service\artifacts\fracture_v2\experiment5_localization\dataset\images\train\0407_1247336933_04_WRI-R1_F008.png,D:\projects\MediMind\ai-prediction-service\artifacts\fracture_v2\experiment5_localization\dataset\images\train\0407_1247336999_04_WRI-R2_F008.png,True,True,1,1,1,1,8.5,F,R,wrist,NONE
0407_05_WRI-R,PAT_GRAZ_407,407,GRAZPEDWRI-DX,train,0407_1248541370_05_WRI-R1_F008,0407_1248541446_05_WRI-R2_F008,D:\projects\MediMind\ai-prediction-service\artifacts\fracture_v2\experiment5_localization\dataset\images\train\0407_1248541370_05_WRI-R1_F008.png,D:\projects\MediMind\ai-prediction-service\artifacts\fracture_v2\experiment5_localization\dataset\images\train\0407_1248541446_05_WRI-R2_F008.png,True,True,1,1,1,1,8.6,F,R,wrist,NONE
0408_01_WRI-L,PAT_GRAZ_408,408,GRAZPEDWRI-DX,train,0408_1211287644_01_WRI-L1_F001,0408_1211287712_01_WRI-L2_F001,D:\projects\MediMind\ai-prediction-service\artifacts\fracture_v2\experiment5_localization\dataset\images\train\0408_1211287644_01_WRI-L1_F001.png,D:\projects\MediMind\ai-prediction-service\artifacts\fracture_v2\experiment5_localization\dataset\images\train\0408_1211287712_01_WRI-L2_F001.png,True,True,0,0,0,1,1.7,F,L,wrist,NONE
0409_01_WRI-L,PAT_GRAZ_409,409,GRAZPEDWRI-DX,train,0409_1091333507_01_WRI-L1_F013,0409_1091333524_01_WRI-L2_F013,D:\projects\MediMind\ai-prediction-service\artifacts\fracture_v2\experiment5_localization\dataset\images\train\0409_1091333507_01_WRI-L1_F013.png,D:\projects\MediMind\ai-prediction-service\artifacts\fracture_v2\experiment5_localization\dataset\images\train\0409_1091333524_01_WRI-L2_F013.png,True,True,0,0,0,1,13.9,F,L,wrist,NONE
0411_01_WRI-L,PAT_GRAZ_411,411,GRAZPEDWRI-DX,train,0411_0523911900_01_WRI-L1_M013,0411_0523911917_01_WRI-L2_M013,D:\projects\MediMind\ai-prediction-service\artifacts\fracture_v2\experiment5_localization\dataset\images\train\0411_0523911900_01_WRI-L1_M013.png,D:\projects\MediMind\ai-prediction-service\artifacts\fracture_v2\experiment5_localization\dataset\images\train\0411_0523911917_01_WRI-L2_M013.png,True,True,1,1,1,1,13.1,M,L,wrist,NONE
0414_01_WRI-L,PAT_GRAZ_414,414,GRAZPEDWRI-DX,train,0414_0799046442_01_WRI-L1_F014,0414_0799046492_01_WRI-L2_F014,D:\projects\MediMind\ai-prediction-service\artifacts\fracture_v2\experiment5_localization\dataset\images\train\0414_0799046442_01_WRI-L1_F014.png,D:\projects\MediMind\ai-prediction-service\artifacts\fracture_v2\experiment5_localization\dataset\images\train\0414_0799046492_01_WRI-L2_F014.png,True,True,0,1,1,0,14.3,F,L,wrist,NONE
0415_01_WRI-L,PAT_GRAZ_415,415,GRAZPEDWRI-DX,train,0415_1025858282_01_WRI-L1_F012,0415_1025858305_01_WRI-L2_F012,D:\projects\MediMind\ai-prediction-service\artifacts\fracture_v2\experiment5_localization\dataset\images\train\0415_1025858282_01_WRI-L1_F012.png,D:\projects\MediMind\ai-prediction-service\artifacts\fracture_v2\experiment5_localization\dataset\images\train\0415_1025858305_01_WRI-L2_F012.png,True,True,0,0,0,1,12.6,F,L,wrist,NONE
0417_01_WRI-R,PAT_GRAZ_417,417,GRAZPEDWRI-DX,train,0417_0697542554_01_WRI-R1_F008,0417_0697542589_01_WRI-R2_F008,D:\projects\MediMind\ai-prediction-service\artifacts\fracture_v2\experiment5_localization\dataset\images\train\0417_0697542554_01_WRI-R1_F008.png,D:\projects\MediMind\ai-prediction-service\artifacts\fracture_v2\experiment5_localization\dataset\images\train\0417_0697542589_01_WRI-R2_F008.png,True,True,0,0,0,1,8.4,F,R,wrist,NONE
0417_02_WRI-R,PAT_GRAZ_417,417,GRAZPEDWRI-DX,train,0417_0727170640_02_WRI-R1_F009,0417_0727170681_02_WRI-R2_F009,D:\projects\MediMind\ai-prediction-service\artifacts\fracture_v2\experiment5_localization\dataset\images\train\0417_0727170640_02_WRI-R1_F009.png,D:\projects\MediMind\ai-prediction-service\artifacts\fracture_v2\experiment5_localization\dataset\images\train\0417_0727170681_02_WRI-R2_F009.png,True,True,1,1,1,1,9.3,F,R,wrist,NONE
0417_03_WRI-R,PAT_GRAZ_417,417,GRAZPEDWRI-DX,train,0417_0727766414_03_WRI-R1_F009,0417_0727766468_03_WRI-R2_F009,D:\projects\MediMind\ai-prediction-service\artifacts\fracture_v2\experiment5_localization\dataset\images\train\0417_0727766414_03_WRI-R1_F009.png,D:\projects\MediMind\ai-prediction-service\artifacts\fracture_v2\experiment5_localization\dataset\images\train\0417_0727766468_03_WRI-R2_F009.png,True,True,1,1,1,1,9.4,F,R,wrist,NONE
0417_04_WRI-R,PAT_GRAZ_417,417,GRAZPEDWRI-DX,train,0417_0731493275_04_WRI-R1_F009,0417_0731493327_04_WRI-R2_F009,D:\projects\MediMind\ai-prediction-service\artifacts\fracture_v2\experiment5_localization\dataset\images\train\0417_0731493275_04_WRI-R1_F009.png,D:\projects\MediMind\ai-prediction-service\artifacts\fracture_v2\experiment5_localization\dataset\images\train\0417_0731493327_04_WRI-R2_F009.png,True,True,1,1,1,1,9.5,F,R,wrist,NONE
0418_03_WRI-L,PAT_GRAZ_418,418,GRAZPEDWRI-DX,train,0418_0984897438_03_WRI-L1_M008,0418_0984897525_03_WRI-L2_M008,D:\projects\MediMind\ai-prediction-service\artifacts\fracture_v2\experiment5_localization\dataset\images\train\0418_0984897438_03_WRI-L1_M008.png,D:\projects\MediMind\ai-prediction-service\artifacts\fracture_v2\experiment5_localization\dataset\images\train\0418_0984897525_03_WRI-L2_M008.png,True,True,1,1,1,1,8.1,M,L,wrist,NONE
0418_04_WRI-L,PAT_GRAZ_418,418,GRAZPEDWRI-DX,train,0418_0986372179_04_WRI-L1_M008,0418_0986372204_04_WRI-L2_M008,D:\projects\MediMind\ai-prediction-service\artifacts\fracture_v2\experiment5_localization\dataset\images\train\0418_0986372179_04_WRI-L1_M008.png,D:\projects\MediMind\ai-prediction-service\artifacts\fracture_v2\experiment5_localization\dataset\images\train\0418_0986372204_04_WRI-L2_M008.png,True,True,1,1,1,1,8.1,M,L,wrist,NONE
0419_01_WRI-L,PAT_GRAZ_419,419,GRAZPEDWRI-DX,train,0419_0774085134_01_WRI-L1_F015,0419_0774085169_01_WRI-L2_F015,D:\projects\MediMind\ai-prediction-service\artifacts\fracture_v2\experiment5_localization\dataset\images\train\0419_0774085134_01_WRI-L1_F015.png,D:\projects\MediMind\ai-prediction-service\artifacts\fracture_v2\experiment5_localization\dataset\images\train\0419_0774085169_01_WRI-L2_F015.png,True,True,0,0,0,1,15.8,F,L,wrist,NONE
0420_01_WRI-R,PAT_GRAZ_420,420,GRAZPEDWRI-DX,train,0420_1262534729_01_WRI-R1_F010,0420_1262534763_01_WRI-R2_F010,D:\projects\MediMind\ai-prediction-service\artifacts\fracture_v2\experiment5_localization\dataset\images\train\0420_1262534729_01_WRI-R1_F010.png,D:\projects\MediMind\ai-prediction-service\artifacts\fracture_v2\experiment5_localization\dataset\images\train\0420_1262534763_01_WRI-R2_F010.png,True,True,1,1,1,1,10.7,F,R,wrist,NONE
0422_01_WRI-L,PAT_GRAZ_422,422,GRAZPEDWRI-DX,train,0422_1293786412_01_WRI-L1_M010,0422_1293786440_01_WRI-L2_M010,D:\projects\MediMind\ai-prediction-service\artifacts\fracture_v2\experiment5_localization\dataset\images\train\0422_1293786412_01_WRI-L1_M010.png,D:\projects\MediMind\ai-prediction-service\artifacts\fracture_v2\experiment5_localization\dataset\images\train\0422_1293786440_01_WRI-L2_M010.png,True,True,1,1,1,1,10.7,M,L,wrist,NONE
0422_02_WRI-R,PAT_GRAZ_422,422,GRAZPEDWRI-DX,train,0422_1293788656_02_WRI-R1_M010,0422_1293788695_02_WRI-R2_M010,D:\projects\MediMind\ai-prediction-service\artifacts\fracture_v2\experiment5_localization\dataset\images\train\0422_1293788656_02_WRI-R1_M010.png,D:\projects\MediMind\ai-prediction-service\artifacts\fracture_v2\experiment5_localization\dataset\images\train\0422_1293788695_02_WRI-R2_M010.png,True,True,1,1,1,1,10.7,M,R,wrist,NONE
0422_03_WRI-L,PAT_GRAZ_422,422,GRAZPEDWRI-DX,train,0422_1294991018_03_WRI-L1_M010,0422_1294991061_03_WRI-L2_M010,D:\projects\MediMind\ai-prediction-service\artifacts\fracture_v2\experiment5_localization\dataset\images\train\0422_1294991018_03_WRI-L1_M010.png,D:\projects\MediMind\ai-prediction-service\artifacts\fracture_v2\experiment5_localization\dataset\images\train\0422_1294991061_03_WRI-L2_M010.png,True,True,1,1,1,1,10.8,M,L,wrist,NONE
0422_04_WRI-L,PAT_GRAZ_422,422,GRAZPEDWRI-DX,train,0422_1296201520_04_WRI-L1_M010,0422_1296201568_04_WRI-L2_M010,D:\projects\MediMind\ai-prediction-service\artifacts\fracture_v2\experiment5_localization\dataset\images\train\0422_1296201520_04_WRI-L1_M010.png,D:\projects\MediMind\ai-prediction-service\artifacts\fracture_v2\experiment5_localization\dataset\images\train\0422_1296201568_04_WRI-L2_M010.png,True,True,1,1,1,1,10.8,M,L,wrist,NONE
0426_01_WRI-L,PAT_GRAZ_426,426,GRAZPEDWRI-DX,train,0426_0435529843_01_WRI-L1_F003,0426_0435529883_01_WRI-L2_F003,D:\projects\MediMind\ai-prediction-service\artifacts\fracture_v2\experiment5_localization\dataset\images\train\0426_0435529843_01_WRI-L1_F003.png,D:\projects\MediMind\ai-prediction-service\artifacts\fracture_v2\experiment5_localization\dataset\images\train\0426_0435529883_01_WRI-L2_F003.png,True,True,0,0,0,1,3.8,F,L,wrist,NONE
0428_01_WRI-R,PAT_GRAZ_428,428,GRAZPEDWRI-DX,train,0428_0485523347_01_WRI-R1_F016,0428_0485523375_01_WRI-R2_F016,D:\projects\MediMind\ai-prediction-service\artifacts\fracture_v2\experiment5_localization\dataset\images\train\0428_0485523347_01_WRI-R1_F016.png,D:\projects\MediMind\ai-prediction-service\artifacts\fracture_v2\experiment5_localization\dataset\images\train\0428_0485523375_01_WRI-R2_F016.png,True,True,1,1,1,1,16.4,F,R,wrist,NONE
0429_03_WRI-L,PAT_GRAZ_429,429,GRAZPEDWRI-DX,train,0429_0211110427_03_WRI-L1_M014,0429_0211110470_03_WRI-L2_M014,D:\projects\MediMind\ai-prediction-service\artifacts\fracture_v2\experiment5_localization\dataset\images\train\0429_0211110427_03_WRI-L1_M014.png,D:\projects\MediMind\ai-prediction-service\artifacts\fracture_v2\experiment5_localization\dataset\images\train\0429_0211110470_03_WRI-L2_M014.png,True,True,1,1,1,1,14.3,M,L,wrist,NONE
0429_04_WRI-L,PAT_GRAZ_429,429,GRAZPEDWRI-DX,train,0429_0211352059_04_WRI-L1_M014,0429_0211352120_04_WRI-L2_M014,D:\projects\MediMind\ai-prediction-service\artifacts\fracture_v2\experiment5_localization\dataset\images\train\0429_0211352059_04_WRI-L1_M014.png,D:\projects\MediMind\ai-prediction-service\artifacts\fracture_v2\experiment5_localization\dataset\images\train\0429_0211352120_04_WRI-L2_M014.png,True,True,1,1,1,1,14.3,M,L,wrist,NONE
0429_05_WRI-L,PAT_GRAZ_429,429,GRAZPEDWRI-DX,train,0429_0212385963_05_WRI-L1_M014,0429_0212385998_05_WRI-L2_M014,D:\projects\MediMind\ai-prediction-service\artifacts\fracture_v2\experiment5_localization\dataset\images\train\0429_0212385963_05_WRI-L1_M014.png,D:\projects\MediMind\ai-prediction-service\artifacts\fracture_v2\experiment5_localization\dataset\images\train\0429_0212385998_05_WRI-L2_M014.png,True,True,1,1,1,1,14.3,M,L,wrist,NONE
0429_06_WRI-L,PAT_GRAZ_429,429,GRAZPEDWRI-DX,train,0429_0214803440_06_WRI-L1_M014,0429_0214803785_06_WRI-L2_M014,D:\projects\MediMind\ai-prediction-service\artifacts\fracture_v2\experiment5_localization\dataset\images\train\0429_0214803440_06_WRI-L1_M014.png,D:\projects\MediMind\ai-prediction-service\artifacts\fracture_v2\experiment5_localization\dataset\images\train\0429_0214803785_06_WRI-L2_M014.png,True,True,1,1,1,1,14.4,M,L,wrist,NONE
0430_01_WRI-L,PAT_GRAZ_430,430,GRAZPEDWRI-DX,train,0430_0829478327_01_WRI-L1_F010,0430_0829478361_01_WRI-L2_F010,D:\projects\MediMind\ai-prediction-service\artifacts\fracture_v2\experiment5_localization\dataset\images\train\0430_0829478327_01_WRI-L1_F010.png,D:\projects\MediMind\ai-prediction-service\artifacts\fracture_v2\experiment5_localization\dataset\images\train\0430_0829478361_01_WRI-L2_F010.png,True,True,0,0,0,1,10.5,F,L,wrist,NONE
0431_01_WRI-L,PAT_GRAZ_431,431,GRAZPEDWRI-DX,train,0431_0450736043_01_WRI-L1_M009,0431_0450736074_01_WRI-L2_M009,D:\projects\MediMind\ai-prediction-service\artifacts\fracture_v2\experiment5_localization\dataset\images\train\0431_0450736043_01_WRI-L1_M009.png,D:\projects\MediMind\ai-prediction-service\artifacts\fracture_v2\experiment5_localization\dataset\images\train\0431_0450736074_01_WRI-L2_M009.png,True,True,0,0,0,1,9.2,M,L,wrist,NONE
0431_02_WRI-L,PAT_GRAZ_431,431,GRAZPEDWRI-DX,train,0431_0612615458_02_WRI-L1_M014,0431_0612615480_02_WRI-L2_M014,D:\projects\MediMind\ai-prediction-service\artifacts\fracture_v2\experiment5_localization\dataset\images\train\0431_0612615458_02_WRI-L1_M014.png,D:\projects\MediMind\ai-prediction-service\artifacts\fracture_v2\experiment5_localization\dataset\images\train\0431_0612615480_02_WRI-L2_M014.png,True,True,0,0,0,1,14.3,M,L,wrist,NONE
0432_01_WRI-R,PAT_GRAZ_432,432,GRAZPEDWRI-DX,train,0432_0678716764_01_WRI-R1_F013,0432_0678716794_01_WRI-R2_F013,D:\projects\MediMind\ai-prediction-service\artifacts\fracture_v2\experiment5_localization\dataset\images\train\0432_0678716764_01_WRI-R1_F013.png,D:\projects\MediMind\ai-prediction-service\artifacts\fracture_v2\experiment5_localization\dataset\images\train\0432_0678716794_01_WRI-R2_F013.png,True,True,0,0,0,1,13.2,F,R,wrist,NONE
0433_01_WRI-R,PAT_GRAZ_433,433,GRAZPEDWRI-DX,train,0433_0568134459_01_WRI-R1_M013,0433_0568134520_01_WRI-R2_M013,D:\projects\MediMind\ai-prediction-service\artifacts\fracture_v2\experiment5_localization\dataset\images\train\0433_0568134459_01_WRI-R1_M013.png,D:\projects\MediMind\ai-prediction-service\artifacts\fracture_v2\experiment5_localization\dataset\images\train\0433_0568134520_01_WRI-R2_M013.png,True,True,0,0,0,1,13.8,M,R,wrist,NONE
0434_01_WRI-L,PAT_GRAZ_434,434,GRAZPEDWRI-DX,train,0434_0917474396_01_WRI-L1_M012,0434_0917474432_01_WRI-L2_M012,D:\projects\MediMind\ai-prediction-service\artifacts\fracture_v2\experiment5_localization\dataset\images\train\0434_0917474396_01_WRI-L1_M012.png,D:\projects\MediMind\ai-prediction-service\artifacts\fracture_v2\experiment5_localization\dataset\images\train\0434_0917474432_01_WRI-L2_M012.png,True,True,1,1,1,1,12.2,M,L,wrist,NONE
0435_01_WRI-L,PAT_GRAZ_435,435,GRAZPEDWRI-DX,train,0435_0561037269_01_WRI-L1_F005,0435_0561037333_01_WRI-L2_F005,D:\projects\MediMind\ai-prediction-service\artifacts\fracture_v2\experiment5_localization\dataset\images\train\0435_0561037269_01_WRI-L1_F005.png,D:\projects\MediMind\ai-prediction-service\artifacts\fracture_v2\experiment5_localization\dataset\images\train\0435_0561037333_01_WRI-L2_F005.png,True,True,0,0,0,1,5.4,F,L,wrist,NONE
0437_01_WRI-L,PAT_GRAZ_437,437,GRAZPEDWRI-DX,train,0437_1252397825_01_WRI-L1_M014,0437_1252397871_01_WRI-L2_M014,D:\projects\MediMind\ai-prediction-service\artifacts\fracture_v2\experiment5_localization\dataset\images\train\0437_1252397825_01_WRI-L1_M014.png,D:\projects\MediMind\ai-prediction-service\artifacts\fracture_v2\experiment5_localization\dataset\images\train\0437_1252397871_01_WRI-L2_M014.png,True,True,1,1,1,1,14.7,M,L,wrist,NONE
0438_01_WRI-L,PAT_GRAZ_438,438,GRAZPEDWRI-DX,train,0438_1141589039_01_WRI-L1_F009,0438_1141589064_01_WRI-L2_F009,D:\projects\MediMind\ai-prediction-service\artifacts\fracture_v2\experiment5_localization\dataset\images\train\0438_1141589039_01_WRI-L1_F009.png,D:\projects\MediMind\ai-prediction-service\artifacts\fracture_v2\experiment5_localization\dataset\images\train\0438_1141589064_01_WRI-L2_F009.png,True,True,0,0,0,1,9.7,F,L,wrist,NONE
0439_01_WRI-R,PAT_GRAZ_439,439,GRAZPEDWRI-DX,train,0439_0688438908_01_WRI-R1_F008,0439_0688438945_01_WRI-R2_F008,D:\projects\MediMind\ai-prediction-service\artifacts\fracture_v2\experiment5_localization\dataset\images\train\0439_0688438908_01_WRI-R1_F008.png,D:\projects\MediMind\ai-prediction-service\artifacts\fracture_v2\experiment5_localization\dataset\images\train\0439_0688438945_01_WRI-R2_F008.png,True,True,0,0,0,1,8.8,F,R,wrist,NONE
0440_01_WRI-R,PAT_GRAZ_440,440,GRAZPEDWRI-DX,train,0440_0674020038_01_WRI-R1_F017,0440_0674020099_01_WRI-R2_F017,D:\projects\MediMind\ai-prediction-service\artifacts\fracture_v2\experiment5_localization\dataset\images\train\0440_0674020038_01_WRI-R1_F017.png,D:\projects\MediMind\ai-prediction-service\artifacts\fracture_v2\experiment5_localization\dataset\images\train\0440_0674020099_01_WRI-R2_F017.png,True,True,0,0,0,1,17.6,F,R,wrist,NONE
0441_01_WRI-L,PAT_GRAZ_441,441,GRAZPEDWRI-DX,train,0441_0173552385_01_WRI-L1_M004,0441_0173552420_01_WRI-L2_M004,D:\projects\MediMind\ai-prediction-service\artifacts\fracture_v2\experiment5_localization\dataset\images\train\0441_0173552385_01_WRI-L1_M004.png,D:\projects\MediMind\ai-prediction-service\artifacts\fracture_v2\experiment5_localization\dataset\images\train\0441_0173552420_01_WRI-L2_M004.png,True,True,0,0,0,1,4.3,M,L,wrist,NONE
0442_01_WRI-L,PAT_GRAZ_442,442,GRAZPEDWRI-DX,train,0442_1041950364_01_WRI-L1_F010,0442_1041950393_01_WRI-L2_F010,D:\projects\MediMind\ai-prediction-service\artifacts\fracture_v2\experiment5_localization\dataset\images\train\0442_1041950364_01_WRI-L1_F010.png,D:\projects\MediMind\ai-prediction-service\artifacts\fracture_v2\experiment5_localization\dataset\images\train\0442_1041950393_01_WRI-L2_F010.png,True,True,0,0,0,1,10.2,F,L,wrist,NONE
0443_01_WRI-R,PAT_GRAZ_443,443,GRAZPEDWRI-DX,train,0443_1040194243_01_WRI-R1_F011,0443_1040194285_01_WRI-R2_F011,D:\projects\MediMind\ai-prediction-service\artifacts\fracture_v2\experiment5_localization\dataset\images\train\0443_1040194243_01_WRI-R1_F011.png,D:\projects\MediMind\ai-prediction-service\artifacts\fracture_v2\experiment5_localization\dataset\images\train\0443_1040194285_01_WRI-R2_F011.png,True,True,1,1,1,1,11.2,F,R,wrist,NONE
0444_01_WRI-L,PAT_GRAZ_444,444,GRAZPEDWRI-DX,train,0444_0876785282_01_WRI-L1_M011,0444_0876785326_01_WRI-L2_M011,D:\projects\MediMind\ai-prediction-service\artifacts\fracture_v2\experiment5_localization\dataset\images\train\0444_0876785282_01_WRI-L1_M011.png,D:\projects\MediMind\ai-prediction-service\artifacts\fracture_v2\experiment5_localization\dataset\images\train\0444_0876785326_01_WRI-L2_M011.png,True,True,1,1,1,1,11.1,M,L,wrist,NONE
0444_02_WRI-L,PAT_GRAZ_444,444,GRAZPEDWRI-DX,train,0444_0877380714_02_WRI-L1_M011,0444_0877380777_02_WRI-L2_M011,D:\projects\MediMind\ai-prediction-service\artifacts\fracture_v2\experiment5_localization\dataset\images\train\0444_0877380714_02_WRI-L1_M011.png,D:\projects\MediMind\ai-prediction-service\artifacts\fracture_v2\experiment5_localization\dataset\images\train\0444_0877380777_02_WRI-L2_M011.png,True,True,1,1,1,1,11.1,M,L,wrist,NONE
0444_03_WRI-L,PAT_GRAZ_444,444,GRAZPEDWRI-DX,train,0444_0878584122_03_WRI-L1_M011,0444_0878584262_03_WRI-L2_M011,D:\projects\MediMind\ai-prediction-service\artifacts\fracture_v2\experiment5_localization\dataset\images\train\0444_0878584122_03_WRI-L1_M011.png,D:\projects\MediMind\ai-prediction-service\artifacts\fracture_v2\experiment5_localization\dataset\images\train\0444_0878584262_03_WRI-L2_M011.png,True,True,1,1,1,1,11.1,M,L,wrist,NONE
0445_01_WRI-R,PAT_GRAZ_445,445,GRAZPEDWRI-DX,train,0445_0607438821_01_WRI-R1_M014,0445_0607438853_01_WRI-R2_M014,D:\projects\MediMind\ai-prediction-service\artifacts\fracture_v2\experiment5_localization\dataset\images\train\0445_0607438821_01_WRI-R1_M014.png,D:\projects\MediMind\ai-prediction-service\artifacts\fracture_v2\experiment5_localization\dataset\images\train\0445_0607438853_01_WRI-R2_M014.png,True,True,0,0,0,1,14.1,M,R,wrist,NONE
0446_01_WRI-R,PAT_GRAZ_446,446,GRAZPEDWRI-DX,train,0446_0428578304_01_WRI-R1_M013,0446_0428578331_01_WRI-R2_M013,D:\projects\MediMind\ai-prediction-service\artifacts\fracture_v2\experiment5_localization\dataset\images\train\0446_0428578304_01_WRI-R1_M013.png,D:\projects\MediMind\ai-prediction-service\artifacts\fracture_v2\experiment5_localization\dataset\images\train\0446_0428578331_01_WRI-R2_M013.png,True,True,1,1,1,1,13.4,M,R,wrist,NONE
0446_02_WRI-R,PAT_GRAZ_446,446,GRAZPEDWRI-DX,train,0446_0428582380_02_WRI-R1_M013,0446_0428582417_02_WRI-R2_M013,D:\projects\MediMind\ai-prediction-service\artifacts\fracture_v2\experiment5_localization\dataset\images\train\0446_0428582380_02_WRI-R1_M013.png,D:\projects\MediMind\ai-prediction-service\artifacts\fracture_v2\experiment5_localization\dataset\images\train\0446_0428582417_02_WRI-R2_M013.png,True,True,1,1,1,1,13.4,M,R,wrist,NONE
0446_03_WRI-R,PAT_GRAZ_446,446,GRAZPEDWRI-DX,train,0446_0429235852_03_WRI-R1_M013,0446_0429235896_03_WRI-R2_M013,D:\projects\MediMind\ai-prediction-service\artifacts\fracture_v2\experiment5_localization\dataset\images\train\0446_0429235852_03_WRI-R1_M013.png,D:\projects\MediMind\ai-prediction-service\artifacts\fracture_v2\experiment5_localization\dataset\images\train\0446_0429235896_03_WRI-R2_M013.png,True,True,1,1,1,1,13.4,M,R,wrist,NONE
0446_04_WRI-R,PAT_GRAZ_446,446,GRAZPEDWRI-DX,train,0446_0429838326_04_WRI-R1_M013,0446_0429838377_04_WRI-R2_M013,D:\projects\MediMind\ai-prediction-service\artifacts\fracture_v2\experiment5_localization\dataset\images\train\0446_0429838326_04_WRI-R1_M013.png,D:\projects\MediMind\ai-prediction-service\artifacts\fracture_v2\experiment5_localization\dataset\images\train\0446_0429838377_04_WRI-R2_M013.png,True,True,1,1,1,1,13.5,M,R,wrist,NONE
0447_01_WRI-R,PAT_GRAZ_447,447,GRAZPEDWRI-DX,train,0447_0399270312_01_WRI-R1_F011,0447_0399270338_01_WRI-R2_F011,D:\projects\MediMind\ai-prediction-service\artifacts\fracture_v2\experiment5_localization\dataset\images\train\0447_0399270312_01_WRI-R1_F011.png,D:\projects\MediMind\ai-prediction-service\artifacts\fracture_v2\experiment5_localization\dataset\images\train\0447_0399270338_01_WRI-R2_F011.png,True,True,0,0,0,1,11.7,F,R,wrist,NONE
0447_01_WRI-L,PAT_GRAZ_447,447,GRAZPEDWRI-DX,train,0447_0399270378_01_WRI-L1_F011,0447_0399270401_01_WRI-L2_F011,D:\projects\MediMind\ai-prediction-service\artifacts\fracture_v2\experiment5_localization\dataset\images\train\0447_0399270378_01_WRI-L1_F011.png,D:\projects\MediMind\ai-prediction-service\artifacts\fracture_v2\experiment5_localization\dataset\images\train\0447_0399270401_01_WRI-L2_F011.png,True,True,0,0,0,1,11.7,F,L,wrist,NONE
0450_01_WRI-R,PAT_GRAZ_450,450,GRAZPEDWRI-DX,train,0450_0645760536_01_WRI-R1_M010,0450_0645760565_01_WRI-R2_M010,D:\projects\MediMind\ai-prediction-service\artifacts\fracture_v2\experiment5_localization\dataset\images\train\0450_0645760536_01_WRI-R1_M010.png,D:\projects\MediMind\ai-prediction-service\artifacts\fracture_v2\experiment5_localization\dataset\images\train\0450_0645760565_01_WRI-R2_M010.png,True,True,0,0,0,1,10.3,M,R,wrist,NONE
0451_01_WRI-R,PAT_GRAZ_451,451,GRAZPEDWRI-DX,train,0451_0664088280_01_WRI-R1_M006,0451_0664088327_01_WRI-R2_M006,D:\projects\MediMind\ai-prediction-service\artifacts\fracture_v2\experiment5_localization\dataset\images\train\0451_0664088280_01_WRI-R1_M006.png,D:\projects\MediMind\ai-prediction-service\artifacts\fracture_v2\experiment5_localization\dataset\images\train\0451_0664088327_01_WRI-R2_M006.png,True,True,1,1,1,1,6.6,M,R,wrist,NONE
0451_02_WRI-L,PAT_GRAZ_451,451,GRAZPEDWRI-DX,train,0451_0664184898_02_WRI-L1_M006,0451_0664184926_02_WRI-L2_M006,D:\projects\MediMind\ai-prediction-service\artifacts\fracture_v2\experiment5_localization\dataset\images\train\0451_0664184898_02_WRI-L1_M006.png,D:\projects\MediMind\ai-prediction-service\artifacts\fracture_v2\experiment5_localization\dataset\images\train\0451_0664184926_02_WRI-L2_M006.png,True,True,1,1,1,1,6.6,M,L,wrist,NONE
0452_01_WRI-R,PAT_GRAZ_452,452,GRAZPEDWRI-DX,train,0452_0672469190_01_WRI-R1_M011,0452_0672469212_01_WRI-R2_M011,D:\projects\MediMind\ai-prediction-service\artifacts\fracture_v2\experiment5_localization\dataset\images\train\0452_0672469190_01_WRI-R1_M011.png,D:\projects\MediMind\ai-prediction-service\artifacts\fracture_v2\experiment5_localization\dataset\images\train\0452_0672469212_01_WRI-R2_M011.png,True,True,1,1,1,1,11.9,M,R,wrist,NONE
0453_01_WRI-R,PAT_GRAZ_453,453,GRAZPEDWRI-DX,train,0453_0517992717_01_WRI-R1_M017,0453_0517992740_01_WRI-R2_M017,D:\projects\MediMind\ai-prediction-service\artifacts\fracture_v2\experiment5_localization\dataset\images\train\0453_0517992717_01_WRI-R1_M017.png,D:\projects\MediMind\ai-prediction-service\artifacts\fracture_v2\experiment5_localization\dataset\images\train\0453_0517992740_01_WRI-R2_M017.png,True,True,0,0,0,1,17.5,M,R,wrist,NONE
0454_01_WRI-R,PAT_GRAZ_454,454,GRAZPEDWRI-DX,train,0454_0866269206_01_WRI-R1_M016,0454_0866269259_01_WRI-R2_M016,D:\projects\MediMind\ai-prediction-service\artifacts\fracture_v2\experiment5_localization\dataset\images\train\0454_0866269206_01_WRI-R1_M016.png,D:\projects\MediMind\ai-prediction-service\artifacts\fracture_v2\experiment5_localization\dataset\images\train\0454_0866269259_01_WRI-R2_M016.png,True,True,1,1,1,1,16.2,M,R,wrist,NONE
0454_02_WRI-R,PAT_GRAZ_454,454,GRAZPEDWRI-DX,train,0454_0868083841_02_WRI-R1_M016,0454_0868083874_02_WRI-R2_M016,D:\projects\MediMind\ai-prediction-service\artifacts\fracture_v2\experiment5_localization\dataset\images\train\0454_0868083841_02_WRI-R1_M016.png,D:\projects\MediMind\ai-prediction-service\artifacts\fracture_v2\experiment5_localization\dataset\images\train\0454_0868083874_02_WRI-R2_M016.png,True,True,1,1,1,1,16.3,M,R,wrist,NONE
0455_01_WRI-L,PAT_GRAZ_455,455,GRAZPEDWRI-DX,train,0455_1150226256_01_WRI-L1_M008,0455_1150226290_01_WRI-L2_M008,D:\projects\MediMind\ai-prediction-service\artifacts\fracture_v2\experiment5_localization\dataset\images\train\0455_1150226256_01_WRI-L1_M008.png,D:\projects\MediMind\ai-prediction-service\artifacts\fracture_v2\experiment5_localization\dataset\images\train\0455_1150226290_01_WRI-L2_M008.png,True,True,1,1,1,1,8.4,M,L,wrist,NONE
0456_01_WRI-R,PAT_GRAZ_456,456,GRAZPEDWRI-DX,train,0456_0585114780_01_WRI-R1_M012,0456_0585114810_01_WRI-R2_M012,D:\projects\MediMind\ai-prediction-service\artifacts\fracture_v2\experiment5_localization\dataset\images\train\0456_0585114780_01_WRI-R1_M012.png,D:\projects\MediMind\ai-prediction-service\artifacts\fracture_v2\experiment5_localization\dataset\images\train\0456_0585114810_01_WRI-R2_M012.png,True,True,0,0,0,1,12.0,M,R,wrist,NONE
0457_01_WRI-R,PAT_GRAZ_457,457,GRAZPEDWRI-DX,train,0457_1033174827_01_WRI-R1_F008,0457_1033174859_01_WRI-R2_F008,D:\projects\MediMind\ai-prediction-service\artifacts\fracture_v2\experiment5_localization\dataset\images\train\0457_1033174827_01_WRI-R1_F008.png,D:\projects\MediMind\ai-prediction-service\artifacts\fracture_v2\experiment5_localization\dataset\images\train\0457_1033174859_01_WRI-R2_F008.png,True,True,1,1,1,1,8.3,F,R,wrist,NONE
0457_02_WRI-R,PAT_GRAZ_457,457,GRAZPEDWRI-DX,train,0457_1033179913_02_WRI-R1_F008,0457_1033179928_02_WRI-R2_F008,D:\projects\MediMind\ai-prediction-service\artifacts\fracture_v2\experiment5_localization\dataset\images\train\0457_1033179913_02_WRI-R1_F008.png,D:\projects\MediMind\ai-prediction-service\artifacts\fracture_v2\experiment5_localization\dataset\images\train\0457_1033179928_02_WRI-R2_F008.png,True,True,1,1,1,1,8.3,F,R,wrist,NONE
0457_03_WRI-R,PAT_GRAZ_457,457,GRAZPEDWRI-DX,train,0457_1033832817_03_WRI-R1_F008,0457_1033832861_03_WRI-R2_F008,D:\projects\MediMind\ai-prediction-service\artifacts\fracture_v2\experiment5_localization\dataset\images\train\0457_1033832817_03_WRI-R1_F008.png,D:\projects\MediMind\ai-prediction-service\artifacts\fracture_v2\experiment5_localization\dataset\images\train\0457_1033832861_03_WRI-R2_F008.png,True,True,1,1,1,1,8.4,F,R,wrist,NONE
0457_04_WRI-R,PAT_GRAZ_457,457,GRAZPEDWRI-DX,train,0457_1035643076_04_WRI-R1_F008,0457_1035643127_04_WRI-R2_F008,D:\projects\MediMind\ai-prediction-service\artifacts\fracture_v2\experiment5_localization\dataset\images\train\0457_1035643076_04_WRI-R1_F008.png,D:\projects\MediMind\ai-prediction-service\artifacts\fracture_v2\experiment5_localization\dataset\images\train\0457_1035643127_04_WRI-R2_F008.png,True,True,1,1,1,1,8.4,F,R,wrist,NONE
0458_01_WRI-R,PAT_GRAZ_458,458,GRAZPEDWRI-DX,train,0458_1054495284_01_WRI-R1_M008,0458_1054495360_01_WRI-R2_M008,D:\projects\MediMind\ai-prediction-service\artifacts\fracture_v2\experiment5_localization\dataset\images\train\0458_1054495284_01_WRI-R1_M008.png,D:\projects\MediMind\ai-prediction-service\artifacts\fracture_v2\experiment5_localization\dataset\images\train\0458_1054495360_01_WRI-R2_M008.png,True,True,1,1,1,1,8.5,M,R,wrist,NONE
0458_02_WRI-R,PAT_GRAZ_458,458,GRAZPEDWRI-DX,train,0458_1055744818_02_WRI-R1_M008,0458_1055744851_02_WRI-R2_M008,D:\projects\MediMind\ai-prediction-service\artifacts\fracture_v2\experiment5_localization\dataset\images\train\0458_1055744818_02_WRI-R1_M008.png,D:\projects\MediMind\ai-prediction-service\artifacts\fracture_v2\experiment5_localization\dataset\images\train\0458_1055744851_02_WRI-R2_M008.png,True,True,1,1,1,1,8.5,M,R,wrist,NONE
0459_01_WRI-R,PAT_GRAZ_459,459,GRAZPEDWRI-DX,train,0459_0181885702_01_WRI-R1_M006,0459_0181885785_01_WRI-R2_M006,D:\projects\MediMind\ai-prediction-service\artifacts\fracture_v2\experiment5_localization\dataset\images\train\0459_0181885702_01_WRI-R1_M006.png,D:\projects\MediMind\ai-prediction-service\artifacts\fracture_v2\experiment5_localization\dataset\images\train\0459_0181885785_01_WRI-R2_M006.png,True,True,0,1,1,0,6.4,M,R,wrist,NONE
0460_01_WRI-R,PAT_GRAZ_460,460,GRAZPEDWRI-DX,train,0460_0480586924_01_WRI-R1_M011,0460_0480586958_01_WRI-R2_M011,D:\projects\MediMind\ai-prediction-service\artifacts\fracture_v2\experiment5_localization\dataset\images\train\0460_0480586924_01_WRI-R1_M011.png,D:\projects\MediMind\ai-prediction-service\artifacts\fracture_v2\experiment5_localization\dataset\images\train\0460_0480586958_01_WRI-R2_M011.png,True,True,0,0,0,1,11.5,M,R,wrist,NONE
0460_02_WRI-L,PAT_GRAZ_460,460,GRAZPEDWRI-DX,train,0460_0480587009_02_WRI-L1_M011,0460_0480587041_02_WRI-L2_M011,D:\projects\MediMind\ai-prediction-service\artifacts\fracture_v2\experiment5_localization\dataset\images\train\0460_0480587009_02_WRI-L1_M011.png,D:\projects\MediMind\ai-prediction-service\artifacts\fracture_v2\experiment5_localization\dataset\images\train\0460_0480587041_02_WRI-L2_M011.png,True,True,0,0,0,1,11.5,M,L,wrist,NONE
0461_01_WRI-R,PAT_GRAZ_461,461,GRAZPEDWRI-DX,train,0461_0303721136_01_WRI-R1_M014,0461_0303721158_01_WRI-R2_M014,D:\projects\MediMind\ai-prediction-service\artifacts\fracture_v2\experiment5_localization\dataset\images\train\0461_0303721136_01_WRI-R1_M014.png,D:\projects\MediMind\ai-prediction-service\artifacts\fracture_v2\experiment5_localization\dataset\images\train\0461_0303721158_01_WRI-R2_M014.png,True,True,0,1,1,0,14.2,M,R,wrist,NONE
0461_02_WRI-R,PAT_GRAZ_461,461,GRAZPEDWRI-DX,train,0461_0305348251_02_WRI-R1_M014,0461_0305348272_02_WRI-R2_M014,D:\projects\MediMind\ai-prediction-service\artifacts\fracture_v2\experiment5_localization\dataset\images\train\0461_0305348251_02_WRI-R1_M014.png,D:\projects\MediMind\ai-prediction-service\artifacts\fracture_v2\experiment5_localization\dataset\images\train\0461_0305348272_02_WRI-R2_M014.png,True,True,0,1,1,0,14.2,M,R,wrist,NONE
0462_01_WRI-L,PAT_GRAZ_462,462,GRAZPEDWRI-DX,train,0462_0215468618_01_WRI-L1_M010,0462_0215468579_01_WRI-L2_M010,D:\projects\MediMind\ai-prediction-service\artifacts\fracture_v2\experiment5_localization\dataset\images\train\0462_0215468618_01_WRI-L1_M010.png,D:\projects\MediMind\ai-prediction-service\artifacts\fracture_v2\experiment5_localization\dataset\images\train\0462_0215468579_01_WRI-L2_M010.png,True,True,1,1,1,1,10.3,M,L,wrist,NONE
0462_02_WRI-L,PAT_GRAZ_462,462,GRAZPEDWRI-DX,train,0462_0216842156_02_WRI-L1_M010,0462_0216842208_02_WRI-L2_M010,D:\projects\MediMind\ai-prediction-service\artifacts\fracture_v2\experiment5_localization\dataset\images\train\0462_0216842156_02_WRI-L1_M010.png,D:\projects\MediMind\ai-prediction-service\artifacts\fracture_v2\experiment5_localization\dataset\images\train\0462_0216842208_02_WRI-L2_M010.png,True,True,1,1,1,1,10.4,M,L,wrist,NONE
0464_01_WRI-R,PAT_GRAZ_464,464,GRAZPEDWRI-DX,train,0464_0977939811_01_WRI-R1_M015,0464_0977939871_01_WRI-R2_M015,D:\projects\MediMind\ai-prediction-service\artifacts\fracture_v2\experiment5_localization\dataset\images\train\0464_0977939811_01_WRI-R1_M015.png,D:\projects\MediMind\ai-prediction-service\artifacts\fracture_v2\experiment5_localization\dataset\images\train\0464_0977939871_01_WRI-R2_M015.png,True,True,1,1,1,1,15.8,M,R,wrist,NONE
0464_02_WRI-R,PAT_GRAZ_464,464,GRAZPEDWRI-DX,train,0464_0979826248_02_WRI-R1_M015,0464_0979826325_02_WRI-R2_M015,D:\projects\MediMind\ai-prediction-service\artifacts\fracture_v2\experiment5_localization\dataset\images\train\0464_0979826248_02_WRI-R1_M015.png,D:\projects\MediMind\ai-prediction-service\artifacts\fracture_v2\experiment5_localization\dataset\images\train\0464_0979826325_02_WRI-R2_M015.png,True,True,1,1,1,1,15.9,M,R,wrist,NONE
0465_01_WRI-L,PAT_GRAZ_465,465,GRAZPEDWRI-DX,train,0465_1256559323_01_WRI-L1_M016,0465_1256559223_01_WRI-L2_M016,D:\projects\MediMind\ai-prediction-service\artifacts\fracture_v2\experiment5_localization\dataset\images\train\0465_1256559323_01_WRI-L1_M016.png,D:\projects\MediMind\ai-prediction-service\artifacts\fracture_v2\experiment5_localization\dataset\images\train\0465_1256559223_01_WRI-L2_M016.png,True,True,1,1,1,1,16.0,M,L,wrist,NONE
0465_02_WRI-L,PAT_GRAZ_465,465,GRAZPEDWRI-DX,train,0465_1258032450_02_WRI-L1_M016,0465_1258032432_02_WRI-L2_M016,D:\projects\MediMind\ai-prediction-service\artifacts\fracture_v2\experiment5_localization\dataset\images\train\0465_1258032450_02_WRI-L1_M016.png,D:\projects\MediMind\ai-prediction-service\artifacts\fracture_v2\experiment5_localization\dataset\images\train\0465_1258032432_02_WRI-L2_M016.png,True,True,1,1,1,1,16.0,M,L,wrist,NONE
0467_01_WRI-R,PAT_GRAZ_467,467,GRAZPEDWRI-DX,train,0467_0369674799_01_WRI-R1_F003,0467_0369674891_01_WRI-R2_F003,D:\projects\MediMind\ai-prediction-service\artifacts\fracture_v2\experiment5_localization\dataset\images\train\0467_0369674799_01_WRI-R1_F003.png,D:\projects\MediMind\ai-prediction-service\artifacts\fracture_v2\experiment5_localization\dataset\images\train\0467_0369674891_01_WRI-R2_F003.png,True,True,1,1,1,1,3.9,F,R,wrist,NONE
0469_01_WRI-L,PAT_GRAZ_469,469,GRAZPEDWRI-DX,train,0469_1001424499_01_WRI-L1_F009,0469_1001424598_01_WRI-L2_F009,D:\projects\MediMind\ai-prediction-service\artifacts\fracture_v2\experiment5_localization\dataset\images\train\0469_1001424499_01_WRI-L1_F009.png,D:\projects\MediMind\ai-prediction-service\artifacts\fracture_v2\experiment5_localization\dataset\images\train\0469_1001424598_01_WRI-L2_F009.png,True,True,1,1,1,1,9.8,F,L,wrist,NONE
0469_03_WRI-L,PAT_GRAZ_469,469,GRAZPEDWRI-DX,train,0469_1002554736_03_WRI-L1_F009,0469_1002554781_03_WRI-L2_F009,D:\projects\MediMind\ai-prediction-service\artifacts\fracture_v2\experiment5_localization\dataset\images\train\0469_1002554736_03_WRI-L1_F009.png,D:\projects\MediMind\ai-prediction-service\artifacts\fracture_v2\experiment5_localization\dataset\images\train\0469_1002554781_03_WRI-L2_F009.png,True,True,1,1,1,1,9.8,F,L,wrist,NONE
0469_04_WRI-L,PAT_GRAZ_469,469,GRAZPEDWRI-DX,train,0469_1003491236_04_WRI-L1_F009,0469_1003491279_04_WRI-L2_F009,D:\projects\MediMind\ai-prediction-service\artifacts\fracture_v2\experiment5_localization\dataset\images\train\0469_1003491236_04_WRI-L1_F009.png,D:\projects\MediMind\ai-prediction-service\artifacts\fracture_v2\experiment5_localization\dataset\images\train\0469_1003491279_04_WRI-L2_F009.png,True,True,1,1,1,1,9.8,F,L,wrist,NONE
0469_05_WRI-L,PAT_GRAZ_469,469,GRAZPEDWRI-DX,train,0469_1004366509_05_WRI-L1_F009,0469_1004366538_05_WRI-L2_F009,D:\projects\MediMind\ai-prediction-service\artifacts\fracture_v2\experiment5_localization\dataset\images\train\0469_1004366509_05_WRI-L1_F009.png,D:\projects\MediMind\ai-prediction-service\artifacts\fracture_v2\experiment5_localization\dataset\images\train\0469_1004366538_05_WRI-L2_F009.png,True,True,1,1,1,1,9.9,F,L,wrist,NONE
0470_01_WRI-R,PAT_GRAZ_470,470,GRAZPEDWRI-DX,train,0470_0366728570_01_WRI-R1_M013,0470_0366728614_01_WRI-R2_M013,D:\projects\MediMind\ai-prediction-service\artifacts\fracture_v2\experiment5_localization\dataset\images\train\0470_0366728570_01_WRI-R1_M013.png,D:\projects\MediMind\ai-prediction-service\artifacts\fracture_v2\experiment5_localization\dataset\images\train\0470_0366728614_01_WRI-R2_M013.png,True,True,0,1,1,0,13.9,M,R,wrist,NONE
0471_01_WRI-R,PAT_GRAZ_471,471,GRAZPEDWRI-DX,train,0471_0535952474_01_WRI-R1_F007,0471_0535952517_01_WRI-R2_F007,D:\projects\MediMind\ai-prediction-service\artifacts\fracture_v2\experiment5_localization\dataset\images\train\0471_0535952474_01_WRI-R1_F007.png,D:\projects\MediMind\ai-prediction-service\artifacts\fracture_v2\experiment5_localization\dataset\images\train\0471_0535952517_01_WRI-R2_F007.png,True,True,0,0,0,1,7.9,F,R,wrist,NONE
0472_01_WRI-L,PAT_GRAZ_472,472,GRAZPEDWRI-DX,train,0472_0541554828_01_WRI-L1_F012,0472_0541554933_01_WRI-L2_F012,D:\projects\MediMind\ai-prediction-service\artifacts\fracture_v2\experiment5_localization\dataset\images\train\0472_0541554828_01_WRI-L1_F012.png,D:\projects\MediMind\ai-prediction-service\artifacts\fracture_v2\experiment5_localization\dataset\images\train\0472_0541554933_01_WRI-L2_F012.png,True,True,1,1,1,1,12.9,F,L,wrist,NONE
0472_02_WRI-L,PAT_GRAZ_472,472,GRAZPEDWRI-DX,train,0472_0542108633_02_WRI-L1_F013,0472_0542108660_02_WRI-L2_F013,D:\projects\MediMind\ai-prediction-service\artifacts\fracture_v2\experiment5_localization\dataset\images\train\0472_0542108633_02_WRI-L1_F013.png,D:\projects\MediMind\ai-prediction-service\artifacts\fracture_v2\experiment5_localization\dataset\images\train\0472_0542108660_02_WRI-L2_F013.png,True,True,1,1,1,1,13.0,F,L,wrist,NONE
0472_03_WRI-L,PAT_GRAZ_472,472,GRAZPEDWRI-DX,train,0472_0542718889_03_WRI-L1_F013,0472_0542718929_03_WRI-L2_F013,D:\projects\MediMind\ai-prediction-service\artifacts\fracture_v2\experiment5_localization\dataset\images\train\0472_0542718889_03_WRI-L1_F013.png,D:\projects\MediMind\ai-prediction-service\artifacts\fracture_v2\experiment5_localization\dataset\images\train\0472_0542718929_03_WRI-L2_F013.png,True,True,1,1,1,1,13.0,F,L,wrist,NONE
0473_01_WRI-R,PAT_GRAZ_473,473,GRAZPEDWRI-DX,train,0473_1196675800_01_WRI-R1_M013,0473_1196675848_01_WRI-R2_M013,D:\projects\MediMind\ai-prediction-service\artifacts\fracture_v2\experiment5_localization\dataset\images\train\0473_1196675800_01_WRI-R1_M013.png,D:\projects\MediMind\ai-prediction-service\artifacts\fracture_v2\experiment5_localization\dataset\images\train\0473_1196675848_01_WRI-R2_M013.png,True,True,1,1,1,1,13.4,M,R,wrist,NONE
0474_01_WRI-L,PAT_GRAZ_474,474,GRAZPEDWRI-DX,train,0474_0247409014_01_WRI-L1_M003,0474_0247409047_01_WRI-L2_M003,D:\projects\MediMind\ai-prediction-service\artifacts\fracture_v2\experiment5_localization\dataset\images\train\0474_0247409014_01_WRI-L1_M003.png,D:\projects\MediMind\ai-prediction-service\artifacts\fracture_v2\experiment5_localization\dataset\images\train\0474_0247409047_01_WRI-L2_M003.png,True,True,1,1,1,1,3.4,M,L,wrist,NONE
0477_01_WRI-L,PAT_GRAZ_477,477,GRAZPEDWRI-DX,train,0477_0619933063_01_WRI-L1_M012,0477_0619933132_01_WRI-L2_M012,D:\projects\MediMind\ai-prediction-service\artifacts\fracture_v2\experiment5_localization\dataset\images\train\0477_0619933063_01_WRI-L1_M012.png,D:\projects\MediMind\ai-prediction-service\artifacts\fracture_v2\experiment5_localization\dataset\images\train\0477_0619933132_01_WRI-L2_M012.png,True,True,1,1,1,1,12.7,M,L,wrist,NONE
0477_02_WRI-L,PAT_GRAZ_477,477,GRAZPEDWRI-DX,train,0477_0620534020_02_WRI-L1_M012,0477_0620534054_02_WRI-L2_M012,D:\projects\MediMind\ai-prediction-service\artifacts\fracture_v2\experiment5_localization\dataset\images\train\0477_0620534020_02_WRI-L1_M012.png,D:\projects\MediMind\ai-prediction-service\artifacts\fracture_v2\experiment5_localization\dataset\images\train\0477_0620534054_02_WRI-L2_M012.png,True,True,1,1,1,1,12.7,M,L,wrist,NONE
0477_03_WRI-L,PAT_GRAZ_477,477,GRAZPEDWRI-DX,train,0477_0621738837_03_WRI-L1_M012,0477_0621738904_03_WRI-L2_M012,D:\projects\MediMind\ai-prediction-service\artifacts\fracture_v2\experiment5_localization\dataset\images\train\0477_0621738837_03_WRI-L1_M012.png,D:\projects\MediMind\ai-prediction-service\artifacts\fracture_v2\experiment5_localization\dataset\images\train\0477_0621738904_03_WRI-L2_M012.png,True,True,1,1,1,1,12.8,M,L,wrist,NONE
0477_04_WRI-L,PAT_GRAZ_477,477,GRAZPEDWRI-DX,train,0477_0622347264_04_WRI-L1_M012,0477_0622347373_04_WRI-L2_M012,D:\projects\MediMind\ai-prediction-service\artifacts\fracture_v2\experiment5_localization\dataset\images\train\0477_0622347264_04_WRI-L1_M012.png,D:\projects\MediMind\ai-prediction-service\artifacts\fracture_v2\experiment5_localization\dataset\images\train\0477_0622347373_04_WRI-L2_M012.png,True,True,1,1,1,1,12.8,M,L,wrist,NONE
0477_05_WRI-L,PAT_GRAZ_477,477,GRAZPEDWRI-DX,train,0477_0623210620_05_WRI-L1_M012,0477_0623210702_05_WRI-L2_M012,D:\projects\MediMind\ai-prediction-service\artifacts\fracture_v2\experiment5_localization\dataset\images\train\0477_0623210620_05_WRI-L1_M012.png,D:\projects\MediMind\ai-prediction-service\artifacts\fracture_v2\experiment5_localization\dataset\images\train\0477_0623210702_05_WRI-L2_M012.png,True,True,1,1,1,1,12.8,M,L,wrist,NONE
0478_01_WRI-L,PAT_GRAZ_478,478,GRAZPEDWRI-DX,train,0478_0651059401_01_WRI-L1_F007,0478_0651059479_01_WRI-L2_F007,D:\projects\MediMind\ai-prediction-service\artifacts\fracture_v2\experiment5_localization\dataset\images\train\0478_0651059401_01_WRI-L1_F007.png,D:\projects\MediMind\ai-prediction-service\artifacts\fracture_v2\experiment5_localization\dataset\images\train\0478_0651059479_01_WRI-L2_F007.png,True,True,1,1,1,1,7.1,F,L,wrist,NONE
0479_01_WRI-R,PAT_GRAZ_479,479,GRAZPEDWRI-DX,train,0479_0883857124_01_WRI-R1_M012,0479_0883857167_01_WRI-R2_M012,D:\projects\MediMind\ai-prediction-service\artifacts\fracture_v2\experiment5_localization\dataset\images\train\0479_0883857124_01_WRI-R1_M012.png,D:\projects\MediMind\ai-prediction-service\artifacts\fracture_v2\experiment5_localization\dataset\images\train\0479_0883857167_01_WRI-R2_M012.png,True,True,0,0,0,1,12.4,M,R,wrist,NONE
0479_02_WRI-R,PAT_GRAZ_479,479,GRAZPEDWRI-DX,train,0479_0888259160_02_WRI-R1_M012,0479_0888259176_02_WRI-R2_M012,D:\projects\MediMind\ai-prediction-service\artifacts\fracture_v2\experiment5_localization\dataset\images\train\0479_0888259160_02_WRI-R1_M012.png,D:\projects\MediMind\ai-prediction-service\artifacts\fracture_v2\experiment5_localization\dataset\images\train\0479_0888259176_02_WRI-R2_M012.png,True,True,1,1,1,1,12.5,M,R,wrist,NONE
0480_01_WRI-R,PAT_GRAZ_480,480,GRAZPEDWRI-DX,train,0480_0953011791_01_WRI-R1_M001,0480_0953011842_01_WRI-R2_M001,D:\projects\MediMind\ai-prediction-service\artifacts\fracture_v2\experiment5_localization\dataset\images\train\0480_0953011791_01_WRI-R1_M001.png,D:\projects\MediMind\ai-prediction-service\artifacts\fracture_v2\experiment5_localization\dataset\images\train\0480_0953011842_01_WRI-R2_M001.png,True,True,0,0,0,1,1.2,M,R,wrist,NONE
0480_02_WRI-L,PAT_GRAZ_480,480,GRAZPEDWRI-DX,train,0480_1159742224_02_WRI-L1_M007,0480_1159742313_02_WRI-L2_M007,D:\projects\MediMind\ai-prediction-service\artifacts\fracture_v2\experiment5_localization\dataset\images\train\0480_1159742224_02_WRI-L1_M007.png,D:\projects\MediMind\ai-prediction-service\artifacts\fracture_v2\experiment5_localization\dataset\images\train\0480_1159742313_02_WRI-L2_M007.png,True,True,1,1,1,1,7.8,M,L,wrist,NONE
0480_03_WRI-L,PAT_GRAZ_480,480,GRAZPEDWRI-DX,train,0480_1160356207_03_WRI-L1_M007,0480_1160356300_03_WRI-L2_M007,D:\projects\MediMind\ai-prediction-service\artifacts\fracture_v2\experiment5_localization\dataset\images\train\0480_1160356207_03_WRI-L1_M007.png,D:\projects\MediMind\ai-prediction-service\artifacts\fracture_v2\experiment5_localization\dataset\images\train\0480_1160356300_03_WRI-L2_M007.png,True,True,1,1,1,1,7.8,M,L,wrist,NONE
0480_04_WRI-L,PAT_GRAZ_480,480,GRAZPEDWRI-DX,train,0480_1161554902_04_WRI-L1_M007,0480_1161554952_04_WRI-L2_M007,D:\projects\MediMind\ai-prediction-service\artifacts\fracture_v2\experiment5_localization\dataset\images\train\0480_1161554902_04_WRI-L1_M007.png,D:\projects\MediMind\ai-prediction-service\artifacts\fracture_v2\experiment5_localization\dataset\images\train\0480_1161554952_04_WRI-L2_M007.png,True,True,1,1,1,1,7.9,M,L,wrist,NONE
0482_01_WRI-R,PAT_GRAZ_482,482,GRAZPEDWRI-DX,train,0482_0828146153_01_WRI-R1_M012,0482_0828146218_01_WRI-R2_M012,D:\projects\MediMind\ai-prediction-service\artifacts\fracture_v2\experiment5_localization\dataset\images\train\0482_0828146153_01_WRI-R1_M012.png,D:\projects\MediMind\ai-prediction-service\artifacts\fracture_v2\experiment5_localization\dataset\images\train\0482_0828146218_01_WRI-R2_M012.png,True,True,1,1,1,1,12.0,M,R,wrist,NONE
0482_02_WRI-R,PAT_GRAZ_482,482,GRAZPEDWRI-DX,train,0482_0828760225_02_WRI-R1_M012,0482_0828760297_02_WRI-R2_M012,D:\projects\MediMind\ai-prediction-service\artifacts\fracture_v2\experiment5_localization\dataset\images\train\0482_0828760225_02_WRI-R1_M012.png,D:\projects\MediMind\ai-prediction-service\artifacts\fracture_v2\experiment5_localization\dataset\images\train\0482_0828760297_02_WRI-R2_M012.png,True,True,1,1,1,1,12.0,M,R,wrist,NONE
0482_03_WRI-R,PAT_GRAZ_482,482,GRAZPEDWRI-DX,train,0482_0829961380_03_WRI-R1_M012,0482_0829961405_03_WRI-R2_M012,D:\projects\MediMind\ai-prediction-service\artifacts\fracture_v2\experiment5_localization\dataset\images\train\0482_0829961380_03_WRI-R1_M012.png,D:\projects\MediMind\ai-prediction-service\artifacts\fracture_v2\experiment5_localization\dataset\images\train\0482_0829961405_03_WRI-R2_M012.png,True,True,1,1,1,1,12.1,M,R,wrist,NONE
0486_01_WRI-L,PAT_GRAZ_486,486,GRAZPEDWRI-DX,train,0486_0289247629_01_WRI-L1_M011,0486_0289247663_01_WRI-L2_M011,D:\projects\MediMind\ai-prediction-service\artifacts\fracture_v2\experiment5_localization\dataset\images\train\0486_0289247629_01_WRI-L1_M011.png,D:\projects\MediMind\ai-prediction-service\artifacts\fracture_v2\experiment5_localization\dataset\images\train\0486_0289247663_01_WRI-L2_M011.png,True,True,0,1,1,0,11.2,M,L,wrist,NONE
0488_01_WRI-L,PAT_GRAZ_488,488,GRAZPEDWRI-DX,train,0488_0668060143_01_WRI-L1_M010,0488_0668060160_01_WRI-L2_M010,D:\projects\MediMind\ai-prediction-service\artifacts\fracture_v2\experiment5_localization\dataset\images\train\0488_0668060143_01_WRI-L1_M010.png,D:\projects\MediMind\ai-prediction-service\artifacts\fracture_v2\experiment5_localization\dataset\images\train\0488_0668060160_01_WRI-L2_M010.png,True,True,0,0,0,1,10.5,M,L,wrist,NONE
0489_01_WRI-L,PAT_GRAZ_489,489,GRAZPEDWRI-DX,train,0489_0632764847_01_WRI-L1_F016,0489_0632764913_01_WRI-L2_F016,D:\projects\MediMind\ai-prediction-service\artifacts\fracture_v2\experiment5_localization\dataset\images\train\0489_0632764847_01_WRI-L1_F016.png,D:\projects\MediMind\ai-prediction-service\artifacts\fracture_v2\experiment5_localization\dataset\images\train\0489_0632764913_01_WRI-L2_F016.png,True,True,0,0,0,1,16.9,F,L,wrist,NONE
0490_01_WRI-R,PAT_GRAZ_490,490,GRAZPEDWRI-DX,train,0490_0671128517_01_WRI-R1_F012,0490_0671128615_01_WRI-R2_F012,D:\projects\MediMind\ai-prediction-service\artifacts\fracture_v2\experiment5_localization\dataset\images\train\0490_0671128517_01_WRI-R1_F012.png,D:\projects\MediMind\ai-prediction-service\artifacts\fracture_v2\experiment5_localization\dataset\images\train\0490_0671128615_01_WRI-R2_F012.png,True,True,1,1,1,1,12.5,F,R,wrist,NONE
0490_02_WRI-R,PAT_GRAZ_490,490,GRAZPEDWRI-DX,train,0490_0671612454_02_WRI-R1_F012,0490_0671612501_02_WRI-R2_F012,D:\projects\MediMind\ai-prediction-service\artifacts\fracture_v2\experiment5_localization\dataset\images\train\0490_0671612454_02_WRI-R1_F012.png,D:\projects\MediMind\ai-prediction-service\artifacts\fracture_v2\experiment5_localization\dataset\images\train\0490_0671612501_02_WRI-R2_F012.png,True,True,1,1,1,1,12.5,F,R,wrist,NONE
0490_03_WRI-R,PAT_GRAZ_490,490,GRAZPEDWRI-DX,train,0490_0672211653_03_WRI-R1_F012,0490_0672211695_03_WRI-R2_F012,D:\projects\MediMind\ai-prediction-service\artifacts\fracture_v2\experiment5_localization\dataset\images\train\0490_0672211653_03_WRI-R1_F012.png,D:\projects\MediMind\ai-prediction-service\artifacts\fracture_v2\experiment5_localization\dataset\images\train\0490_0672211695_03_WRI-R2_F012.png,True,True,1,1,1,1,12.5,F,R,wrist,NONE
0490_04_WRI-R,PAT_GRAZ_490,490,GRAZPEDWRI-DX,train,0490_0673505652_04_WRI-R1_F012,0490_0673505687_04_WRI-R2_F012,D:\projects\MediMind\ai-prediction-service\artifacts\fracture_v2\experiment5_localization\dataset\images\train\0490_0673505652_04_WRI-R1_F012.png,D:\projects\MediMind\ai-prediction-service\artifacts\fracture_v2\experiment5_localization\dataset\images\train\0490_0673505687_04_WRI-R2_F012.png,True,True,1,1,1,1,12.6,F,R,wrist,NONE
0491_01_WRI-L,PAT_GRAZ_491,491,GRAZPEDWRI-DX,train,0491_1201399775_01_WRI-L1_F014,0491_1201399799_01_WRI-L2_F014,D:\projects\MediMind\ai-prediction-service\artifacts\fracture_v2\experiment5_localization\dataset\images\train\0491_1201399775_01_WRI-L1_F014.png,D:\projects\MediMind\ai-prediction-service\artifacts\fracture_v2\experiment5_localization\dataset\images\train\0491_1201399799_01_WRI-L2_F014.png,True,True,0,0,0,1,14.5,F,L,wrist,NONE
0492_01_WRI-R,PAT_GRAZ_492,492,GRAZPEDWRI-DX,train,0492_0880239770_01_WRI-R1_M009,0492_0880239815_01_WRI-R2_M009,D:\projects\MediMind\ai-prediction-service\artifacts\fracture_v2\experiment5_localization\dataset\images\train\0492_0880239770_01_WRI-R1_M009.png,D:\projects\MediMind\ai-prediction-service\artifacts\fracture_v2\experiment5_localization\dataset\images\train\0492_0880239815_01_WRI-R2_M009.png,True,True,0,0,0,1,9.6,M,R,wrist,NONE
0493_01_WRI-L,PAT_GRAZ_493,493,GRAZPEDWRI-DX,train,0493_0286902110_01_WRI-L1_F015,0493_0286902143_01_WRI-L2_F015,D:\projects\MediMind\ai-prediction-service\artifacts\fracture_v2\experiment5_localization\dataset\images\train\0493_0286902110_01_WRI-L1_F015.png,D:\projects\MediMind\ai-prediction-service\artifacts\fracture_v2\experiment5_localization\dataset\images\train\0493_0286902143_01_WRI-L2_F015.png,True,True,0,0,0,1,15.9,F,L,wrist,NONE
0494_01_WRI-L,PAT_GRAZ_494,494,GRAZPEDWRI-DX,train,0494_1023023335_01_WRI-L1_F014,0494_1023023373_01_WRI-L2_F014,D:\projects\MediMind\ai-prediction-service\artifacts\fracture_v2\experiment5_localization\dataset\images\train\0494_1023023335_01_WRI-L1_F014.png,D:\projects\MediMind\ai-prediction-service\artifacts\fracture_v2\experiment5_localization\dataset\images\train\0494_1023023373_01_WRI-L2_F014.png,True,True,0,0,0,1,14.3,F,L,wrist,NONE
0498_01_WRI-R,PAT_GRAZ_498,498,GRAZPEDWRI-DX,train,0498_0247691923_01_WRI-R1_M014,0498_0247691959_01_WRI-R2_M014,D:\projects\MediMind\ai-prediction-service\artifacts\fracture_v2\experiment5_localization\dataset\images\train\0498_0247691923_01_WRI-R1_M014.png,D:\projects\MediMind\ai-prediction-service\artifacts\fracture_v2\experiment5_localization\dataset\images\train\0498_0247691959_01_WRI-R2_M014.png,True,True,1,0,1,0,14.8,M,R,wrist,NONE
0498_02_WRI-R,PAT_GRAZ_498,498,GRAZPEDWRI-DX,train,0498_0283642033_02_WRI-R1_M015,0498_0283642068_02_WRI-R2_M015,D:\projects\MediMind\ai-prediction-service\artifacts\fracture_v2\experiment5_localization\dataset\images\train\0498_0283642033_02_WRI-R1_M015.png,D:\projects\MediMind\ai-prediction-service\artifacts\fracture_v2\experiment5_localization\dataset\images\train\0498_0283642068_02_WRI-R2_M015.png,True,True,0,1,1,0,15.9,M,R,wrist,NONE
0499_01_WRI-L,PAT_GRAZ_499,499,GRAZPEDWRI-DX,train,0499_0808233398_01_WRI-L1_M008,0499_0808233438_01_WRI-L2_M008,D:\projects\MediMind\ai-prediction-service\artifacts\fracture_v2\experiment5_localization\dataset\images\train\0499_0808233398_01_WRI-L1_M008.png,D:\projects\MediMind\ai-prediction-service\artifacts\fracture_v2\experiment5_localization\dataset\images\train\0499_0808233438_01_WRI-L2_M008.png,True,True,1,1,1,1,8.2,M,L,wrist,NONE
0500_01_WRI-L,PAT_GRAZ_500,500,GRAZPEDWRI-DX,train,0500_0515510337_01_WRI-L1_M012,0500_0515510361_01_WRI-L2_M012,D:\projects\MediMind\ai-prediction-service\artifacts\fracture_v2\experiment5_localization\dataset\images\train\0500_0515510337_01_WRI-L1_M012.png,D:\projects\MediMind\ai-prediction-service\artifacts\fracture_v2\experiment5_localization\dataset\images\train\0500_0515510361_01_WRI-L2_M012.png,True,True,0,1,1,0,12.1,M,L,wrist,NONE
0501_01_WRI-R,PAT_GRAZ_501,501,GRAZPEDWRI-DX,train,0501_0443198334_01_WRI-R1_F005,0501_0443198375_01_WRI-R2_F005,D:\projects\MediMind\ai-prediction-service\artifacts\fracture_v2\experiment5_localization\dataset\images\train\0501_0443198334_01_WRI-R1_F005.png,D:\projects\MediMind\ai-prediction-service\artifacts\fracture_v2\experiment5_localization\dataset\images\train\0501_0443198375_01_WRI-R2_F005.png,True,True,0,0,0,1,5.8,F,R,wrist,NONE
0502_01_WRI-R,PAT_GRAZ_502,502,GRAZPEDWRI-DX,train,0502_0882596652_01_WRI-R1_F011,0502_0882596696_01_WRI-R2_F011,D:\projects\MediMind\ai-prediction-service\artifacts\fracture_v2\experiment5_localization\dataset\images\train\0502_0882596652_01_WRI-R1_F011.png,D:\projects\MediMind\ai-prediction-service\artifacts\fracture_v2\experiment5_localization\dataset\images\train\0502_0882596696_01_WRI-R2_F011.png,True,True,0,1,1,0,11.5,F,R,wrist,NONE
0503_01_WRI-L,PAT_GRAZ_503,503,GRAZPEDWRI-DX,train,0503_1018511008_01_WRI-L1_M012,0503_1018511068_01_WRI-L2_M012,D:\projects\MediMind\ai-prediction-service\artifacts\fracture_v2\experiment5_localization\dataset\images\train\0503_1018511008_01_WRI-L1_M012.png,D:\projects\MediMind\ai-prediction-service\artifacts\fracture_v2\experiment5_localization\dataset\images\train\0503_1018511068_01_WRI-L2_M012.png,True,True,1,1,1,1,12.4,M,L,wrist,NONE
0503_02_WRI-L,PAT_GRAZ_503,503,GRAZPEDWRI-DX,train,0503_1020470848_02_WRI-L1_M012,0503_1020470895_02_WRI-L2_M012,D:\projects\MediMind\ai-prediction-service\artifacts\fracture_v2\experiment5_localization\dataset\images\train\0503_1020470848_02_WRI-L1_M012.png,D:\projects\MediMind\ai-prediction-service\artifacts\fracture_v2\experiment5_localization\dataset\images\train\0503_1020470895_02_WRI-L2_M012.png,True,True,1,1,1,1,12.5,M,L,wrist,NONE
0504_01_WRI-R,PAT_GRAZ_504,504,GRAZPEDWRI-DX,train,0504_1024018669_01_WRI-R1_M014,0504_1024018718_01_WRI-R2_M014,D:\projects\MediMind\ai-prediction-service\artifacts\fracture_v2\experiment5_localization\dataset\images\train\0504_1024018669_01_WRI-R1_M014.png,D:\projects\MediMind\ai-prediction-service\artifacts\fracture_v2\experiment5_localization\dataset\images\train\0504_1024018718_01_WRI-R2_M014.png,True,True,1,0,1,0,14.5,M,R,wrist,NONE
0506_01_WRI-R,PAT_GRAZ_506,506,GRAZPEDWRI-DX,train,0506_0763128820_01_WRI-R1_M015,0506_0763128866_01_WRI-R2_M015,D:\projects\MediMind\ai-prediction-service\artifacts\fracture_v2\experiment5_localization\dataset\images\train\0506_0763128820_01_WRI-R1_M015.png,D:\projects\MediMind\ai-prediction-service\artifacts\fracture_v2\experiment5_localization\dataset\images\train\0506_0763128866_01_WRI-R2_M015.png,True,True,1,1,1,1,15.5,M,R,wrist,NONE
0507_01_WRI-L,PAT_GRAZ_507,507,GRAZPEDWRI-DX,train,0507_1135294906_01_WRI-L1_M015,0507_1135294951_01_WRI-L2_M015,D:\projects\MediMind\ai-prediction-service\artifacts\fracture_v2\experiment5_localization\dataset\images\train\0507_1135294906_01_WRI-L1_M015.png,D:\projects\MediMind\ai-prediction-service\artifacts\fracture_v2\experiment5_localization\dataset\images\train\0507_1135294951_01_WRI-L2_M015.png,True,True,1,1,1,1,15.3,M,L,wrist,NONE
0507_02_WRI-L,PAT_GRAZ_507,507,GRAZPEDWRI-DX,train,0507_1135296571_02_WRI-L1_M015,0507_1135296613_02_WRI-L2_M015,D:\projects\MediMind\ai-prediction-service\artifacts\fracture_v2\experiment5_localization\dataset\images\train\0507_1135296571_02_WRI-L1_M015.png,D:\projects\MediMind\ai-prediction-service\artifacts\fracture_v2\experiment5_localization\dataset\images\train\0507_1135296613_02_WRI-L2_M015.png,True,True,0,1,1,0,15.3,M,L,wrist,NONE
0507_03_WRI-L,PAT_GRAZ_507,507,GRAZPEDWRI-DX,train,0507_1135878287_03_WRI-L1_M015,0507_1135878333_03_WRI-L2_M015,D:\projects\MediMind\ai-prediction-service\artifacts\fracture_v2\experiment5_localization\dataset\images\train\0507_1135878287_03_WRI-L1_M015.png,D:\projects\MediMind\ai-prediction-service\artifacts\fracture_v2\experiment5_localization\dataset\images\train\0507_1135878333_03_WRI-L2_M015.png,True,True,0,1,1,0,15.3,M,L,wrist,NONE
0507_04_WRI-L,PAT_GRAZ_507,507,GRAZPEDWRI-DX,train,0507_1137679606_04_WRI-L1_M015,0507_1137679671_04_WRI-L2_M015,D:\projects\MediMind\ai-prediction-service\artifacts\fracture_v2\experiment5_localization\dataset\images\train\0507_1137679606_04_WRI-L1_M015.png,D:\projects\MediMind\ai-prediction-service\artifacts\fracture_v2\experiment5_localization\dataset\images\train\0507_1137679671_04_WRI-L2_M015.png,True,True,1,1,1,1,15.4,M,L,wrist,NONE
0509_01_WRI-R,PAT_GRAZ_509,509,GRAZPEDWRI-DX,train,0509_0330533664_01_WRI-R1_F012,0509_0330533699_01_WRI-R2_F012,D:\projects\MediMind\ai-prediction-service\artifacts\fracture_v2\experiment5_localization\dataset\images\train\0509_0330533664_01_WRI-R1_F012.png,D:\projects\MediMind\ai-prediction-service\artifacts\fracture_v2\experiment5_localization\dataset\images\train\0509_0330533699_01_WRI-R2_F012.png,True,True,1,1,1,1,12.2,F,R,wrist,NONE
0510_01_WRI-L,PAT_GRAZ_510,510,GRAZPEDWRI-DX,train,0510_1189053077_01_WRI-L1_M007,0510_1189053111_01_WRI-L2_M007,D:\projects\MediMind\ai-prediction-service\artifacts\fracture_v2\experiment5_localization\dataset\images\train\0510_1189053077_01_WRI-L1_M007.png,D:\projects\MediMind\ai-prediction-service\artifacts\fracture_v2\experiment5_localization\dataset\images\train\0510_1189053111_01_WRI-L2_M007.png,True,True,0,0,0,1,7.9,M,L,wrist,NONE
0511_01_WRI-L,PAT_GRAZ_511,511,GRAZPEDWRI-DX,train,0511_0398949776_01_WRI-L1_F007,0511_0398949816_01_WRI-L2_F007,D:\projects\MediMind\ai-prediction-service\artifacts\fracture_v2\experiment5_localization\dataset\images\train\0511_0398949776_01_WRI-L1_F007.png,D:\projects\MediMind\ai-prediction-service\artifacts\fracture_v2\experiment5_localization\dataset\images\train\0511_0398949816_01_WRI-L2_F007.png,True,True,0,1,1,0,7.9,F,L,wrist,NONE
0513_01_WRI-R,PAT_GRAZ_513,513,GRAZPEDWRI-DX,train,0513_1216912230_01_WRI-R1_F001,0513_1216912248_01_WRI-R2_F001,D:\projects\MediMind\ai-prediction-service\artifacts\fracture_v2\experiment5_localization\dataset\images\train\0513_1216912230_01_WRI-R1_F001.png,D:\projects\MediMind\ai-prediction-service\artifacts\fracture_v2\experiment5_localization\dataset\images\train\0513_1216912248_01_WRI-R2_F001.png,True,True,0,0,0,1,1.9,F,R,wrist,NONE
0514_01_WRI-L,PAT_GRAZ_514,514,GRAZPEDWRI-DX,train,0514_1069075352_01_WRI-L1_M013,0514_1069075473_01_WRI-L2_M013,D:\projects\MediMind\ai-prediction-service\artifacts\fracture_v2\experiment5_localization\dataset\images\train\0514_1069075352_01_WRI-L1_M013.png,D:\projects\MediMind\ai-prediction-service\artifacts\fracture_v2\experiment5_localization\dataset\images\train\0514_1069075473_01_WRI-L2_M013.png,True,True,1,1,1,1,13.8,M,L,wrist,NONE
0514_02_WRI-L,PAT_GRAZ_514,514,GRAZPEDWRI-DX,train,0514_1070451154_02_WRI-L1_M013,0514_1070451235_02_WRI-L2_M013,D:\projects\MediMind\ai-prediction-service\artifacts\fracture_v2\experiment5_localization\dataset\images\train\0514_1070451154_02_WRI-L1_M013.png,D:\projects\MediMind\ai-prediction-service\artifacts\fracture_v2\experiment5_localization\dataset\images\train\0514_1070451235_02_WRI-L2_M013.png,True,True,1,1,1,1,13.8,M,L,wrist,NONE
0515_01_WRI-L,PAT_GRAZ_515,515,GRAZPEDWRI-DX,train,0515_0926451186_01_WRI-L1_M006,0515_0926451299_01_WRI-L2_M006,D:\projects\MediMind\ai-prediction-service\artifacts\fracture_v2\experiment5_localization\dataset\images\train\0515_0926451186_01_WRI-L1_M006.png,D:\projects\MediMind\ai-prediction-service\artifacts\fracture_v2\experiment5_localization\dataset\images\train\0515_0926451299_01_WRI-L2_M006.png,True,True,1,1,1,1,6.3,M,L,wrist,NONE
0515_02_WRI-L,PAT_GRAZ_515,515,GRAZPEDWRI-DX,train,0515_0926960482_02_WRI-L1_M006,0515_0926960670_02_WRI-L2_M006,D:\projects\MediMind\ai-prediction-service\artifacts\fracture_v2\experiment5_localization\dataset\images\train\0515_0926960482_02_WRI-L1_M006.png,D:\projects\MediMind\ai-prediction-service\artifacts\fracture_v2\experiment5_localization\dataset\images\train\0515_0926960670_02_WRI-L2_M006.png,True,True,1,1,1,1,6.3,M,L,wrist,NONE
0515_03_WRI-L,PAT_GRAZ_515,515,GRAZPEDWRI-DX,train,0515_0928158507_03_WRI-L1_M006,0515_0928158528_03_WRI-L2_M006,D:\projects\MediMind\ai-prediction-service\artifacts\fracture_v2\experiment5_localization\dataset\images\train\0515_0928158507_03_WRI-L1_M006.png,D:\projects\MediMind\ai-prediction-service\artifacts\fracture_v2\experiment5_localization\dataset\images\train\0515_0928158528_03_WRI-L2_M006.png,True,True,1,1,1,1,6.4,M,L,wrist,NONE
0518_01_WRI-L,PAT_GRAZ_518,518,GRAZPEDWRI-DX,train,0518_0948958763_01_WRI-L1_F014,0518_0948958811_01_WRI-L2_F014,D:\projects\MediMind\ai-prediction-service\artifacts\fracture_v2\experiment5_localization\dataset\images\train\0518_0948958763_01_WRI-L1_F014.png,D:\projects\MediMind\ai-prediction-service\artifacts\fracture_v2\experiment5_localization\dataset\images\train\0518_0948958811_01_WRI-L2_F014.png,True,True,0,0,0,1,14.7,F,L,wrist,NONE
0519_01_WRI-L,PAT_GRAZ_519,519,GRAZPEDWRI-DX,train,0519_0589982774_01_WRI-L1_M012,0519_0589982811_01_WRI-L2_M012,D:\projects\MediMind\ai-prediction-service\artifacts\fracture_v2\experiment5_localization\dataset\images\train\0519_0589982774_01_WRI-L1_M012.png,D:\projects\MediMind\ai-prediction-service\artifacts\fracture_v2\experiment5_localization\dataset\images\train\0519_0589982811_01_WRI-L2_M012.png,True,True,1,1,1,1,12.1,M,L,wrist,NONE
0521_01_WRI-R,PAT_GRAZ_521,521,GRAZPEDWRI-DX,train,0521_1158858139_01_WRI-R1_M009,0521_1158858165_01_WRI-R2_M009,D:\projects\MediMind\ai-prediction-service\artifacts\fracture_v2\experiment5_localization\dataset\images\train\0521_1158858139_01_WRI-R1_M009.png,D:\projects\MediMind\ai-prediction-service\artifacts\fracture_v2\experiment5_localization\dataset\images\train\0521_1158858165_01_WRI-R2_M009.png,True,True,1,1,1,1,9.4,M,R,wrist,NONE
0523_01_WRI-L,PAT_GRAZ_523,523,GRAZPEDWRI-DX,train,0523_1090614097_01_WRI-L1_M009,0523_1090614123_01_WRI-L2_M009,D:\projects\MediMind\ai-prediction-service\artifacts\fracture_v2\experiment5_localization\dataset\images\train\0523_1090614097_01_WRI-L1_M009.png,D:\projects\MediMind\ai-prediction-service\artifacts\fracture_v2\experiment5_localization\dataset\images\train\0523_1090614123_01_WRI-L2_M009.png,True,True,0,0,0,1,9.8,M,L,wrist,NONE
0524_01_WRI-L,PAT_GRAZ_524,524,GRAZPEDWRI-DX,train,0524_0756321121_01_WRI-L1_M014,0524_0756321151_01_WRI-L2_M014,D:\projects\MediMind\ai-prediction-service\artifacts\fracture_v2\experiment5_localization\dataset\images\train\0524_0756321121_01_WRI-L1_M014.png,D:\projects\MediMind\ai-prediction-service\artifacts\fracture_v2\experiment5_localization\dataset\images\train\0524_0756321151_01_WRI-L2_M014.png,True,True,1,1,1,1,14.1,M,L,wrist,NONE
0524_02_WRI-R,PAT_GRAZ_524,524,GRAZPEDWRI-DX,train,0524_0773510454_02_WRI-R1_M014,0524_0773510498_02_WRI-R2_M014,D:\projects\MediMind\ai-prediction-service\artifacts\fracture_v2\experiment5_localization\dataset\images\train\0524_0773510454_02_WRI-R1_M014.png,D:\projects\MediMind\ai-prediction-service\artifacts\fracture_v2\experiment5_localization\dataset\images\train\0524_0773510498_02_WRI-R2_M014.png,True,True,1,1,1,1,14.6,M,R,wrist,NONE
0525_01_WRI-L,PAT_GRAZ_525,525,GRAZPEDWRI-DX,train,0525_1046906835_01_WRI-L1_M009,0525_1046906867_01_WRI-L2_M009,D:\projects\MediMind\ai-prediction-service\artifacts\fracture_v2\experiment5_localization\dataset\images\train\0525_1046906835_01_WRI-L1_M009.png,D:\projects\MediMind\ai-prediction-service\artifacts\fracture_v2\experiment5_localization\dataset\images\train\0525_1046906867_01_WRI-L2_M009.png,True,True,0,0,0,1,9.9,M,L,wrist,NONE
0526_01_WRI-L,PAT_GRAZ_526,526,GRAZPEDWRI-DX,train,0526_1159294867_01_WRI-L1_M014,0526_1159294895_01_WRI-L2_M014,D:\projects\MediMind\ai-prediction-service\artifacts\fracture_v2\experiment5_localization\dataset\images\train\0526_1159294867_01_WRI-L1_M014.png,D:\projects\MediMind\ai-prediction-service\artifacts\fracture_v2\experiment5_localization\dataset\images\train\0526_1159294895_01_WRI-L2_M014.png,True,True,0,0,0,1,14.2,M,L,wrist,NONE
0527_01_WRI-L,PAT_GRAZ_527,527,GRAZPEDWRI-DX,train,0527_1063010224_01_WRI-L1_F012,0527_1063010256_01_WRI-L2_F012,D:\projects\MediMind\ai-prediction-service\artifacts\fracture_v2\experiment5_localization\dataset\images\train\0527_1063010224_01_WRI-L1_F012.png,D:\projects\MediMind\ai-prediction-service\artifacts\fracture_v2\experiment5_localization\dataset\images\train\0527_1063010256_01_WRI-L2_F012.png,True,True,1,1,1,1,12.6,F,L,wrist,NONE
0530_01_WRI-L,PAT_GRAZ_530,530,GRAZPEDWRI-DX,train,0530_0793118318_01_WRI-L1_M012,0530_0793118389_01_WRI-L2_M012,D:\projects\MediMind\ai-prediction-service\artifacts\fracture_v2\experiment5_localization\dataset\images\train\0530_0793118318_01_WRI-L1_M012.png,D:\projects\MediMind\ai-prediction-service\artifacts\fracture_v2\experiment5_localization\dataset\images\train\0530_0793118389_01_WRI-L2_M012.png,True,True,1,1,1,1,12.8,M,L,wrist,NONE
0530_02_WRI-L,PAT_GRAZ_530,530,GRAZPEDWRI-DX,train,0530_0793776678_02_WRI-L1_M012,0530_0793776717_02_WRI-L2_M012,D:\projects\MediMind\ai-prediction-service\artifacts\fracture_v2\experiment5_localization\dataset\images\train\0530_0793776678_02_WRI-L1_M012.png,D:\projects\MediMind\ai-prediction-service\artifacts\fracture_v2\experiment5_localization\dataset\images\train\0530_0793776717_02_WRI-L2_M012.png,True,True,1,1,1,1,12.8,M,L,wrist,NONE
0530_03_WRI-L,PAT_GRAZ_530,530,GRAZPEDWRI-DX,train,0530_0794385677_03_WRI-L1_M012,0530_0794385724_03_WRI-L2_M012,D:\projects\MediMind\ai-prediction-service\artifacts\fracture_v2\experiment5_localization\dataset\images\train\0530_0794385677_03_WRI-L1_M012.png,D:\projects\MediMind\ai-prediction-service\artifacts\fracture_v2\experiment5_localization\dataset\images\train\0530_0794385724_03_WRI-L2_M012.png,True,True,1,1,1,1,12.9,M,L,wrist,NONE
0530_04_WRI-L,PAT_GRAZ_530,530,GRAZPEDWRI-DX,train,0530_0794994105_04_WRI-L1_M012,0530_0794994139_04_WRI-L2_M012,D:\projects\MediMind\ai-prediction-service\artifacts\fracture_v2\experiment5_localization\dataset\images\train\0530_0794994105_04_WRI-L1_M012.png,D:\projects\MediMind\ai-prediction-service\artifacts\fracture_v2\experiment5_localization\dataset\images\train\0530_0794994139_04_WRI-L2_M012.png,True,True,1,1,1,1,12.9,M,L,wrist,NONE
0532_01_WRI-L,PAT_GRAZ_532,532,GRAZPEDWRI-DX,train,0532_0610158529_01_WRI-L1_F007,0532_0610158560_01_WRI-L2_F007,D:\projects\MediMind\ai-prediction-service\artifacts\fracture_v2\experiment5_localization\dataset\images\train\0532_0610158529_01_WRI-L1_F007.png,D:\projects\MediMind\ai-prediction-service\artifacts\fracture_v2\experiment5_localization\dataset\images\train\0532_0610158560_01_WRI-L2_F007.png,True,True,1,1,1,1,7.3,F,L,wrist,NONE
0534_01_WRI-L,PAT_GRAZ_534,534,GRAZPEDWRI-DX,train,0534_1272950794_01_WRI-L1_M006,0534_1272950814_01_WRI-L2_M006,D:\projects\MediMind\ai-prediction-service\artifacts\fracture_v2\experiment5_localization\dataset\images\train\0534_1272950794_01_WRI-L1_M006.png,D:\projects\MediMind\ai-prediction-service\artifacts\fracture_v2\experiment5_localization\dataset\images\train\0534_1272950814_01_WRI-L2_M006.png,True,True,1,1,1,1,6.6,M,L,wrist,NONE
0534_02_WRI-L,PAT_GRAZ_534,534,GRAZPEDWRI-DX,train,0534_1273545078_02_WRI-L1_M006,0534_1273545141_02_WRI-L2_M006,D:\projects\MediMind\ai-prediction-service\artifacts\fracture_v2\experiment5_localization\dataset\images\train\0534_1273545078_02_WRI-L1_M006.png,D:\projects\MediMind\ai-prediction-service\artifacts\fracture_v2\experiment5_localization\dataset\images\train\0534_1273545141_02_WRI-L2_M006.png,True,True,1,1,1,1,6.7,M,L,wrist,NONE
0534_03_WRI-L,PAT_GRAZ_534,534,GRAZPEDWRI-DX,train,0534_1274755035_03_WRI-L1_M006,0534_1274755076_03_WRI-L2_M006,D:\projects\MediMind\ai-prediction-service\artifacts\fracture_v2\experiment5_localization\dataset\images\train\0534_1274755035_03_WRI-L1_M006.png,D:\projects\MediMind\ai-prediction-service\artifacts\fracture_v2\experiment5_localization\dataset\images\train\0534_1274755076_03_WRI-L2_M006.png,True,True,1,1,1,1,6.7,M,L,wrist,NONE
0538_01_WRI-L,PAT_GRAZ_538,538,GRAZPEDWRI-DX,train,0538_0506777191_01_WRI-L1_M013,0538_0506777238_01_WRI-L2_M013,D:\projects\MediMind\ai-prediction-service\artifacts\fracture_v2\experiment5_localization\dataset\images\train\0538_0506777191_01_WRI-L1_M013.png,D:\projects\MediMind\ai-prediction-service\artifacts\fracture_v2\experiment5_localization\dataset\images\train\0538_0506777238_01_WRI-L2_M013.png,True,True,0,0,0,1,13.4,M,L,wrist,NONE
0539_01_WRI-L,PAT_GRAZ_539,539,GRAZPEDWRI-DX,train,0539_0809029078_01_WRI-L1_M006,0539_0809029124_01_WRI-L2_M006,D:\projects\MediMind\ai-prediction-service\artifacts\fracture_v2\experiment5_localization\dataset\images\train\0539_0809029078_01_WRI-L1_M006.png,D:\projects\MediMind\ai-prediction-service\artifacts\fracture_v2\experiment5_localization\dataset\images\train\0539_0809029124_01_WRI-L2_M006.png,True,True,1,1,1,1,6.8,M,L,wrist,NONE
0541_01_WRI-L,PAT_GRAZ_541,541,GRAZPEDWRI-DX,train,0541_0825695524_01_WRI-L1_M007,0541_0825695552_01_WRI-L2_M007,D:\projects\MediMind\ai-prediction-service\artifacts\fracture_v2\experiment5_localization\dataset\images\train\0541_0825695524_01_WRI-L1_M007.png,D:\projects\MediMind\ai-prediction-service\artifacts\fracture_v2\experiment5_localization\dataset\images\train\0541_0825695552_01_WRI-L2_M007.png,True,True,1,1,1,1,7.6,M,L,wrist,NONE
0541_02_WRI-L,PAT_GRAZ_541,541,GRAZPEDWRI-DX,train,0541_0826267477_02_WRI-L1_M007,0541_0826267511_02_WRI-L2_M007,D:\projects\MediMind\ai-prediction-service\artifacts\fracture_v2\experiment5_localization\dataset\images\train\0541_0826267477_02_WRI-L1_M007.png,D:\projects\MediMind\ai-prediction-service\artifacts\fracture_v2\experiment5_localization\dataset\images\train\0541_0826267511_02_WRI-L2_M007.png,True,True,1,1,1,1,7.6,M,L,wrist,NONE
0541_03_WRI-R,PAT_GRAZ_541,541,GRAZPEDWRI-DX,train,0541_0857212799_03_WRI-R1_M008,0541_0857212844_03_WRI-R2_M008,D:\projects\MediMind\ai-prediction-service\artifacts\fracture_v2\experiment5_localization\dataset\images\train\0541_0857212799_03_WRI-R1_M008.png,D:\projects\MediMind\ai-prediction-service\artifacts\fracture_v2\experiment5_localization\dataset\images\train\0541_0857212844_03_WRI-R2_M008.png,True,True,1,1,1,1,8.6,M,R,wrist,NONE
0542_01_WRI-L,PAT_GRAZ_542,542,GRAZPEDWRI-DX,train,0542_0296223160_01_WRI-L1_F010,0542_0296223216_01_WRI-L2_F010,D:\projects\MediMind\ai-prediction-service\artifacts\fracture_v2\experiment5_localization\dataset\images\train\0542_0296223160_01_WRI-L1_F010.png,D:\projects\MediMind\ai-prediction-service\artifacts\fracture_v2\experiment5_localization\dataset\images\train\0542_0296223216_01_WRI-L2_F010.png,True,True,1,1,1,1,10.5,F,L,wrist,NONE
0542_02_WRI-L,PAT_GRAZ_542,542,GRAZPEDWRI-DX,train,0542_0297595083_02_WRI-L1_F010,0542_0297595113_02_WRI-L2_F010,D:\projects\MediMind\ai-prediction-service\artifacts\fracture_v2\experiment5_localization\dataset\images\train\0542_0297595083_02_WRI-L1_F010.png,D:\projects\MediMind\ai-prediction-service\artifacts\fracture_v2\experiment5_localization\dataset\images\train\0542_0297595113_02_WRI-L2_F010.png,True,True,1,1,1,1,10.6,F,L,wrist,NONE
0542_03_WRI-L,PAT_GRAZ_542,542,GRAZPEDWRI-DX,train,0542_0298295683_03_WRI-L1_F010,0542_0298295711_03_WRI-L2_F010,D:\projects\MediMind\ai-prediction-service\artifacts\fracture_v2\experiment5_localization\dataset\images\train\0542_0298295683_03_WRI-L1_F010.png,D:\projects\MediMind\ai-prediction-service\artifacts\fracture_v2\experiment5_localization\dataset\images\train\0542_0298295711_03_WRI-L2_F010.png,True,True,1,1,1,1,10.6,F,L,wrist,NONE
0543_01_WRI-L,PAT_GRAZ_543,543,GRAZPEDWRI-DX,train,0543_1175085345_01_WRI-L1_F016,0543_1175085374_01_WRI-L2_F016,D:\projects\MediMind\ai-prediction-service\artifacts\fracture_v2\experiment5_localization\dataset\images\train\0543_1175085345_01_WRI-L1_F016.png,D:\projects\MediMind\ai-prediction-service\artifacts\fracture_v2\experiment5_localization\dataset\images\train\0543_1175085374_01_WRI-L2_F016.png,True,True,0,0,0,1,16.7,F,L,wrist,NONE
0545_01_WRI-R,PAT_GRAZ_545,545,GRAZPEDWRI-DX,train,0545_0524012898_01_WRI-R1_M012,0545_0524012935_01_WRI-R2_M012,D:\projects\MediMind\ai-prediction-service\artifacts\fracture_v2\experiment5_localization\dataset\images\train\0545_0524012898_01_WRI-R1_M012.png,D:\projects\MediMind\ai-prediction-service\artifacts\fracture_v2\experiment5_localization\dataset\images\train\0545_0524012935_01_WRI-R2_M012.png,True,True,0,0,0,1,12.8,M,R,wrist,NONE
0552_01_WRI-R,PAT_GRAZ_552,552,GRAZPEDWRI-DX,train,0552_1116861359_01_WRI-R1_M014,0552_1116861419_01_WRI-R2_M014,D:\projects\MediMind\ai-prediction-service\artifacts\fracture_v2\experiment5_localization\dataset\images\train\0552_1116861359_01_WRI-R1_M014.png,D:\projects\MediMind\ai-prediction-service\artifacts\fracture_v2\experiment5_localization\dataset\images\train\0552_1116861419_01_WRI-R2_M014.png,True,True,0,0,0,1,14.9,M,R,wrist,NONE
0554_01_WRI-L,PAT_GRAZ_554,554,GRAZPEDWRI-DX,train,0554_0653164727_01_WRI-L1_M014,0554_0653164762_01_WRI-L2_M014,D:\projects\MediMind\ai-prediction-service\artifacts\fracture_v2\experiment5_localization\dataset\images\train\0554_0653164727_01_WRI-L1_M014.png,D:\projects\MediMind\ai-prediction-service\artifacts\fracture_v2\experiment5_localization\dataset\images\train\0554_0653164762_01_WRI-L2_M014.png,True,True,1,0,1,0,14.6,M,L,wrist,NONE
0555_01_WRI-R,PAT_GRAZ_555,555,GRAZPEDWRI-DX,train,0555_0316621033_01_WRI-R1_F017,0555_0316621080_01_WRI-R2_F017,D:\projects\MediMind\ai-prediction-service\artifacts\fracture_v2\experiment5_localization\dataset\images\train\0555_0316621033_01_WRI-R1_F017.png,D:\projects\MediMind\ai-prediction-service\artifacts\fracture_v2\experiment5_localization\dataset\images\train\0555_0316621080_01_WRI-R2_F017.png,True,True,0,0,0,1,17.7,F,R,wrist,NONE
0556_01_WRI-R,PAT_GRAZ_556,556,GRAZPEDWRI-DX,train,0556_0420188958_01_WRI-R1_F012,0556_0420188988_01_WRI-R2_F012,D:\projects\MediMind\ai-prediction-service\artifacts\fracture_v2\experiment5_localization\dataset\images\train\0556_0420188958_01_WRI-R1_F012.png,D:\projects\MediMind\ai-prediction-service\artifacts\fracture_v2\experiment5_localization\dataset\images\train\0556_0420188988_01_WRI-R2_F012.png,True,True,0,0,0,1,12.3,F,R,wrist,NONE
0556_02_WRI-R,PAT_GRAZ_556,556,GRAZPEDWRI-DX,train,0556_0433894056_02_WRI-R1_F012,0556_0433894124_02_WRI-R2_F012,D:\projects\MediMind\ai-prediction-service\artifacts\fracture_v2\experiment5_localization\dataset\images\train\0556_0433894056_02_WRI-R1_F012.png,D:\projects\MediMind\ai-prediction-service\artifacts\fracture_v2\experiment5_localization\dataset\images\train\0556_0433894124_02_WRI-R2_F012.png,True,True,0,0,0,1,12.7,F,R,wrist,NONE
0557_01_WRI-R,PAT_GRAZ_557,557,GRAZPEDWRI-DX,train,0557_0898768797_01_WRI-R1_F010,0557_0898768842_01_WRI-R2_F010,D:\projects\MediMind\ai-prediction-service\artifacts\fracture_v2\experiment5_localization\dataset\images\train\0557_0898768797_01_WRI-R1_F010.png,D:\projects\MediMind\ai-prediction-service\artifacts\fracture_v2\experiment5_localization\dataset\images\train\0557_0898768842_01_WRI-R2_F010.png,True,True,1,1,1,1,10.4,F,R,wrist,NONE
0558_01_WRI-L,PAT_GRAZ_558,558,GRAZPEDWRI-DX,train,0558_0322651610_01_WRI-L1_F008,0558_0322651625_01_WRI-L2_F008,D:\projects\MediMind\ai-prediction-service\artifacts\fracture_v2\experiment5_localization\dataset\images\train\0558_0322651610_01_WRI-L1_F008.png,D:\projects\MediMind\ai-prediction-service\artifacts\fracture_v2\experiment5_localization\dataset\images\train\0558_0322651625_01_WRI-L2_F008.png,True,True,0,0,0,1,8.7,F,L,wrist,NONE
0559_01_WRI-R,PAT_GRAZ_559,559,GRAZPEDWRI-DX,train,0559_0789462229_01_WRI-R1_M002,0559_0789462280_01_WRI-R2_M002,D:\projects\MediMind\ai-prediction-service\artifacts\fracture_v2\experiment5_localization\dataset\images\train\0559_0789462229_01_WRI-R1_M002.png,D:\projects\MediMind\ai-prediction-service\artifacts\fracture_v2\experiment5_localization\dataset\images\train\0559_0789462280_01_WRI-R2_M002.png,True,True,0,0,0,1,2.1,M,R,wrist,NONE
0560_01_WRI-R,PAT_GRAZ_560,560,GRAZPEDWRI-DX,train,0560_0423122118_01_WRI-R1_M007,0560_0423122172_01_WRI-R2_M007,D:\projects\MediMind\ai-prediction-service\artifacts\fracture_v2\experiment5_localization\dataset\images\train\0560_0423122118_01_WRI-R1_M007.png,D:\projects\MediMind\ai-prediction-service\artifacts\fracture_v2\experiment5_localization\dataset\images\train\0560_0423122172_01_WRI-R2_M007.png,True,True,1,1,1,1,7.0,M,R,wrist,NONE
0560_01_WRI-L,PAT_GRAZ_560,560,GRAZPEDWRI-DX,train,0560_0423122214_01_WRI-L1_M007,0560_0423122272_01_WRI-L2_M007,D:\projects\MediMind\ai-prediction-service\artifacts\fracture_v2\experiment5_localization\dataset\images\train\0560_0423122214_01_WRI-L1_M007.png,D:\projects\MediMind\ai-prediction-service\artifacts\fracture_v2\experiment5_localization\dataset\images\train\0560_0423122272_01_WRI-L2_M007.png,True,True,1,1,1,1,7.0,M,L,wrist,NONE
0560_03_WRI-R,PAT_GRAZ_560,560,GRAZPEDWRI-DX,train,0560_0423813004_03_WRI-R1_M007,0560_0423813101_03_WRI-R2_M007,D:\projects\MediMind\ai-prediction-service\artifacts\fracture_v2\experiment5_localization\dataset\images\train\0560_0423813004_03_WRI-R1_M007.png,D:\projects\MediMind\ai-prediction-service\artifacts\fracture_v2\experiment5_localization\dataset\images\train\0560_0423813101_03_WRI-R2_M007.png,True,True,1,1,1,1,7.0,M,R,wrist,NONE
0560_04_WRI-R,PAT_GRAZ_560,560,GRAZPEDWRI-DX,train,0560_0423816623_04_WRI-R1_M007,0560_0423816728_04_WRI-R2_M007,D:\projects\MediMind\ai-prediction-service\artifacts\fracture_v2\experiment5_localization\dataset\images\train\0560_0423816623_04_WRI-R1_M007.png,D:\projects\MediMind\ai-prediction-service\artifacts\fracture_v2\experiment5_localization\dataset\images\train\0560_0423816728_04_WRI-R2_M007.png,True,True,1,1,1,1,7.0,M,R,wrist,NONE
0560_04_WRI-L,PAT_GRAZ_560,560,GRAZPEDWRI-DX,train,0560_0423816671_04_WRI-L1_M007,0560_0423816768_04_WRI-L2_M007,D:\projects\MediMind\ai-prediction-service\artifacts\fracture_v2\experiment5_localization\dataset\images\train\0560_0423816671_04_WRI-L1_M007.png,D:\projects\MediMind\ai-prediction-service\artifacts\fracture_v2\experiment5_localization\dataset\images\train\0560_0423816768_04_WRI-L2_M007.png,True,True,1,1,1,1,7.0,M,L,wrist,NONE
0560_05_WRI-R,PAT_GRAZ_560,560,GRAZPEDWRI-DX,train,0560_0424420718_05_WRI-R1_M007,0560_0424420824_05_WRI-R2_M007,D:\projects\MediMind\ai-prediction-service\artifacts\fracture_v2\experiment5_localization\dataset\images\train\0560_0424420718_05_WRI-R1_M007.png,D:\projects\MediMind\ai-prediction-service\artifacts\fracture_v2\experiment5_localization\dataset\images\train\0560_0424420824_05_WRI-R2_M007.png,True,True,1,1,1,1,7.0,M,R,wrist,NONE
0560_05_WRI-L,PAT_GRAZ_560,560,GRAZPEDWRI-DX,train,0560_0424420765_05_WRI-L1_M007,0560_0424420886_05_WRI-L2_M007,D:\projects\MediMind\ai-prediction-service\artifacts\fracture_v2\experiment5_localization\dataset\images\train\0560_0424420765_05_WRI-L1_M007.png,D:\projects\MediMind\ai-prediction-service\artifacts\fracture_v2\experiment5_localization\dataset\images\train\0560_0424420886_05_WRI-L2_M007.png,True,True,1,1,1,1,7.0,M,L,wrist,NONE
0560_06_WRI-R,PAT_GRAZ_560,560,GRAZPEDWRI-DX,train,0560_0425029609_06_WRI-R1_M007,0560_0425029820_06_WRI-R2_M007,D:\projects\MediMind\ai-prediction-service\artifacts\fracture_v2\experiment5_localization\dataset\images\train\0560_0425029609_06_WRI-R1_M007.png,D:\projects\MediMind\ai-prediction-service\artifacts\fracture_v2\experiment5_localization\dataset\images\train\0560_0425029820_06_WRI-R2_M007.png,True,True,1,1,1,1,7.0,M,R,wrist,NONE
0560_06_WRI-L,PAT_GRAZ_560,560,GRAZPEDWRI-DX,train,0560_0425029673_06_WRI-L1_M007,0560_0425029737_06_WRI-L2_M007,D:\projects\MediMind\ai-prediction-service\artifacts\fracture_v2\experiment5_localization\dataset\images\train\0560_0425029673_06_WRI-L1_M007.png,D:\projects\MediMind\ai-prediction-service\artifacts\fracture_v2\experiment5_localization\dataset\images\train\0560_0425029737_06_WRI-L2_M007.png,True,True,1,1,1,1,7.0,M,L,wrist,NONE
0560_07_WRI-R,PAT_GRAZ_560,560,GRAZPEDWRI-DX,train,0560_0425632878_07_WRI-R1_M007,0560_0425632906_07_WRI-R2_M007,D:\projects\MediMind\ai-prediction-service\artifacts\fracture_v2\experiment5_localization\dataset\images\train\0560_0425632878_07_WRI-R1_M007.png,D:\projects\MediMind\ai-prediction-service\artifacts\fracture_v2\experiment5_localization\dataset\images\train\0560_0425632906_07_WRI-R2_M007.png,True,True,1,1,1,1,7.0,M,R,wrist,NONE
0560_07_WRI-L,PAT_GRAZ_560,560,GRAZPEDWRI-DX,train,0560_0425632927_07_WRI-L1_M007,0560_0425632944_07_WRI-L2_M007,D:\projects\MediMind\ai-prediction-service\artifacts\fracture_v2\experiment5_localization\dataset\images\train\0560_0425632927_07_WRI-L1_M007.png,D:\projects\MediMind\ai-prediction-service\artifacts\fracture_v2\experiment5_localization\dataset\images\train\0560_0425632944_07_WRI-L2_M007.png,True,True,1,1,1,1,7.0,M,L,wrist,NONE
0560_08_WRI-R,PAT_GRAZ_560,560,GRAZPEDWRI-DX,train,0560_0426426054_08_WRI-R1_M007,0560_0426426091_08_WRI-R2_M007,D:\projects\MediMind\ai-prediction-service\artifacts\fracture_v2\experiment5_localization\dataset\images\train\0560_0426426054_08_WRI-R1_M007.png,D:\projects\MediMind\ai-prediction-service\artifacts\fracture_v2\experiment5_localization\dataset\images\train\0560_0426426091_08_WRI-R2_M007.png,True,True,1,1,1,1,7.1,M,R,wrist,NONE
0560_09_WRI-L,PAT_GRAZ_560,560,GRAZPEDWRI-DX,train,0560_0426749577_09_WRI-L1_M007,0560_0426749638_09_WRI-L2_M007,D:\projects\MediMind\ai-prediction-service\artifacts\fracture_v2\experiment5_localization\dataset\images\train\0560_0426749577_09_WRI-L1_M007.png,D:\projects\MediMind\ai-prediction-service\artifacts\fracture_v2\experiment5_localization\dataset\images\train\0560_0426749638_09_WRI-L2_M007.png,True,True,1,1,1,1,7.1,M,L,wrist,NONE
0560_10_WRI-R,PAT_GRAZ_560,560,GRAZPEDWRI-DX,train,0560_0427955195_10_WRI-R1_M007,0560_0427955252_10_WRI-R2_M007,D:\projects\MediMind\ai-prediction-service\artifacts\fracture_v2\experiment5_localization\dataset\images\train\0560_0427955195_10_WRI-R1_M007.png,D:\projects\MediMind\ai-prediction-service\artifacts\fracture_v2\experiment5_localization\dataset\images\train\0560_0427955252_10_WRI-R2_M007.png,True,True,1,1,1,1,7.1,M,R,wrist,NONE
0561_01_WRI-R,PAT_GRAZ_561,561,GRAZPEDWRI-DX,train,0561_0980586018_01_WRI-R1_M013,0561_0980586065_01_WRI-R2_M013,D:\projects\MediMind\ai-prediction-service\artifacts\fracture_v2\experiment5_localization\dataset\images\train\0561_0980586018_01_WRI-R1_M013.png,D:\projects\MediMind\ai-prediction-service\artifacts\fracture_v2\experiment5_localization\dataset\images\train\0561_0980586065_01_WRI-R2_M013.png,True,True,0,0,0,1,13.9,M,R,wrist,NONE
0564_01_WRI-R,PAT_GRAZ_564,564,GRAZPEDWRI-DX,train,0564_0527662110_01_WRI-R1_F005,0564_0527662139_01_WRI-R2_F005,D:\projects\MediMind\ai-prediction-service\artifacts\fracture_v2\experiment5_localization\dataset\images\train\0564_0527662110_01_WRI-R1_F005.png,D:\projects\MediMind\ai-prediction-service\artifacts\fracture_v2\experiment5_localization\dataset\images\train\0564_0527662139_01_WRI-R2_F005.png,True,True,0,0,0,1,5.7,F,R,wrist,NONE
0565_01_WRI-L,PAT_GRAZ_565,565,GRAZPEDWRI-DX,train,0565_1106531878_01_WRI-L1_F015,0565_1106531932_01_WRI-L2_F015,D:\projects\MediMind\ai-prediction-service\artifacts\fracture_v2\experiment5_localization\dataset\images\train\0565_1106531878_01_WRI-L1_F015.png,D:\projects\MediMind\ai-prediction-service\artifacts\fracture_v2\experiment5_localization\dataset\images\train\0565_1106531932_01_WRI-L2_F015.png,True,True,0,0,0,1,15.2,F,L,wrist,NONE
0565_02_WRI-L,PAT_GRAZ_565,565,GRAZPEDWRI-DX,train,0565_1111018701_02_WRI-L1_F015,0565_1111018748_02_WRI-L2_F015,D:\projects\MediMind\ai-prediction-service\artifacts\fracture_v2\experiment5_localization\dataset\images\train\0565_1111018701_02_WRI-L1_F015.png,D:\projects\MediMind\ai-prediction-service\artifacts\fracture_v2\experiment5_localization\dataset\images\train\0565_1111018748_02_WRI-L2_F015.png,True,True,0,0,0,1,15.3,F,L,wrist,NONE
0566_01_WRI-R,PAT_GRAZ_566,566,GRAZPEDWRI-DX,train,0566_1176902613_01_WRI-R1_M015,0566_1176902744_01_WRI-R2_M015,D:\projects\MediMind\ai-prediction-service\artifacts\fracture_v2\experiment5_localization\dataset\images\train\0566_1176902613_01_WRI-R1_M015.png,D:\projects\MediMind\ai-prediction-service\artifacts\fracture_v2\experiment5_localization\dataset\images\train\0566_1176902744_01_WRI-R2_M015.png,True,True,1,0,1,0,15.2,M,R,wrist,NONE
0566_01_WRI-L,PAT_GRAZ_566,566,GRAZPEDWRI-DX,train,0566_1176902659_01_WRI-L1_M015,0566_1176902707_01_WRI-L2_M015,D:\projects\MediMind\ai-prediction-service\artifacts\fracture_v2\experiment5_localization\dataset\images\train\0566_1176902659_01_WRI-L1_M015.png,D:\projects\MediMind\ai-prediction-service\artifacts\fracture_v2\experiment5_localization\dataset\images\train\0566_1176902707_01_WRI-L2_M015.png,True,True,1,1,1,1,15.2,M,L,wrist,NONE
0566_02_WRI-R,PAT_GRAZ_566,566,GRAZPEDWRI-DX,train,0566_1177594645_02_WRI-R1_M015,0566_1177594688_02_WRI-R2_M015,D:\projects\MediMind\ai-prediction-service\artifacts\fracture_v2\experiment5_localization\dataset\images\train\0566_1177594645_02_WRI-R1_M015.png,D:\projects\MediMind\ai-prediction-service\artifacts\fracture_v2\experiment5_localization\dataset\images\train\0566_1177594688_02_WRI-R2_M015.png,True,True,1,0,1,0,15.2,M,R,wrist,NONE
0566_02_WRI-L,PAT_GRAZ_566,566,GRAZPEDWRI-DX,train,0566_1177594724_02_WRI-L1_M015,0566_1177594763_02_WRI-L2_M015,D:\projects\MediMind\ai-prediction-service\artifacts\fracture_v2\experiment5_localization\dataset\images\train\0566_1177594724_02_WRI-L1_M015.png,D:\projects\MediMind\ai-prediction-service\artifacts\fracture_v2\experiment5_localization\dataset\images\train\0566_1177594763_02_WRI-L2_M015.png,True,True,1,1,1,1,15.2,M,L,wrist,NONE
0566_03_WRI-R,PAT_GRAZ_566,566,GRAZPEDWRI-DX,train,0566_1178191560_03_WRI-R1_M015,0566_1178191598_03_WRI-R2_M015,D:\projects\MediMind\ai-prediction-service\artifacts\fracture_v2\experiment5_localization\dataset\images\train\0566_1178191560_03_WRI-R1_M015.png,D:\projects\MediMind\ai-prediction-service\artifacts\fracture_v2\experiment5_localization\dataset\images\train\0566_1178191598_03_WRI-R2_M015.png,True,True,1,1,1,1,15.2,M,R,wrist,NONE
0566_04_WRI-R,PAT_GRAZ_566,566,GRAZPEDWRI-DX,train,0566_1179399571_04_WRI-R1_M015,0566_1179399625_04_WRI-R2_M015,D:\projects\MediMind\ai-prediction-service\artifacts\fracture_v2\experiment5_localization\dataset\images\train\0566_1179399571_04_WRI-R1_M015.png,D:\projects\MediMind\ai-prediction-service\artifacts\fracture_v2\experiment5_localization\dataset\images\train\0566_1179399625_04_WRI-R2_M015.png,True,True,1,1,1,1,15.3,M,R,wrist,NONE
0566_04_WRI-L,PAT_GRAZ_566,566,GRAZPEDWRI-DX,train,0566_1179399725_04_WRI-L1_M015,0566_1179399795_04_WRI-L2_M015,D:\projects\MediMind\ai-prediction-service\artifacts\fracture_v2\experiment5_localization\dataset\images\train\0566_1179399725_04_WRI-L1_M015.png,D:\projects\MediMind\ai-prediction-service\artifacts\fracture_v2\experiment5_localization\dataset\images\train\0566_1179399795_04_WRI-L2_M015.png,True,True,1,1,1,1,15.3,M,L,wrist,NONE
0567_01_WRI-L,PAT_GRAZ_567,567,GRAZPEDWRI-DX,train,0567_0408891639_01_WRI-L1_F013,0567_0408891665_01_WRI-L2_F013,D:\projects\MediMind\ai-prediction-service\artifacts\fracture_v2\experiment5_localization\dataset\images\train\0567_0408891639_01_WRI-L1_F013.png,D:\projects\MediMind\ai-prediction-service\artifacts\fracture_v2\experiment5_localization\dataset\images\train\0567_0408891665_01_WRI-L2_F013.png,True,True,0,1,1,0,13.2,F,L,wrist,NONE
0568_01_WRI-L,PAT_GRAZ_568,568,GRAZPEDWRI-DX,train,0568_1144896353_01_WRI-L1_F009,0568_1144896379_01_WRI-L2_F009,D:\projects\MediMind\ai-prediction-service\artifacts\fracture_v2\experiment5_localization\dataset\images\train\0568_1144896353_01_WRI-L1_F009.png,D:\projects\MediMind\ai-prediction-service\artifacts\fracture_v2\experiment5_localization\dataset\images\train\0568_1144896379_01_WRI-L2_F009.png,True,True,0,0,0,1,9.3,F,L,wrist,NONE
0569_01_WRI-L,PAT_GRAZ_569,569,GRAZPEDWRI-DX,train,0569_1071550812_01_WRI-L1_M006,0569_1071550836_01_WRI-L2_M006,D:\projects\MediMind\ai-prediction-service\artifacts\fracture_v2\experiment5_localization\dataset\images\train\0569_1071550812_01_WRI-L1_M006.png,D:\projects\MediMind\ai-prediction-service\artifacts\fracture_v2\experiment5_localization\dataset\images\train\0569_1071550836_01_WRI-L2_M006.png,True,True,0,0,0,1,6.3,M,L,wrist,NONE
0570_01_WRI-L,PAT_GRAZ_570,570,GRAZPEDWRI-DX,train,0570_1281740402_01_WRI-L1_M010,0570_1281740428_01_WRI-L2_M010,D:\projects\MediMind\ai-prediction-service\artifacts\fracture_v2\experiment5_localization\dataset\images\train\0570_1281740402_01_WRI-L1_M010.png,D:\projects\MediMind\ai-prediction-service\artifacts\fracture_v2\experiment5_localization\dataset\images\train\0570_1281740428_01_WRI-L2_M010.png,True,True,0,0,0,1,10.5,M,L,wrist,NONE
0571_01_WRI-R,PAT_GRAZ_571,571,GRAZPEDWRI-DX,train,0571_1036285342_01_WRI-R1_M013,0571_1036285370_01_WRI-R2_M013,D:\projects\MediMind\ai-prediction-service\artifacts\fracture_v2\experiment5_localization\dataset\images\train\0571_1036285342_01_WRI-R1_M013.png,D:\projects\MediMind\ai-prediction-service\artifacts\fracture_v2\experiment5_localization\dataset\images\train\0571_1036285370_01_WRI-R2_M013.png,True,True,1,1,1,1,13.1,M,R,wrist,NONE
0571_04_WRI-R,PAT_GRAZ_571,571,GRAZPEDWRI-DX,train,0571_1038054372_04_WRI-R1_M013,0571_1038054395_04_WRI-R2_M013,D:\projects\MediMind\ai-prediction-service\artifacts\fracture_v2\experiment5_localization\dataset\images\train\0571_1038054372_04_WRI-R1_M013.png,D:\projects\MediMind\ai-prediction-service\artifacts\fracture_v2\experiment5_localization\dataset\images\train\0571_1038054395_04_WRI-R2_M013.png,True,True,1,1,1,1,13.2,M,R,wrist,NONE
0572_01_WRI-L,PAT_GRAZ_572,572,GRAZPEDWRI-DX,train,0572_1051828815_01_WRI-L1_M011,0572_1051828886_01_WRI-L2_M011,D:\projects\MediMind\ai-prediction-service\artifacts\fracture_v2\experiment5_localization\dataset\images\train\0572_1051828815_01_WRI-L1_M011.png,D:\projects\MediMind\ai-prediction-service\artifacts\fracture_v2\experiment5_localization\dataset\images\train\0572_1051828886_01_WRI-L2_M011.png,True,True,1,1,1,1,11.6,M,L,wrist,NONE
0572_02_WRI-L,PAT_GRAZ_572,572,GRAZPEDWRI-DX,train,0572_1052437481_02_WRI-L1_M011,0572_1052437517_02_WRI-L2_M011,D:\projects\MediMind\ai-prediction-service\artifacts\fracture_v2\experiment5_localization\dataset\images\train\0572_1052437481_02_WRI-L1_M011.png,D:\projects\MediMind\ai-prediction-service\artifacts\fracture_v2\experiment5_localization\dataset\images\train\0572_1052437517_02_WRI-L2_M011.png,True,True,1,1,1,1,11.6,M,L,wrist,NONE
0572_03_WRI-L,PAT_GRAZ_572,572,GRAZPEDWRI-DX,train,0572_1053556904_03_WRI-L1_M011,0572_1053556956_03_WRI-L2_M011,D:\projects\MediMind\ai-prediction-service\artifacts\fracture_v2\experiment5_localization\dataset\images\train\0572_1053556904_03_WRI-L1_M011.png,D:\projects\MediMind\ai-prediction-service\artifacts\fracture_v2\experiment5_localization\dataset\images\train\0572_1053556956_03_WRI-L2_M011.png,True,True,1,1,1,1,11.6,M,L,wrist,NONE
0572_04_WRI-L,PAT_GRAZ_572,572,GRAZPEDWRI-DX,train,0572_1054771544_04_WRI-L1_M011,0572_1054771611_04_WRI-L2_M011,D:\projects\MediMind\ai-prediction-service\artifacts\fracture_v2\experiment5_localization\dataset\images\train\0572_1054771544_04_WRI-L1_M011.png,D:\projects\MediMind\ai-prediction-service\artifacts\fracture_v2\experiment5_localization\dataset\images\train\0572_1054771611_04_WRI-L2_M011.png,True,True,1,1,1,1,11.7,M,L,wrist,NONE
0574_01_WRI-L,PAT_GRAZ_574,574,GRAZPEDWRI-DX,train,0574_0355766615_01_WRI-L1_M012,0574_0355766687_01_WRI-L2_M012,D:\projects\MediMind\ai-prediction-service\artifacts\fracture_v2\experiment5_localization\dataset\images\train\0574_0355766615_01_WRI-L1_M012.png,D:\projects\MediMind\ai-prediction-service\artifacts\fracture_v2\experiment5_localization\dataset\images\train\0574_0355766687_01_WRI-L2_M012.png,True,True,1,1,1,1,12.0,M,L,wrist,NONE
0574_02_WRI-L,PAT_GRAZ_574,574,GRAZPEDWRI-DX,train,0574_0395968502_02_WRI-L1_M013,0574_0395968547_02_WRI-L2_M013,D:\projects\MediMind\ai-prediction-service\artifacts\fracture_v2\experiment5_localization\dataset\images\train\0574_0395968502_02_WRI-L1_M013.png,D:\projects\MediMind\ai-prediction-service\artifacts\fracture_v2\experiment5_localization\dataset\images\train\0574_0395968547_02_WRI-L2_M013.png,True,True,1,1,1,1,13.3,M,L,wrist,NONE
0574_03_WRI-L,PAT_GRAZ_574,574,GRAZPEDWRI-DX,train,0574_0396353879_03_WRI-L1_M013,0574_0396353947_03_WRI-L2_M013,D:\projects\MediMind\ai-prediction-service\artifacts\fracture_v2\experiment5_localization\dataset\images\train\0574_0396353879_03_WRI-L1_M013.png,D:\projects\MediMind\ai-prediction-service\artifacts\fracture_v2\experiment5_localization\dataset\images\train\0574_0396353947_03_WRI-L2_M013.png,True,True,1,1,1,1,13.3,M,L,wrist,NONE
0575_01_WRI-R,PAT_GRAZ_575,575,GRAZPEDWRI-DX,train,0575_0317437877_01_WRI-R1_M010,0575_0317437909_01_WRI-R2_M010,D:\projects\MediMind\ai-prediction-service\artifacts\fracture_v2\experiment5_localization\dataset\images\train\0575_0317437877_01_WRI-R1_M010.png,D:\projects\MediMind\ai-prediction-service\artifacts\fracture_v2\experiment5_localization\dataset\images\train\0575_0317437909_01_WRI-R2_M010.png,True,True,1,1,1,1,10.9,M,R,wrist,NONE
0576_01_WRI-R,PAT_GRAZ_576,576,GRAZPEDWRI-DX,train,0576_0346496379_01_WRI-R1_F014,0576_0346496439_01_WRI-R2_F014,D:\projects\MediMind\ai-prediction-service\artifacts\fracture_v2\experiment5_localization\dataset\images\train\0576_0346496379_01_WRI-R1_F014.png,D:\projects\MediMind\ai-prediction-service\artifacts\fracture_v2\experiment5_localization\dataset\images\train\0576_0346496439_01_WRI-R2_F014.png,True,True,0,0,0,1,14.2,F,R,wrist,NONE
0577_01_WRI-L,PAT_GRAZ_577,577,GRAZPEDWRI-DX,train,0577_0355113078_01_WRI-L1_F016,0577_0355113112_01_WRI-L2_F016,D:\projects\MediMind\ai-prediction-service\artifacts\fracture_v2\experiment5_localization\dataset\images\train\0577_0355113078_01_WRI-L1_F016.png,D:\projects\MediMind\ai-prediction-service\artifacts\fracture_v2\experiment5_localization\dataset\images\train\0577_0355113112_01_WRI-L2_F016.png,True,True,0,0,0,1,16.5,F,L,wrist,NONE
0578_01_WRI-L,PAT_GRAZ_578,578,GRAZPEDWRI-DX,train,0578_0832175432_01_WRI-L1_F011,0578_0832175499_01_WRI-L2_F011,D:\projects\MediMind\ai-prediction-service\artifacts\fracture_v2\experiment5_localization\dataset\images\train\0578_0832175432_01_WRI-L1_F011.png,D:\projects\MediMind\ai-prediction-service\artifacts\fracture_v2\experiment5_localization\dataset\images\train\0578_0832175499_01_WRI-L2_F011.png,True,True,1,1,1,1,11.7,F,L,wrist,NONE
0578_03_WRI-L,PAT_GRAZ_578,578,GRAZPEDWRI-DX,train,0578_0832753824_03_WRI-L1_F011,0578_0832753892_03_WRI-L2_F011,D:\projects\MediMind\ai-prediction-service\artifacts\fracture_v2\experiment5_localization\dataset\images\train\0578_0832753824_03_WRI-L1_F011.png,D:\projects\MediMind\ai-prediction-service\artifacts\fracture_v2\experiment5_localization\dataset\images\train\0578_0832753892_03_WRI-L2_F011.png,True,True,1,1,1,1,11.7,F,L,wrist,NONE
0578_04_WRI-L,PAT_GRAZ_578,578,GRAZPEDWRI-DX,train,0578_0833352091_04_WRI-L1_F011,0578_0833352169_04_WRI-L2_F011,D:\projects\MediMind\ai-prediction-service\artifacts\fracture_v2\experiment5_localization\dataset\images\train\0578_0833352091_04_WRI-L1_F011.png,D:\projects\MediMind\ai-prediction-service\artifacts\fracture_v2\experiment5_localization\dataset\images\train\0578_0833352169_04_WRI-L2_F011.png,True,True,1,1,1,1,11.7,F,L,wrist,NONE
0578_05_WRI-L,PAT_GRAZ_578,578,GRAZPEDWRI-DX,train,0578_0834563500_05_WRI-L1_F011,0578_0834563567_05_WRI-L2_F011,D:\projects\MediMind\ai-prediction-service\artifacts\fracture_v2\experiment5_localization\dataset\images\train\0578_0834563500_05_WRI-L1_F011.png,D:\projects\MediMind\ai-prediction-service\artifacts\fracture_v2\experiment5_localization\dataset\images\train\0578_0834563567_05_WRI-L2_F011.png,True,True,1,1,1,1,11.7,F,L,wrist,NONE
0579_01_WRI-L,PAT_GRAZ_579,579,GRAZPEDWRI-DX,train,0579_0669065172_01_WRI-L1_M013,0579_0669065217_01_WRI-L2_M013,D:\projects\MediMind\ai-prediction-service\artifacts\fracture_v2\experiment5_localization\dataset\images\train\0579_0669065172_01_WRI-L1_M013.png,D:\projects\MediMind\ai-prediction-service\artifacts\fracture_v2\experiment5_localization\dataset\images\train\0579_0669065217_01_WRI-L2_M013.png,True,True,0,0,0,1,13.4,M,L,wrist,NONE
0581_01_WRI-L,PAT_GRAZ_581,581,GRAZPEDWRI-DX,train,0581_0562535760_01_WRI-L1_F005,0581_0562535807_01_WRI-L2_F005,D:\projects\MediMind\ai-prediction-service\artifacts\fracture_v2\experiment5_localization\dataset\images\train\0581_0562535760_01_WRI-L1_F005.png,D:\projects\MediMind\ai-prediction-service\artifacts\fracture_v2\experiment5_localization\dataset\images\train\0581_0562535807_01_WRI-L2_F005.png,True,True,1,1,1,1,5.9,F,L,wrist,NONE
0581_02_WRI-R,PAT_GRAZ_581,581,GRAZPEDWRI-DX,train,0581_0572727351_02_WRI-R1_F006,0581_0572727402_02_WRI-R2_F006,D:\projects\MediMind\ai-prediction-service\artifacts\fracture_v2\experiment5_localization\dataset\images\train\0581_0572727351_02_WRI-R1_F006.png,D:\projects\MediMind\ai-prediction-service\artifacts\fracture_v2\experiment5_localization\dataset\images\train\0581_0572727402_02_WRI-R2_F006.png,True,True,1,1,1,1,6.3,F,R,wrist,NONE
0582_01_WRI-R,PAT_GRAZ_582,582,GRAZPEDWRI-DX,train,0582_1121808734_01_WRI-R1_M002,0582_1121808770_01_WRI-R2_M002,D:\projects\MediMind\ai-prediction-service\artifacts\fracture_v2\experiment5_localization\dataset\images\train\0582_1121808734_01_WRI-R1_M002.png,D:\projects\MediMind\ai-prediction-service\artifacts\fracture_v2\experiment5_localization\dataset\images\train\0582_1121808770_01_WRI-R2_M002.png,True,True,0,0,0,1,2.9,M,R,wrist,NONE
0583_01_WRI-R,PAT_GRAZ_583,583,GRAZPEDWRI-DX,train,0583_0675105198_01_WRI-R1_F011,0583_0675105240_01_WRI-R2_F011,D:\projects\MediMind\ai-prediction-service\artifacts\fracture_v2\experiment5_localization\dataset\images\train\0583_0675105198_01_WRI-R1_F011.png,D:\projects\MediMind\ai-prediction-service\artifacts\fracture_v2\experiment5_localization\dataset\images\train\0583_0675105240_01_WRI-R2_F011.png,True,True,0,0,0,1,11.5,F,R,wrist,NONE
0584_01_WRI-L,PAT_GRAZ_584,584,GRAZPEDWRI-DX,train,0584_1113167861_01_WRI-L1_M013,0584_1113167879_01_WRI-L2_M013,D:\projects\MediMind\ai-prediction-service\artifacts\fracture_v2\experiment5_localization\dataset\images\train\0584_1113167861_01_WRI-L1_M013.png,D:\projects\MediMind\ai-prediction-service\artifacts\fracture_v2\experiment5_localization\dataset\images\train\0584_1113167879_01_WRI-L2_M013.png,True,True,1,1,1,1,13.5,M,L,wrist,NONE
0585_01_WRI-L,PAT_GRAZ_585,585,GRAZPEDWRI-DX,train,0585_0800885657_01_WRI-L1_M013,0585_0800885706_01_WRI-L2_M013,D:\projects\MediMind\ai-prediction-service\artifacts\fracture_v2\experiment5_localization\dataset\images\train\0585_0800885657_01_WRI-L1_M013.png,D:\projects\MediMind\ai-prediction-service\artifacts\fracture_v2\experiment5_localization\dataset\images\train\0585_0800885706_01_WRI-L2_M013.png,True,True,1,1,1,1,13.0,M,L,wrist,NONE
0586_01_WRI-L,PAT_GRAZ_586,586,GRAZPEDWRI-DX,train,0586_0853794638_01_WRI-L1_F005,0586_0853794703_01_WRI-L2_F005,D:\projects\MediMind\ai-prediction-service\artifacts\fracture_v2\experiment5_localization\dataset\images\train\0586_0853794638_01_WRI-L1_F005.png,D:\projects\MediMind\ai-prediction-service\artifacts\fracture_v2\experiment5_localization\dataset\images\train\0586_0853794703_01_WRI-L2_F005.png,True,True,0,0,0,1,5.4,F,L,wrist,NONE
0586_03_WRI-L,PAT_GRAZ_586,586,GRAZPEDWRI-DX,train,0586_0938420411_03_WRI-L1_F008,0586_0938420453_03_WRI-L2_F008,D:\projects\MediMind\ai-prediction-service\artifacts\fracture_v2\experiment5_localization\dataset\images\train\0586_0938420411_03_WRI-L1_F008.png,D:\projects\MediMind\ai-prediction-service\artifacts\fracture_v2\experiment5_localization\dataset\images\train\0586_0938420453_03_WRI-L2_F008.png,True,True,1,1,1,1,8.1,F,L,wrist,NONE
0588_01_WRI-R,PAT_GRAZ_588,588,GRAZPEDWRI-DX,train,0588_0707867337_01_WRI-R1_M011,0588_0707867388_01_WRI-R2_M011,D:\projects\MediMind\ai-prediction-service\artifacts\fracture_v2\experiment5_localization\dataset\images\train\0588_0707867337_01_WRI-R1_M011.png,D:\projects\MediMind\ai-prediction-service\artifacts\fracture_v2\experiment5_localization\dataset\images\train\0588_0707867388_01_WRI-R2_M011.png,True,True,0,0,0,1,11.6,M,R,wrist,NONE
0589_01_WRI-L,PAT_GRAZ_589,589,GRAZPEDWRI-DX,train,0589_0819675938_01_WRI-L1_M017,0589_0819675956_01_WRI-L2_M017,D:\projects\MediMind\ai-prediction-service\artifacts\fracture_v2\experiment5_localization\dataset\images\train\0589_0819675938_01_WRI-L1_M017.png,D:\projects\MediMind\ai-prediction-service\artifacts\fracture_v2\experiment5_localization\dataset\images\train\0589_0819675956_01_WRI-L2_M017.png,True,True,1,1,1,1,17.4,M,L,wrist,NONE
0589_02_WRI-L,PAT_GRAZ_589,589,GRAZPEDWRI-DX,train,0589_0820090244_02_WRI-L1_M017,0589_0820090937_02_WRI-L2_M017,D:\projects\MediMind\ai-prediction-service\artifacts\fracture_v2\experiment5_localization\dataset\images\train\0589_0820090244_02_WRI-L1_M017.png,D:\projects\MediMind\ai-prediction-service\artifacts\fracture_v2\experiment5_localization\dataset\images\train\0589_0820090937_02_WRI-L2_M017.png,True,True,1,1,1,1,17.4,M,L,wrist,NONE
0589_03_WRI-L,PAT_GRAZ_589,589,GRAZPEDWRI-DX,train,0589_0820619217_03_WRI-L1_M017,0589_0820619253_03_WRI-L2_M017,D:\projects\MediMind\ai-prediction-service\artifacts\fracture_v2\experiment5_localization\dataset\images\train\0589_0820619217_03_WRI-L1_M017.png,D:\projects\MediMind\ai-prediction-service\artifacts\fracture_v2\experiment5_localization\dataset\images\train\0589_0820619253_03_WRI-L2_M017.png,True,True,1,1,1,1,17.4,M,L,wrist,NONE
0589_04_WRI-L,PAT_GRAZ_589,589,GRAZPEDWRI-DX,train,0589_0821736373_04_WRI-L1_M017,0589_0821736438_04_WRI-L2_M017,D:\projects\MediMind\ai-prediction-service\artifacts\fracture_v2\experiment5_localization\dataset\images\train\0589_0821736373_04_WRI-L1_M017.png,D:\projects\MediMind\ai-prediction-service\artifacts\fracture_v2\experiment5_localization\dataset\images\train\0589_0821736438_04_WRI-L2_M017.png,True,True,1,1,1,1,17.4,M,L,wrist,NONE
0590_01_WRI-L,PAT_GRAZ_590,590,GRAZPEDWRI-DX,train,0590_0592592332_01_WRI-L1_M013,0590_0592592407_01_WRI-L2_M013,D:\projects\MediMind\ai-prediction-service\artifacts\fracture_v2\experiment5_localization\dataset\images\train\0590_0592592332_01_WRI-L1_M013.png,D:\projects\MediMind\ai-prediction-service\artifacts\fracture_v2\experiment5_localization\dataset\images\train\0590_0592592407_01_WRI-L2_M013.png,True,True,1,1,1,1,13.7,M,L,wrist,NONE
0590_02_WRI-L,PAT_GRAZ_590,590,GRAZPEDWRI-DX,train,0590_0593110103_02_WRI-L1_M013,0590_0593110156_02_WRI-L2_M013,D:\projects\MediMind\ai-prediction-service\artifacts\fracture_v2\experiment5_localization\dataset\images\train\0590_0593110103_02_WRI-L1_M013.png,D:\projects\MediMind\ai-prediction-service\artifacts\fracture_v2\experiment5_localization\dataset\images\train\0590_0593110156_02_WRI-L2_M013.png,True,True,1,1,1,1,13.7,M,L,wrist,NONE
0590_03_WRI-L,PAT_GRAZ_590,590,GRAZPEDWRI-DX,train,0590_0593711644_03_WRI-L1_M013,0590_0593711705_03_WRI-L2_M013,D:\projects\MediMind\ai-prediction-service\artifacts\fracture_v2\experiment5_localization\dataset\images\train\0590_0593711644_03_WRI-L1_M013.png,D:\projects\MediMind\ai-prediction-service\artifacts\fracture_v2\experiment5_localization\dataset\images\train\0590_0593711705_03_WRI-L2_M013.png,True,True,1,1,1,1,13.7,M,L,wrist,NONE
0590_04_WRI-L,PAT_GRAZ_590,590,GRAZPEDWRI-DX,train,0590_0594914667_04_WRI-L1_M013,0590_0594914753_04_WRI-L2_M013,D:\projects\MediMind\ai-prediction-service\artifacts\fracture_v2\experiment5_localization\dataset\images\train\0590_0594914667_04_WRI-L1_M013.png,D:\projects\MediMind\ai-prediction-service\artifacts\fracture_v2\experiment5_localization\dataset\images\train\0590_0594914753_04_WRI-L2_M013.png,True,True,1,1,1,1,13.8,M,L,wrist,NONE
0591_01_WRI-R,PAT_GRAZ_591,591,GRAZPEDWRI-DX,train,0591_0897539760_01_WRI-R1_F010,0591_0897539806_01_WRI-R2_F010,D:\projects\MediMind\ai-prediction-service\artifacts\fracture_v2\experiment5_localization\dataset\images\train\0591_0897539760_01_WRI-R1_F010.png,D:\projects\MediMind\ai-prediction-service\artifacts\fracture_v2\experiment5_localization\dataset\images\train\0591_0897539806_01_WRI-R2_F010.png,True,True,1,1,1,1,10.0,F,R,wrist,NONE
0592_01_WRI-R,PAT_GRAZ_592,592,GRAZPEDWRI-DX,train,0592_0689185768_01_WRI-R1_F017,0592_0689185799_01_WRI-R2_F017,D:\projects\MediMind\ai-prediction-service\artifacts\fracture_v2\experiment5_localization\dataset\images\train\0592_0689185768_01_WRI-R1_F017.png,D:\projects\MediMind\ai-prediction-service\artifacts\fracture_v2\experiment5_localization\dataset\images\train\0592_0689185799_01_WRI-R2_F017.png,True,True,1,1,1,1,17.9,F,R,wrist,NONE
0593_01_WRI-L,PAT_GRAZ_593,593,GRAZPEDWRI-DX,train,0593_0822375984_01_WRI-L1_F010,0593_0822375999_01_WRI-L2_F010,D:\projects\MediMind\ai-prediction-service\artifacts\fracture_v2\experiment5_localization\dataset\images\train\0593_0822375984_01_WRI-L1_F010.png,D:\projects\MediMind\ai-prediction-service\artifacts\fracture_v2\experiment5_localization\dataset\images\train\0593_0822375999_01_WRI-L2_F010.png,True,True,1,1,1,1,10.0,F,L,wrist,NONE
0594_01_WRI-R,PAT_GRAZ_594,594,GRAZPEDWRI-DX,train,0594_0695763108_01_WRI-R1_F012,0594_0695763167_01_WRI-R2_F012,D:\projects\MediMind\ai-prediction-service\artifacts\fracture_v2\experiment5_localization\dataset\images\train\0594_0695763108_01_WRI-R1_F012.png,D:\projects\MediMind\ai-prediction-service\artifacts\fracture_v2\experiment5_localization\dataset\images\train\0594_0695763167_01_WRI-R2_F012.png,True,True,0,0,0,1,12.9,F,R,wrist,NONE
0598_01_WRI-L,PAT_GRAZ_598,598,GRAZPEDWRI-DX,train,0598_0792616571_01_WRI-L1_F008,0598_0792616610_01_WRI-L2_F008,D:\projects\MediMind\ai-prediction-service\artifacts\fracture_v2\experiment5_localization\dataset\images\train\0598_0792616571_01_WRI-L1_F008.png,D:\projects\MediMind\ai-prediction-service\artifacts\fracture_v2\experiment5_localization\dataset\images\train\0598_0792616610_01_WRI-L2_F008.png,True,True,1,1,1,1,8.3,F,L,wrist,NONE
0598_02_WRI-L,PAT_GRAZ_598,598,GRAZPEDWRI-DX,train,0598_0792844253_02_WRI-L1_F008,0598_0792844418_02_WRI-L2_F008,D:\projects\MediMind\ai-prediction-service\artifacts\fracture_v2\experiment5_localization\dataset\images\train\0598_0792844253_02_WRI-L1_F008.png,D:\projects\MediMind\ai-prediction-service\artifacts\fracture_v2\experiment5_localization\dataset\images\train\0598_0792844418_02_WRI-L2_F008.png,True,True,1,1,1,1,8.3,F,L,wrist,NONE
0598_03_WRI-L,PAT_GRAZ_598,598,GRAZPEDWRI-DX,train,0598_0793282342_03_WRI-L1_F008,0598_0793282418_03_WRI-L2_F008,D:\projects\MediMind\ai-prediction-service\artifacts\fracture_v2\experiment5_localization\dataset\images\train\0598_0793282342_03_WRI-L1_F008.png,D:\projects\MediMind\ai-prediction-service\artifacts\fracture_v2\experiment5_localization\dataset\images\train\0598_0793282418_03_WRI-L2_F008.png,True,True,1,1,1,1,8.3,F,L,wrist,NONE
0599_01_WRI-R,PAT_GRAZ_599,599,GRAZPEDWRI-DX,train,0599_0236877252_01_WRI-R1_F013,0599_0236877291_01_WRI-R2_F013,D:\projects\MediMind\ai-prediction-service\artifacts\fracture_v2\experiment5_localization\dataset\images\train\0599_0236877252_01_WRI-R1_F013.png,D:\projects\MediMind\ai-prediction-service\artifacts\fracture_v2\experiment5_localization\dataset\images\train\0599_0236877291_01_WRI-R2_F013.png,True,True,0,0,0,1,13.1,F,R,wrist,NONE
0600_01_WRI-L,PAT_GRAZ_600,600,GRAZPEDWRI-DX,train,0600_0784447749_01_WRI-L1_F005,0600_0784447876_01_WRI-L2_F005,D:\projects\MediMind\ai-prediction-service\artifacts\fracture_v2\experiment5_localization\dataset\images\train\0600_0784447749_01_WRI-L1_F005.png,D:\projects\MediMind\ai-prediction-service\artifacts\fracture_v2\experiment5_localization\dataset\images\train\0600_0784447876_01_WRI-L2_F005.png,True,True,1,1,1,1,5.7,F,L,wrist,NONE
0600_02_WRI-L,PAT_GRAZ_600,600,GRAZPEDWRI-DX,train,0600_0784603263_02_WRI-L1_F005,0600_0784603358_02_WRI-L2_F005,D:\projects\MediMind\ai-prediction-service\artifacts\fracture_v2\experiment5_localization\dataset\images\train\0600_0784603263_02_WRI-L1_F005.png,D:\projects\MediMind\ai-prediction-service\artifacts\fracture_v2\experiment5_localization\dataset\images\train\0600_0784603358_02_WRI-L2_F005.png,True,True,1,1,1,1,5.7,F,L,wrist,NONE
0600_03_WRI-L,PAT_GRAZ_600,600,GRAZPEDWRI-DX,train,0600_0785215482_03_WRI-L1_F005,0600_0785215566_03_WRI-L2_F005,D:\projects\MediMind\ai-prediction-service\artifacts\fracture_v2\experiment5_localization\dataset\images\train\0600_0785215482_03_WRI-L1_F005.png,D:\projects\MediMind\ai-prediction-service\artifacts\fracture_v2\experiment5_localization\dataset\images\train\0600_0785215566_03_WRI-L2_F005.png,True,True,1,1,1,1,5.7,F,L,wrist,NONE
0600_04_WRI-L,PAT_GRAZ_600,600,GRAZPEDWRI-DX,train,0600_0786418054_04_WRI-L1_F005,0600_0786418117_04_WRI-L2_F005,D:\projects\MediMind\ai-prediction-service\artifacts\fracture_v2\experiment5_localization\dataset\images\train\0600_0786418054_04_WRI-L1_F005.png,D:\projects\MediMind\ai-prediction-service\artifacts\fracture_v2\experiment5_localization\dataset\images\train\0600_0786418117_04_WRI-L2_F005.png,True,True,1,1,1,1,5.8,F,L,wrist,NONE
0601_01_WRI-R,PAT_GRAZ_601,601,GRAZPEDWRI-DX,train,0601_0667709788_01_WRI-R1_M011,0601_0667709821_01_WRI-R2_M011,D:\projects\MediMind\ai-prediction-service\artifacts\fracture_v2\experiment5_localization\dataset\images\train\0601_0667709788_01_WRI-R1_M011.png,D:\projects\MediMind\ai-prediction-service\artifacts\fracture_v2\experiment5_localization\dataset\images\train\0601_0667709821_01_WRI-R2_M011.png,True,True,0,0,0,1,11.4,M,R,wrist,NONE
0601_02_WRI-L,PAT_GRAZ_601,601,GRAZPEDWRI-DX,train,0601_0784179362_02_WRI-L1_M015,0601_0784179407_02_WRI-L2_M015,D:\projects\MediMind\ai-prediction-service\artifacts\fracture_v2\experiment5_localization\dataset\images\train\0601_0784179362_02_WRI-L1_M015.png,D:\projects\MediMind\ai-prediction-service\artifacts\fracture_v2\experiment5_localization\dataset\images\train\0601_0784179407_02_WRI-L2_M015.png,True,True,1,1,1,1,15.1,M,L,wrist,NONE
0601_03_WRI-L,PAT_GRAZ_601,601,GRAZPEDWRI-DX,train,0601_0784772645_03_WRI-L1_M015,0601_0784772701_03_WRI-L2_M015,D:\projects\MediMind\ai-prediction-service\artifacts\fracture_v2\experiment5_localization\dataset\images\train\0601_0784772645_03_WRI-L1_M015.png,D:\projects\MediMind\ai-prediction-service\artifacts\fracture_v2\experiment5_localization\dataset\images\train\0601_0784772701_03_WRI-L2_M015.png,True,True,1,1,1,1,15.1,M,L,wrist,NONE
0601_04_WRI-L,PAT_GRAZ_601,601,GRAZPEDWRI-DX,train,0601_0785978038_04_WRI-L1_M015,0601_0785978105_04_WRI-L2_M015,D:\projects\MediMind\ai-prediction-service\artifacts\fracture_v2\experiment5_localization\dataset\images\train\0601_0785978038_04_WRI-L1_M015.png,D:\projects\MediMind\ai-prediction-service\artifacts\fracture_v2\experiment5_localization\dataset\images\train\0601_0785978105_04_WRI-L2_M015.png,True,True,1,1,1,1,15.2,M,L,wrist,NONE
0602_01_WRI-L,PAT_GRAZ_602,602,GRAZPEDWRI-DX,train,0602_0247084664_01_WRI-L1_F016,0602_0247084701_01_WRI-L2_F016,D:\projects\MediMind\ai-prediction-service\artifacts\fracture_v2\experiment5_localization\dataset\images\train\0602_0247084664_01_WRI-L1_F016.png,D:\projects\MediMind\ai-prediction-service\artifacts\fracture_v2\experiment5_localization\dataset\images\train\0602_0247084701_01_WRI-L2_F016.png,True,True,0,0,0,1,16.0,F,L,wrist,NONE
0603_01_WRI-L,PAT_GRAZ_603,603,GRAZPEDWRI-DX,train,0603_0680875296_01_WRI-L1_F009,0603_0680875365_01_WRI-L2_F009,D:\projects\MediMind\ai-prediction-service\artifacts\fracture_v2\experiment5_localization\dataset\images\train\0603_0680875296_01_WRI-L1_F009.png,D:\projects\MediMind\ai-prediction-service\artifacts\fracture_v2\experiment5_localization\dataset\images\train\0603_0680875365_01_WRI-L2_F009.png,True,True,1,1,1,1,9.1,F,L,wrist,NONE
0603_02_WRI-L,PAT_GRAZ_603,603,GRAZPEDWRI-DX,train,0603_0681472173_02_WRI-L1_F009,0603_0681472221_02_WRI-L2_F009,D:\projects\MediMind\ai-prediction-service\artifacts\fracture_v2\experiment5_localization\dataset\images\train\0603_0681472173_02_WRI-L1_F009.png,D:\projects\MediMind\ai-prediction-service\artifacts\fracture_v2\experiment5_localization\dataset\images\train\0603_0681472221_02_WRI-L2_F009.png,True,True,1,1,1,1,9.1,F,L,wrist,NONE
0603_03_WRI-L,PAT_GRAZ_603,603,GRAZPEDWRI-DX,train,0603_0681475585_03_WRI-L1_F009,0603_0681475642_03_WRI-L2_F009,D:\projects\MediMind\ai-prediction-service\artifacts\fracture_v2\experiment5_localization\dataset\images\train\0603_0681475585_03_WRI-L1_F009.png,D:\projects\MediMind\ai-prediction-service\artifacts\fracture_v2\experiment5_localization\dataset\images\train\0603_0681475642_03_WRI-L2_F009.png,True,True,1,1,1,1,9.1,F,L,wrist,NONE
0604_01_WRI-L,PAT_GRAZ_604,604,GRAZPEDWRI-DX,train,0604_0330817887_01_WRI-L1_M005,0604_0330817903_01_WRI-L2_M005,D:\projects\MediMind\ai-prediction-service\artifacts\fracture_v2\experiment5_localization\dataset\images\train\0604_0330817887_01_WRI-L1_M005.png,D:\projects\MediMind\ai-prediction-service\artifacts\fracture_v2\experiment5_localization\dataset\images\train\0604_0330817903_01_WRI-L2_M005.png,True,True,1,1,1,1,5.2,M,L,wrist,NONE
0605_01_WRI-R,PAT_GRAZ_605,605,GRAZPEDWRI-DX,train,0605_0445461306_01_WRI-R1_F006,0605_0445461341_01_WRI-R2_F006,D:\projects\MediMind\ai-prediction-service\artifacts\fracture_v2\experiment5_localization\dataset\images\train\0605_0445461306_01_WRI-R1_F006.png,D:\projects\MediMind\ai-prediction-service\artifacts\fracture_v2\experiment5_localization\dataset\images\train\0605_0445461341_01_WRI-R2_F006.png,True,True,1,1,1,1,6.3,F,R,wrist,NONE
0605_02_WRI-L,PAT_GRAZ_605,605,GRAZPEDWRI-DX,train,0605_0445545777_02_WRI-L1_F006,0605_0445545811_02_WRI-L2_F006,D:\projects\MediMind\ai-prediction-service\artifacts\fracture_v2\experiment5_localization\dataset\images\train\0605_0445545777_02_WRI-L1_F006.png,D:\projects\MediMind\ai-prediction-service\artifacts\fracture_v2\experiment5_localization\dataset\images\train\0605_0445545811_02_WRI-L2_F006.png,True,True,1,1,1,1,6.3,F,L,wrist,NONE
0605_03_WRI-L,PAT_GRAZ_605,605,GRAZPEDWRI-DX,train,0605_0446145691_03_WRI-L1_F006,0605_0446145782_03_WRI-L2_F006,D:\projects\MediMind\ai-prediction-service\artifacts\fracture_v2\experiment5_localization\dataset\images\train\0605_0446145691_03_WRI-L1_F006.png,D:\projects\MediMind\ai-prediction-service\artifacts\fracture_v2\experiment5_localization\dataset\images\train\0605_0446145782_03_WRI-L2_F006.png,True,True,1,1,1,1,6.4,F,L,wrist,NONE
0605_04_WRI-L,PAT_GRAZ_605,605,GRAZPEDWRI-DX,train,0605_0446147830_04_WRI-L1_F006,0605_0446147887_04_WRI-L2_F006,D:\projects\MediMind\ai-prediction-service\artifacts\fracture_v2\experiment5_localization\dataset\images\train\0605_0446147830_04_WRI-L1_F006.png,D:\projects\MediMind\ai-prediction-service\artifacts\fracture_v2\experiment5_localization\dataset\images\train\0605_0446147887_04_WRI-L2_F006.png,True,True,1,1,1,1,6.4,F,L,wrist,NONE
0605_05_WRI-L,PAT_GRAZ_605,605,GRAZPEDWRI-DX,train,0605_0447354198_05_WRI-L1_F006,0605_0447354266_05_WRI-L2_F006,D:\projects\MediMind\ai-prediction-service\artifacts\fracture_v2\experiment5_localization\dataset\images\train\0605_0447354198_05_WRI-L1_F006.png,D:\projects\MediMind\ai-prediction-service\artifacts\fracture_v2\experiment5_localization\dataset\images\train\0605_0447354266_05_WRI-L2_F006.png,True,True,1,1,1,1,6.4,F,L,wrist,NONE
0607_01_WRI-L,PAT_GRAZ_607,607,GRAZPEDWRI-DX,train,0607_0307627927_01_WRI-L1_F010,0607_0307627971_01_WRI-L2_F010,D:\projects\MediMind\ai-prediction-service\artifacts\fracture_v2\experiment5_localization\dataset\images\train\0607_0307627927_01_WRI-L1_F010.png,D:\projects\MediMind\ai-prediction-service\artifacts\fracture_v2\experiment5_localization\dataset\images\train\0607_0307627971_01_WRI-L2_F010.png,True,True,1,1,1,1,10.2,F,L,wrist,NONE
0608_01_WRI-R,PAT_GRAZ_608,608,GRAZPEDWRI-DX,train,0608_0420285579_01_WRI-R1_M004,0608_0420285627_01_WRI-R2_M004,D:\projects\MediMind\ai-prediction-service\artifacts\fracture_v2\experiment5_localization\dataset\images\train\0608_0420285579_01_WRI-R1_M004.png,D:\projects\MediMind\ai-prediction-service\artifacts\fracture_v2\experiment5_localization\dataset\images\train\0608_0420285627_01_WRI-R2_M004.png,True,True,1,1,1,1,4.1,M,R,wrist,NONE
0608_02_WRI-R,PAT_GRAZ_608,608,GRAZPEDWRI-DX,train,0608_0422748627_02_WRI-R1_M004,0608_0422748677_02_WRI-R2_M004,D:\projects\MediMind\ai-prediction-service\artifacts\fracture_v2\experiment5_localization\dataset\images\train\0608_0422748627_02_WRI-R1_M004.png,D:\projects\MediMind\ai-prediction-service\artifacts\fracture_v2\experiment5_localization\dataset\images\train\0608_0422748677_02_WRI-R2_M004.png,True,True,1,1,1,1,4.2,M,R,wrist,NONE
0610_01_WRI-R,PAT_GRAZ_610,610,GRAZPEDWRI-DX,train,0610_1110681232_01_WRI-R1_M007,0610_1110681290_01_WRI-R2_M007,D:\projects\MediMind\ai-prediction-service\artifacts\fracture_v2\experiment5_localization\dataset\images\train\0610_1110681232_01_WRI-R1_M007.png,D:\projects\MediMind\ai-prediction-service\artifacts\fracture_v2\experiment5_localization\dataset\images\train\0610_1110681290_01_WRI-R2_M007.png,True,True,0,1,1,0,7.9,M,R,wrist,NONE
0611_01_WRI-L,PAT_GRAZ_611,611,GRAZPEDWRI-DX,train,0611_0470191292_01_WRI-L1_F014,0611_0470191350_01_WRI-L2_F014,D:\projects\MediMind\ai-prediction-service\artifacts\fracture_v2\experiment5_localization\dataset\images\train\0611_0470191292_01_WRI-L1_F014.png,D:\projects\MediMind\ai-prediction-service\artifacts\fracture_v2\experiment5_localization\dataset\images\train\0611_0470191350_01_WRI-L2_F014.png,True,True,1,1,1,1,14.0,F,L,wrist,NONE
0611_02_WRI-L,PAT_GRAZ_611,611,GRAZPEDWRI-DX,train,0611_0470785440_02_WRI-L1_F014,0611_0470785500_02_WRI-L2_F014,D:\projects\MediMind\ai-prediction-service\artifacts\fracture_v2\experiment5_localization\dataset\images\train\0611_0470785440_02_WRI-L1_F014.png,D:\projects\MediMind\ai-prediction-service\artifacts\fracture_v2\experiment5_localization\dataset\images\train\0611_0470785500_02_WRI-L2_F014.png,True,True,1,1,1,1,14.0,F,L,wrist,NONE
0611_03_WRI-L,PAT_GRAZ_611,611,GRAZPEDWRI-DX,train,0611_0471386266_03_WRI-L1_F014,0611_0471386391_03_WRI-L2_F014,D:\projects\MediMind\ai-prediction-service\artifacts\fracture_v2\experiment5_localization\dataset\images\train\0611_0471386266_03_WRI-L1_F014.png,D:\projects\MediMind\ai-prediction-service\artifacts\fracture_v2\experiment5_localization\dataset\images\train\0611_0471386391_03_WRI-L2_F014.png,True,True,0,0,0,1,14.0,F,L,wrist,NONE
0611_04_WRI-L,PAT_GRAZ_611,611,GRAZPEDWRI-DX,train,0611_0472593826_04_WRI-L1_F014,0611_0472593904_04_WRI-L2_F014,D:\projects\MediMind\ai-prediction-service\artifacts\fracture_v2\experiment5_localization\dataset\images\train\0611_0472593826_04_WRI-L1_F014.png,D:\projects\MediMind\ai-prediction-service\artifacts\fracture_v2\experiment5_localization\dataset\images\train\0611_0472593904_04_WRI-L2_F014.png,True,True,1,1,1,1,14.0,F,L,wrist,NONE
0612_01_WRI-L,PAT_GRAZ_612,612,GRAZPEDWRI-DX,train,0612_0362049367_01_WRI-L1_M012,0612_0362049410_01_WRI-L2_M012,D:\projects\MediMind\ai-prediction-service\artifacts\fracture_v2\experiment5_localization\dataset\images\train\0612_0362049367_01_WRI-L1_M012.png,D:\projects\MediMind\ai-prediction-service\artifacts\fracture_v2\experiment5_localization\dataset\images\train\0612_0362049410_01_WRI-L2_M012.png,True,True,1,1,1,1,12.8,M,L,wrist,NONE
0613_01_WRI-R,PAT_GRAZ_613,613,GRAZPEDWRI-DX,train,0613_0824817558_01_WRI-R1_M012,0613_0824817622_01_WRI-R2_M012,D:\projects\MediMind\ai-prediction-service\artifacts\fracture_v2\experiment5_localization\dataset\images\train\0613_0824817558_01_WRI-R1_M012.png,D:\projects\MediMind\ai-prediction-service\artifacts\fracture_v2\experiment5_localization\dataset\images\train\0613_0824817622_01_WRI-R2_M012.png,True,True,1,1,1,1,12.1,M,R,wrist,NONE
0614_01_WRI-R,PAT_GRAZ_614,614,GRAZPEDWRI-DX,train,0614_0983349504_01_WRI-R1_F008,0614_0983349539_01_WRI-R2_F008,D:\projects\MediMind\ai-prediction-service\artifacts\fracture_v2\experiment5_localization\dataset\images\train\0614_0983349504_01_WRI-R1_F008.png,D:\projects\MediMind\ai-prediction-service\artifacts\fracture_v2\experiment5_localization\dataset\images\train\0614_0983349539_01_WRI-R2_F008.png,True,True,0,0,0,1,8.7,F,R,wrist,NONE
0614_02_WRI-L,PAT_GRAZ_614,614,GRAZPEDWRI-DX,train,0614_1050814663_02_WRI-L1_F010,0614_1050814702_02_WRI-L2_F010,D:\projects\MediMind\ai-prediction-service\artifacts\fracture_v2\experiment5_localization\dataset\images\train\0614_1050814663_02_WRI-L1_F010.png,D:\projects\MediMind\ai-prediction-service\artifacts\fracture_v2\experiment5_localization\dataset\images\train\0614_1050814702_02_WRI-L2_F010.png,True,True,0,0,0,1,10.9,F,L,wrist,NONE
0616_01_WRI-R,PAT_GRAZ_616,616,GRAZPEDWRI-DX,train,0616_0248564877_01_WRI-R1_M016,0616_0248564961_01_WRI-R2_M016,D:\projects\MediMind\ai-prediction-service\artifacts\fracture_v2\experiment5_localization\dataset\images\train\0616_0248564877_01_WRI-R1_M016.png,D:\projects\MediMind\ai-prediction-service\artifacts\fracture_v2\experiment5_localization\dataset\images\train\0616_0248564961_01_WRI-R2_M016.png,True,True,1,1,1,1,16.2,M,R,wrist,NONE
0616_02_WRI-R,PAT_GRAZ_616,616,GRAZPEDWRI-DX,train,0616_0249342891_02_WRI-R1_M016,0616_0249342948_02_WRI-R2_M016,D:\projects\MediMind\ai-prediction-service\artifacts\fracture_v2\experiment5_localization\dataset\images\train\0616_0249342891_02_WRI-R1_M016.png,D:\projects\MediMind\ai-prediction-service\artifacts\fracture_v2\experiment5_localization\dataset\images\train\0616_0249342948_02_WRI-R2_M016.png,True,True,0,1,1,0,16.2,M,R,wrist,NONE
0616_03_WRI-R,PAT_GRAZ_616,616,GRAZPEDWRI-DX,train,0616_0250288056_03_WRI-R1_M016,0616_0250288157_03_WRI-R2_M016,D:\projects\MediMind\ai-prediction-service\artifacts\fracture_v2\experiment5_localization\dataset\images\train\0616_0250288056_03_WRI-R1_M016.png,D:\projects\MediMind\ai-prediction-service\artifacts\fracture_v2\experiment5_localization\dataset\images\train\0616_0250288157_03_WRI-R2_M016.png,True,True,1,1,1,1,16.2,M,R,wrist,NONE
0618_01_WRI-R,PAT_GRAZ_618,618,GRAZPEDWRI-DX,train,0618_0613990210_01_WRI-R1_M013,0618_0613990251_01_WRI-R2_M013,D:\projects\MediMind\ai-prediction-service\artifacts\fracture_v2\experiment5_localization\dataset\images\train\0618_0613990210_01_WRI-R1_M013.png,D:\projects\MediMind\ai-prediction-service\artifacts\fracture_v2\experiment5_localization\dataset\images\train\0618_0613990251_01_WRI-R2_M013.png,True,True,1,1,1,1,13.8,M,R,wrist,NONE
0619_01_WRI-L,PAT_GRAZ_619,619,GRAZPEDWRI-DX,train,0619_0887603786_01_WRI-L1_F010,0619_0887603814_01_WRI-L2_F010,D:\projects\MediMind\ai-prediction-service\artifacts\fracture_v2\experiment5_localization\dataset\images\train\0619_0887603786_01_WRI-L1_F010.png,D:\projects\MediMind\ai-prediction-service\artifacts\fracture_v2\experiment5_localization\dataset\images\train\0619_0887603814_01_WRI-L2_F010.png,True,True,0,0,0,1,10.9,F,L,wrist,NONE
0619_02_WRI-R,PAT_GRAZ_619,619,GRAZPEDWRI-DX,train,0619_0892534689_02_WRI-R1_F011,0619_0892534730_02_WRI-R2_F011,D:\projects\MediMind\ai-prediction-service\artifacts\fracture_v2\experiment5_localization\dataset\images\train\0619_0892534689_02_WRI-R1_F011.png,D:\projects\MediMind\ai-prediction-service\artifacts\fracture_v2\experiment5_localization\dataset\images\train\0619_0892534730_02_WRI-R2_F011.png,True,True,0,0,0,1,11.1,F,R,wrist,NONE
0620_01_WRI-R,PAT_GRAZ_620,620,GRAZPEDWRI-DX,train,0620_0503679744_01_WRI-R1_F004,0620_0503679802_01_WRI-R2_F004,D:\projects\MediMind\ai-prediction-service\artifacts\fracture_v2\experiment5_localization\dataset\images\train\0620_0503679744_01_WRI-R1_F004.png,D:\projects\MediMind\ai-prediction-service\artifacts\fracture_v2\experiment5_localization\dataset\images\train\0620_0503679802_01_WRI-R2_F004.png,True,True,1,1,1,1,4.4,F,R,wrist,NONE
0622_01_WRI-L,PAT_GRAZ_622,622,GRAZPEDWRI-DX,train,0622_1019421824_01_WRI-L1_M011,0622_1019421896_01_WRI-L2_M011,D:\projects\MediMind\ai-prediction-service\artifacts\fracture_v2\experiment5_localization\dataset\images\train\0622_1019421824_01_WRI-L1_M011.png,D:\projects\MediMind\ai-prediction-service\artifacts\fracture_v2\experiment5_localization\dataset\images\train\0622_1019421896_01_WRI-L2_M011.png,True,True,0,0,0,1,11.9,M,L,wrist,NONE
0623_01_WRI-L,PAT_GRAZ_623,623,GRAZPEDWRI-DX,train,0623_0227287621_01_WRI-L1_F009,0623_0227287649_01_WRI-L2_F009,D:\projects\MediMind\ai-prediction-service\artifacts\fracture_v2\experiment5_localization\dataset\images\train\0623_0227287621_01_WRI-L1_F009.png,D:\projects\MediMind\ai-prediction-service\artifacts\fracture_v2\experiment5_localization\dataset\images\train\0623_0227287649_01_WRI-L2_F009.png,True,True,0,0,0,1,9.0,F,L,wrist,NONE
0627_01_WRI-L,PAT_GRAZ_627,627,GRAZPEDWRI-DX,train,0627_1039293475_01_WRI-L1_M010,0627_1039293518_01_WRI-L2_M010,D:\projects\MediMind\ai-prediction-service\artifacts\fracture_v2\experiment5_localization\dataset\images\train\0627_1039293475_01_WRI-L1_M010.png,D:\projects\MediMind\ai-prediction-service\artifacts\fracture_v2\experiment5_localization\dataset\images\train\0627_1039293518_01_WRI-L2_M010.png,True,True,1,1,1,1,10.0,M,L,wrist,NONE
0627_02_WRI-L,PAT_GRAZ_627,627,GRAZPEDWRI-DX,train,0627_1039296301_02_WRI-L1_M010,0627_1039296383_02_WRI-L2_M010,D:\projects\MediMind\ai-prediction-service\artifacts\fracture_v2\experiment5_localization\dataset\images\train\0627_1039296301_02_WRI-L1_M010.png,D:\projects\MediMind\ai-prediction-service\artifacts\fracture_v2\experiment5_localization\dataset\images\train\0627_1039296383_02_WRI-L2_M010.png,True,True,1,1,1,1,10.0,M,L,wrist,NONE
0627_03_WRI-L,PAT_GRAZ_627,627,GRAZPEDWRI-DX,train,0627_1039878455_03_WRI-L1_M010,0627_1039878539_03_WRI-L2_M010,D:\projects\MediMind\ai-prediction-service\artifacts\fracture_v2\experiment5_localization\dataset\images\train\0627_1039878455_03_WRI-L1_M010.png,D:\projects\MediMind\ai-prediction-service\artifacts\fracture_v2\experiment5_localization\dataset\images\train\0627_1039878539_03_WRI-L2_M010.png,True,True,1,1,1,1,10.0,M,L,wrist,NONE
0627_04_WRI-L,PAT_GRAZ_627,627,GRAZPEDWRI-DX,train,0627_1041082859_04_WRI-L1_M010,0627_1041082936_04_WRI-L2_M010,D:\projects\MediMind\ai-prediction-service\artifacts\fracture_v2\experiment5_localization\dataset\images\train\0627_1041082859_04_WRI-L1_M010.png,D:\projects\MediMind\ai-prediction-service\artifacts\fracture_v2\experiment5_localization\dataset\images\train\0627_1041082936_04_WRI-L2_M010.png,True,True,1,1,1,1,10.0,M,L,wrist,NONE
0628_01_WRI-L,PAT_GRAZ_628,628,GRAZPEDWRI-DX,train,0628_0628606579_01_WRI-L1_F007,0628_0628606612_01_WRI-L2_F007,D:\projects\MediMind\ai-prediction-service\artifacts\fracture_v2\experiment5_localization\dataset\images\train\0628_0628606579_01_WRI-L1_F007.png,D:\projects\MediMind\ai-prediction-service\artifacts\fracture_v2\experiment5_localization\dataset\images\train\0628_0628606612_01_WRI-L2_F007.png,True,True,1,1,1,1,7.1,F,L,wrist,NONE
0632_01_WRI-L,PAT_GRAZ_632,632,GRAZPEDWRI-DX,train,0632_0191416794_01_WRI-L1_F009,0632_0191416871_01_WRI-L2_F009,D:\projects\MediMind\ai-prediction-service\artifacts\fracture_v2\experiment5_localization\dataset\images\train\0632_0191416794_01_WRI-L1_F009.png,D:\projects\MediMind\ai-prediction-service\artifacts\fracture_v2\experiment5_localization\dataset\images\train\0632_0191416871_01_WRI-L2_F009.png,True,True,1,1,1,1,9.1,F,L,wrist,NONE
0632_02_WRI-L,PAT_GRAZ_632,632,GRAZPEDWRI-DX,train,0632_0191420689_02_WRI-L1_F009,0632_0191420752_02_WRI-L2_F009,D:\projects\MediMind\ai-prediction-service\artifacts\fracture_v2\experiment5_localization\dataset\images\train\0632_0191420689_02_WRI-L1_F009.png,D:\projects\MediMind\ai-prediction-service\artifacts\fracture_v2\experiment5_localization\dataset\images\train\0632_0191420752_02_WRI-L2_F009.png,True,True,1,1,1,1,9.1,F,L,wrist,NONE
0632_03_WRI-L,PAT_GRAZ_632,632,GRAZPEDWRI-DX,train,0632_0192030256_03_WRI-L1_F009,0632_0192030296_03_WRI-L2_F009,D:\projects\MediMind\ai-prediction-service\artifacts\fracture_v2\experiment5_localization\dataset\images\train\0632_0192030256_03_WRI-L1_F009.png,D:\projects\MediMind\ai-prediction-service\artifacts\fracture_v2\experiment5_localization\dataset\images\train\0632_0192030296_03_WRI-L2_F009.png,True,True,1,1,1,1,9.1,F,L,wrist,NONE
0632_04_WRI-L,PAT_GRAZ_632,632,GRAZPEDWRI-DX,train,0632_0192632382_04_WRI-L1_F009,0632_0192632470_04_WRI-L2_F009,D:\projects\MediMind\ai-prediction-service\artifacts\fracture_v2\experiment5_localization\dataset\images\train\0632_0192632382_04_WRI-L1_F009.png,D:\projects\MediMind\ai-prediction-service\artifacts\fracture_v2\experiment5_localization\dataset\images\train\0632_0192632470_04_WRI-L2_F009.png,True,True,1,1,1,1,9.1,F,L,wrist,NONE
0632_05_WRI-R,PAT_GRAZ_632,632,GRAZPEDWRI-DX,train,0632_0257026647_05_WRI-R1_F011,0632_0257026724_05_WRI-R2_F011,D:\projects\MediMind\ai-prediction-service\artifacts\fracture_v2\experiment5_localization\dataset\images\train\0632_0257026647_05_WRI-R1_F011.png,D:\projects\MediMind\ai-prediction-service\artifacts\fracture_v2\experiment5_localization\dataset\images\train\0632_0257026724_05_WRI-R2_F011.png,True,True,1,1,1,1,11.2,F,R,wrist,NONE
0632_06_WRI-R,PAT_GRAZ_632,632,GRAZPEDWRI-DX,train,0632_0257610288_06_WRI-R1_F011,0632_0257610365_06_WRI-R2_F011,D:\projects\MediMind\ai-prediction-service\artifacts\fracture_v2\experiment5_localization\dataset\images\train\0632_0257610288_06_WRI-R1_F011.png,D:\projects\MediMind\ai-prediction-service\artifacts\fracture_v2\experiment5_localization\dataset\images\train\0632_0257610365_06_WRI-R2_F011.png,True,True,1,1,1,1,11.2,F,R,wrist,NONE
0632_08_WRI-R,PAT_GRAZ_632,632,GRAZPEDWRI-DX,train,0632_0259759762_08_WRI-R1_F011,0632_0259759792_08_WRI-R2_F011,D:\projects\MediMind\ai-prediction-service\artifacts\fracture_v2\experiment5_localization\dataset\images\train\0632_0259759762_08_WRI-R1_F011.png,D:\projects\MediMind\ai-prediction-service\artifacts\fracture_v2\experiment5_localization\dataset\images\train\0632_0259759792_08_WRI-R2_F011.png,True,True,1,1,1,1,11.3,F,R,wrist,NONE
0633_01_WRI-L,PAT_GRAZ_633,633,GRAZPEDWRI-DX,train,0633_0672727855_01_WRI-L1_M015,0633_0672727912_01_WRI-L2_M015,D:\projects\MediMind\ai-prediction-service\artifacts\fracture_v2\experiment5_localization\dataset\images\train\0633_0672727855_01_WRI-L1_M015.png,D:\projects\MediMind\ai-prediction-service\artifacts\fracture_v2\experiment5_localization\dataset\images\train\0633_0672727912_01_WRI-L2_M015.png,True,True,0,1,1,0,15.8,M,L,wrist,NONE
0635_01_WRI-R,PAT_GRAZ_635,635,GRAZPEDWRI-DX,train,0635_0563605096_01_WRI-R1_F008,0635_0563605143_01_WRI-R2_F008,D:\projects\MediMind\ai-prediction-service\artifacts\fracture_v2\experiment5_localization\dataset\images\train\0635_0563605096_01_WRI-R1_F008.png,D:\projects\MediMind\ai-prediction-service\artifacts\fracture_v2\experiment5_localization\dataset\images\train\0635_0563605143_01_WRI-R2_F008.png,True,True,0,0,0,1,8.8,F,R,wrist,NONE
0637_01_WRI-R,PAT_GRAZ_637,637,GRAZPEDWRI-DX,train,0637_0609939383_01_WRI-R1_F007,0637_0609939442_01_WRI-R2_F007,D:\projects\MediMind\ai-prediction-service\artifacts\fracture_v2\experiment5_localization\dataset\images\train\0637_0609939383_01_WRI-R1_F007.png,D:\projects\MediMind\ai-prediction-service\artifacts\fracture_v2\experiment5_localization\dataset\images\train\0637_0609939442_01_WRI-R2_F007.png,True,True,0,0,0,1,7.9,F,R,wrist,NONE
0638_01_WRI-R,PAT_GRAZ_638,638,GRAZPEDWRI-DX,train,0638_0568706646_01_WRI-R1_F012,0638_0568706681_01_WRI-R2_F012,D:\projects\MediMind\ai-prediction-service\artifacts\fracture_v2\experiment5_localization\dataset\images\train\0638_0568706646_01_WRI-R1_F012.png,D:\projects\MediMind\ai-prediction-service\artifacts\fracture_v2\experiment5_localization\dataset\images\train\0638_0568706681_01_WRI-R2_F012.png,True,True,0,0,0,1,12.6,F,R,wrist,NONE
0641_03_WRI-R,PAT_GRAZ_641,641,GRAZPEDWRI-DX,train,0641_0948652082_03_WRI-R1_F012,0641_0948652108_03_WRI-R2_F012,D:\projects\MediMind\ai-prediction-service\artifacts\fracture_v2\experiment5_localization\dataset\images\train\0641_0948652082_03_WRI-R1_F012.png,D:\projects\MediMind\ai-prediction-service\artifacts\fracture_v2\experiment5_localization\dataset\images\train\0641_0948652108_03_WRI-R2_F012.png,True,True,1,1,1,1,12.8,F,R,wrist,NONE
0642_01_WRI-L,PAT_GRAZ_642,642,GRAZPEDWRI-DX,train,0642_0931369148_01_WRI-L1_F009,0642_0931369220_01_WRI-L2_F009,D:\projects\MediMind\ai-prediction-service\artifacts\fracture_v2\experiment5_localization\dataset\images\train\0642_0931369148_01_WRI-L1_F009.png,D:\projects\MediMind\ai-prediction-service\artifacts\fracture_v2\experiment5_localization\dataset\images\train\0642_0931369220_01_WRI-L2_F009.png,True,True,1,1,1,1,9.0,F,L,wrist,NONE
0643_01_WRI-L,PAT_GRAZ_643,643,GRAZPEDWRI-DX,train,0643_1171833545_01_WRI-L1_F008,0643_1171833579_01_WRI-L2_F008,D:\projects\MediMind\ai-prediction-service\artifacts\fracture_v2\experiment5_localization\dataset\images\train\0643_1171833545_01_WRI-L1_F008.png,D:\projects\MediMind\ai-prediction-service\artifacts\fracture_v2\experiment5_localization\dataset\images\train\0643_1171833579_01_WRI-L2_F008.png,True,True,1,1,1,1,8.6,F,L,wrist,NONE
0643_02_WRI-L,PAT_GRAZ_643,643,GRAZPEDWRI-DX,train,0643_1171841086_02_WRI-L1_F008,0643_1171841118_02_WRI-L2_F008,D:\projects\MediMind\ai-prediction-service\artifacts\fracture_v2\experiment5_localization\dataset\images\train\0643_1171841086_02_WRI-L1_F008.png,D:\projects\MediMind\ai-prediction-service\artifacts\fracture_v2\experiment5_localization\dataset\images\train\0643_1171841118_02_WRI-L2_F008.png,True,True,1,1,1,1,8.6,F,L,wrist,NONE
0646_01_WRI-R,PAT_GRAZ_646,646,GRAZPEDWRI-DX,train,0646_0912388349_01_WRI-R1_F009,0646_0912388382_01_WRI-R2_F009,D:\projects\MediMind\ai-prediction-service\artifacts\fracture_v2\experiment5_localization\dataset\images\train\0646_0912388349_01_WRI-R1_F009.png,D:\projects\MediMind\ai-prediction-service\artifacts\fracture_v2\experiment5_localization\dataset\images\train\0646_0912388382_01_WRI-R2_F009.png,True,True,1,1,1,1,9.0,F,R,wrist,NONE
0646_02_WRI-R,PAT_GRAZ_646,646,GRAZPEDWRI-DX,train,0646_0912393493_02_WRI-R1_F009,0646_0912393538_02_WRI-R2_F009,D:\projects\MediMind\ai-prediction-service\artifacts\fracture_v2\experiment5_localization\dataset\images\train\0646_0912393493_02_WRI-R1_F009.png,D:\projects\MediMind\ai-prediction-service\artifacts\fracture_v2\experiment5_localization\dataset\images\train\0646_0912393538_02_WRI-R2_F009.png,True,True,1,1,1,1,9.0,F,R,wrist,NONE
0646_03_WRI-R,PAT_GRAZ_646,646,GRAZPEDWRI-DX,train,0646_0913578570_03_WRI-R1_F009,0646_0913578594_03_WRI-R2_F009,D:\projects\MediMind\ai-prediction-service\artifacts\fracture_v2\experiment5_localization\dataset\images\train\0646_0913578570_03_WRI-R1_F009.png,D:\projects\MediMind\ai-prediction-service\artifacts\fracture_v2\experiment5_localization\dataset\images\train\0646_0913578594_03_WRI-R2_F009.png,True,True,1,1,1,1,9.0,F,R,wrist,NONE
0646_04_WRI-L,PAT_GRAZ_646,646,GRAZPEDWRI-DX,train,0646_0958450226_04_WRI-L1_F010,0646_0958450251_04_WRI-L2_F010,D:\projects\MediMind\ai-prediction-service\artifacts\fracture_v2\experiment5_localization\dataset\images\train\0646_0958450226_04_WRI-L1_F010.png,D:\projects\MediMind\ai-prediction-service\artifacts\fracture_v2\experiment5_localization\dataset\images\train\0646_0958450251_04_WRI-L2_F010.png,True,True,0,1,1,0,10.4,F,L,wrist,NONE
0647_01_WRI-L,PAT_GRAZ_647,647,GRAZPEDWRI-DX,train,0647_0425957098_01_WRI-L1_F008,0647_0425957122_01_WRI-L2_F008,D:\projects\MediMind\ai-prediction-service\artifacts\fracture_v2\experiment5_localization\dataset\images\train\0647_0425957098_01_WRI-L1_F008.png,D:\projects\MediMind\ai-prediction-service\artifacts\fracture_v2\experiment5_localization\dataset\images\train\0647_0425957122_01_WRI-L2_F008.png,True,True,1,1,1,1,8.3,F,L,wrist,NONE
0649_01_WRI-L,PAT_GRAZ_649,649,GRAZPEDWRI-DX,train,0649_0824283566_01_WRI-L1_M013,0649_0824283580_01_WRI-L2_M013,D:\projects\MediMind\ai-prediction-service\artifacts\fracture_v2\experiment5_localization\dataset\images\train\0649_0824283566_01_WRI-L1_M013.png,D:\projects\MediMind\ai-prediction-service\artifacts\fracture_v2\experiment5_localization\dataset\images\train\0649_0824283580_01_WRI-L2_M013.png,True,True,0,0,0,1,13.4,M,L,wrist,NONE
0650_01_WRI-L,PAT_GRAZ_650,650,GRAZPEDWRI-DX,train,0650_0883344837_01_WRI-L1_M010,0650_0883344921_01_WRI-L2_M010,D:\projects\MediMind\ai-prediction-service\artifacts\fracture_v2\experiment5_localization\dataset\images\train\0650_0883344837_01_WRI-L1_M010.png,D:\projects\MediMind\ai-prediction-service\artifacts\fracture_v2\experiment5_localization\dataset\images\train\0650_0883344921_01_WRI-L2_M010.png,True,True,1,1,1,1,10.7,M,L,wrist,NONE
0650_02_WRI-L,PAT_GRAZ_650,650,GRAZPEDWRI-DX,train,0650_1035368122_02_WRI-L1_M015,0650_1035368083_02_WRI-L2_M015,D:\projects\MediMind\ai-prediction-service\artifacts\fracture_v2\experiment5_localization\dataset\images\train\0650_1035368122_02_WRI-L1_M015.png,D:\projects\MediMind\ai-prediction-service\artifacts\fracture_v2\experiment5_localization\dataset\images\train\0650_1035368083_02_WRI-L2_M015.png,True,True,0,0,0,1,15.5,M,L,wrist,NONE
0653_01_WRI-R,PAT_GRAZ_653,653,GRAZPEDWRI-DX,train,0653_0866463001_01_WRI-R1_M013,0653_0866463030_01_WRI-R2_M013,D:\projects\MediMind\ai-prediction-service\artifacts\fracture_v2\experiment5_localization\dataset\images\train\0653_0866463001_01_WRI-R1_M013.png,D:\projects\MediMind\ai-prediction-service\artifacts\fracture_v2\experiment5_localization\dataset\images\train\0653_0866463030_01_WRI-R2_M013.png,True,True,0,0,0,1,13.8,M,R,wrist,NONE
0655_01_WRI-L,PAT_GRAZ_655,655,GRAZPEDWRI-DX,train,0655_0365548075_01_WRI-L1_M016,0655_0365548136_01_WRI-L2_M016,D:\projects\MediMind\ai-prediction-service\artifacts\fracture_v2\experiment5_localization\dataset\images\train\0655_0365548075_01_WRI-L1_M016.png,D:\projects\MediMind\ai-prediction-service\artifacts\fracture_v2\experiment5_localization\dataset\images\train\0655_0365548136_01_WRI-L2_M016.png,True,True,1,1,1,1,16.6,M,L,wrist,NONE
0655_02_WRI-L,PAT_GRAZ_655,655,GRAZPEDWRI-DX,train,0655_0366242740_02_WRI-L1_M016,0655_0366242768_02_WRI-L2_M016,D:\projects\MediMind\ai-prediction-service\artifacts\fracture_v2\experiment5_localization\dataset\images\train\0655_0366242740_02_WRI-L1_M016.png,D:\projects\MediMind\ai-prediction-service\artifacts\fracture_v2\experiment5_localization\dataset\images\train\0655_0366242768_02_WRI-L2_M016.png,True,True,1,1,1,1,16.6,M,L,wrist,NONE
0656_01_WRI-R,PAT_GRAZ_656,656,GRAZPEDWRI-DX,train,0656_0679222160_01_WRI-R1_M009,0656_0679222193_01_WRI-R2_M009,D:\projects\MediMind\ai-prediction-service\artifacts\fracture_v2\experiment5_localization\dataset\images\train\0656_0679222160_01_WRI-R1_M009.png,D:\projects\MediMind\ai-prediction-service\artifacts\fracture_v2\experiment5_localization\dataset\images\train\0656_0679222193_01_WRI-R2_M009.png,True,True,1,1,1,1,9.2,M,R,wrist,NONE
0657_01_WRI-R,PAT_GRAZ_657,657,GRAZPEDWRI-DX,train,0657_0598967743_01_WRI-R1_M004,0657_0598967856_01_WRI-R2_M004,D:\projects\MediMind\ai-prediction-service\artifacts\fracture_v2\experiment5_localization\dataset\images\train\0657_0598967743_01_WRI-R1_M004.png,D:\projects\MediMind\ai-prediction-service\artifacts\fracture_v2\experiment5_localization\dataset\images\train\0657_0598967856_01_WRI-R2_M004.png,True,True,1,1,1,1,4.8,M,R,wrist,NONE
0657_04_WRI-R,PAT_GRAZ_657,657,GRAZPEDWRI-DX,train,0657_0600258259_04_WRI-R1_M004,0657_0600258313_04_WRI-R2_M004,D:\projects\MediMind\ai-prediction-service\artifacts\fracture_v2\experiment5_localization\dataset\images\train\0657_0600258259_04_WRI-R1_M004.png,D:\projects\MediMind\ai-prediction-service\artifacts\fracture_v2\experiment5_localization\dataset\images\train\0657_0600258313_04_WRI-R2_M004.png,True,True,1,1,1,1,4.8,M,R,wrist,NONE
0657_05_WRI-R,PAT_GRAZ_657,657,GRAZPEDWRI-DX,train,0657_0603279340_05_WRI-R1_M004,0657_0603279359_05_WRI-R2_M004,D:\projects\MediMind\ai-prediction-service\artifacts\fracture_v2\experiment5_localization\dataset\images\train\0657_0603279340_05_WRI-R1_M004.png,D:\projects\MediMind\ai-prediction-service\artifacts\fracture_v2\experiment5_localization\dataset\images\train\0657_0603279359_05_WRI-R2_M004.png,True,True,1,1,1,1,4.9,M,R,wrist,NONE
0659_01_WRI-L,PAT_GRAZ_659,659,GRAZPEDWRI-DX,train,0659_0493301255_01_WRI-L1_M009,0659_0493301296_01_WRI-L2_M009,D:\projects\MediMind\ai-prediction-service\artifacts\fracture_v2\experiment5_localization\dataset\images\train\0659_0493301255_01_WRI-L1_M009.png,D:\projects\MediMind\ai-prediction-service\artifacts\fracture_v2\experiment5_localization\dataset\images\train\0659_0493301296_01_WRI-L2_M009.png,True,True,1,1,1,1,9.6,M,L,wrist,NONE
0660_01_WRI-L,PAT_GRAZ_660,660,GRAZPEDWRI-DX,train,0660_0987181747_01_WRI-L1_M015,0660_0987181784_01_WRI-L2_M015,D:\projects\MediMind\ai-prediction-service\artifacts\fracture_v2\experiment5_localization\dataset\images\train\0660_0987181747_01_WRI-L1_M015.png,D:\projects\MediMind\ai-prediction-service\artifacts\fracture_v2\experiment5_localization\dataset\images\train\0660_0987181784_01_WRI-L2_M015.png,True,True,0,0,0,1,15.8,M,L,wrist,NONE
0661_01_WRI-R,PAT_GRAZ_661,661,GRAZPEDWRI-DX,train,0661_0227737042_01_WRI-R1_F011,0661_0227737075_01_WRI-R2_F011,D:\projects\MediMind\ai-prediction-service\artifacts\fracture_v2\experiment5_localization\dataset\images\train\0661_0227737042_01_WRI-R1_F011.png,D:\projects\MediMind\ai-prediction-service\artifacts\fracture_v2\experiment5_localization\dataset\images\train\0661_0227737075_01_WRI-R2_F011.png,True,True,0,0,0,1,11.6,F,R,wrist,NONE
0662_01_WRI-R,PAT_GRAZ_662,662,GRAZPEDWRI-DX,train,0662_0518404360_01_WRI-R1_F012,0662_0518404394_01_WRI-R2_F012,D:\projects\MediMind\ai-prediction-service\artifacts\fracture_v2\experiment5_localization\dataset\images\train\0662_0518404360_01_WRI-R1_F012.png,D:\projects\MediMind\ai-prediction-service\artifacts\fracture_v2\experiment5_localization\dataset\images\train\0662_0518404394_01_WRI-R2_F012.png,True,True,0,0,0,1,12.5,F,R,wrist,NONE
0662_02_WRI-R,PAT_GRAZ_662,662,GRAZPEDWRI-DX,train,0662_0585778596_02_WRI-R1_F014,0662_0585778629_02_WRI-R2_F014,D:\projects\MediMind\ai-prediction-service\artifacts\fracture_v2\experiment5_localization\dataset\images\train\0662_0585778596_02_WRI-R1_F014.png,D:\projects\MediMind\ai-prediction-service\artifacts\fracture_v2\experiment5_localization\dataset\images\train\0662_0585778629_02_WRI-R2_F014.png,True,True,0,0,0,1,14.7,F,R,wrist,NONE
0663_01_WRI-R,PAT_GRAZ_663,663,GRAZPEDWRI-DX,train,0663_0857365894_01_WRI-R1_M014,0663_0857365929_01_WRI-R2_M014,D:\projects\MediMind\ai-prediction-service\artifacts\fracture_v2\experiment5_localization\dataset\images\train\0663_0857365894_01_WRI-R1_M014.png,D:\projects\MediMind\ai-prediction-service\artifacts\fracture_v2\experiment5_localization\dataset\images\train\0663_0857365929_01_WRI-R2_M014.png,True,True,0,0,0,1,14.1,M,R,wrist,NONE
0664_01_WRI-R,PAT_GRAZ_664,664,GRAZPEDWRI-DX,train,0664_0933546463_01_WRI-R1_F011,0664_0933546514_01_WRI-R2_F011,D:\projects\MediMind\ai-prediction-service\artifacts\fracture_v2\experiment5_localization\dataset\images\train\0664_0933546463_01_WRI-R1_F011.png,D:\projects\MediMind\ai-prediction-service\artifacts\fracture_v2\experiment5_localization\dataset\images\train\0664_0933546514_01_WRI-R2_F011.png,True,True,0,0,0,1,11.3,F,R,wrist,NONE
0666_01_WRI-R,PAT_GRAZ_666,666,GRAZPEDWRI-DX,train,0666_0542757670_01_WRI-R1_M009,0666_0542757703_01_WRI-R2_M009,D:\projects\MediMind\ai-prediction-service\artifacts\fracture_v2\experiment5_localization\dataset\images\train\0666_0542757670_01_WRI-R1_M009.png,D:\projects\MediMind\ai-prediction-service\artifacts\fracture_v2\experiment5_localization\dataset\images\train\0666_0542757703_01_WRI-R2_M009.png,True,True,0,0,0,1,9.0,M,R,wrist,NONE
0667_01_WRI-L,PAT_GRAZ_667,667,GRAZPEDWRI-DX,train,0667_0332974387_01_WRI-L1_M005,0667_0332974448_01_WRI-L2_M005,D:\projects\MediMind\ai-prediction-service\artifacts\fracture_v2\experiment5_localization\dataset\images\train\0667_0332974387_01_WRI-L1_M005.png,D:\projects\MediMind\ai-prediction-service\artifacts\fracture_v2\experiment5_localization\dataset\images\train\0667_0332974448_01_WRI-L2_M005.png,True,True,0,0,0,1,5.6,M,L,wrist,NONE
0668_01_WRI-L,PAT_GRAZ_668,668,GRAZPEDWRI-DX,train,0668_0652192106_01_WRI-L1_F008,0668_0652192169_01_WRI-L2_F008,D:\projects\MediMind\ai-prediction-service\artifacts\fracture_v2\experiment5_localization\dataset\images\train\0668_0652192106_01_WRI-L1_F008.png,D:\projects\MediMind\ai-prediction-service\artifacts\fracture_v2\experiment5_localization\dataset\images\train\0668_0652192169_01_WRI-L2_F008.png,True,True,1,1,1,1,8.0,F,L,wrist,NONE
0669_01_WRI-R,PAT_GRAZ_669,669,GRAZPEDWRI-DX,train,0669_0733226345_01_WRI-R1_F012,0669_0733226380_01_WRI-R2_F012,D:\projects\MediMind\ai-prediction-service\artifacts\fracture_v2\experiment5_localization\dataset\images\train\0669_0733226345_01_WRI-R1_F012.png,D:\projects\MediMind\ai-prediction-service\artifacts\fracture_v2\experiment5_localization\dataset\images\train\0669_0733226380_01_WRI-R2_F012.png,True,True,1,1,1,1,12.1,F,R,wrist,NONE
0669_04_WRI-L,PAT_GRAZ_669,669,GRAZPEDWRI-DX,train,0669_0843921792_04_WRI-L1_F015,0669_0843921843_04_WRI-L2_F015,D:\projects\MediMind\ai-prediction-service\artifacts\fracture_v2\experiment5_localization\dataset\images\train\0669_0843921792_04_WRI-L1_F015.png,D:\projects\MediMind\ai-prediction-service\artifacts\fracture_v2\experiment5_localization\dataset\images\train\0669_0843921843_04_WRI-L2_F015.png,True,True,0,0,0,1,15.6,F,L,wrist,NONE
0671_01_WRI-R,PAT_GRAZ_671,671,GRAZPEDWRI-DX,train,0671_1190160901_01_WRI-R1_M010,0671_1190160952_01_WRI-R2_M010,D:\projects\MediMind\ai-prediction-service\artifacts\fracture_v2\experiment5_localization\dataset\images\train\0671_1190160901_01_WRI-R1_M010.png,D:\projects\MediMind\ai-prediction-service\artifacts\fracture_v2\experiment5_localization\dataset\images\train\0671_1190160952_01_WRI-R2_M010.png,True,True,1,1,1,1,10.9,M,R,wrist,NONE
0672_01_WRI-R,PAT_GRAZ_672,672,GRAZPEDWRI-DX,train,0672_1046828210_01_WRI-R1_M015,0672_1046828235_01_WRI-R2_M015,D:\projects\MediMind\ai-prediction-service\artifacts\fracture_v2\experiment5_localization\dataset\images\train\0672_1046828210_01_WRI-R1_M015.png,D:\projects\MediMind\ai-prediction-service\artifacts\fracture_v2\experiment5_localization\dataset\images\train\0672_1046828235_01_WRI-R2_M015.png,True,True,0,0,0,1,15.1,M,R,wrist,NONE
0673_01_WRI-L,PAT_GRAZ_673,673,GRAZPEDWRI-DX,train,0673_0390923893_01_WRI-L1_F000,0673_0390923946_01_WRI-L2_F000,D:\projects\MediMind\ai-prediction-service\artifacts\fracture_v2\experiment5_localization\dataset\images\train\0673_0390923893_01_WRI-L1_F000.png,D:\projects\MediMind\ai-prediction-service\artifacts\fracture_v2\experiment5_localization\dataset\images\train\0673_0390923946_01_WRI-L2_F000.png,True,True,1,0,1,0,0.2,F,L,wrist,NONE
0674_01_WRI-R,PAT_GRAZ_674,674,GRAZPEDWRI-DX,train,0674_0952145876_01_WRI-R1_F012,0674_0952145908_01_WRI-R2_F012,D:\projects\MediMind\ai-prediction-service\artifacts\fracture_v2\experiment5_localization\dataset\images\train\0674_0952145876_01_WRI-R1_F012.png,D:\projects\MediMind\ai-prediction-service\artifacts\fracture_v2\experiment5_localization\dataset\images\train\0674_0952145908_01_WRI-R2_F012.png,True,True,0,0,0,1,12.2,F,R,wrist,NONE
0675_01_WRI-R,PAT_GRAZ_675,675,GRAZPEDWRI-DX,train,0675_0371682635_01_WRI-R1_M017,0675_0371682669_01_WRI-R2_M017,D:\projects\MediMind\ai-prediction-service\artifacts\fracture_v2\experiment5_localization\dataset\images\train\0675_0371682635_01_WRI-R1_M017.png,D:\projects\MediMind\ai-prediction-service\artifacts\fracture_v2\experiment5_localization\dataset\images\train\0675_0371682669_01_WRI-R2_M017.png,True,True,0,0,0,1,17.9,M,R,wrist,NONE
0676_01_WRI-L,PAT_GRAZ_676,676,GRAZPEDWRI-DX,train,0676_0977287506_01_WRI-L1_M015,0676_0977287563_01_WRI-L2_M015,D:\projects\MediMind\ai-prediction-service\artifacts\fracture_v2\experiment5_localization\dataset\images\train\0676_0977287506_01_WRI-L1_M015.png,D:\projects\MediMind\ai-prediction-service\artifacts\fracture_v2\experiment5_localization\dataset\images\train\0676_0977287563_01_WRI-L2_M015.png,True,True,0,0,0,1,15.9,M,L,wrist,NONE
0677_01_WRI-L,PAT_GRAZ_677,677,GRAZPEDWRI-DX,train,0677_0480059595_01_WRI-L1_M010,0677_0480059663_01_WRI-L2_M010,D:\projects\MediMind\ai-prediction-service\artifacts\fracture_v2\experiment5_localization\dataset\images\train\0677_0480059595_01_WRI-L1_M010.png,D:\projects\MediMind\ai-prediction-service\artifacts\fracture_v2\experiment5_localization\dataset\images\train\0677_0480059663_01_WRI-L2_M010.png,True,True,1,1,1,1,10.2,M,L,wrist,NONE
0677_02_WRI-L,PAT_GRAZ_677,677,GRAZPEDWRI-DX,train,0677_0480064233_02_WRI-L1_M010,0677_0480064202_02_WRI-L2_M010,D:\projects\MediMind\ai-prediction-service\artifacts\fracture_v2\experiment5_localization\dataset\images\train\0677_0480064233_02_WRI-L1_M010.png,D:\projects\MediMind\ai-prediction-service\artifacts\fracture_v2\experiment5_localization\dataset\images\train\0677_0480064202_02_WRI-L2_M010.png,True,True,1,1,1,1,10.2,M,L,wrist,NONE
0677_03_WRI-L,PAT_GRAZ_677,677,GRAZPEDWRI-DX,train,0677_0480644525_03_WRI-L1_M010,0677_0480644590_03_WRI-L2_M010,D:\projects\MediMind\ai-prediction-service\artifacts\fracture_v2\experiment5_localization\dataset\images\train\0677_0480644525_03_WRI-L1_M010.png,D:\projects\MediMind\ai-prediction-service\artifacts\fracture_v2\experiment5_localization\dataset\images\train\0677_0480644590_03_WRI-L2_M010.png,True,True,0,0,0,1,10.3,M,L,wrist,NONE
0677_04_WRI-L,PAT_GRAZ_677,677,GRAZPEDWRI-DX,train,0677_0481246699_04_WRI-L1_M010,0677_0481246747_04_WRI-L2_M010,D:\projects\MediMind\ai-prediction-service\artifacts\fracture_v2\experiment5_localization\dataset\images\train\0677_0481246699_04_WRI-L1_M010.png,D:\projects\MediMind\ai-prediction-service\artifacts\fracture_v2\experiment5_localization\dataset\images\train\0677_0481246747_04_WRI-L2_M010.png,True,True,1,1,1,1,10.3,M,L,wrist,NONE
0677_05_WRI-L,PAT_GRAZ_677,677,GRAZPEDWRI-DX,train,0677_0482451780_05_WRI-L1_M010,0677_0482451851_05_WRI-L2_M010,D:\projects\MediMind\ai-prediction-service\artifacts\fracture_v2\experiment5_localization\dataset\images\train\0677_0482451780_05_WRI-L1_M010.png,D:\projects\MediMind\ai-prediction-service\artifacts\fracture_v2\experiment5_localization\dataset\images\train\0677_0482451851_05_WRI-L2_M010.png,True,True,1,1,1,1,10.3,M,L,wrist,NONE
0678_01_WRI-L,PAT_GRAZ_678,678,GRAZPEDWRI-DX,train,0678_1023464220_01_WRI-L1_F005,0678_1023464265_01_WRI-L2_F005,D:\projects\MediMind\ai-prediction-service\artifacts\fracture_v2\experiment5_localization\dataset\images\train\0678_1023464220_01_WRI-L1_F005.png,D:\projects\MediMind\ai-prediction-service\artifacts\fracture_v2\experiment5_localization\dataset\images\train\0678_1023464265_01_WRI-L2_F005.png,True,True,0,0,0,1,5.3,F,L,wrist,NONE
0680_01_WRI-L,PAT_GRAZ_680,680,GRAZPEDWRI-DX,train,0680_0437318596_01_WRI-L1_F014,0680_0437318614_01_WRI-L2_F014,D:\projects\MediMind\ai-prediction-service\artifacts\fracture_v2\experiment5_localization\dataset\images\train\0680_0437318596_01_WRI-L1_F014.png,D:\projects\MediMind\ai-prediction-service\artifacts\fracture_v2\experiment5_localization\dataset\images\train\0680_0437318614_01_WRI-L2_F014.png,True,True,0,0,0,1,14.0,F,L,wrist,NONE
0681_01_WRI-R,PAT_GRAZ_681,681,GRAZPEDWRI-DX,train,0681_0623704258_01_WRI-R1_F016,0681_0623704312_01_WRI-R2_F016,D:\projects\MediMind\ai-prediction-service\artifacts\fracture_v2\experiment5_localization\dataset\images\train\0681_0623704258_01_WRI-R1_F016.png,D:\projects\MediMind\ai-prediction-service\artifacts\fracture_v2\experiment5_localization\dataset\images\train\0681_0623704312_01_WRI-R2_F016.png,True,True,0,1,1,0,16.2,F,R,wrist,NONE
0682_01_WRI-R,PAT_GRAZ_682,682,GRAZPEDWRI-DX,train,0682_0610073442_01_WRI-R1_F015,0682_0610073494_01_WRI-R2_F015,D:\projects\MediMind\ai-prediction-service\artifacts\fracture_v2\experiment5_localization\dataset\images\train\0682_0610073442_01_WRI-R1_F015.png,D:\projects\MediMind\ai-prediction-service\artifacts\fracture_v2\experiment5_localization\dataset\images\train\0682_0610073494_01_WRI-R2_F015.png,True,True,0,0,0,1,15.6,F,R,wrist,NONE
0684_01_WRI-L,PAT_GRAZ_684,684,GRAZPEDWRI-DX,train,0684_0588739662_01_WRI-L1_M014,0684_0588739709_01_WRI-L2_M014,D:\projects\MediMind\ai-prediction-service\artifacts\fracture_v2\experiment5_localization\dataset\images\train\0684_0588739662_01_WRI-L1_M014.png,D:\projects\MediMind\ai-prediction-service\artifacts\fracture_v2\experiment5_localization\dataset\images\train\0684_0588739709_01_WRI-L2_M014.png,True,True,0,1,1,0,14.2,M,L,wrist,NONE
0685_01_WRI-L,PAT_GRAZ_685,685,GRAZPEDWRI-DX,train,0685_0422722084_01_WRI-L1_M006,0685_0422722138_01_WRI-L2_M006,D:\projects\MediMind\ai-prediction-service\artifacts\fracture_v2\experiment5_localization\dataset\images\train\0685_0422722084_01_WRI-L1_M006.png,D:\projects\MediMind\ai-prediction-service\artifacts\fracture_v2\experiment5_localization\dataset\images\train\0685_0422722138_01_WRI-L2_M006.png,True,True,1,1,1,1,6.3,M,L,wrist,NONE
0687_01_WRI-L,PAT_GRAZ_687,687,GRAZPEDWRI-DX,train,0687_0609751064_01_WRI-L1_F010,0687_0609751106_01_WRI-L2_F010,D:\projects\MediMind\ai-prediction-service\artifacts\fracture_v2\experiment5_localization\dataset\images\train\0687_0609751064_01_WRI-L1_F010.png,D:\projects\MediMind\ai-prediction-service\artifacts\fracture_v2\experiment5_localization\dataset\images\train\0687_0609751106_01_WRI-L2_F010.png,True,True,1,1,1,1,10.2,F,L,wrist,NONE
0687_02_WRI-L,PAT_GRAZ_687,687,GRAZPEDWRI-DX,train,0687_0609755098_02_WRI-L1_F010,0687_0609755197_02_WRI-L2_F010,D:\projects\MediMind\ai-prediction-service\artifacts\fracture_v2\experiment5_localization\dataset\images\train\0687_0609755098_02_WRI-L1_F010.png,D:\projects\MediMind\ai-prediction-service\artifacts\fracture_v2\experiment5_localization\dataset\images\train\0687_0609755197_02_WRI-L2_F010.png,True,True,1,1,1,1,10.2,F,L,wrist,NONE
0687_03_WRI-L,PAT_GRAZ_687,687,GRAZPEDWRI-DX,train,0687_0610321247_03_WRI-L1_F010,0687_0610321310_03_WRI-L2_F010,D:\projects\MediMind\ai-prediction-service\artifacts\fracture_v2\experiment5_localization\dataset\images\train\0687_0610321247_03_WRI-L1_F010.png,D:\projects\MediMind\ai-prediction-service\artifacts\fracture_v2\experiment5_localization\dataset\images\train\0687_0610321310_03_WRI-L2_F010.png,True,True,1,1,1,1,10.2,F,L,wrist,NONE
0687_04_WRI-L,PAT_GRAZ_687,687,GRAZPEDWRI-DX,train,0687_0610917264_04_WRI-L1_F010,0687_0610917324_04_WRI-L2_F010,D:\projects\MediMind\ai-prediction-service\artifacts\fracture_v2\experiment5_localization\dataset\images\train\0687_0610917264_04_WRI-L1_F010.png,D:\projects\MediMind\ai-prediction-service\artifacts\fracture_v2\experiment5_localization\dataset\images\train\0687_0610917324_04_WRI-L2_F010.png,True,True,1,1,1,1,10.2,F,L,wrist,NONE
0688_03_WRI-R,PAT_GRAZ_688,688,GRAZPEDWRI-DX,train,0688_1229162197_03_WRI-R1_M013,0688_1229162300_03_WRI-R2_M013,D:\projects\MediMind\ai-prediction-service\artifacts\fracture_v2\experiment5_localization\dataset\images\train\0688_1229162197_03_WRI-R1_M013.png,D:\projects\MediMind\ai-prediction-service\artifacts\fracture_v2\experiment5_localization\dataset\images\train\0688_1229162300_03_WRI-R2_M013.png,True,True,1,1,1,1,13.0,M,R,wrist,NONE
0689_01_WRI-L,PAT_GRAZ_689,689,GRAZPEDWRI-DX,train,0689_0441796128_01_WRI-L1_F003,0689_0441796170_01_WRI-L2_F003,D:\projects\MediMind\ai-prediction-service\artifacts\fracture_v2\experiment5_localization\dataset\images\train\0689_0441796128_01_WRI-L1_F003.png,D:\projects\MediMind\ai-prediction-service\artifacts\fracture_v2\experiment5_localization\dataset\images\train\0689_0441796170_01_WRI-L2_F003.png,True,True,0,0,0,1,3.0,F,L,wrist,NONE
0690_01_WRI-L,PAT_GRAZ_690,690,GRAZPEDWRI-DX,train,0690_0472239824_01_WRI-L1_F006,0690_0472239865_01_WRI-L2_F006,D:\projects\MediMind\ai-prediction-service\artifacts\fracture_v2\experiment5_localization\dataset\images\train\0690_0472239824_01_WRI-L1_F006.png,D:\projects\MediMind\ai-prediction-service\artifacts\fracture_v2\experiment5_localization\dataset\images\train\0690_0472239865_01_WRI-L2_F006.png,True,True,1,1,1,1,6.5,F,L,wrist,NONE
0691_01_WRI-L,PAT_GRAZ_691,691,GRAZPEDWRI-DX,train,0691_0530232674_01_WRI-L1_M011,0691_0530232703_01_WRI-L2_M011,D:\projects\MediMind\ai-prediction-service\artifacts\fracture_v2\experiment5_localization\dataset\images\train\0691_0530232674_01_WRI-L1_M011.png,D:\projects\MediMind\ai-prediction-service\artifacts\fracture_v2\experiment5_localization\dataset\images\train\0691_0530232703_01_WRI-L2_M011.png,True,True,1,1,1,1,11.0,M,L,wrist,NONE
0692_01_WRI-L,PAT_GRAZ_692,692,GRAZPEDWRI-DX,train,0692_0364273771_01_WRI-L1_M010,0692_0364273798_01_WRI-L2_M010,D:\projects\MediMind\ai-prediction-service\artifacts\fracture_v2\experiment5_localization\dataset\images\train\0692_0364273771_01_WRI-L1_M010.png,D:\projects\MediMind\ai-prediction-service\artifacts\fracture_v2\experiment5_localization\dataset\images\train\0692_0364273798_01_WRI-L2_M010.png,True,True,0,0,0,1,10.1,M,L,wrist,NONE
0696_01_WRI-L,PAT_GRAZ_696,696,GRAZPEDWRI-DX,train,0696_0806136715_01_WRI-L1_M017,0696_0806136761_01_WRI-L2_M017,D:\projects\MediMind\ai-prediction-service\artifacts\fracture_v2\experiment5_localization\dataset\images\train\0696_0806136715_01_WRI-L1_M017.png,D:\projects\MediMind\ai-prediction-service\artifacts\fracture_v2\experiment5_localization\dataset\images\train\0696_0806136761_01_WRI-L2_M017.png,True,True,0,0,0,1,17.0,M,L,wrist,NONE
0697_01_WRI-L,PAT_GRAZ_697,697,GRAZPEDWRI-DX,train,0697_0524893673_01_WRI-L1_M014,0697_0524893705_01_WRI-L2_M014,D:\projects\MediMind\ai-prediction-service\artifacts\fracture_v2\experiment5_localization\dataset\images\train\0697_0524893673_01_WRI-L1_M014.png,D:\projects\MediMind\ai-prediction-service\artifacts\fracture_v2\experiment5_localization\dataset\images\train\0697_0524893705_01_WRI-L2_M014.png,True,True,0,1,1,0,14.1,M,L,wrist,NONE
0698_01_WRI-L,PAT_GRAZ_698,698,GRAZPEDWRI-DX,train,0698_0730641902_01_WRI-L1_M014,0698_0730641935_01_WRI-L2_M014,D:\projects\MediMind\ai-prediction-service\artifacts\fracture_v2\experiment5_localization\dataset\images\train\0698_0730641902_01_WRI-L1_M014.png,D:\projects\MediMind\ai-prediction-service\artifacts\fracture_v2\experiment5_localization\dataset\images\train\0698_0730641935_01_WRI-L2_M014.png,True,True,1,0,1,0,14.0,M,L,wrist,NONE
0702_01_WRI-R,PAT_GRAZ_702,702,GRAZPEDWRI-DX,train,0702_0960448775_01_WRI-R1_F012,0702_0960448804_01_WRI-R2_F012,D:\projects\MediMind\ai-prediction-service\artifacts\fracture_v2\experiment5_localization\dataset\images\train\0702_0960448775_01_WRI-R1_F012.png,D:\projects\MediMind\ai-prediction-service\artifacts\fracture_v2\experiment5_localization\dataset\images\train\0702_0960448804_01_WRI-R2_F012.png,True,True,0,0,0,1,12.2,F,R,wrist,NONE
0703_01_WRI-L,PAT_GRAZ_703,703,GRAZPEDWRI-DX,train,0703_1098055072_01_WRI-L1_F010,0703_1098055113_01_WRI-L2_F010,D:\projects\MediMind\ai-prediction-service\artifacts\fracture_v2\experiment5_localization\dataset\images\train\0703_1098055072_01_WRI-L1_F010.png,D:\projects\MediMind\ai-prediction-service\artifacts\fracture_v2\experiment5_localization\dataset\images\train\0703_1098055113_01_WRI-L2_F010.png,True,True,0,0,0,1,10.5,F,L,wrist,NONE
0705_01_WRI-R,PAT_GRAZ_705,705,GRAZPEDWRI-DX,train,0705_0520378370_01_WRI-R1_F014,0705_0520378409_01_WRI-R2_F014,D:\projects\MediMind\ai-prediction-service\artifacts\fracture_v2\experiment5_localization\dataset\images\train\0705_0520378370_01_WRI-R1_F014.png,D:\projects\MediMind\ai-prediction-service\artifacts\fracture_v2\experiment5_localization\dataset\images\train\0705_0520378409_01_WRI-R2_F014.png,True,True,0,0,0,1,14.5,F,R,wrist,NONE
0711_01_WRI-R,PAT_GRAZ_711,711,GRAZPEDWRI-DX,train,0711_0441214298_01_WRI-R1_F014,0711_0441214328_01_WRI-R2_F014,D:\projects\MediMind\ai-prediction-service\artifacts\fracture_v2\experiment5_localization\dataset\images\train\0711_0441214298_01_WRI-R1_F014.png,D:\projects\MediMind\ai-prediction-service\artifacts\fracture_v2\experiment5_localization\dataset\images\train\0711_0441214328_01_WRI-R2_F014.png,True,True,0,0,0,1,14.7,F,R,wrist,NONE
0713_01_WRI-L,PAT_GRAZ_713,713,GRAZPEDWRI-DX,train,0713_0289914891_01_WRI-L1_M010,0713_0289914944_01_WRI-L2_M010,D:\projects\MediMind\ai-prediction-service\artifacts\fracture_v2\experiment5_localization\dataset\images\train\0713_0289914891_01_WRI-L1_M010.png,D:\projects\MediMind\ai-prediction-service\artifacts\fracture_v2\experiment5_localization\dataset\images\train\0713_0289914944_01_WRI-L2_M010.png,True,True,1,1,1,1,10.0,M,L,wrist,NONE
0714_01_WRI-R,PAT_GRAZ_714,714,GRAZPEDWRI-DX,train,0714_0432437153_01_WRI-R1_M015,0714_0432437265_01_WRI-R2_M015,D:\projects\MediMind\ai-prediction-service\artifacts\fracture_v2\experiment5_localization\dataset\images\train\0714_0432437153_01_WRI-R1_M015.png,D:\projects\MediMind\ai-prediction-service\artifacts\fracture_v2\experiment5_localization\dataset\images\train\0714_0432437265_01_WRI-R2_M015.png,True,True,0,0,0,1,15.2,M,R,wrist,NONE
0714_04_WRI-R,PAT_GRAZ_714,714,GRAZPEDWRI-DX,train,0714_0433704356_04_WRI-R1_M015,0714_0433704389_04_WRI-R2_M015,D:\projects\MediMind\ai-prediction-service\artifacts\fracture_v2\experiment5_localization\dataset\images\train\0714_0433704356_04_WRI-R1_M015.png,D:\projects\MediMind\ai-prediction-service\artifacts\fracture_v2\experiment5_localization\dataset\images\train\0714_0433704389_04_WRI-R2_M015.png,True,True,1,1,1,1,15.2,M,R,wrist,NONE
0717_01_WRI-L,PAT_GRAZ_717,717,GRAZPEDWRI-DX,train,0717_0943009589_01_WRI-L1_F010,0717_0943009633_01_WRI-L2_F010,D:\projects\MediMind\ai-prediction-service\artifacts\fracture_v2\experiment5_localization\dataset\images\train\0717_0943009589_01_WRI-L1_F010.png,D:\projects\MediMind\ai-prediction-service\artifacts\fracture_v2\experiment5_localization\dataset\images\train\0717_0943009633_01_WRI-L2_F010.png,True,True,0,0,0,1,10.3,F,L,wrist,NONE
0718_01_WRI-R,PAT_GRAZ_718,718,GRAZPEDWRI-DX,train,0718_0817139604_01_WRI-R1_M015,0718_0817139668_01_WRI-R2_M015,D:\projects\MediMind\ai-prediction-service\artifacts\fracture_v2\experiment5_localization\dataset\images\train\0718_0817139604_01_WRI-R1_M015.png,D:\projects\MediMind\ai-prediction-service\artifacts\fracture_v2\experiment5_localization\dataset\images\train\0718_0817139668_01_WRI-R2_M015.png,True,True,1,1,1,1,15.2,M,R,wrist,NONE
0721_01_WRI-R,PAT_GRAZ_721,721,GRAZPEDWRI-DX,train,0721_0255838536_01_WRI-R1_F014,0721_0255838591_01_WRI-R2_F014,D:\projects\MediMind\ai-prediction-service\artifacts\fracture_v2\experiment5_localization\dataset\images\train\0721_0255838536_01_WRI-R1_F014.png,D:\projects\MediMind\ai-prediction-service\artifacts\fracture_v2\experiment5_localization\dataset\images\train\0721_0255838591_01_WRI-R2_F014.png,True,True,0,0,0,1,14.9,F,R,wrist,NONE
0723_01_WRI-R,PAT_GRAZ_723,723,GRAZPEDWRI-DX,train,0723_0430535528_01_WRI-R1_F006,0723_0430535554_01_WRI-R2_F006,D:\projects\MediMind\ai-prediction-service\artifacts\fracture_v2\experiment5_localization\dataset\images\train\0723_0430535528_01_WRI-R1_F006.png,D:\projects\MediMind\ai-prediction-service\artifacts\fracture_v2\experiment5_localization\dataset\images\train\0723_0430535554_01_WRI-R2_F006.png,True,True,0,0,0,1,6.9,F,R,wrist,NONE
0724_01_WRI-L,PAT_GRAZ_724,724,GRAZPEDWRI-DX,train,0724_0629202147_01_WRI-L1_F016,0724_0629202204_01_WRI-L2_F016,D:\projects\MediMind\ai-prediction-service\artifacts\fracture_v2\experiment5_localization\dataset\images\train\0724_0629202147_01_WRI-L1_F016.png,D:\projects\MediMind\ai-prediction-service\artifacts\fracture_v2\experiment5_localization\dataset\images\train\0724_0629202204_01_WRI-L2_F016.png,True,True,0,0,0,1,16.4,F,L,wrist,NONE
0725_01_WRI-R,PAT_GRAZ_725,725,GRAZPEDWRI-DX,train,0725_0955936410_01_WRI-R1_M012,0725_0955936450_01_WRI-R2_M012,D:\projects\MediMind\ai-prediction-service\artifacts\fracture_v2\experiment5_localization\dataset\images\train\0725_0955936410_01_WRI-R1_M012.png,D:\projects\MediMind\ai-prediction-service\artifacts\fracture_v2\experiment5_localization\dataset\images\train\0725_0955936450_01_WRI-R2_M012.png,True,True,1,1,1,1,12.4,M,R,wrist,NONE
0726_01_WRI-R,PAT_GRAZ_726,726,GRAZPEDWRI-DX,train,0726_0522083225_01_WRI-R1_F008,0726_0522083261_01_WRI-R2_F008,D:\projects\MediMind\ai-prediction-service\artifacts\fracture_v2\experiment5_localization\dataset\images\train\0726_0522083225_01_WRI-R1_F008.png,D:\projects\MediMind\ai-prediction-service\artifacts\fracture_v2\experiment5_localization\dataset\images\train\0726_0522083261_01_WRI-R2_F008.png,True,True,1,1,1,1,8.7,F,R,wrist,NONE
0727_01_WRI-R,PAT_GRAZ_727,727,GRAZPEDWRI-DX,train,0727_0560039026_01_WRI-R1_M014,0727_0560039059_01_WRI-R2_M014,D:\projects\MediMind\ai-prediction-service\artifacts\fracture_v2\experiment5_localization\dataset\images\train\0727_0560039026_01_WRI-R1_M014.png,D:\projects\MediMind\ai-prediction-service\artifacts\fracture_v2\experiment5_localization\dataset\images\train\0727_0560039059_01_WRI-R2_M014.png,True,True,1,1,1,1,14.9,M,R,wrist,NONE
0729_01_WRI-R,PAT_GRAZ_729,729,GRAZPEDWRI-DX,train,0729_0635598056_01_WRI-R1_F007,0729_0635598091_01_WRI-R2_F007,D:\projects\MediMind\ai-prediction-service\artifacts\fracture_v2\experiment5_localization\dataset\images\train\0729_0635598056_01_WRI-R1_F007.png,D:\projects\MediMind\ai-prediction-service\artifacts\fracture_v2\experiment5_localization\dataset\images\train\0729_0635598091_01_WRI-R2_F007.png,True,True,1,1,1,1,7.7,F,R,wrist,NONE
0730_01_WRI-R,PAT_GRAZ_730,730,GRAZPEDWRI-DX,train,0730_0860128343_01_WRI-R1_F004,0730_0860128427_01_WRI-R2_F004,D:\projects\MediMind\ai-prediction-service\artifacts\fracture_v2\experiment5_localization\dataset\images\train\0730_0860128343_01_WRI-R1_F004.png,D:\projects\MediMind\ai-prediction-service\artifacts\fracture_v2\experiment5_localization\dataset\images\train\0730_0860128427_01_WRI-R2_F004.png,True,True,0,0,0,1,4.1,F,R,wrist,NONE
0732_01_WRI-L,PAT_GRAZ_732,732,GRAZPEDWRI-DX,train,0732_0731016527_01_WRI-L1_F009,0732_0731016578_01_WRI-L2_F009,D:\projects\MediMind\ai-prediction-service\artifacts\fracture_v2\experiment5_localization\dataset\images\train\0732_0731016527_01_WRI-L1_F009.png,D:\projects\MediMind\ai-prediction-service\artifacts\fracture_v2\experiment5_localization\dataset\images\train\0732_0731016578_01_WRI-L2_F009.png,True,True,1,1,1,1,9.4,F,L,wrist,NONE
0732_02_WRI-L,PAT_GRAZ_732,732,GRAZPEDWRI-DX,train,0732_0731853282_02_WRI-L1_F009,0732_0731853321_02_WRI-L2_F009,D:\projects\MediMind\ai-prediction-service\artifacts\fracture_v2\experiment5_localization\dataset\images\train\0732_0731853282_02_WRI-L1_F009.png,D:\projects\MediMind\ai-prediction-service\artifacts\fracture_v2\experiment5_localization\dataset\images\train\0732_0731853321_02_WRI-L2_F009.png,True,True,1,1,1,1,9.4,F,L,wrist,NONE
0733_01_WRI-L,PAT_GRAZ_733,733,GRAZPEDWRI-DX,train,0733_1191678400_01_WRI-L1_F008,0733_1191678438_01_WRI-L2_F008,D:\projects\MediMind\ai-prediction-service\artifacts\fracture_v2\experiment5_localization\dataset\images\train\0733_1191678400_01_WRI-L1_F008.png,D:\projects\MediMind\ai-prediction-service\artifacts\fracture_v2\experiment5_localization\dataset\images\train\0733_1191678438_01_WRI-L2_F008.png,True,True,1,1,1,1,8.0,F,L,wrist,NONE
0736_01_WRI-L,PAT_GRAZ_736,736,GRAZPEDWRI-DX,train,0736_0854943864_01_WRI-L1_M012,0736_0854943912_01_WRI-L2_M012,D:\projects\MediMind\ai-prediction-service\artifacts\fracture_v2\experiment5_localization\dataset\images\train\0736_0854943864_01_WRI-L1_M012.png,D:\projects\MediMind\ai-prediction-service\artifacts\fracture_v2\experiment5_localization\dataset\images\train\0736_0854943912_01_WRI-L2_M012.png,True,True,0,0,0,1,12.3,M,L,wrist,NONE
0737_01_WRI-R,PAT_GRAZ_737,737,GRAZPEDWRI-DX,train,0737_0195853201_01_WRI-R1_F014,0737_0195853224_01_WRI-R2_F014,D:\projects\MediMind\ai-prediction-service\artifacts\fracture_v2\experiment5_localization\dataset\images\train\0737_0195853201_01_WRI-R1_F014.png,D:\projects\MediMind\ai-prediction-service\artifacts\fracture_v2\experiment5_localization\dataset\images\train\0737_0195853224_01_WRI-R2_F014.png,True,True,0,1,1,0,14.1,F,R,wrist,NONE
0738_01_WRI-L,PAT_GRAZ_738,738,GRAZPEDWRI-DX,train,0738_1030157350_01_WRI-L1_F009,0738_1030157448_01_WRI-L2_F009,D:\projects\MediMind\ai-prediction-service\artifacts\fracture_v2\experiment5_localization\dataset\images\train\0738_1030157350_01_WRI-L1_F009.png,D:\projects\MediMind\ai-prediction-service\artifacts\fracture_v2\experiment5_localization\dataset\images\train\0738_1030157448_01_WRI-L2_F009.png,True,True,1,1,1,1,9.5,F,L,wrist,NONE
0740_01_WRI-R,PAT_GRAZ_740,740,GRAZPEDWRI-DX,train,0740_0636791012_01_WRI-R1_M001,0740_0636791199_01_WRI-R2_M001,D:\projects\MediMind\ai-prediction-service\artifacts\fracture_v2\experiment5_localization\dataset\images\train\0740_0636791012_01_WRI-R1_M001.png,D:\projects\MediMind\ai-prediction-service\artifacts\fracture_v2\experiment5_localization\dataset\images\train\0740_0636791199_01_WRI-R2_M001.png,True,True,1,1,1,1,1.4,M,R,wrist,NONE
0742_01_WRI-L,PAT_GRAZ_742,742,GRAZPEDWRI-DX,train,0742_1086895561_01_WRI-L1_M012,0742_1086895615_01_WRI-L2_M012,D:\projects\MediMind\ai-prediction-service\artifacts\fracture_v2\experiment5_localization\dataset\images\train\0742_1086895561_01_WRI-L1_M012.png,D:\projects\MediMind\ai-prediction-service\artifacts\fracture_v2\experiment5_localization\dataset\images\train\0742_1086895615_01_WRI-L2_M012.png,True,True,0,0,0,1,12.3,M,L,wrist,NONE
0744_01_WRI-L,PAT_GRAZ_744,744,GRAZPEDWRI-DX,train,0744_1247976494_01_WRI-L1_M010,0744_1247976553_01_WRI-L2_M010,D:\projects\MediMind\ai-prediction-service\artifacts\fracture_v2\experiment5_localization\dataset\images\train\0744_1247976494_01_WRI-L1_M010.png,D:\projects\MediMind\ai-prediction-service\artifacts\fracture_v2\experiment5_localization\dataset\images\train\0744_1247976553_01_WRI-L2_M010.png,True,True,1,1,1,1,10.4,M,L,wrist,NONE
0744_02_WRI-L,PAT_GRAZ_744,744,GRAZPEDWRI-DX,train,0744_1248555200_02_WRI-L1_M010,0744_1248555285_02_WRI-L2_M010,D:\projects\MediMind\ai-prediction-service\artifacts\fracture_v2\experiment5_localization\dataset\images\train\0744_1248555200_02_WRI-L1_M010.png,D:\projects\MediMind\ai-prediction-service\artifacts\fracture_v2\experiment5_localization\dataset\images\train\0744_1248555285_02_WRI-L2_M010.png,True,True,1,1,1,1,10.4,M,L,wrist,NONE
0744_03_WRI-L,PAT_GRAZ_744,744,GRAZPEDWRI-DX,train,0744_1250975266_03_WRI-L1_M010,0744_1250975300_03_WRI-L2_M010,D:\projects\MediMind\ai-prediction-service\artifacts\fracture_v2\experiment5_localization\dataset\images\train\0744_1250975266_03_WRI-L1_M010.png,D:\projects\MediMind\ai-prediction-service\artifacts\fracture_v2\experiment5_localization\dataset\images\train\0744_1250975300_03_WRI-L2_M010.png,True,True,1,1,1,1,10.5,M,L,wrist,NONE
0746_01_WRI-L,PAT_GRAZ_746,746,GRAZPEDWRI-DX,train,0746_1085100523_01_WRI-L1_F007,0746_1085100564_01_WRI-L2_F007,D:\projects\MediMind\ai-prediction-service\artifacts\fracture_v2\experiment5_localization\dataset\images\train\0746_1085100523_01_WRI-L1_F007.png,D:\projects\MediMind\ai-prediction-service\artifacts\fracture_v2\experiment5_localization\dataset\images\train\0746_1085100564_01_WRI-L2_F007.png,True,True,1,1,1,1,7.9,F,L,wrist,NONE
0746_02_WRI-L,PAT_GRAZ_746,746,GRAZPEDWRI-DX,train,0746_1085711393_02_WRI-L1_F007,0746_1085711449_02_WRI-L2_F007,D:\projects\MediMind\ai-prediction-service\artifacts\fracture_v2\experiment5_localization\dataset\images\train\0746_1085711393_02_WRI-L1_F007.png,D:\projects\MediMind\ai-prediction-service\artifacts\fracture_v2\experiment5_localization\dataset\images\train\0746_1085711449_02_WRI-L2_F007.png,True,True,1,1,1,1,7.9,F,L,wrist,NONE
0746_03_WRI-L,PAT_GRAZ_746,746,GRAZPEDWRI-DX,train,0746_1086484119_03_WRI-L1_F007,0746_1086484148_03_WRI-L2_F007,D:\projects\MediMind\ai-prediction-service\artifacts\fracture_v2\experiment5_localization\dataset\images\train\0746_1086484119_03_WRI-L1_F007.png,D:\projects\MediMind\ai-prediction-service\artifacts\fracture_v2\experiment5_localization\dataset\images\train\0746_1086484148_03_WRI-L2_F007.png,True,True,1,1,1,1,7.9,F,L,wrist,NONE
0749_01_WRI-L,PAT_GRAZ_749,749,GRAZPEDWRI-DX,train,0749_0872559045_01_WRI-L1_M005,0749_0872559133_01_WRI-L2_M005,D:\projects\MediMind\ai-prediction-service\artifacts\fracture_v2\experiment5_localization\dataset\images\train\0749_0872559045_01_WRI-L1_M005.png,D:\projects\MediMind\ai-prediction-service\artifacts\fracture_v2\experiment5_localization\dataset\images\train\0749_0872559133_01_WRI-L2_M005.png,True,True,1,1,1,1,5.4,M,L,wrist,NONE
0749_02_WRI-L,PAT_GRAZ_749,749,GRAZPEDWRI-DX,train,0749_0873208231_02_WRI-L1_M005,0749_0873208330_02_WRI-L2_M005,D:\projects\MediMind\ai-prediction-service\artifacts\fracture_v2\experiment5_localization\dataset\images\train\0749_0873208231_02_WRI-L1_M005.png,D:\projects\MediMind\ai-prediction-service\artifacts\fracture_v2\experiment5_localization\dataset\images\train\0749_0873208330_02_WRI-L2_M005.png,True,True,1,1,1,1,5.4,M,L,wrist,NONE
0749_05_WRI-L,PAT_GRAZ_749,749,GRAZPEDWRI-DX,train,0749_0874509442_05_WRI-L1_M005,0749_0874509515_05_WRI-L2_M005,D:\projects\MediMind\ai-prediction-service\artifacts\fracture_v2\experiment5_localization\dataset\images\train\0749_0874509442_05_WRI-L1_M005.png,D:\projects\MediMind\ai-prediction-service\artifacts\fracture_v2\experiment5_localization\dataset\images\train\0749_0874509515_05_WRI-L2_M005.png,True,True,1,1,1,1,5.5,M,L,wrist,NONE
0749_06_WRI-L,PAT_GRAZ_749,749,GRAZPEDWRI-DX,train,0749_0875713484_06_WRI-L1_M005,0749_0875713689_06_WRI-L2_M005,D:\projects\MediMind\ai-prediction-service\artifacts\fracture_v2\experiment5_localization\dataset\images\train\0749_0875713484_06_WRI-L1_M005.png,D:\projects\MediMind\ai-prediction-service\artifacts\fracture_v2\experiment5_localization\dataset\images\train\0749_0875713689_06_WRI-L2_M005.png,True,True,1,1,1,1,5.5,M,L,wrist,NONE
0750_01_WRI-R,PAT_GRAZ_750,750,GRAZPEDWRI-DX,train,0750_0428432265_01_WRI-R1_M014,0750_0428432302_01_WRI-R2_M014,D:\projects\MediMind\ai-prediction-service\artifacts\fracture_v2\experiment5_localization\dataset\images\train\0750_0428432265_01_WRI-R1_M014.png,D:\projects\MediMind\ai-prediction-service\artifacts\fracture_v2\experiment5_localization\dataset\images\train\0750_0428432302_01_WRI-R2_M014.png,True,True,0,0,0,1,14.7,M,R,wrist,NONE
0751_01_WRI-L,PAT_GRAZ_751,751,GRAZPEDWRI-DX,train,0751_0352223092_01_WRI-L1_M015,0751_0352223192_01_WRI-L2_M015,D:\projects\MediMind\ai-prediction-service\artifacts\fracture_v2\experiment5_localization\dataset\images\train\0751_0352223092_01_WRI-L1_M015.png,D:\projects\MediMind\ai-prediction-service\artifacts\fracture_v2\experiment5_localization\dataset\images\train\0751_0352223192_01_WRI-L2_M015.png,True,True,1,1,1,1,15.5,M,L,wrist,NONE
0751_02_WRI-L,PAT_GRAZ_751,751,GRAZPEDWRI-DX,train,0751_0359483963_02_WRI-L1_M015,0751_0359483998_02_WRI-L2_M015,D:\projects\MediMind\ai-prediction-service\artifacts\fracture_v2\experiment5_localization\dataset\images\train\0751_0359483963_02_WRI-L1_M015.png,D:\projects\MediMind\ai-prediction-service\artifacts\fracture_v2\experiment5_localization\dataset\images\train\0751_0359483998_02_WRI-L2_M015.png,True,True,1,1,1,1,15.7,M,L,wrist,NONE
0752_01_WRI-R,PAT_GRAZ_752,752,GRAZPEDWRI-DX,train,0752_1224865288_01_WRI-R1_F009,0752_1224865230_01_WRI-R2_F009,D:\projects\MediMind\ai-prediction-service\artifacts\fracture_v2\experiment5_localization\dataset\images\train\0752_1224865288_01_WRI-R1_F009.png,D:\projects\MediMind\ai-prediction-service\artifacts\fracture_v2\experiment5_localization\dataset\images\train\0752_1224865230_01_WRI-R2_F009.png,True,True,1,1,1,1,9.6,F,R,wrist,NONE
0753_01_WRI-L,PAT_GRAZ_753,753,GRAZPEDWRI-DX,train,0753_1030785028_01_WRI-L1_F007,0753_1030785061_01_WRI-L2_F007,D:\projects\MediMind\ai-prediction-service\artifacts\fracture_v2\experiment5_localization\dataset\images\train\0753_1030785028_01_WRI-L1_F007.png,D:\projects\MediMind\ai-prediction-service\artifacts\fracture_v2\experiment5_localization\dataset\images\train\0753_1030785061_01_WRI-L2_F007.png,True,True,0,0,0,1,7.7,F,L,wrist,NONE
0754_01_WRI-R,PAT_GRAZ_754,754,GRAZPEDWRI-DX,train,0754_0459397267_01_WRI-R1_F006,0754_0459397344_01_WRI-R2_F006,D:\projects\MediMind\ai-prediction-service\artifacts\fracture_v2\experiment5_localization\dataset\images\train\0754_0459397267_01_WRI-R1_F006.png,D:\projects\MediMind\ai-prediction-service\artifacts\fracture_v2\experiment5_localization\dataset\images\train\0754_0459397344_01_WRI-R2_F006.png,True,True,1,1,1,1,6.3,F,R,wrist,NONE
0754_02_WRI-R,PAT_GRAZ_754,754,GRAZPEDWRI-DX,train,0754_0460604014_02_WRI-R1_F006,0754_0460604042_02_WRI-R2_F006,D:\projects\MediMind\ai-prediction-service\artifacts\fracture_v2\experiment5_localization\dataset\images\train\0754_0460604014_02_WRI-R1_F006.png,D:\projects\MediMind\ai-prediction-service\artifacts\fracture_v2\experiment5_localization\dataset\images\train\0754_0460604042_02_WRI-R2_F006.png,True,True,1,1,1,1,6.3,F,R,wrist,NONE
0760_01_WRI-R,PAT_GRAZ_760,760,GRAZPEDWRI-DX,train,0760_0649455453_01_WRI-R1_F006,0760_0649455493_01_WRI-R2_F006,D:\projects\MediMind\ai-prediction-service\artifacts\fracture_v2\experiment5_localization\dataset\images\train\0760_0649455453_01_WRI-R1_F006.png,D:\projects\MediMind\ai-prediction-service\artifacts\fracture_v2\experiment5_localization\dataset\images\train\0760_0649455493_01_WRI-R2_F006.png,True,True,1,1,1,1,6.9,F,R,wrist,NONE
0761_01_WRI-R,PAT_GRAZ_761,761,GRAZPEDWRI-DX,train,0761_1228278547_01_WRI-R1_F009,0761_1228278573_01_WRI-R2_F009,D:\projects\MediMind\ai-prediction-service\artifacts\fracture_v2\experiment5_localization\dataset\images\train\0761_1228278547_01_WRI-R1_F009.png,D:\projects\MediMind\ai-prediction-service\artifacts\fracture_v2\experiment5_localization\dataset\images\train\0761_1228278573_01_WRI-R2_F009.png,True,True,1,1,1,1,9.0,F,R,wrist,NONE
0761_02_WRI-R,PAT_GRAZ_761,761,GRAZPEDWRI-DX,train,0761_1230063292_02_WRI-R1_F009,0761_1230063355_02_WRI-R2_F009,D:\projects\MediMind\ai-prediction-service\artifacts\fracture_v2\experiment5_localization\dataset\images\train\0761_1230063292_02_WRI-R1_F009.png,D:\projects\MediMind\ai-prediction-service\artifacts\fracture_v2\experiment5_localization\dataset\images\train\0761_1230063355_02_WRI-R2_F009.png,True,True,1,1,1,1,9.1,F,R,wrist,NONE
0762_01_WRI-L,PAT_GRAZ_762,762,GRAZPEDWRI-DX,train,0762_1220070795_01_WRI-L1_M016,0762_1220070837_01_WRI-L2_M016,D:\projects\MediMind\ai-prediction-service\artifacts\fracture_v2\experiment5_localization\dataset\images\train\0762_1220070795_01_WRI-L1_M016.png,D:\projects\MediMind\ai-prediction-service\artifacts\fracture_v2\experiment5_localization\dataset\images\train\0762_1220070837_01_WRI-L2_M016.png,True,True,0,0,0,1,16.7,M,L,wrist,NONE
0764_01_WRI-R,PAT_GRAZ_764,764,GRAZPEDWRI-DX,train,0764_0286535628_01_WRI-R1_M014,0764_0286535673_01_WRI-R2_M014,D:\projects\MediMind\ai-prediction-service\artifacts\fracture_v2\experiment5_localization\dataset\images\train\0764_0286535628_01_WRI-R1_M014.png,D:\projects\MediMind\ai-prediction-service\artifacts\fracture_v2\experiment5_localization\dataset\images\train\0764_0286535673_01_WRI-R2_M014.png,True,True,1,1,1,1,14.1,M,R,wrist,NONE
0765_01_WRI-R,PAT_GRAZ_765,765,GRAZPEDWRI-DX,train,0765_0753238870_01_WRI-R1_M003,0765_0753238943_01_WRI-R2_M003,D:\projects\MediMind\ai-prediction-service\artifacts\fracture_v2\experiment5_localization\dataset\images\train\0765_0753238870_01_WRI-R1_M003.png,D:\projects\MediMind\ai-prediction-service\artifacts\fracture_v2\experiment5_localization\dataset\images\train\0765_0753238943_01_WRI-R2_M003.png,True,True,1,1,1,1,3.1,M,R,wrist,NONE
0765_02_WRI-R,PAT_GRAZ_765,765,GRAZPEDWRI-DX,train,0765_0753932545_02_WRI-R1_M003,0765_0753932597_02_WRI-R2_M003,D:\projects\MediMind\ai-prediction-service\artifacts\fracture_v2\experiment5_localization\dataset\images\train\0765_0753932545_02_WRI-R1_M003.png,D:\projects\MediMind\ai-prediction-service\artifacts\fracture_v2\experiment5_localization\dataset\images\train\0765_0753932597_02_WRI-R2_M003.png,True,True,1,1,1,1,3.2,M,R,wrist,NONE
0767_01_WRI-R,PAT_GRAZ_767,767,GRAZPEDWRI-DX,train,0767_0893923616_01_WRI-R1_F013,0767_0893923717_01_WRI-R2_F013,D:\projects\MediMind\ai-prediction-service\artifacts\fracture_v2\experiment5_localization\dataset\images\train\0767_0893923616_01_WRI-R1_F013.png,D:\projects\MediMind\ai-prediction-service\artifacts\fracture_v2\experiment5_localization\dataset\images\train\0767_0893923717_01_WRI-R2_F013.png,True,True,0,0,0,1,13.8,F,R,wrist,NONE
0769_01_WRI-R,PAT_GRAZ_769,769,GRAZPEDWRI-DX,train,0769_0405192390_01_WRI-R1_F013,0769_0405192423_01_WRI-R2_F013,D:\projects\MediMind\ai-prediction-service\artifacts\fracture_v2\experiment5_localization\dataset\images\train\0769_0405192390_01_WRI-R1_F013.png,D:\projects\MediMind\ai-prediction-service\artifacts\fracture_v2\experiment5_localization\dataset\images\train\0769_0405192423_01_WRI-R2_F013.png,True,True,0,0,0,1,13.7,F,R,wrist,NONE
0772_01_WRI-R,PAT_GRAZ_772,772,GRAZPEDWRI-DX,train,0772_0380772560_01_WRI-R1_M012,0772_0380772588_01_WRI-R2_M012,D:\projects\MediMind\ai-prediction-service\artifacts\fracture_v2\experiment5_localization\dataset\images\train\0772_0380772560_01_WRI-R1_M012.png,D:\projects\MediMind\ai-prediction-service\artifacts\fracture_v2\experiment5_localization\dataset\images\train\0772_0380772588_01_WRI-R2_M012.png,True,True,0,0,0,1,12.3,M,R,wrist,NONE
0772_02_WRI-L,PAT_GRAZ_772,772,GRAZPEDWRI-DX,train,0772_0501084010_02_WRI-L1_M016,0772_0501084052_02_WRI-L2_M016,D:\projects\MediMind\ai-prediction-service\artifacts\fracture_v2\experiment5_localization\dataset\images\train\0772_0501084010_02_WRI-L1_M016.png,D:\projects\MediMind\ai-prediction-service\artifacts\fracture_v2\experiment5_localization\dataset\images\train\0772_0501084052_02_WRI-L2_M016.png,True,True,1,0,1,0,16.1,M,L,wrist,NONE
0773_01_WRI-R,PAT_GRAZ_773,773,GRAZPEDWRI-DX,train,0773_1135100326_01_WRI-R1_M014,0773_1135100383_01_WRI-R2_M014,D:\projects\MediMind\ai-prediction-service\artifacts\fracture_v2\experiment5_localization\dataset\images\train\0773_1135100326_01_WRI-R1_M014.png,D:\projects\MediMind\ai-prediction-service\artifacts\fracture_v2\experiment5_localization\dataset\images\train\0773_1135100383_01_WRI-R2_M014.png,True,True,1,1,1,1,14.1,M,R,wrist,NONE
0774_01_WRI-L,PAT_GRAZ_774,774,GRAZPEDWRI-DX,train,0774_0691154112_01_WRI-L1_F008,0774_0691154149_01_WRI-L2_F008,D:\projects\MediMind\ai-prediction-service\artifacts\fracture_v2\experiment5_localization\dataset\images\train\0774_0691154112_01_WRI-L1_F008.png,D:\projects\MediMind\ai-prediction-service\artifacts\fracture_v2\experiment5_localization\dataset\images\train\0774_0691154149_01_WRI-L2_F008.png,True,True,1,1,1,1,8.6,F,L,wrist,NONE
0775_01_WRI-L,PAT_GRAZ_775,775,GRAZPEDWRI-DX,train,0775_0631063448_01_WRI-L1_M007,0775_0631063500_01_WRI-L2_M007,D:\projects\MediMind\ai-prediction-service\artifacts\fracture_v2\experiment5_localization\dataset\images\train\0775_0631063448_01_WRI-L1_M007.png,D:\projects\MediMind\ai-prediction-service\artifacts\fracture_v2\experiment5_localization\dataset\images\train\0775_0631063500_01_WRI-L2_M007.png,True,True,1,1,1,1,7.9,M,L,wrist,NONE
0775_02_WRI-L,PAT_GRAZ_775,775,GRAZPEDWRI-DX,train,0775_0631663053_02_WRI-L1_M007,0775_0631663208_02_WRI-L2_M007,D:\projects\MediMind\ai-prediction-service\artifacts\fracture_v2\experiment5_localization\dataset\images\train\0775_0631663053_02_WRI-L1_M007.png,D:\projects\MediMind\ai-prediction-service\artifacts\fracture_v2\experiment5_localization\dataset\images\train\0775_0631663208_02_WRI-L2_M007.png,True,True,1,1,1,1,7.9,M,L,wrist,NONE
0775_03_WRI-L,PAT_GRAZ_775,775,GRAZPEDWRI-DX,train,0775_0632263886_03_WRI-L1_M007,0775_0632263948_03_WRI-L2_M007,D:\projects\MediMind\ai-prediction-service\artifacts\fracture_v2\experiment5_localization\dataset\images\train\0775_0632263886_03_WRI-L1_M007.png,D:\projects\MediMind\ai-prediction-service\artifacts\fracture_v2\experiment5_localization\dataset\images\train\0775_0632263948_03_WRI-L2_M007.png,True,True,1,1,1,1,7.9,M,L,wrist,NONE
0775_04_WRI-L,PAT_GRAZ_775,775,GRAZPEDWRI-DX,train,0775_0632266365_04_WRI-L1_M007,0775_0632266571_04_WRI-L2_M007,D:\projects\MediMind\ai-prediction-service\artifacts\fracture_v2\experiment5_localization\dataset\images\train\0775_0632266365_04_WRI-L1_M007.png,D:\projects\MediMind\ai-prediction-service\artifacts\fracture_v2\experiment5_localization\dataset\images\train\0775_0632266571_04_WRI-L2_M007.png,True,True,1,1,1,1,7.9,M,L,wrist,NONE
0775_05_WRI-L,PAT_GRAZ_775,775,GRAZPEDWRI-DX,train,0775_0633474831_05_WRI-L1_M007,0775_0633474912_05_WRI-L2_M007,D:\projects\MediMind\ai-prediction-service\artifacts\fracture_v2\experiment5_localization\dataset\images\train\0775_0633474831_05_WRI-L1_M007.png,D:\projects\MediMind\ai-prediction-service\artifacts\fracture_v2\experiment5_localization\dataset\images\train\0775_0633474912_05_WRI-L2_M007.png,True,True,1,1,1,1,7.9,M,L,wrist,NONE
0775_06_WRI-L,PAT_GRAZ_775,775,GRAZPEDWRI-DX,train,0775_0635982043_06_WRI-L1_M008,0775_0635982150_06_WRI-L2_M008,D:\projects\MediMind\ai-prediction-service\artifacts\fracture_v2\experiment5_localization\dataset\images\train\0775_0635982043_06_WRI-L1_M008.png,D:\projects\MediMind\ai-prediction-service\artifacts\fracture_v2\experiment5_localization\dataset\images\train\0775_0635982150_06_WRI-L2_M008.png,True,True,1,1,1,1,8.0,M,L,wrist,NONE
0777_01_WRI-L,PAT_GRAZ_777,777,GRAZPEDWRI-DX,train,0777_0356317550_01_WRI-L1_M011,0777_0356317571_01_WRI-L2_M011,D:\projects\MediMind\ai-prediction-service\artifacts\fracture_v2\experiment5_localization\dataset\images\train\0777_0356317550_01_WRI-L1_M011.png,D:\projects\MediMind\ai-prediction-service\artifacts\fracture_v2\experiment5_localization\dataset\images\train\0777_0356317571_01_WRI-L2_M011.png,True,True,0,0,0,1,11.0,M,L,wrist,NONE
0779_01_WRI-R,PAT_GRAZ_779,779,GRAZPEDWRI-DX,train,0779_0481470176_01_WRI-R1_F010,0779_0481470207_01_WRI-R2_F010,D:\projects\MediMind\ai-prediction-service\artifacts\fracture_v2\experiment5_localization\dataset\images\train\0779_0481470176_01_WRI-R1_F010.png,D:\projects\MediMind\ai-prediction-service\artifacts\fracture_v2\experiment5_localization\dataset\images\train\0779_0481470207_01_WRI-R2_F010.png,True,True,1,1,1,1,10.7,F,R,wrist,NONE
0780_01_WRI-R,PAT_GRAZ_780,780,GRAZPEDWRI-DX,train,0780_0727389030_01_WRI-R1_M005,0780_0727389071_01_WRI-R2_M005,D:\projects\MediMind\ai-prediction-service\artifacts\fracture_v2\experiment5_localization\dataset\images\train\0780_0727389030_01_WRI-R1_M005.png,D:\projects\MediMind\ai-prediction-service\artifacts\fracture_v2\experiment5_localization\dataset\images\train\0780_0727389071_01_WRI-R2_M005.png,True,True,1,1,1,1,5.3,M,R,wrist,NONE
0781_01_WRI-L,PAT_GRAZ_781,781,GRAZPEDWRI-DX,train,0781_1152944386_01_WRI-L1_F010,0781_1152944444_01_WRI-L2_F010,D:\projects\MediMind\ai-prediction-service\artifacts\fracture_v2\experiment5_localization\dataset\images\train\0781_1152944386_01_WRI-L1_F010.png,D:\projects\MediMind\ai-prediction-service\artifacts\fracture_v2\experiment5_localization\dataset\images\train\0781_1152944444_01_WRI-L2_F010.png,True,True,1,1,1,1,10.3,F,L,wrist,NONE
0781_01_WRI-R,PAT_GRAZ_781,781,GRAZPEDWRI-DX,train,0781_1152944492_01_WRI-R1_F010,0781_1152944555_01_WRI-R2_F010,D:\projects\MediMind\ai-prediction-service\artifacts\fracture_v2\experiment5_localization\dataset\images\train\0781_1152944492_01_WRI-R1_F010.png,D:\projects\MediMind\ai-prediction-service\artifacts\fracture_v2\experiment5_localization\dataset\images\train\0781_1152944555_01_WRI-R2_F010.png,True,True,1,1,1,1,10.3,F,R,wrist,NONE
0784_03_WRI-R,PAT_GRAZ_784,784,GRAZPEDWRI-DX,train,0784_0973926273_03_WRI-R1_M007,0784_0973926314_03_WRI-R2_M007,D:\projects\MediMind\ai-prediction-service\artifacts\fracture_v2\experiment5_localization\dataset\images\train\0784_0973926273_03_WRI-R1_M007.png,D:\projects\MediMind\ai-prediction-service\artifacts\fracture_v2\experiment5_localization\dataset\images\train\0784_0973926314_03_WRI-R2_M007.png,True,True,1,1,1,1,7.8,M,R,wrist,NONE
0786_01_WRI-L,PAT_GRAZ_786,786,GRAZPEDWRI-DX,train,0786_1038650205_01_WRI-L1_F010,0786_1038650238_01_WRI-L2_F010,D:\projects\MediMind\ai-prediction-service\artifacts\fracture_v2\experiment5_localization\dataset\images\train\0786_1038650205_01_WRI-L1_F010.png,D:\projects\MediMind\ai-prediction-service\artifacts\fracture_v2\experiment5_localization\dataset\images\train\0786_1038650238_01_WRI-L2_F010.png,True,True,0,0,0,1,10.8,F,L,wrist,NONE
0787_01_WRI-R,PAT_GRAZ_787,787,GRAZPEDWRI-DX,train,0787_0767215768_01_WRI-R1_M009,0787_0767215822_01_WRI-R2_M009,D:\projects\MediMind\ai-prediction-service\artifacts\fracture_v2\experiment5_localization\dataset\images\train\0787_0767215768_01_WRI-R1_M009.png,D:\projects\MediMind\ai-prediction-service\artifacts\fracture_v2\experiment5_localization\dataset\images\train\0787_0767215822_01_WRI-R2_M009.png,True,True,0,0,0,1,9.7,M,R,wrist,NONE
0788_01_WRI-R,PAT_GRAZ_788,788,GRAZPEDWRI-DX,train,0788_0730837893_01_WRI-R1_F008,0788_0730837943_01_WRI-R2_F008,D:\projects\MediMind\ai-prediction-service\artifacts\fracture_v2\experiment5_localization\dataset\images\train\0788_0730837893_01_WRI-R1_F008.png,D:\projects\MediMind\ai-prediction-service\artifacts\fracture_v2\experiment5_localization\dataset\images\train\0788_0730837943_01_WRI-R2_F008.png,True,True,1,1,1,1,8.5,F,R,wrist,NONE
0788_02_WRI-R,PAT_GRAZ_788,788,GRAZPEDWRI-DX,train,0788_0732046550_02_WRI-R1_F008,0788_0732046596_02_WRI-R2_F008,D:\projects\MediMind\ai-prediction-service\artifacts\fracture_v2\experiment5_localization\dataset\images\train\0788_0732046550_02_WRI-R1_F008.png,D:\projects\MediMind\ai-prediction-service\artifacts\fracture_v2\experiment5_localization\dataset\images\train\0788_0732046596_02_WRI-R2_F008.png,True,True,1,1,1,1,8.5,F,R,wrist,NONE
0788_03_WRI-R,PAT_GRAZ_788,788,GRAZPEDWRI-DX,train,0788_0734470455_03_WRI-R1_F008,0788_0734470494_03_WRI-R2_F008,D:\projects\MediMind\ai-prediction-service\artifacts\fracture_v2\experiment5_localization\dataset\images\train\0788_0734470455_03_WRI-R1_F008.png,D:\projects\MediMind\ai-prediction-service\artifacts\fracture_v2\experiment5_localization\dataset\images\train\0788_0734470494_03_WRI-R2_F008.png,True,True,1,1,1,1,8.6,F,R,wrist,NONE
0788_04_WRI-L,PAT_GRAZ_788,788,GRAZPEDWRI-DX,train,0788_0823071136_04_WRI-L1_F011,0788_0823071162_04_WRI-L2_F011,D:\projects\MediMind\ai-prediction-service\artifacts\fracture_v2\experiment5_localization\dataset\images\train\0788_0823071136_04_WRI-L1_F011.png,D:\projects\MediMind\ai-prediction-service\artifacts\fracture_v2\experiment5_localization\dataset\images\train\0788_0823071162_04_WRI-L2_F011.png,True,True,1,1,1,1,11.4,F,L,wrist,NONE
0789_03_WRI-R,PAT_GRAZ_789,789,GRAZPEDWRI-DX,train,0789_0634809542_03_WRI-R1_M009,0789_0634809567_03_WRI-R2_M009,D:\projects\MediMind\ai-prediction-service\artifacts\fracture_v2\experiment5_localization\dataset\images\train\0789_0634809542_03_WRI-R1_M009.png,D:\projects\MediMind\ai-prediction-service\artifacts\fracture_v2\experiment5_localization\dataset\images\train\0789_0634809567_03_WRI-R2_M009.png,True,True,1,1,1,1,9.1,M,R,wrist,NONE
0790_01_WRI-L,PAT_GRAZ_790,790,GRAZPEDWRI-DX,train,0790_0388682804_01_WRI-L1_M006,0790_0388682844_01_WRI-L2_M006,D:\projects\MediMind\ai-prediction-service\artifacts\fracture_v2\experiment5_localization\dataset\images\train\0790_0388682804_01_WRI-L1_M006.png,D:\projects\MediMind\ai-prediction-service\artifacts\fracture_v2\experiment5_localization\dataset\images\train\0790_0388682844_01_WRI-L2_M006.png,True,True,1,1,1,1,6.1,M,L,wrist,NONE
0791_01_WRI-L,PAT_GRAZ_791,791,GRAZPEDWRI-DX,train,0791_0965035347_01_WRI-L1_M016,0791_0965035399_01_WRI-L2_M016,D:\projects\MediMind\ai-prediction-service\artifacts\fracture_v2\experiment5_localization\dataset\images\train\0791_0965035347_01_WRI-L1_M016.png,D:\projects\MediMind\ai-prediction-service\artifacts\fracture_v2\experiment5_localization\dataset\images\train\0791_0965035399_01_WRI-L2_M016.png,True,True,1,1,1,1,16.4,M,L,wrist,NONE
0791_02_WRI-L,PAT_GRAZ_791,791,GRAZPEDWRI-DX,train,0791_0965037900_02_WRI-L1_M016,0791_0965037958_02_WRI-L2_M016,D:\projects\MediMind\ai-prediction-service\artifacts\fracture_v2\experiment5_localization\dataset\images\train\0791_0965037900_02_WRI-L1_M016.png,D:\projects\MediMind\ai-prediction-service\artifacts\fracture_v2\experiment5_localization\dataset\images\train\0791_0965037958_02_WRI-L2_M016.png,True,True,1,1,1,1,16.4,M,L,wrist,NONE
0791_03_WRI-L,PAT_GRAZ_791,791,GRAZPEDWRI-DX,train,0791_0965671224_03_WRI-L1_M016,0791_0965671308_03_WRI-L2_M016,D:\projects\MediMind\ai-prediction-service\artifacts\fracture_v2\experiment5_localization\dataset\images\train\0791_0965671224_03_WRI-L1_M016.png,D:\projects\MediMind\ai-prediction-service\artifacts\fracture_v2\experiment5_localization\dataset\images\train\0791_0965671308_03_WRI-L2_M016.png,True,True,1,1,1,1,16.4,M,L,wrist,NONE
0791_04_WRI-L,PAT_GRAZ_791,791,GRAZPEDWRI-DX,train,0791_0965672834_04_WRI-L1_M016,0791_0965672895_04_WRI-L2_M016,D:\projects\MediMind\ai-prediction-service\artifacts\fracture_v2\experiment5_localization\dataset\images\train\0791_0965672834_04_WRI-L1_M016.png,D:\projects\MediMind\ai-prediction-service\artifacts\fracture_v2\experiment5_localization\dataset\images\train\0791_0965672895_04_WRI-L2_M016.png,True,True,1,1,1,1,16.4,M,L,wrist,NONE
0791_05_WRI-L,PAT_GRAZ_791,791,GRAZPEDWRI-DX,train,0791_0966283156_05_WRI-L1_M016,0791_0966283229_05_WRI-L2_M016,D:\projects\MediMind\ai-prediction-service\artifacts\fracture_v2\experiment5_localization\dataset\images\train\0791_0966283156_05_WRI-L1_M016.png,D:\projects\MediMind\ai-prediction-service\artifacts\fracture_v2\experiment5_localization\dataset\images\train\0791_0966283229_05_WRI-L2_M016.png,True,True,1,1,1,1,16.4,M,L,wrist,NONE
0791_06_WRI-L,PAT_GRAZ_791,791,GRAZPEDWRI-DX,train,0791_0966893712_06_WRI-L1_M016,0791_0966893754_06_WRI-L2_M016,D:\projects\MediMind\ai-prediction-service\artifacts\fracture_v2\experiment5_localization\dataset\images\train\0791_0966893712_06_WRI-L1_M016.png,D:\projects\MediMind\ai-prediction-service\artifacts\fracture_v2\experiment5_localization\dataset\images\train\0791_0966893754_06_WRI-L2_M016.png,True,True,1,1,1,1,16.4,M,L,wrist,NONE
0792_01_WRI-L,PAT_GRAZ_792,792,GRAZPEDWRI-DX,train,0792_0783244395_01_WRI-L1_F014,0792_0783244422_01_WRI-L2_F014,D:\projects\MediMind\ai-prediction-service\artifacts\fracture_v2\experiment5_localization\dataset\images\train\0792_0783244395_01_WRI-L1_F014.png,D:\projects\MediMind\ai-prediction-service\artifacts\fracture_v2\experiment5_localization\dataset\images\train\0792_0783244422_01_WRI-L2_F014.png,True,True,0,0,0,1,14.1,F,L,wrist,NONE
0793_01_WRI-L,PAT_GRAZ_793,793,GRAZPEDWRI-DX,train,0793_0901644365_01_WRI-L1_F008,0793_0901644407_01_WRI-L2_F008,D:\projects\MediMind\ai-prediction-service\artifacts\fracture_v2\experiment5_localization\dataset\images\train\0793_0901644365_01_WRI-L1_F008.png,D:\projects\MediMind\ai-prediction-service\artifacts\fracture_v2\experiment5_localization\dataset\images\train\0793_0901644407_01_WRI-L2_F008.png,True,True,0,1,1,0,8.9,F,L,wrist,NONE
0795_01_WRI-R,PAT_GRAZ_795,795,GRAZPEDWRI-DX,train,0795_0938974238_01_WRI-R1_M009,0795_0938974316_01_WRI-R2_M009,D:\projects\MediMind\ai-prediction-service\artifacts\fracture_v2\experiment5_localization\dataset\images\train\0795_0938974238_01_WRI-R1_M009.png,D:\projects\MediMind\ai-prediction-service\artifacts\fracture_v2\experiment5_localization\dataset\images\train\0795_0938974316_01_WRI-R2_M009.png,True,True,0,0,0,1,9.3,M,R,wrist,NONE
0796_01_WRI-L,PAT_GRAZ_796,796,GRAZPEDWRI-DX,train,0796_0975573308_01_WRI-L1_F005,0796_0975573329_01_WRI-L2_F005,D:\projects\MediMind\ai-prediction-service\artifacts\fracture_v2\experiment5_localization\dataset\images\train\0796_0975573308_01_WRI-L1_F005.png,D:\projects\MediMind\ai-prediction-service\artifacts\fracture_v2\experiment5_localization\dataset\images\train\0796_0975573329_01_WRI-L2_F005.png,True,True,1,1,1,1,5.4,F,L,wrist,NONE
0797_01_WRI-L,PAT_GRAZ_797,797,GRAZPEDWRI-DX,train,0797_0723552281_01_WRI-L1_M013,0797_0723552312_01_WRI-L2_M013,D:\projects\MediMind\ai-prediction-service\artifacts\fracture_v2\experiment5_localization\dataset\images\train\0797_0723552281_01_WRI-L1_M013.png,D:\projects\MediMind\ai-prediction-service\artifacts\fracture_v2\experiment5_localization\dataset\images\train\0797_0723552312_01_WRI-L2_M013.png,True,True,0,0,0,1,13.0,M,L,wrist,NONE
0798_01_WRI-L,PAT_GRAZ_798,798,GRAZPEDWRI-DX,train,0798_1176968464_01_WRI-L1_M010,0798_1176968591_01_WRI-L2_M010,D:\projects\MediMind\ai-prediction-service\artifacts\fracture_v2\experiment5_localization\dataset\images\train\0798_1176968464_01_WRI-L1_M010.png,D:\projects\MediMind\ai-prediction-service\artifacts\fracture_v2\experiment5_localization\dataset\images\train\0798_1176968591_01_WRI-L2_M010.png,True,True,1,1,1,1,10.7,M,L,wrist,NONE
0798_01_WRI-R,PAT_GRAZ_798,798,GRAZPEDWRI-DX,train,0798_1176968729_01_WRI-R1_M010,0798_1176968656_01_WRI-R2_M010,D:\projects\MediMind\ai-prediction-service\artifacts\fracture_v2\experiment5_localization\dataset\images\train\0798_1176968729_01_WRI-R1_M010.png,D:\projects\MediMind\ai-prediction-service\artifacts\fracture_v2\experiment5_localization\dataset\images\train\0798_1176968656_01_WRI-R2_M010.png,True,True,1,1,1,1,10.7,M,R,wrist,NONE
0798_02_WRI-R,PAT_GRAZ_798,798,GRAZPEDWRI-DX,train,0798_1176971375_02_WRI-R1_M010,0798_1176971459_02_WRI-R2_M010,D:\projects\MediMind\ai-prediction-service\artifacts\fracture_v2\experiment5_localization\dataset\images\train\0798_1176971375_02_WRI-R1_M010.png,D:\projects\MediMind\ai-prediction-service\artifacts\fracture_v2\experiment5_localization\dataset\images\train\0798_1176971459_02_WRI-R2_M010.png,True,True,1,1,1,1,10.7,M,R,wrist,NONE
0798_03_WRI-L,PAT_GRAZ_798,798,GRAZPEDWRI-DX,train,0798_1177663348_03_WRI-L1_M010,0798_1177663398_03_WRI-L2_M010,D:\projects\MediMind\ai-prediction-service\artifacts\fracture_v2\experiment5_localization\dataset\images\train\0798_1177663348_03_WRI-L1_M010.png,D:\projects\MediMind\ai-prediction-service\artifacts\fracture_v2\experiment5_localization\dataset\images\train\0798_1177663398_03_WRI-L2_M010.png,True,True,1,1,1,1,10.8,M,L,wrist,NONE
0798_03_WRI-R,PAT_GRAZ_798,798,GRAZPEDWRI-DX,train,0798_1177663611_03_WRI-R1_M010,0798_1177663651_03_WRI-R2_M010,D:\projects\MediMind\ai-prediction-service\artifacts\fracture_v2\experiment5_localization\dataset\images\train\0798_1177663611_03_WRI-R1_M010.png,D:\projects\MediMind\ai-prediction-service\artifacts\fracture_v2\experiment5_localization\dataset\images\train\0798_1177663651_03_WRI-R2_M010.png,True,True,1,1,1,1,10.8,M,R,wrist,NONE
0798_04_WRI-L,PAT_GRAZ_798,798,GRAZPEDWRI-DX,train,0798_1178268437_04_WRI-L1_M010,0798_1178268484_04_WRI-L2_M010,D:\projects\MediMind\ai-prediction-service\artifacts\fracture_v2\experiment5_localization\dataset\images\train\0798_1178268437_04_WRI-L1_M010.png,D:\projects\MediMind\ai-prediction-service\artifacts\fracture_v2\experiment5_localization\dataset\images\train\0798_1178268484_04_WRI-L2_M010.png,True,True,1,1,1,1,10.8,M,L,wrist,NONE
0798_04_WRI-R,PAT_GRAZ_798,798,GRAZPEDWRI-DX,train,0798_1178268539_04_WRI-R1_M010,0798_1178268570_04_WRI-R2_M010,D:\projects\MediMind\ai-prediction-service\artifacts\fracture_v2\experiment5_localization\dataset\images\train\0798_1178268539_04_WRI-R1_M010.png,D:\projects\MediMind\ai-prediction-service\artifacts\fracture_v2\experiment5_localization\dataset\images\train\0798_1178268570_04_WRI-R2_M010.png,True,True,1,1,1,1,10.8,M,R,wrist,NONE
0798_05_WRI-L,PAT_GRAZ_798,798,GRAZPEDWRI-DX,train,0798_1179468075_05_WRI-L1_M010,0798_1179468107_05_WRI-L2_M010,D:\projects\MediMind\ai-prediction-service\artifacts\fracture_v2\experiment5_localization\dataset\images\train\0798_1179468075_05_WRI-L1_M010.png,D:\projects\MediMind\ai-prediction-service\artifacts\fracture_v2\experiment5_localization\dataset\images\train\0798_1179468107_05_WRI-L2_M010.png,True,True,1,1,1,1,10.8,M,L,wrist,NONE
0798_05_WRI-R,PAT_GRAZ_798,798,GRAZPEDWRI-DX,train,0798_1179468148_05_WRI-R1_M010,0798_1179468179_05_WRI-R2_M010,D:\projects\MediMind\ai-prediction-service\artifacts\fracture_v2\experiment5_localization\dataset\images\train\0798_1179468148_05_WRI-R1_M010.png,D:\projects\MediMind\ai-prediction-service\artifacts\fracture_v2\experiment5_localization\dataset\images\train\0798_1179468179_05_WRI-R2_M010.png,True,True,1,1,1,1,10.8,M,R,wrist,NONE
0799_01_WRI-R,PAT_GRAZ_799,799,GRAZPEDWRI-DX,train,0799_0624753311_01_WRI-R1_M014,0799_0624753350_01_WRI-R2_M014,D:\projects\MediMind\ai-prediction-service\artifacts\fracture_v2\experiment5_localization\dataset\images\train\0799_0624753311_01_WRI-R1_M014.png,D:\projects\MediMind\ai-prediction-service\artifacts\fracture_v2\experiment5_localization\dataset\images\train\0799_0624753350_01_WRI-R2_M014.png,True,True,0,0,0,1,14.0,M,R,wrist,NONE
0800_01_WRI-R,PAT_GRAZ_800,800,GRAZPEDWRI-DX,train,0800_0822407562_01_WRI-R1_F012,0800_0822407611_01_WRI-R2_F012,D:\projects\MediMind\ai-prediction-service\artifacts\fracture_v2\experiment5_localization\dataset\images\train\0800_0822407562_01_WRI-R1_F012.png,D:\projects\MediMind\ai-prediction-service\artifacts\fracture_v2\experiment5_localization\dataset\images\train\0800_0822407611_01_WRI-R2_F012.png,True,True,0,0,0,1,12.4,F,R,wrist,NONE
0803_01_WRI-L,PAT_GRAZ_803,803,GRAZPEDWRI-DX,train,0803_1010503340_01_WRI-L1_M013,0803_1010503381_01_WRI-L2_M013,D:\projects\MediMind\ai-prediction-service\artifacts\fracture_v2\experiment5_localization\dataset\images\train\0803_1010503340_01_WRI-L1_M013.png,D:\projects\MediMind\ai-prediction-service\artifacts\fracture_v2\experiment5_localization\dataset\images\train\0803_1010503381_01_WRI-L2_M013.png,True,True,1,1,1,1,13.7,M,L,wrist,NONE
0804_01_WRI-L,PAT_GRAZ_804,804,GRAZPEDWRI-DX,train,0804_0496003849_01_WRI-L1_F009,0804_0496003881_01_WRI-L2_F009,D:\projects\MediMind\ai-prediction-service\artifacts\fracture_v2\experiment5_localization\dataset\images\train\0804_0496003849_01_WRI-L1_F009.png,D:\projects\MediMind\ai-prediction-service\artifacts\fracture_v2\experiment5_localization\dataset\images\train\0804_0496003881_01_WRI-L2_F009.png,True,True,1,1,1,1,9.6,F,L,wrist,NONE
0804_02_WRI-L,PAT_GRAZ_804,804,GRAZPEDWRI-DX,train,0804_0496677517_02_WRI-L1_F009,0804_0496677583_02_WRI-L2_F009,D:\projects\MediMind\ai-prediction-service\artifacts\fracture_v2\experiment5_localization\dataset\images\train\0804_0496677517_02_WRI-L1_F009.png,D:\projects\MediMind\ai-prediction-service\artifacts\fracture_v2\experiment5_localization\dataset\images\train\0804_0496677583_02_WRI-L2_F009.png,True,True,1,1,1,1,9.6,F,L,wrist,NONE
0804_03_WRI-L,PAT_GRAZ_804,804,GRAZPEDWRI-DX,train,0804_0497634102_03_WRI-L1_F009,0804_0497634156_03_WRI-L2_F009,D:\projects\MediMind\ai-prediction-service\artifacts\fracture_v2\experiment5_localization\dataset\images\train\0804_0497634102_03_WRI-L1_F009.png,D:\projects\MediMind\ai-prediction-service\artifacts\fracture_v2\experiment5_localization\dataset\images\train\0804_0497634156_03_WRI-L2_F009.png,True,True,1,1,1,1,9.6,F,L,wrist,NONE
0804_04_WRI-L,PAT_GRAZ_804,804,GRAZPEDWRI-DX,train,0804_0498497240_04_WRI-L1_F009,0804_0498497313_04_WRI-L2_F009,D:\projects\MediMind\ai-prediction-service\artifacts\fracture_v2\experiment5_localization\dataset\images\train\0804_0498497240_04_WRI-L1_F009.png,D:\projects\MediMind\ai-prediction-service\artifacts\fracture_v2\experiment5_localization\dataset\images\train\0804_0498497313_04_WRI-L2_F009.png,True,True,1,1,1,1,9.6,F,L,wrist,NONE
0805_01_WRI-R,PAT_GRAZ_805,805,GRAZPEDWRI-DX,train,0805_0187420756_01_WRI-R1_M005,0805_0187420775_01_WRI-R2_M005,D:\projects\MediMind\ai-prediction-service\artifacts\fracture_v2\experiment5_localization\dataset\images\train\0805_0187420756_01_WRI-R1_M005.png,D:\projects\MediMind\ai-prediction-service\artifacts\fracture_v2\experiment5_localization\dataset\images\train\0805_0187420775_01_WRI-R2_M005.png,True,True,1,1,1,1,5.2,M,R,wrist,NONE
0807_01_WRI-L,PAT_GRAZ_807,807,GRAZPEDWRI-DX,train,0807_0274215122_01_WRI-L1_F012,0807_0274215177_01_WRI-L2_F012,D:\projects\MediMind\ai-prediction-service\artifacts\fracture_v2\experiment5_localization\dataset\images\train\0807_0274215122_01_WRI-L1_F012.png,D:\projects\MediMind\ai-prediction-service\artifacts\fracture_v2\experiment5_localization\dataset\images\train\0807_0274215177_01_WRI-L2_F012.png,True,True,1,1,1,1,12.5,F,L,wrist,NONE
0807_02_WRI-L,PAT_GRAZ_807,807,GRAZPEDWRI-DX,train,0807_0274218699_02_WRI-L1_F012,0807_0274218857_02_WRI-L2_F012,D:\projects\MediMind\ai-prediction-service\artifacts\fracture_v2\experiment5_localization\dataset\images\train\0807_0274218699_02_WRI-L1_F012.png,D:\projects\MediMind\ai-prediction-service\artifacts\fracture_v2\experiment5_localization\dataset\images\train\0807_0274218857_02_WRI-L2_F012.png,True,True,1,1,1,1,12.5,F,L,wrist,NONE
0808_01_WRI-L,PAT_GRAZ_808,808,GRAZPEDWRI-DX,train,0808_0236041090_01_WRI-L1_F008,0808_0236041133_01_WRI-L2_F008,D:\projects\MediMind\ai-prediction-service\artifacts\fracture_v2\experiment5_localization\dataset\images\train\0808_0236041090_01_WRI-L1_F008.png,D:\projects\MediMind\ai-prediction-service\artifacts\fracture_v2\experiment5_localization\dataset\images\train\0808_0236041133_01_WRI-L2_F008.png,True,True,1,1,1,1,8.1,F,L,wrist,NONE
0808_02_WRI-L,PAT_GRAZ_808,808,GRAZPEDWRI-DX,train,0808_0236816535_02_WRI-L1_F008,0808_0236816579_02_WRI-L2_F008,D:\projects\MediMind\ai-prediction-service\artifacts\fracture_v2\experiment5_localization\dataset\images\train\0808_0236816535_02_WRI-L1_F008.png,D:\projects\MediMind\ai-prediction-service\artifacts\fracture_v2\experiment5_localization\dataset\images\train\0808_0236816579_02_WRI-L2_F008.png,True,True,1,1,1,1,8.2,F,L,wrist,NONE
0808_03_WRI-L,PAT_GRAZ_808,808,GRAZPEDWRI-DX,train,0808_0322686747_03_WRI-L1_F010,0808_0322686824_03_WRI-L2_F010,D:\projects\MediMind\ai-prediction-service\artifacts\fracture_v2\experiment5_localization\dataset\images\train\0808_0322686747_03_WRI-L1_F010.png,D:\projects\MediMind\ai-prediction-service\artifacts\fracture_v2\experiment5_localization\dataset\images\train\0808_0322686824_03_WRI-L2_F010.png,True,True,0,0,0,1,10.9,F,L,wrist,NONE
0809_01_WRI-L,PAT_GRAZ_809,809,GRAZPEDWRI-DX,train,0809_0407236468_01_WRI-L1_F007,0809_0407236550_01_WRI-L2_F007,D:\projects\MediMind\ai-prediction-service\artifacts\fracture_v2\experiment5_localization\dataset\images\train\0809_0407236468_01_WRI-L1_F007.png,D:\projects\MediMind\ai-prediction-service\artifacts\fracture_v2\experiment5_localization\dataset\images\train\0809_0407236550_01_WRI-L2_F007.png,True,True,1,1,1,1,7.0,F,L,wrist,NONE
0809_02_WRI-L,PAT_GRAZ_809,809,GRAZPEDWRI-DX,train,0809_0408005708_02_WRI-L1_F007,0809_0408005841_02_WRI-L2_F007,D:\projects\MediMind\ai-prediction-service\artifacts\fracture_v2\experiment5_localization\dataset\images\train\0809_0408005708_02_WRI-L1_F007.png,D:\projects\MediMind\ai-prediction-service\artifacts\fracture_v2\experiment5_localization\dataset\images\train\0809_0408005841_02_WRI-L2_F007.png,True,True,1,1,1,1,7.0,F,L,wrist,NONE
0809_03_WRI-L,PAT_GRAZ_809,809,GRAZPEDWRI-DX,train,0809_0409215033_03_WRI-L1_F007,0809_0409215096_03_WRI-L2_F007,D:\projects\MediMind\ai-prediction-service\artifacts\fracture_v2\experiment5_localization\dataset\images\train\0809_0409215033_03_WRI-L1_F007.png,D:\projects\MediMind\ai-prediction-service\artifacts\fracture_v2\experiment5_localization\dataset\images\train\0809_0409215096_03_WRI-L2_F007.png,True,True,1,1,1,1,7.1,F,L,wrist,NONE
0809_04_WRI-L,PAT_GRAZ_809,809,GRAZPEDWRI-DX,train,0809_0410166736_04_WRI-L1_F007,0809_0410166803_04_WRI-L2_F007,D:\projects\MediMind\ai-prediction-service\artifacts\fracture_v2\experiment5_localization\dataset\images\train\0809_0410166736_04_WRI-L1_F007.png,D:\projects\MediMind\ai-prediction-service\artifacts\fracture_v2\experiment5_localization\dataset\images\train\0809_0410166803_04_WRI-L2_F007.png,True,True,1,1,1,1,7.1,F,L,wrist,NONE
0810_01_WRI-R,PAT_GRAZ_810,810,GRAZPEDWRI-DX,train,0810_0608516482_01_WRI-R1_M010,0810_0608516512_01_WRI-R2_M010,D:\projects\MediMind\ai-prediction-service\artifacts\fracture_v2\experiment5_localization\dataset\images\train\0810_0608516482_01_WRI-R1_M010.png,D:\projects\MediMind\ai-prediction-service\artifacts\fracture_v2\experiment5_localization\dataset\images\train\0810_0608516512_01_WRI-R2_M010.png,True,True,0,0,0,1,10.6,M,R,wrist,NONE
0811_01_WRI-R,PAT_GRAZ_811,811,GRAZPEDWRI-DX,train,0811_1050805021_01_WRI-R1_M006,0811_1050805055_01_WRI-R2_M006,D:\projects\MediMind\ai-prediction-service\artifacts\fracture_v2\experiment5_localization\dataset\images\train\0811_1050805021_01_WRI-R1_M006.png,D:\projects\MediMind\ai-prediction-service\artifacts\fracture_v2\experiment5_localization\dataset\images\train\0811_1050805055_01_WRI-R2_M006.png,True,True,1,1,1,1,6.5,M,R,wrist,NONE
0814_01_WRI-L,PAT_GRAZ_814,814,GRAZPEDWRI-DX,train,0814_1055586622_01_WRI-L1_F013,0814_1055586657_01_WRI-L2_F013,D:\projects\MediMind\ai-prediction-service\artifacts\fracture_v2\experiment5_localization\dataset\images\train\0814_1055586622_01_WRI-L1_F013.png,D:\projects\MediMind\ai-prediction-service\artifacts\fracture_v2\experiment5_localization\dataset\images\train\0814_1055586657_01_WRI-L2_F013.png,True,True,0,0,0,1,13.6,F,L,wrist,NONE
0817_01_WRI-R,PAT_GRAZ_817,817,GRAZPEDWRI-DX,train,0817_0782054459_01_WRI-R1_F006,0817_0782054506_01_WRI-R2_F006,D:\projects\MediMind\ai-prediction-service\artifacts\fracture_v2\experiment5_localization\dataset\images\train\0817_0782054459_01_WRI-R1_F006.png,D:\projects\MediMind\ai-prediction-service\artifacts\fracture_v2\experiment5_localization\dataset\images\train\0817_0782054506_01_WRI-R2_F006.png,True,True,1,1,1,1,6.5,F,R,wrist,NONE
0817_02_WRI-L,PAT_GRAZ_817,817,GRAZPEDWRI-DX,train,0817_0898410163_02_WRI-L1_F010,0817_0898410205_02_WRI-L2_F010,D:\projects\MediMind\ai-prediction-service\artifacts\fracture_v2\experiment5_localization\dataset\images\train\0817_0898410163_02_WRI-L1_F010.png,D:\projects\MediMind\ai-prediction-service\artifacts\fracture_v2\experiment5_localization\dataset\images\train\0817_0898410205_02_WRI-L2_F010.png,True,True,0,0,0,1,10.2,F,L,wrist,NONE
0818_01_WRI-R,PAT_GRAZ_818,818,GRAZPEDWRI-DX,train,0818_0569831784_01_WRI-R1_M013,0818_0569831894_01_WRI-R2_M013,D:\projects\MediMind\ai-prediction-service\artifacts\fracture_v2\experiment5_localization\dataset\images\train\0818_0569831784_01_WRI-R1_M013.png,D:\projects\MediMind\ai-prediction-service\artifacts\fracture_v2\experiment5_localization\dataset\images\train\0818_0569831894_01_WRI-R2_M013.png,True,True,1,1,1,1,13.4,M,R,wrist,NONE
0818_01_WRI-L,PAT_GRAZ_818,818,GRAZPEDWRI-DX,train,0818_0569831838_01_WRI-L1_M013,0818_0569831865_01_WRI-L2_M013,D:\projects\MediMind\ai-prediction-service\artifacts\fracture_v2\experiment5_localization\dataset\images\train\0818_0569831838_01_WRI-L1_M013.png,D:\projects\MediMind\ai-prediction-service\artifacts\fracture_v2\experiment5_localization\dataset\images\train\0818_0569831865_01_WRI-L2_M013.png,True,True,1,1,1,1,13.4,M,L,wrist,NONE
0818_02_WRI-R,PAT_GRAZ_818,818,GRAZPEDWRI-DX,train,0818_0570613692_02_WRI-R1_M013,0818_0570613846_02_WRI-R2_M013,D:\projects\MediMind\ai-prediction-service\artifacts\fracture_v2\experiment5_localization\dataset\images\train\0818_0570613692_02_WRI-R1_M013.png,D:\projects\MediMind\ai-prediction-service\artifacts\fracture_v2\experiment5_localization\dataset\images\train\0818_0570613846_02_WRI-R2_M013.png,True,True,1,1,1,1,13.4,M,R,wrist,NONE
0818_02_WRI-L,PAT_GRAZ_818,818,GRAZPEDWRI-DX,train,0818_0570613754_02_WRI-L1_M013,0818_0570613800_02_WRI-L2_M013,D:\projects\MediMind\ai-prediction-service\artifacts\fracture_v2\experiment5_localization\dataset\images\train\0818_0570613754_02_WRI-L1_M013.png,D:\projects\MediMind\ai-prediction-service\artifacts\fracture_v2\experiment5_localization\dataset\images\train\0818_0570613800_02_WRI-L2_M013.png,True,True,1,1,1,1,13.4,M,L,wrist,NONE
0818_03_WRI-R,PAT_GRAZ_818,818,GRAZPEDWRI-DX,train,0818_0571314867_03_WRI-R1_M013,0818_0571314910_03_WRI-R2_M013,D:\projects\MediMind\ai-prediction-service\artifacts\fracture_v2\experiment5_localization\dataset\images\train\0818_0571314867_03_WRI-R1_M013.png,D:\projects\MediMind\ai-prediction-service\artifacts\fracture_v2\experiment5_localization\dataset\images\train\0818_0571314910_03_WRI-R2_M013.png,True,True,1,1,1,1,13.4,M,R,wrist,NONE
0818_03_WRI-L,PAT_GRAZ_818,818,GRAZPEDWRI-DX,train,0818_0571314957_03_WRI-L1_M013,0818_0571314996_03_WRI-L2_M013,D:\projects\MediMind\ai-prediction-service\artifacts\fracture_v2\experiment5_localization\dataset\images\train\0818_0571314957_03_WRI-L1_M013.png,D:\projects\MediMind\ai-prediction-service\artifacts\fracture_v2\experiment5_localization\dataset\images\train\0818_0571314996_03_WRI-L2_M013.png,True,True,1,1,1,1,13.4,M,L,wrist,NONE
0818_04_WRI-R,PAT_GRAZ_818,818,GRAZPEDWRI-DX,train,0818_0571828119_04_WRI-R1_M013,0818_0571828172_04_WRI-R2_M013,D:\projects\MediMind\ai-prediction-service\artifacts\fracture_v2\experiment5_localization\dataset\images\train\0818_0571828119_04_WRI-R1_M013.png,D:\projects\MediMind\ai-prediction-service\artifacts\fracture_v2\experiment5_localization\dataset\images\train\0818_0571828172_04_WRI-R2_M013.png,True,True,1,1,1,1,13.4,M,R,wrist,NONE
0818_04_WRI-L,PAT_GRAZ_818,818,GRAZPEDWRI-DX,train,0818_0571828241_04_WRI-L1_M013,0818_0571828316_04_WRI-L2_M013,D:\projects\MediMind\ai-prediction-service\artifacts\fracture_v2\experiment5_localization\dataset\images\train\0818_0571828241_04_WRI-L1_M013.png,D:\projects\MediMind\ai-prediction-service\artifacts\fracture_v2\experiment5_localization\dataset\images\train\0818_0571828316_04_WRI-L2_M013.png,True,True,1,1,1,1,13.4,M,L,wrist,NONE
0819_01_WRI-L,PAT_GRAZ_819,819,GRAZPEDWRI-DX,train,0819_0567750811_01_WRI-L1_F005,0819_0567750840_01_WRI-L2_F005,D:\projects\MediMind\ai-prediction-service\artifacts\fracture_v2\experiment5_localization\dataset\images\train\0819_0567750811_01_WRI-L1_F005.png,D:\projects\MediMind\ai-prediction-service\artifacts\fracture_v2\experiment5_localization\dataset\images\train\0819_0567750840_01_WRI-L2_F005.png,True,True,0,0,0,1,5.8,F,L,wrist,NONE
0819_02_WRI-L,PAT_GRAZ_819,819,GRAZPEDWRI-DX,train,0819_0768805502_02_WRI-L1_F012,0819_0768805556_02_WRI-L2_F012,D:\projects\MediMind\ai-prediction-service\artifacts\fracture_v2\experiment5_localization\dataset\images\train\0819_0768805502_02_WRI-L1_F012.png,D:\projects\MediMind\ai-prediction-service\artifacts\fracture_v2\experiment5_localization\dataset\images\train\0819_0768805556_02_WRI-L2_F012.png,True,True,1,1,1,1,12.2,F,L,wrist,NONE
0820_01_WRI-L,PAT_GRAZ_820,820,GRAZPEDWRI-DX,train,0820_0297580256_01_WRI-L1_M001,0820_0297580296_01_WRI-L2_M001,D:\projects\MediMind\ai-prediction-service\artifacts\fracture_v2\experiment5_localization\dataset\images\train\0820_0297580256_01_WRI-L1_M001.png,D:\projects\MediMind\ai-prediction-service\artifacts\fracture_v2\experiment5_localization\dataset\images\train\0820_0297580296_01_WRI-L2_M001.png,True,True,1,1,1,1,1.0,M,L,wrist,NONE
0821_01_WRI-R,PAT_GRAZ_821,821,GRAZPEDWRI-DX,train,0821_0937972561_01_WRI-R1_F012,0821_0937972604_01_WRI-R2_F012,D:\projects\MediMind\ai-prediction-service\artifacts\fracture_v2\experiment5_localization\dataset\images\train\0821_0937972561_01_WRI-R1_F012.png,D:\projects\MediMind\ai-prediction-service\artifacts\fracture_v2\experiment5_localization\dataset\images\train\0821_0937972604_01_WRI-R2_F012.png,True,True,1,1,1,1,12.9,F,R,wrist,NONE
0821_02_WRI-R,PAT_GRAZ_821,821,GRAZPEDWRI-DX,train,0821_0938228188_02_WRI-R1_F012,0821_0938228248_02_WRI-R2_F012,D:\projects\MediMind\ai-prediction-service\artifacts\fracture_v2\experiment5_localization\dataset\images\train\0821_0938228188_02_WRI-R1_F012.png,D:\projects\MediMind\ai-prediction-service\artifacts\fracture_v2\experiment5_localization\dataset\images\train\0821_0938228248_02_WRI-R2_F012.png,True,True,1,1,1,1,12.9,F,R,wrist,NONE
0824_01_WRI-L,PAT_GRAZ_824,824,GRAZPEDWRI-DX,train,0824_1030293122_01_WRI-L1_F014,0824_1030293067_01_WRI-L2_F014,D:\projects\MediMind\ai-prediction-service\artifacts\fracture_v2\experiment5_localization\dataset\images\train\0824_1030293122_01_WRI-L1_F014.png,D:\projects\MediMind\ai-prediction-service\artifacts\fracture_v2\experiment5_localization\dataset\images\train\0824_1030293067_01_WRI-L2_F014.png,True,True,0,0,0,1,14.2,F,L,wrist,NONE
0825_01_WRI-R,PAT_GRAZ_825,825,GRAZPEDWRI-DX,train,0825_1150208785_01_WRI-R1_F004,0825_1150208835_01_WRI-R2_F004,D:\projects\MediMind\ai-prediction-service\artifacts\fracture_v2\experiment5_localization\dataset\images\train\0825_1150208785_01_WRI-R1_F004.png,D:\projects\MediMind\ai-prediction-service\artifacts\fracture_v2\experiment5_localization\dataset\images\train\0825_1150208835_01_WRI-R2_F004.png,True,True,1,1,1,1,4.0,F,R,wrist,NONE
0826_01_WRI-R,PAT_GRAZ_826,826,GRAZPEDWRI-DX,train,0826_0834537043_01_WRI-R1_F012,0826_0834537061_01_WRI-R2_F012,D:\projects\MediMind\ai-prediction-service\artifacts\fracture_v2\experiment5_localization\dataset\images\train\0826_0834537043_01_WRI-R1_F012.png,D:\projects\MediMind\ai-prediction-service\artifacts\fracture_v2\experiment5_localization\dataset\images\train\0826_0834537061_01_WRI-R2_F012.png,True,True,0,0,0,1,12.3,F,R,wrist,NONE
0826_02_WRI-R,PAT_GRAZ_826,826,GRAZPEDWRI-DX,train,0826_0837293756_02_WRI-R1_F012,0826_0837293773_02_WRI-R2_F012,D:\projects\MediMind\ai-prediction-service\artifacts\fracture_v2\experiment5_localization\dataset\images\train\0826_0837293756_02_WRI-R1_F012.png,D:\projects\MediMind\ai-prediction-service\artifacts\fracture_v2\experiment5_localization\dataset\images\train\0826_0837293773_02_WRI-R2_F012.png,True,True,0,0,0,1,12.4,F,R,wrist,NONE
0827_01_WRI-L,PAT_GRAZ_827,827,GRAZPEDWRI-DX,train,0827_0782390551_01_WRI-L1_M016,0827_0782390595_01_WRI-L2_M016,D:\projects\MediMind\ai-prediction-service\artifacts\fracture_v2\experiment5_localization\dataset\images\train\0827_0782390551_01_WRI-L1_M016.png,D:\projects\MediMind\ai-prediction-service\artifacts\fracture_v2\experiment5_localization\dataset\images\train\0827_0782390595_01_WRI-L2_M016.png,True,True,1,1,1,1,16.1,M,L,wrist,NONE
0828_01_WRI-L,PAT_GRAZ_828,828,GRAZPEDWRI-DX,train,0828_0781495878_01_WRI-L1_M005,0828_0781495958_01_WRI-L2_M005,D:\projects\MediMind\ai-prediction-service\artifacts\fracture_v2\experiment5_localization\dataset\images\train\0828_0781495878_01_WRI-L1_M005.png,D:\projects\MediMind\ai-prediction-service\artifacts\fracture_v2\experiment5_localization\dataset\images\train\0828_0781495958_01_WRI-L2_M005.png,True,True,1,1,1,1,5.5,M,L,wrist,NONE
0828_02_WRI-L,PAT_GRAZ_828,828,GRAZPEDWRI-DX,train,0828_0782101109_02_WRI-L1_M005,0828_0782101169_02_WRI-L2_M005,D:\projects\MediMind\ai-prediction-service\artifacts\fracture_v2\experiment5_localization\dataset\images\train\0828_0782101109_02_WRI-L1_M005.png,D:\projects\MediMind\ai-prediction-service\artifacts\fracture_v2\experiment5_localization\dataset\images\train\0828_0782101169_02_WRI-L2_M005.png,True,True,0,1,1,0,5.5,M,L,wrist,NONE
0828_03_WRI-L,PAT_GRAZ_828,828,GRAZPEDWRI-DX,train,0828_0782709629_03_WRI-L1_M005,0828_0782709672_03_WRI-L2_M005,D:\projects\MediMind\ai-prediction-service\artifacts\fracture_v2\experiment5_localization\dataset\images\train\0828_0782709629_03_WRI-L1_M005.png,D:\projects\MediMind\ai-prediction-service\artifacts\fracture_v2\experiment5_localization\dataset\images\train\0828_0782709672_03_WRI-L2_M005.png,True,True,1,1,1,1,5.5,M,L,wrist,NONE
0828_04_WRI-L,PAT_GRAZ_828,828,GRAZPEDWRI-DX,train,0828_0783829345_04_WRI-L1_M005,0828_0783829396_04_WRI-L2_M005,D:\projects\MediMind\ai-prediction-service\artifacts\fracture_v2\experiment5_localization\dataset\images\train\0828_0783829345_04_WRI-L1_M005.png,D:\projects\MediMind\ai-prediction-service\artifacts\fracture_v2\experiment5_localization\dataset\images\train\0828_0783829396_04_WRI-L2_M005.png,True,True,1,1,1,1,5.6,M,L,wrist,NONE
0829_01_WRI-R,PAT_GRAZ_829,829,GRAZPEDWRI-DX,train,0829_0527048896_01_WRI-R1_F011,0829_0527048930_01_WRI-R2_F011,D:\projects\MediMind\ai-prediction-service\artifacts\fracture_v2\experiment5_localization\dataset\images\train\0829_0527048896_01_WRI-R1_F011.png,D:\projects\MediMind\ai-prediction-service\artifacts\fracture_v2\experiment5_localization\dataset\images\train\0829_0527048930_01_WRI-R2_F011.png,True,True,0,0,0,1,11.4,F,R,wrist,NONE
0830_01_WRI-L,PAT_GRAZ_830,830,GRAZPEDWRI-DX,train,0830_0614463389_01_WRI-L1_M009,0830_0614463350_01_WRI-L2_M009,D:\projects\MediMind\ai-prediction-service\artifacts\fracture_v2\experiment5_localization\dataset\images\train\0830_0614463389_01_WRI-L1_M009.png,D:\projects\MediMind\ai-prediction-service\artifacts\fracture_v2\experiment5_localization\dataset\images\train\0830_0614463350_01_WRI-L2_M009.png,True,True,1,1,1,1,9.5,M,L,wrist,NONE
0831_01_WRI-R,PAT_GRAZ_831,831,GRAZPEDWRI-DX,train,0831_0106419709_01_WRI-R1_M011,0831_0106419752_01_WRI-R2_M011,D:\projects\MediMind\ai-prediction-service\artifacts\fracture_v2\experiment5_localization\dataset\images\train\0831_0106419709_01_WRI-R1_M011.png,D:\projects\MediMind\ai-prediction-service\artifacts\fracture_v2\experiment5_localization\dataset\images\train\0831_0106419752_01_WRI-R2_M011.png,True,True,0,0,0,1,11.2,M,R,wrist,NONE
0832_01_WRI-L,PAT_GRAZ_832,832,GRAZPEDWRI-DX,train,0832_0834883220_01_WRI-L1_F009,0832_0834883263_01_WRI-L2_F009,D:\projects\MediMind\ai-prediction-service\artifacts\fracture_v2\experiment5_localization\dataset\images\train\0832_0834883220_01_WRI-L1_F009.png,D:\projects\MediMind\ai-prediction-service\artifacts\fracture_v2\experiment5_localization\dataset\images\train\0832_0834883263_01_WRI-L2_F009.png,True,True,1,1,1,1,9.8,F,L,wrist,NONE
0832_02_WRI-L,PAT_GRAZ_832,832,GRAZPEDWRI-DX,train,0832_0836171369_02_WRI-L1_F009,0832_0836171403_02_WRI-L2_F009,D:\projects\MediMind\ai-prediction-service\artifacts\fracture_v2\experiment5_localization\dataset\images\train\0832_0836171369_02_WRI-L1_F009.png,D:\projects\MediMind\ai-prediction-service\artifacts\fracture_v2\experiment5_localization\dataset\images\train\0832_0836171403_02_WRI-L2_F009.png,True,True,1,1,1,1,9.9,F,L,wrist,NONE
0832_03_WRI-L,PAT_GRAZ_832,832,GRAZPEDWRI-DX,train,0832_0837389024_03_WRI-L1_F009,0832_0837389043_03_WRI-L2_F009,D:\projects\MediMind\ai-prediction-service\artifacts\fracture_v2\experiment5_localization\dataset\images\train\0832_0837389024_03_WRI-L1_F009.png,D:\projects\MediMind\ai-prediction-service\artifacts\fracture_v2\experiment5_localization\dataset\images\train\0832_0837389043_03_WRI-L2_F009.png,True,True,1,1,1,1,9.9,F,L,wrist,NONE
0833_01_WRI-R,PAT_GRAZ_833,833,GRAZPEDWRI-DX,train,0833_1048442590_01_WRI-R1_F001,0833_1048442621_01_WRI-R2_F001,D:\projects\MediMind\ai-prediction-service\artifacts\fracture_v2\experiment5_localization\dataset\images\train\0833_1048442590_01_WRI-R1_F001.png,D:\projects\MediMind\ai-prediction-service\artifacts\fracture_v2\experiment5_localization\dataset\images\train\0833_1048442621_01_WRI-R2_F001.png,True,True,0,0,0,1,1.7,F,R,wrist,NONE
0834_01_WRI-R,PAT_GRAZ_834,834,GRAZPEDWRI-DX,train,0834_0240036198_01_WRI-R1_M014,0834_0240036228_01_WRI-R2_M014,D:\projects\MediMind\ai-prediction-service\artifacts\fracture_v2\experiment5_localization\dataset\images\train\0834_0240036198_01_WRI-R1_M014.png,D:\projects\MediMind\ai-prediction-service\artifacts\fracture_v2\experiment5_localization\dataset\images\train\0834_0240036228_01_WRI-R2_M014.png,True,True,0,0,0,1,14.9,M,R,wrist,NONE
0835_01_WRI-R,PAT_GRAZ_835,835,GRAZPEDWRI-DX,train,0835_1009855774_01_WRI-R1_M009,0835_1009855864_01_WRI-R2_M009,D:\projects\MediMind\ai-prediction-service\artifacts\fracture_v2\experiment5_localization\dataset\images\train\0835_1009855774_01_WRI-R1_M009.png,D:\projects\MediMind\ai-prediction-service\artifacts\fracture_v2\experiment5_localization\dataset\images\train\0835_1009855864_01_WRI-R2_M009.png,True,True,1,1,1,1,9.1,M,R,wrist,NONE
0837_01_WRI-L,PAT_GRAZ_837,837,GRAZPEDWRI-DX,train,0837_0990326356_01_WRI-L1_M013,0837_0990326372_01_WRI-L2_M013,D:\projects\MediMind\ai-prediction-service\artifacts\fracture_v2\experiment5_localization\dataset\images\train\0837_0990326356_01_WRI-L1_M013.png,D:\projects\MediMind\ai-prediction-service\artifacts\fracture_v2\experiment5_localization\dataset\images\train\0837_0990326372_01_WRI-L2_M013.png,True,True,1,1,1,1,13.6,M,L,wrist,NONE
0838_01_WRI-R,PAT_GRAZ_838,838,GRAZPEDWRI-DX,train,0838_0272142103_01_WRI-R1_M011,0838_0272142150_01_WRI-R2_M011,D:\projects\MediMind\ai-prediction-service\artifacts\fracture_v2\experiment5_localization\dataset\images\train\0838_0272142103_01_WRI-R1_M011.png,D:\projects\MediMind\ai-prediction-service\artifacts\fracture_v2\experiment5_localization\dataset\images\train\0838_0272142150_01_WRI-R2_M011.png,True,True,0,0,0,1,11.2,M,R,wrist,NONE
0839_01_WRI-L,PAT_GRAZ_839,839,GRAZPEDWRI-DX,train,0839_0514599589_01_WRI-L1_F006,0839_0514599703_01_WRI-L2_F006,D:\projects\MediMind\ai-prediction-service\artifacts\fracture_v2\experiment5_localization\dataset\images\train\0839_0514599589_01_WRI-L1_F006.png,D:\projects\MediMind\ai-prediction-service\artifacts\fracture_v2\experiment5_localization\dataset\images\train\0839_0514599703_01_WRI-L2_F006.png,True,True,1,1,1,1,6.4,F,L,wrist,NONE
0839_02_WRI-L,PAT_GRAZ_839,839,GRAZPEDWRI-DX,train,0839_0515282281_02_WRI-L1_F006,0839_0515282389_02_WRI-L2_F006,D:\projects\MediMind\ai-prediction-service\artifacts\fracture_v2\experiment5_localization\dataset\images\train\0839_0515282281_02_WRI-L1_F006.png,D:\projects\MediMind\ai-prediction-service\artifacts\fracture_v2\experiment5_localization\dataset\images\train\0839_0515282389_02_WRI-L2_F006.png,True,True,1,1,1,1,6.4,F,L,wrist,NONE
0843_01_WRI-L,PAT_GRAZ_843,843,GRAZPEDWRI-DX,train,0843_1072397744_01_WRI-L1_F013,0843_1072397788_01_WRI-L2_F013,D:\projects\MediMind\ai-prediction-service\artifacts\fracture_v2\experiment5_localization\dataset\images\train\0843_1072397744_01_WRI-L1_F013.png,D:\projects\MediMind\ai-prediction-service\artifacts\fracture_v2\experiment5_localization\dataset\images\train\0843_1072397788_01_WRI-L2_F013.png,True,True,0,0,0,1,13.7,F,L,wrist,NONE
0844_01_WRI-R,PAT_GRAZ_844,844,GRAZPEDWRI-DX,train,0844_1081550657_01_WRI-R1_F011,0844_1081550705_01_WRI-R2_F011,D:\projects\MediMind\ai-prediction-service\artifacts\fracture_v2\experiment5_localization\dataset\images\train\0844_1081550657_01_WRI-R1_F011.png,D:\projects\MediMind\ai-prediction-service\artifacts\fracture_v2\experiment5_localization\dataset\images\train\0844_1081550705_01_WRI-R2_F011.png,True,True,1,1,1,1,11.3,F,R,wrist,NONE
0846_01_WRI-L,PAT_GRAZ_846,846,GRAZPEDWRI-DX,train,0846_1069510464_01_WRI-L1_M011,0846_1069510511_01_WRI-L2_M011,D:\projects\MediMind\ai-prediction-service\artifacts\fracture_v2\experiment5_localization\dataset\images\train\0846_1069510464_01_WRI-L1_M011.png,D:\projects\MediMind\ai-prediction-service\artifacts\fracture_v2\experiment5_localization\dataset\images\train\0846_1069510511_01_WRI-L2_M011.png,True,True,1,1,1,1,11.8,M,L,wrist,NONE
0848_01_WRI-R,PAT_GRAZ_848,848,GRAZPEDWRI-DX,train,0848_1108257595_01_WRI-R1_M011,0848_1108257639_01_WRI-R2_M011,D:\projects\MediMind\ai-prediction-service\artifacts\fracture_v2\experiment5_localization\dataset\images\train\0848_1108257595_01_WRI-R1_M011.png,D:\projects\MediMind\ai-prediction-service\artifacts\fracture_v2\experiment5_localization\dataset\images\train\0848_1108257639_01_WRI-R2_M011.png,True,True,0,0,0,1,11.9,M,R,wrist,NONE
0849_01_WRI-R,PAT_GRAZ_849,849,GRAZPEDWRI-DX,train,0849_0644115777_01_WRI-R1_M017,0849_0644115805_01_WRI-R2_M017,D:\projects\MediMind\ai-prediction-service\artifacts\fracture_v2\experiment5_localization\dataset\images\train\0849_0644115777_01_WRI-R1_M017.png,D:\projects\MediMind\ai-prediction-service\artifacts\fracture_v2\experiment5_localization\dataset\images\train\0849_0644115805_01_WRI-R2_M017.png,True,True,0,1,1,0,17.0,M,R,wrist,NONE
0850_01_WRI-L,PAT_GRAZ_850,850,GRAZPEDWRI-DX,train,0850_0940603078_01_WRI-L1_F003,0850_0940603163_01_WRI-L2_F003,D:\projects\MediMind\ai-prediction-service\artifacts\fracture_v2\experiment5_localization\dataset\images\train\0850_0940603078_01_WRI-L1_F003.png,D:\projects\MediMind\ai-prediction-service\artifacts\fracture_v2\experiment5_localization\dataset\images\train\0850_0940603163_01_WRI-L2_F003.png,True,True,1,1,1,1,3.4,F,L,wrist,NONE
0852_01_WRI-L,PAT_GRAZ_852,852,GRAZPEDWRI-DX,train,0852_0420702371_01_WRI-L1_M015,0852_0420702407_01_WRI-L2_M015,D:\projects\MediMind\ai-prediction-service\artifacts\fracture_v2\experiment5_localization\dataset\images\train\0852_0420702371_01_WRI-L1_M015.png,D:\projects\MediMind\ai-prediction-service\artifacts\fracture_v2\experiment5_localization\dataset\images\train\0852_0420702407_01_WRI-L2_M015.png,True,True,0,0,0,1,15.3,M,L,wrist,NONE
0853_01_WRI-L,PAT_GRAZ_853,853,GRAZPEDWRI-DX,train,0853_0329114383_01_WRI-L1_F010,0853_0329114427_01_WRI-L2_F010,D:\projects\MediMind\ai-prediction-service\artifacts\fracture_v2\experiment5_localization\dataset\images\train\0853_0329114383_01_WRI-L1_F010.png,D:\projects\MediMind\ai-prediction-service\artifacts\fracture_v2\experiment5_localization\dataset\images\train\0853_0329114427_01_WRI-L2_F010.png,True,True,1,1,1,1,10.0,F,L,wrist,NONE
0854_01_WRI-R,PAT_GRAZ_854,854,GRAZPEDWRI-DX,train,0854_0822326614_01_WRI-R1_M012,0854_0822326643_01_WRI-R2_M012,D:\projects\MediMind\ai-prediction-service\artifacts\fracture_v2\experiment5_localization\dataset\images\train\0854_0822326614_01_WRI-R1_M012.png,D:\projects\MediMind\ai-prediction-service\artifacts\fracture_v2\experiment5_localization\dataset\images\train\0854_0822326643_01_WRI-R2_M012.png,True,True,0,0,0,1,12.7,M,R,wrist,NONE
0855_01_WRI-L,PAT_GRAZ_855,855,GRAZPEDWRI-DX,train,0855_1026068920_01_WRI-L1_M014,0855_1026068955_01_WRI-L2_M014,D:\projects\MediMind\ai-prediction-service\artifacts\fracture_v2\experiment5_localization\dataset\images\train\0855_1026068920_01_WRI-L1_M014.png,D:\projects\MediMind\ai-prediction-service\artifacts\fracture_v2\experiment5_localization\dataset\images\train\0855_1026068955_01_WRI-L2_M014.png,True,True,1,1,1,1,14.1,M,L,wrist,NONE
0855_02_WRI-L,PAT_GRAZ_855,855,GRAZPEDWRI-DX,train,0855_1026386819_02_WRI-L1_M014,0855_1026386879_02_WRI-L2_M014,D:\projects\MediMind\ai-prediction-service\artifacts\fracture_v2\experiment5_localization\dataset\images\train\0855_1026386819_02_WRI-L1_M014.png,D:\projects\MediMind\ai-prediction-service\artifacts\fracture_v2\experiment5_localization\dataset\images\train\0855_1026386879_02_WRI-L2_M014.png,True,True,1,1,1,1,14.1,M,L,wrist,NONE
0855_03_WRI-L,PAT_GRAZ_855,855,GRAZPEDWRI-DX,train,0855_1027584017_03_WRI-L1_M014,0855_1027584110_03_WRI-L2_M014,D:\projects\MediMind\ai-prediction-service\artifacts\fracture_v2\experiment5_localization\dataset\images\train\0855_1027584017_03_WRI-L1_M014.png,D:\projects\MediMind\ai-prediction-service\artifacts\fracture_v2\experiment5_localization\dataset\images\train\0855_1027584110_03_WRI-L2_M014.png,True,True,1,1,1,1,14.2,M,L,wrist,NONE
0855_04_WRI-L,PAT_GRAZ_855,855,GRAZPEDWRI-DX,train,0855_1028823432_04_WRI-L1_M014,0855_1028823462_04_WRI-L2_M014,D:\projects\MediMind\ai-prediction-service\artifacts\fracture_v2\experiment5_localization\dataset\images\train\0855_1028823432_04_WRI-L1_M014.png,D:\projects\MediMind\ai-prediction-service\artifacts\fracture_v2\experiment5_localization\dataset\images\train\0855_1028823462_04_WRI-L2_M014.png,True,True,1,1,1,1,14.2,M,L,wrist,NONE
0857_01_WRI-L,PAT_GRAZ_857,857,GRAZPEDWRI-DX,train,0857_0795567778_01_WRI-L1_M012,0857_0795567813_01_WRI-L2_M012,D:\projects\MediMind\ai-prediction-service\artifacts\fracture_v2\experiment5_localization\dataset\images\train\0857_0795567778_01_WRI-L1_M012.png,D:\projects\MediMind\ai-prediction-service\artifacts\fracture_v2\experiment5_localization\dataset\images\train\0857_0795567813_01_WRI-L2_M012.png,True,True,0,0,0,1,12.0,M,L,wrist,NONE
0859_01_WRI-R,PAT_GRAZ_859,859,GRAZPEDWRI-DX,train,0859_0279701288_01_WRI-R1_M015,0859_0279701319_01_WRI-R2_M015,D:\projects\MediMind\ai-prediction-service\artifacts\fracture_v2\experiment5_localization\dataset\images\train\0859_0279701288_01_WRI-R1_M015.png,D:\projects\MediMind\ai-prediction-service\artifacts\fracture_v2\experiment5_localization\dataset\images\train\0859_0279701319_01_WRI-R2_M015.png,True,True,0,0,0,1,15.7,M,R,wrist,NONE
0860_01_WRI-R,PAT_GRAZ_860,860,GRAZPEDWRI-DX,train,0860_0815914324_01_WRI-R1_F002,0860_0815914366_01_WRI-R2_F002,D:\projects\MediMind\ai-prediction-service\artifacts\fracture_v2\experiment5_localization\dataset\images\train\0860_0815914324_01_WRI-R1_F002.png,D:\projects\MediMind\ai-prediction-service\artifacts\fracture_v2\experiment5_localization\dataset\images\train\0860_0815914366_01_WRI-R2_F002.png,True,True,1,1,1,1,2.5,F,R,wrist,NONE
0861_01_WRI-R,PAT_GRAZ_861,861,GRAZPEDWRI-DX,train,0861_0443925064_01_WRI-R1_F011,0861_0443925086_01_WRI-R2_F011,D:\projects\MediMind\ai-prediction-service\artifacts\fracture_v2\experiment5_localization\dataset\images\train\0861_0443925064_01_WRI-R1_F011.png,D:\projects\MediMind\ai-prediction-service\artifacts\fracture_v2\experiment5_localization\dataset\images\train\0861_0443925086_01_WRI-R2_F011.png,True,True,0,0,0,1,11.8,F,R,wrist,NONE
0863_01_WRI-L,PAT_GRAZ_863,863,GRAZPEDWRI-DX,train,0863_1107746878_01_WRI-L1_F007,0863_1107746940_01_WRI-L2_F007,D:\projects\MediMind\ai-prediction-service\artifacts\fracture_v2\experiment5_localization\dataset\images\train\0863_1107746878_01_WRI-L1_F007.png,D:\projects\MediMind\ai-prediction-service\artifacts\fracture_v2\experiment5_localization\dataset\images\train\0863_1107746940_01_WRI-L2_F007.png,True,True,1,1,1,1,7.6,F,L,wrist,NONE
0864_01_WRI-R,PAT_GRAZ_864,864,GRAZPEDWRI-DX,train,0864_1015612009_01_WRI-R1_F008,0864_1015612061_01_WRI-R2_F008,D:\projects\MediMind\ai-prediction-service\artifacts\fracture_v2\experiment5_localization\dataset\images\train\0864_1015612009_01_WRI-R1_F008.png,D:\projects\MediMind\ai-prediction-service\artifacts\fracture_v2\experiment5_localization\dataset\images\train\0864_1015612061_01_WRI-R2_F008.png,True,True,1,1,1,1,8.8,F,R,wrist,NONE
0864_02_WRI-R,PAT_GRAZ_864,864,GRAZPEDWRI-DX,train,0864_1016178073_02_WRI-R1_F008,0864_1016178129_02_WRI-R2_F008,D:\projects\MediMind\ai-prediction-service\artifacts\fracture_v2\experiment5_localization\dataset\images\train\0864_1016178073_02_WRI-R1_F008.png,D:\projects\MediMind\ai-prediction-service\artifacts\fracture_v2\experiment5_localization\dataset\images\train\0864_1016178129_02_WRI-R2_F008.png,True,True,1,1,1,1,8.8,F,R,wrist,NONE
0864_03_WRI-L,PAT_GRAZ_864,864,GRAZPEDWRI-DX,train,0864_1027842850_03_WRI-L1_F009,0864_1027842891_03_WRI-L2_F009,D:\projects\MediMind\ai-prediction-service\artifacts\fracture_v2\experiment5_localization\dataset\images\train\0864_1027842850_03_WRI-L1_F009.png,D:\projects\MediMind\ai-prediction-service\artifacts\fracture_v2\experiment5_localization\dataset\images\train\0864_1027842891_03_WRI-L2_F009.png,True,True,0,0,0,1,9.2,F,L,wrist,NONE
0864_04_WRI-R,PAT_GRAZ_864,864,GRAZPEDWRI-DX,train,0864_1050594000_04_WRI-R1_F009,0864_1050594017_04_WRI-R2_F009,D:\projects\MediMind\ai-prediction-service\artifacts\fracture_v2\experiment5_localization\dataset\images\train\0864_1050594000_04_WRI-R1_F009.png,D:\projects\MediMind\ai-prediction-service\artifacts\fracture_v2\experiment5_localization\dataset\images\train\0864_1050594017_04_WRI-R2_F009.png,True,True,0,0,0,1,9.9,F,R,wrist,NONE
0865_01_WRI-R,PAT_GRAZ_865,865,GRAZPEDWRI-DX,train,0865_1045664863_01_WRI-R1_F015,0865_1045664933_01_WRI-R2_F015,D:\projects\MediMind\ai-prediction-service\artifacts\fracture_v2\experiment5_localization\dataset\images\train\0865_1045664863_01_WRI-R1_F015.png,D:\projects\MediMind\ai-prediction-service\artifacts\fracture_v2\experiment5_localization\dataset\images\train\0865_1045664933_01_WRI-R2_F015.png,True,True,0,0,0,1,15.7,F,R,wrist,NONE
0865_02_WRI-R,PAT_GRAZ_865,865,GRAZPEDWRI-DX,train,0865_1046872747_02_WRI-R1_F015,0865_1046872778_02_WRI-R2_F015,D:\projects\MediMind\ai-prediction-service\artifacts\fracture_v2\experiment5_localization\dataset\images\train\0865_1046872747_02_WRI-R1_F015.png,D:\projects\MediMind\ai-prediction-service\artifacts\fracture_v2\experiment5_localization\dataset\images\train\0865_1046872778_02_WRI-R2_F015.png,True,True,0,0,0,1,15.8,F,R,wrist,NONE
0866_01_WRI-L,PAT_GRAZ_866,866,GRAZPEDWRI-DX,train,0866_1031133061_01_WRI-L1_M009,0866_1031133099_01_WRI-L2_M009,D:\projects\MediMind\ai-prediction-service\artifacts\fracture_v2\experiment5_localization\dataset\images\train\0866_1031133061_01_WRI-L1_M009.png,D:\projects\MediMind\ai-prediction-service\artifacts\fracture_v2\experiment5_localization\dataset\images\train\0866_1031133099_01_WRI-L2_M009.png,True,True,0,1,1,0,9.8,M,L,wrist,NONE
0868_01_WRI-L,PAT_GRAZ_868,868,GRAZPEDWRI-DX,train,0868_1041270879_01_WRI-L1_F007,0868_1041270921_01_WRI-L2_F007,D:\projects\MediMind\ai-prediction-service\artifacts\fracture_v2\experiment5_localization\dataset\images\train\0868_1041270879_01_WRI-L1_F007.png,D:\projects\MediMind\ai-prediction-service\artifacts\fracture_v2\experiment5_localization\dataset\images\train\0868_1041270921_01_WRI-L2_F007.png,True,True,0,0,0,1,7.3,F,L,wrist,NONE
0869_01_WRI-R,PAT_GRAZ_869,869,GRAZPEDWRI-DX,train,0869_0615429445_01_WRI-R1_M016,0869_0615429508_01_WRI-R2_M016,D:\projects\MediMind\ai-prediction-service\artifacts\fracture_v2\experiment5_localization\dataset\images\train\0869_0615429445_01_WRI-R1_M016.png,D:\projects\MediMind\ai-prediction-service\artifacts\fracture_v2\experiment5_localization\dataset\images\train\0869_0615429508_01_WRI-R2_M016.png,True,True,1,1,1,1,16.2,M,R,wrist,NONE
0869_02_WRI-R,PAT_GRAZ_869,869,GRAZPEDWRI-DX,train,0869_0615436314_02_WRI-R1_M016,0869_0615436364_02_WRI-R2_M016,D:\projects\MediMind\ai-prediction-service\artifacts\fracture_v2\experiment5_localization\dataset\images\train\0869_0615436314_02_WRI-R1_M016.png,D:\projects\MediMind\ai-prediction-service\artifacts\fracture_v2\experiment5_localization\dataset\images\train\0869_0615436364_02_WRI-R2_M016.png,True,True,1,1,1,1,16.2,M,R,wrist,NONE
0869_03_WRI-R,PAT_GRAZ_869,869,GRAZPEDWRI-DX,train,0869_0615921203_03_WRI-R1_M016,0869_0615921261_03_WRI-R2_M016,D:\projects\MediMind\ai-prediction-service\artifacts\fracture_v2\experiment5_localization\dataset\images\train\0869_0615921203_03_WRI-R1_M016.png,D:\projects\MediMind\ai-prediction-service\artifacts\fracture_v2\experiment5_localization\dataset\images\train\0869_0615921261_03_WRI-R2_M016.png,True,True,1,1,1,1,16.3,M,R,wrist,NONE
0869_04_WRI-R,PAT_GRAZ_869,869,GRAZPEDWRI-DX,train,0869_0616868743_04_WRI-R1_M016,0869_0616868774_04_WRI-R2_M016,D:\projects\MediMind\ai-prediction-service\artifacts\fracture_v2\experiment5_localization\dataset\images\train\0869_0616868743_04_WRI-R1_M016.png,D:\projects\MediMind\ai-prediction-service\artifacts\fracture_v2\experiment5_localization\dataset\images\train\0869_0616868774_04_WRI-R2_M016.png,True,True,1,1,1,1,16.3,M,R,wrist,NONE
0870_01_WRI-R,PAT_GRAZ_870,870,GRAZPEDWRI-DX,train,0870_0884232567_01_WRI-R1_F009,0870_0884232602_01_WRI-R2_F009,D:\projects\MediMind\ai-prediction-service\artifacts\fracture_v2\experiment5_localization\dataset\images\train\0870_0884232567_01_WRI-R1_F009.png,D:\projects\MediMind\ai-prediction-service\artifacts\fracture_v2\experiment5_localization\dataset\images\train\0870_0884232602_01_WRI-R2_F009.png,True,True,1,1,1,1,9.8,F,R,wrist,NONE
0872_01_WRI-R,PAT_GRAZ_872,872,GRAZPEDWRI-DX,train,0872_0670339198_01_WRI-R1_M004,0872_0670339301_01_WRI-R2_M004,D:\projects\MediMind\ai-prediction-service\artifacts\fracture_v2\experiment5_localization\dataset\images\train\0872_0670339198_01_WRI-R1_M004.png,D:\projects\MediMind\ai-prediction-service\artifacts\fracture_v2\experiment5_localization\dataset\images\train\0872_0670339301_01_WRI-R2_M004.png,True,True,1,1,1,1,4.5,M,R,wrist,NONE
0873_01_WRI-R,PAT_GRAZ_873,873,GRAZPEDWRI-DX,train,0873_0146650662_01_WRI-R1_F006,0873_0146650694_01_WRI-R2_F006,D:\projects\MediMind\ai-prediction-service\artifacts\fracture_v2\experiment5_localization\dataset\images\train\0873_0146650662_01_WRI-R1_F006.png,D:\projects\MediMind\ai-prediction-service\artifacts\fracture_v2\experiment5_localization\dataset\images\train\0873_0146650694_01_WRI-R2_F006.png,True,True,1,1,1,1,6.6,F,R,wrist,NONE
0873_02_WRI-R,PAT_GRAZ_873,873,GRAZPEDWRI-DX,train,0873_0264573793_02_WRI-R1_F010,0873_0264573844_02_WRI-R2_F010,D:\projects\MediMind\ai-prediction-service\artifacts\fracture_v2\experiment5_localization\dataset\images\train\0873_0264573793_02_WRI-R1_F010.png,D:\projects\MediMind\ai-prediction-service\artifacts\fracture_v2\experiment5_localization\dataset\images\train\0873_0264573844_02_WRI-R2_F010.png,True,True,0,0,0,1,10.3,F,R,wrist,NONE
0875_01_WRI-R,PAT_GRAZ_875,875,GRAZPEDWRI-DX,train,0875_0540175371_01_WRI-R1_M012,0875_0540175411_01_WRI-R2_M012,D:\projects\MediMind\ai-prediction-service\artifacts\fracture_v2\experiment5_localization\dataset\images\train\0875_0540175371_01_WRI-R1_M012.png,D:\projects\MediMind\ai-prediction-service\artifacts\fracture_v2\experiment5_localization\dataset\images\train\0875_0540175411_01_WRI-R2_M012.png,True,True,0,1,1,0,12.8,M,R,wrist,NONE
0875_02_WRI-R,PAT_GRAZ_875,875,GRAZPEDWRI-DX,train,0875_0540431907_02_WRI-R1_M012,0875_0540431939_02_WRI-R2_M012,D:\projects\MediMind\ai-prediction-service\artifacts\fracture_v2\experiment5_localization\dataset\images\train\0875_0540431907_02_WRI-R1_M012.png,D:\projects\MediMind\ai-prediction-service\artifacts\fracture_v2\experiment5_localization\dataset\images\train\0875_0540431939_02_WRI-R2_M012.png,True,True,0,1,1,0,12.8,M,R,wrist,NONE
0876_01_WRI-L,PAT_GRAZ_876,876,GRAZPEDWRI-DX,train,0876_1185699305_01_WRI-L1_M010,0876_1185699243_01_WRI-L2_M010,D:\projects\MediMind\ai-prediction-service\artifacts\fracture_v2\experiment5_localization\dataset\images\train\0876_1185699305_01_WRI-L1_M010.png,D:\projects\MediMind\ai-prediction-service\artifacts\fracture_v2\experiment5_localization\dataset\images\train\0876_1185699243_01_WRI-L2_M010.png,True,True,1,1,1,1,10.0,M,L,wrist,NONE
0877_01_WRI-L,PAT_GRAZ_877,877,GRAZPEDWRI-DX,train,0877_0700504360_01_WRI-L1_M016,0877_0700504386_01_WRI-L2_M016,D:\projects\MediMind\ai-prediction-service\artifacts\fracture_v2\experiment5_localization\dataset\images\train\0877_0700504360_01_WRI-L1_M016.png,D:\projects\MediMind\ai-prediction-service\artifacts\fracture_v2\experiment5_localization\dataset\images\train\0877_0700504386_01_WRI-L2_M016.png,True,True,1,1,1,1,16.1,M,L,wrist,NONE
0878_01_WRI-R,PAT_GRAZ_878,878,GRAZPEDWRI-DX,train,0878_0945210488_01_WRI-R1_M004,0878_0945210556_01_WRI-R2_M004,D:\projects\MediMind\ai-prediction-service\artifacts\fracture_v2\experiment5_localization\dataset\images\train\0878_0945210488_01_WRI-R1_M004.png,D:\projects\MediMind\ai-prediction-service\artifacts\fracture_v2\experiment5_localization\dataset\images\train\0878_0945210556_01_WRI-R2_M004.png,True,True,1,1,1,1,4.9,M,R,wrist,NONE
0879_01_WRI-R,PAT_GRAZ_879,879,GRAZPEDWRI-DX,train,0879_0714410907_01_WRI-R1_M015,0879_0714410936_01_WRI-R2_M015,D:\projects\MediMind\ai-prediction-service\artifacts\fracture_v2\experiment5_localization\dataset\images\train\0879_0714410907_01_WRI-R1_M015.png,D:\projects\MediMind\ai-prediction-service\artifacts\fracture_v2\experiment5_localization\dataset\images\train\0879_0714410936_01_WRI-R2_M015.png,True,True,1,1,1,1,15.0,M,R,wrist,NONE
0880_01_WRI-L,PAT_GRAZ_880,880,GRAZPEDWRI-DX,train,0880_0365939827_01_WRI-L1_M013,0880_0365939871_01_WRI-L2_M013,D:\projects\MediMind\ai-prediction-service\artifacts\fracture_v2\experiment5_localization\dataset\images\train\0880_0365939827_01_WRI-L1_M013.png,D:\projects\MediMind\ai-prediction-service\artifacts\fracture_v2\experiment5_localization\dataset\images\train\0880_0365939871_01_WRI-L2_M013.png,True,True,0,0,0,1,13.1,M,L,wrist,NONE
0884_01_WRI-L,PAT_GRAZ_884,884,GRAZPEDWRI-DX,train,0884_0727958336_01_WRI-L1_F014,0884_0727958390_01_WRI-L2_F014,D:\projects\MediMind\ai-prediction-service\artifacts\fracture_v2\experiment5_localization\dataset\images\train\0884_0727958336_01_WRI-L1_F014.png,D:\projects\MediMind\ai-prediction-service\artifacts\fracture_v2\experiment5_localization\dataset\images\train\0884_0727958390_01_WRI-L2_F014.png,True,True,0,0,0,1,14.8,F,L,wrist,NONE
0885_02_WRI-R,PAT_GRAZ_885,885,GRAZPEDWRI-DX,train,0885_0909258733_02_WRI-R1_M011,0885_0909258838_02_WRI-R2_M011,D:\projects\MediMind\ai-prediction-service\artifacts\fracture_v2\experiment5_localization\dataset\images\train\0885_0909258733_02_WRI-R1_M011.png,D:\projects\MediMind\ai-prediction-service\artifacts\fracture_v2\experiment5_localization\dataset\images\train\0885_0909258838_02_WRI-R2_M011.png,True,True,1,1,1,1,11.5,M,R,wrist,NONE
0885_03_WRI-R,PAT_GRAZ_885,885,GRAZPEDWRI-DX,train,0885_0911236374_03_WRI-R1_M011,0885_0911236403_03_WRI-R2_M011,D:\projects\MediMind\ai-prediction-service\artifacts\fracture_v2\experiment5_localization\dataset\images\train\0885_0911236374_03_WRI-R1_M011.png,D:\projects\MediMind\ai-prediction-service\artifacts\fracture_v2\experiment5_localization\dataset\images\train\0885_0911236403_03_WRI-R2_M011.png,True,True,1,1,1,1,11.5,M,R,wrist,NONE
0886_01_WRI-R,PAT_GRAZ_886,886,GRAZPEDWRI-DX,train,0886_0573838735_01_WRI-R1_F014,0886_0573838781_01_WRI-R2_F014,D:\projects\MediMind\ai-prediction-service\artifacts\fracture_v2\experiment5_localization\dataset\images\train\0886_0573838735_01_WRI-R1_F014.png,D:\projects\MediMind\ai-prediction-service\artifacts\fracture_v2\experiment5_localization\dataset\images\train\0886_0573838781_01_WRI-R2_F014.png,True,True,0,0,0,1,14.8,F,R,wrist,NONE
0888_01_WRI-R,PAT_GRAZ_888,888,GRAZPEDWRI-DX,train,0888_0376437583_01_WRI-R1_M015,0888_0376437611_01_WRI-R2_M015,D:\projects\MediMind\ai-prediction-service\artifacts\fracture_v2\experiment5_localization\dataset\images\train\0888_0376437583_01_WRI-R1_M015.png,D:\projects\MediMind\ai-prediction-service\artifacts\fracture_v2\experiment5_localization\dataset\images\train\0888_0376437611_01_WRI-R2_M015.png,True,True,0,0,0,1,15.0,M,R,wrist,NONE
0889_01_WRI-R,PAT_GRAZ_889,889,GRAZPEDWRI-DX,train,0889_0989268657_01_WRI-R1_F012,0889_0989268694_01_WRI-R2_F012,D:\projects\MediMind\ai-prediction-service\artifacts\fracture_v2\experiment5_localization\dataset\images\train\0889_0989268657_01_WRI-R1_F012.png,D:\projects\MediMind\ai-prediction-service\artifacts\fracture_v2\experiment5_localization\dataset\images\train\0889_0989268694_01_WRI-R2_F012.png,True,True,0,0,0,1,12.4,F,R,wrist,NONE
0891_01_WRI-L,PAT_GRAZ_891,891,GRAZPEDWRI-DX,train,0891_0197234964_01_WRI-L1_M017,0891_0197234985_01_WRI-L2_M017,D:\projects\MediMind\ai-prediction-service\artifacts\fracture_v2\experiment5_localization\dataset\images\train\0891_0197234964_01_WRI-L1_M017.png,D:\projects\MediMind\ai-prediction-service\artifacts\fracture_v2\experiment5_localization\dataset\images\train\0891_0197234985_01_WRI-L2_M017.png,True,True,0,0,0,1,17.7,M,L,wrist,NONE
0892_01_WRI-R,PAT_GRAZ_892,892,GRAZPEDWRI-DX,train,0892_1273117374_01_WRI-R1_F010,0892_1273117426_01_WRI-R2_F010,D:\projects\MediMind\ai-prediction-service\artifacts\fracture_v2\experiment5_localization\dataset\images\train\0892_1273117374_01_WRI-R1_F010.png,D:\projects\MediMind\ai-prediction-service\artifacts\fracture_v2\experiment5_localization\dataset\images\train\0892_1273117426_01_WRI-R2_F010.png,True,True,1,1,1,1,10.0,F,R,wrist,NONE
0895_01_WRI-L,PAT_GRAZ_895,895,GRAZPEDWRI-DX,train,0895_0900836201_01_WRI-L1_M007,0895_0900836294_01_WRI-L2_M007,D:\projects\MediMind\ai-prediction-service\artifacts\fracture_v2\experiment5_localization\dataset\images\train\0895_0900836201_01_WRI-L1_M007.png,D:\projects\MediMind\ai-prediction-service\artifacts\fracture_v2\experiment5_localization\dataset\images\train\0895_0900836294_01_WRI-L2_M007.png,True,True,1,1,1,1,7.0,M,L,wrist,NONE
0895_02_WRI-L,PAT_GRAZ_895,895,GRAZPEDWRI-DX,train,0895_0901439185_02_WRI-L1_M007,0895_0901439234_02_WRI-L2_M007,D:\projects\MediMind\ai-prediction-service\artifacts\fracture_v2\experiment5_localization\dataset\images\train\0895_0901439185_02_WRI-L1_M007.png,D:\projects\MediMind\ai-prediction-service\artifacts\fracture_v2\experiment5_localization\dataset\images\train\0895_0901439234_02_WRI-L2_M007.png,True,True,1,1,1,1,7.0,M,L,wrist,NONE
0895_03_WRI-L,PAT_GRAZ_895,895,GRAZPEDWRI-DX,train,0895_0902134120_03_WRI-L1_M007,0895_0902134167_03_WRI-L2_M007,D:\projects\MediMind\ai-prediction-service\artifacts\fracture_v2\experiment5_localization\dataset\images\train\0895_0902134120_03_WRI-L1_M007.png,D:\projects\MediMind\ai-prediction-service\artifacts\fracture_v2\experiment5_localization\dataset\images\train\0895_0902134167_03_WRI-L2_M007.png,True,True,1,1,1,1,7.0,M,L,wrist,NONE
0895_04_WRI-L,PAT_GRAZ_895,895,GRAZPEDWRI-DX,train,0895_0903335019_04_WRI-L1_M007,0895_0903335101_04_WRI-L2_M007,D:\projects\MediMind\ai-prediction-service\artifacts\fracture_v2\experiment5_localization\dataset\images\train\0895_0903335019_04_WRI-L1_M007.png,D:\projects\MediMind\ai-prediction-service\artifacts\fracture_v2\experiment5_localization\dataset\images\train\0895_0903335101_04_WRI-L2_M007.png,True,True,1,1,1,1,7.0,M,L,wrist,NONE
0895_05_WRI-L,PAT_GRAZ_895,895,GRAZPEDWRI-DX,train,0895_0904544406_05_WRI-L1_M007,0895_0904544456_05_WRI-L2_M007,D:\projects\MediMind\ai-prediction-service\artifacts\fracture_v2\experiment5_localization\dataset\images\train\0895_0904544406_05_WRI-L1_M007.png,D:\projects\MediMind\ai-prediction-service\artifacts\fracture_v2\experiment5_localization\dataset\images\train\0895_0904544456_05_WRI-L2_M007.png,True,True,1,1,1,1,7.1,M,L,wrist,NONE
0897_01_WRI-R,PAT_GRAZ_897,897,GRAZPEDWRI-DX,train,0897_0633572278_01_WRI-R1_M015,0897_0633572338_01_WRI-R2_M015,D:\projects\MediMind\ai-prediction-service\artifacts\fracture_v2\experiment5_localization\dataset\images\train\0897_0633572278_01_WRI-R1_M015.png,D:\projects\MediMind\ai-prediction-service\artifacts\fracture_v2\experiment5_localization\dataset\images\train\0897_0633572338_01_WRI-R2_M015.png,True,True,0,0,0,1,15.4,M,R,wrist,NONE
0898_01_WRI-R,PAT_GRAZ_898,898,GRAZPEDWRI-DX,train,0898_0504481034_01_WRI-R1_F009,0898_0504481074_01_WRI-R2_F009,D:\projects\MediMind\ai-prediction-service\artifacts\fracture_v2\experiment5_localization\dataset\images\train\0898_0504481034_01_WRI-R1_F009.png,D:\projects\MediMind\ai-prediction-service\artifacts\fracture_v2\experiment5_localization\dataset\images\train\0898_0504481074_01_WRI-R2_F009.png,True,True,0,0,0,1,9.2,F,R,wrist,NONE
0900_01_WRI-L,PAT_GRAZ_900,900,GRAZPEDWRI-DX,train,0900_0271006479_01_WRI-L1_F010,0900_0271006540_01_WRI-L2_F010,D:\projects\MediMind\ai-prediction-service\artifacts\fracture_v2\experiment5_localization\dataset\images\train\0900_0271006479_01_WRI-L1_F010.png,D:\projects\MediMind\ai-prediction-service\artifacts\fracture_v2\experiment5_localization\dataset\images\train\0900_0271006540_01_WRI-L2_F010.png,True,True,1,1,1,1,10.6,F,L,wrist,NONE
0901_01_WRI-L,PAT_GRAZ_901,901,GRAZPEDWRI-DX,train,0901_0387208452_01_WRI-L1_M013,0901_0387208489_01_WRI-L2_M013,D:\projects\MediMind\ai-prediction-service\artifacts\fracture_v2\experiment5_localization\dataset\images\train\0901_0387208452_01_WRI-L1_M013.png,D:\projects\MediMind\ai-prediction-service\artifacts\fracture_v2\experiment5_localization\dataset\images\train\0901_0387208489_01_WRI-L2_M013.png,True,True,1,1,1,1,13.8,M,L,wrist,NONE
0901_02_WRI-L,PAT_GRAZ_901,901,GRAZPEDWRI-DX,train,0901_0387677209_02_WRI-L1_M013,0901_0387677299_02_WRI-L2_M013,D:\projects\MediMind\ai-prediction-service\artifacts\fracture_v2\experiment5_localization\dataset\images\train\0901_0387677209_02_WRI-L1_M013.png,D:\projects\MediMind\ai-prediction-service\artifacts\fracture_v2\experiment5_localization\dataset\images\train\0901_0387677299_02_WRI-L2_M013.png,True,True,1,1,1,1,13.8,M,L,wrist,NONE
0901_03_WRI-L,PAT_GRAZ_901,901,GRAZPEDWRI-DX,train,0901_0388791897_03_WRI-L1_M013,0901_0388791966_03_WRI-L2_M013,D:\projects\MediMind\ai-prediction-service\artifacts\fracture_v2\experiment5_localization\dataset\images\train\0901_0388791897_03_WRI-L1_M013.png,D:\projects\MediMind\ai-prediction-service\artifacts\fracture_v2\experiment5_localization\dataset\images\train\0901_0388791966_03_WRI-L2_M013.png,True,True,1,1,1,1,13.9,M,L,wrist,NONE
0902_03_WRI-L,PAT_GRAZ_902,902,GRAZPEDWRI-DX,train,0902_1143609651_03_WRI-L1_F015,0902_1143609680_03_WRI-L2_F015,D:\projects\MediMind\ai-prediction-service\artifacts\fracture_v2\experiment5_localization\dataset\images\train\0902_1143609651_03_WRI-L1_F015.png,D:\projects\MediMind\ai-prediction-service\artifacts\fracture_v2\experiment5_localization\dataset\images\train\0902_1143609680_03_WRI-L2_F015.png,True,True,0,0,0,1,15.5,F,L,wrist,NONE
0903_01_WRI-R,PAT_GRAZ_903,903,GRAZPEDWRI-DX,train,0903_0741114157_01_WRI-R1_M009,0903_0741114190_01_WRI-R2_M009,D:\projects\MediMind\ai-prediction-service\artifacts\fracture_v2\experiment5_localization\dataset\images\train\0903_0741114157_01_WRI-R1_M009.png,D:\projects\MediMind\ai-prediction-service\artifacts\fracture_v2\experiment5_localization\dataset\images\train\0903_0741114190_01_WRI-R2_M009.png,True,True,0,0,0,1,9.5,M,R,wrist,NONE
0904_01_WRI-L,PAT_GRAZ_904,904,GRAZPEDWRI-DX,train,0904_0259506821_01_WRI-L1_M015,0904_0259506860_01_WRI-L2_M015,D:\projects\MediMind\ai-prediction-service\artifacts\fracture_v2\experiment5_localization\dataset\images\train\0904_0259506821_01_WRI-L1_M015.png,D:\projects\MediMind\ai-prediction-service\artifacts\fracture_v2\experiment5_localization\dataset\images\train\0904_0259506860_01_WRI-L2_M015.png,True,True,0,0,0,1,15.8,M,L,wrist,NONE
0906_01_WRI-L,PAT_GRAZ_906,906,GRAZPEDWRI-DX,train,0906_0406017857_01_WRI-L1_F012,0906_0406017889_01_WRI-L2_F012,D:\projects\MediMind\ai-prediction-service\artifacts\fracture_v2\experiment5_localization\dataset\images\train\0906_0406017857_01_WRI-L1_F012.png,D:\projects\MediMind\ai-prediction-service\artifacts\fracture_v2\experiment5_localization\dataset\images\train\0906_0406017889_01_WRI-L2_F012.png,True,True,0,1,1,0,12.4,F,L,wrist,NONE
0906_01_WRI-R,PAT_GRAZ_906,906,GRAZPEDWRI-DX,train,0906_0406017948_01_WRI-R1_F012,0906_0406017976_01_WRI-R2_F012,D:\projects\MediMind\ai-prediction-service\artifacts\fracture_v2\experiment5_localization\dataset\images\train\0906_0406017948_01_WRI-R1_F012.png,D:\projects\MediMind\ai-prediction-service\artifacts\fracture_v2\experiment5_localization\dataset\images\train\0906_0406017976_01_WRI-R2_F012.png,True,True,1,1,1,1,12.4,F,R,wrist,NONE
0907_01_WRI-L,PAT_GRAZ_907,907,GRAZPEDWRI-DX,train,0907_0996918476_01_WRI-L1_M014,0907_0996918436_01_WRI-L2_M014,D:\projects\MediMind\ai-prediction-service\artifacts\fracture_v2\experiment5_localization\dataset\images\train\0907_0996918476_01_WRI-L1_M014.png,D:\projects\MediMind\ai-prediction-service\artifacts\fracture_v2\experiment5_localization\dataset\images\train\0907_0996918436_01_WRI-L2_M014.png,True,True,1,1,1,1,14.3,M,L,wrist,NONE
0908_01_WRI-L,PAT_GRAZ_908,908,GRAZPEDWRI-DX,train,0908_0298020325_01_WRI-L1_F011,0908_0298020376_01_WRI-L2_F011,D:\projects\MediMind\ai-prediction-service\artifacts\fracture_v2\experiment5_localization\dataset\images\train\0908_0298020325_01_WRI-L1_F011.png,D:\projects\MediMind\ai-prediction-service\artifacts\fracture_v2\experiment5_localization\dataset\images\train\0908_0298020376_01_WRI-L2_F011.png,True,True,0,0,0,1,11.1,F,L,wrist,NONE
0909_01_WRI-L,PAT_GRAZ_909,909,GRAZPEDWRI-DX,train,0909_0330124518_01_WRI-L1_M012,0909_0330124570_01_WRI-L2_M012,D:\projects\MediMind\ai-prediction-service\artifacts\fracture_v2\experiment5_localization\dataset\images\train\0909_0330124518_01_WRI-L1_M012.png,D:\projects\MediMind\ai-prediction-service\artifacts\fracture_v2\experiment5_localization\dataset\images\train\0909_0330124570_01_WRI-L2_M012.png,True,True,0,1,1,0,12.1,M,L,wrist,NONE
0909_02_WRI-L,PAT_GRAZ_909,909,GRAZPEDWRI-DX,train,0909_0331247819_02_WRI-L1_M012,0909_0331247781_02_WRI-L2_M012,D:\projects\MediMind\ai-prediction-service\artifacts\fracture_v2\experiment5_localization\dataset\images\train\0909_0331247819_02_WRI-L1_M012.png,D:\projects\MediMind\ai-prediction-service\artifacts\fracture_v2\experiment5_localization\dataset\images\train\0909_0331247781_02_WRI-L2_M012.png,True,True,0,1,1,0,12.2,M,L,wrist,NONE
0909_03_WRI-L,PAT_GRAZ_909,909,GRAZPEDWRI-DX,train,0909_0332022531_03_WRI-L1_M012,0909_0332022572_03_WRI-L2_M012,D:\projects\MediMind\ai-prediction-service\artifacts\fracture_v2\experiment5_localization\dataset\images\train\0909_0332022531_03_WRI-L1_M012.png,D:\projects\MediMind\ai-prediction-service\artifacts\fracture_v2\experiment5_localization\dataset\images\train\0909_0332022572_03_WRI-L2_M012.png,True,True,0,1,1,0,12.2,M,L,wrist,NONE
0911_01_WRI-R,PAT_GRAZ_911,911,GRAZPEDWRI-DX,train,0911_0846478721_01_WRI-R1_M009,0911_0846478748_01_WRI-R2_M009,D:\projects\MediMind\ai-prediction-service\artifacts\fracture_v2\experiment5_localization\dataset\images\train\0911_0846478721_01_WRI-R1_M009.png,D:\projects\MediMind\ai-prediction-service\artifacts\fracture_v2\experiment5_localization\dataset\images\train\0911_0846478748_01_WRI-R2_M009.png,True,True,0,0,0,1,9.3,M,R,wrist,NONE
0911_02_WRI-R,PAT_GRAZ_911,911,GRAZPEDWRI-DX,train,0911_0979437875_02_WRI-R1_M013,0911_0979437901_02_WRI-R2_M013,D:\projects\MediMind\ai-prediction-service\artifacts\fracture_v2\experiment5_localization\dataset\images\train\0911_0979437875_02_WRI-R1_M013.png,D:\projects\MediMind\ai-prediction-service\artifacts\fracture_v2\experiment5_localization\dataset\images\train\0911_0979437901_02_WRI-R2_M013.png,True,True,0,0,0,1,13.6,M,R,wrist,NONE
0912_01_WRI-L,PAT_GRAZ_912,912,GRAZPEDWRI-DX,train,0912_0478020512_01_WRI-L1_M016,0912_0478020549_01_WRI-L2_M016,D:\projects\MediMind\ai-prediction-service\artifacts\fracture_v2\experiment5_localization\dataset\images\train\0912_0478020512_01_WRI-L1_M016.png,D:\projects\MediMind\ai-prediction-service\artifacts\fracture_v2\experiment5_localization\dataset\images\train\0912_0478020549_01_WRI-L2_M016.png,True,True,0,0,0,1,16.0,M,L,wrist,NONE
0914_01_WRI-R,PAT_GRAZ_914,914,GRAZPEDWRI-DX,train,0914_0992148029_01_WRI-R1_M013,0914_0992148065_01_WRI-R2_M013,D:\projects\MediMind\ai-prediction-service\artifacts\fracture_v2\experiment5_localization\dataset\images\train\0914_0992148029_01_WRI-R1_M013.png,D:\projects\MediMind\ai-prediction-service\artifacts\fracture_v2\experiment5_localization\dataset\images\train\0914_0992148065_01_WRI-R2_M013.png,True,True,0,0,0,1,13.9,M,R,wrist,NONE
0915_01_WRI-L,PAT_GRAZ_915,915,GRAZPEDWRI-DX,train,0915_0434122280_01_WRI-L1_M008,0915_0434122321_01_WRI-L2_M008,D:\projects\MediMind\ai-prediction-service\artifacts\fracture_v2\experiment5_localization\dataset\images\train\0915_0434122280_01_WRI-L1_M008.png,D:\projects\MediMind\ai-prediction-service\artifacts\fracture_v2\experiment5_localization\dataset\images\train\0915_0434122321_01_WRI-L2_M008.png,True,True,1,1,1,1,8.1,M,L,wrist,NONE
0916_01_WRI-L,PAT_GRAZ_916,916,GRAZPEDWRI-DX,train,0916_0957506345_01_WRI-L1_M007,0916_0957506390_01_WRI-L2_M007,D:\projects\MediMind\ai-prediction-service\artifacts\fracture_v2\experiment5_localization\dataset\images\train\0916_0957506345_01_WRI-L1_M007.png,D:\projects\MediMind\ai-prediction-service\artifacts\fracture_v2\experiment5_localization\dataset\images\train\0916_0957506390_01_WRI-L2_M007.png,True,True,1,1,1,1,7.8,M,L,wrist,NONE
0916_02_WRI-L,PAT_GRAZ_916,916,GRAZPEDWRI-DX,train,0916_0957509668_02_WRI-L1_M007,0916_0957509727_02_WRI-L2_M007,D:\projects\MediMind\ai-prediction-service\artifacts\fracture_v2\experiment5_localization\dataset\images\train\0916_0957509668_02_WRI-L1_M007.png,D:\projects\MediMind\ai-prediction-service\artifacts\fracture_v2\experiment5_localization\dataset\images\train\0916_0957509727_02_WRI-L2_M007.png,True,True,1,1,1,1,7.8,M,L,wrist,NONE
0916_03_WRI-L,PAT_GRAZ_916,916,GRAZPEDWRI-DX,train,0916_0958101586_03_WRI-L1_M007,0916_0958101667_03_WRI-L2_M007,D:\projects\MediMind\ai-prediction-service\artifacts\fracture_v2\experiment5_localization\dataset\images\train\0916_0958101586_03_WRI-L1_M007.png,D:\projects\MediMind\ai-prediction-service\artifacts\fracture_v2\experiment5_localization\dataset\images\train\0916_0958101667_03_WRI-L2_M007.png,True,True,1,1,1,1,7.8,M,L,wrist,NONE
0916_04_WRI-L,PAT_GRAZ_916,916,GRAZPEDWRI-DX,train,0916_0958697443_04_WRI-L1_M007,0916_0958697466_04_WRI-L2_M007,D:\projects\MediMind\ai-prediction-service\artifacts\fracture_v2\experiment5_localization\dataset\images\train\0916_0958697443_04_WRI-L1_M007.png,D:\projects\MediMind\ai-prediction-service\artifacts\fracture_v2\experiment5_localization\dataset\images\train\0916_0958697466_04_WRI-L2_M007.png,True,True,1,1,1,1,7.8,M,L,wrist,NONE
0916_05_WRI-L,PAT_GRAZ_916,916,GRAZPEDWRI-DX,train,0916_0959314500_05_WRI-L1_M007,0916_0959314532_05_WRI-L2_M007,D:\projects\MediMind\ai-prediction-service\artifacts\fracture_v2\experiment5_localization\dataset\images\train\0916_0959314500_05_WRI-L1_M007.png,D:\projects\MediMind\ai-prediction-service\artifacts\fracture_v2\experiment5_localization\dataset\images\train\0916_0959314532_05_WRI-L2_M007.png,True,True,1,1,1,1,7.8,M,L,wrist,NONE
0918_01_WRI-L,PAT_GRAZ_918,918,GRAZPEDWRI-DX,train,0918_0390357061_01_WRI-L1_F012,0918_0390357076_01_WRI-L2_F012,D:\projects\MediMind\ai-prediction-service\artifacts\fracture_v2\experiment5_localization\dataset\images\train\0918_0390357061_01_WRI-L1_F012.png,D:\projects\MediMind\ai-prediction-service\artifacts\fracture_v2\experiment5_localization\dataset\images\train\0918_0390357076_01_WRI-L2_F012.png,True,True,0,1,1,0,12.5,F,L,wrist,NONE
0919_01_WRI-R,PAT_GRAZ_919,919,GRAZPEDWRI-DX,train,0919_1127748281_01_WRI-R1_M004,0919_1127748322_01_WRI-R2_M004,D:\projects\MediMind\ai-prediction-service\artifacts\fracture_v2\experiment5_localization\dataset\images\train\0919_1127748281_01_WRI-R1_M004.png,D:\projects\MediMind\ai-prediction-service\artifacts\fracture_v2\experiment5_localization\dataset\images\train\0919_1127748322_01_WRI-R2_M004.png,True,True,1,1,1,1,4.3,M,R,wrist,NONE
0919_06_WRI-R,PAT_GRAZ_919,919,GRAZPEDWRI-DX,train,0919_1128064773_06_WRI-R1_M004,0919_1128064861_06_WRI-R2_M004,D:\projects\MediMind\ai-prediction-service\artifacts\fracture_v2\experiment5_localization\dataset\images\train\0919_1128064773_06_WRI-R1_M004.png,D:\projects\MediMind\ai-prediction-service\artifacts\fracture_v2\experiment5_localization\dataset\images\train\0919_1128064861_06_WRI-R2_M004.png,True,True,1,1,1,1,4.3,M,R,wrist,NONE
0919_07_WRI-R,PAT_GRAZ_919,919,GRAZPEDWRI-DX,train,0919_1128659042_07_WRI-R1_M004,0919_1128659127_07_WRI-R2_M004,D:\projects\MediMind\ai-prediction-service\artifacts\fracture_v2\experiment5_localization\dataset\images\train\0919_1128659042_07_WRI-R1_M004.png,D:\projects\MediMind\ai-prediction-service\artifacts\fracture_v2\experiment5_localization\dataset\images\train\0919_1128659127_07_WRI-R2_M004.png,True,True,1,1,1,1,4.4,M,R,wrist,NONE
0919_08_WRI-R,PAT_GRAZ_919,919,GRAZPEDWRI-DX,train,0919_1129871246_08_WRI-R1_M004,0919_1129871292_08_WRI-R2_M004,D:\projects\MediMind\ai-prediction-service\artifacts\fracture_v2\experiment5_localization\dataset\images\train\0919_1129871246_08_WRI-R1_M004.png,D:\projects\MediMind\ai-prediction-service\artifacts\fracture_v2\experiment5_localization\dataset\images\train\0919_1129871292_08_WRI-R2_M004.png,True,True,1,1,1,1,4.4,M,R,wrist,NONE
0920_01_WRI-L,PAT_GRAZ_920,920,GRAZPEDWRI-DX,train,0920_1183180078_01_WRI-L1_F001,0920_1183180123_01_WRI-L2_F001,D:\projects\MediMind\ai-prediction-service\artifacts\fracture_v2\experiment5_localization\dataset\images\train\0920_1183180078_01_WRI-L1_F001.png,D:\projects\MediMind\ai-prediction-service\artifacts\fracture_v2\experiment5_localization\dataset\images\train\0920_1183180123_01_WRI-L2_F001.png,True,True,0,0,0,1,1.8,F,L,wrist,NONE
0921_01_WRI-L,PAT_GRAZ_921,921,GRAZPEDWRI-DX,train,0921_0821006812_01_WRI-L1_F012,0921_0821006843_01_WRI-L2_F012,D:\projects\MediMind\ai-prediction-service\artifacts\fracture_v2\experiment5_localization\dataset\images\train\0921_0821006812_01_WRI-L1_F012.png,D:\projects\MediMind\ai-prediction-service\artifacts\fracture_v2\experiment5_localization\dataset\images\train\0921_0821006843_01_WRI-L2_F012.png,True,True,0,0,0,1,12.1,F,L,wrist,NONE
0922_01_WRI-L,PAT_GRAZ_922,922,GRAZPEDWRI-DX,train,0922_0700092144_01_WRI-L1_M004,0922_0700092162_01_WRI-L2_M004,D:\projects\MediMind\ai-prediction-service\artifacts\fracture_v2\experiment5_localization\dataset\images\train\0922_0700092144_01_WRI-L1_M004.png,D:\projects\MediMind\ai-prediction-service\artifacts\fracture_v2\experiment5_localization\dataset\images\train\0922_0700092162_01_WRI-L2_M004.png,True,True,1,1,1,1,4.6,M,L,wrist,NONE
0923_01_WRI-L,PAT_GRAZ_923,923,GRAZPEDWRI-DX,train,0923_0696047068_01_WRI-L1_F010,0923_0696047090_01_WRI-L2_F010,D:\projects\MediMind\ai-prediction-service\artifacts\fracture_v2\experiment5_localization\dataset\images\train\0923_0696047068_01_WRI-L1_F010.png,D:\projects\MediMind\ai-prediction-service\artifacts\fracture_v2\experiment5_localization\dataset\images\train\0923_0696047090_01_WRI-L2_F010.png,True,True,1,1,1,1,10.9,F,L,wrist,NONE
0923_02_WRI-L,PAT_GRAZ_923,923,GRAZPEDWRI-DX,train,0923_0696644390_02_WRI-L1_F011,0923_0696644440_02_WRI-L2_F011,D:\projects\MediMind\ai-prediction-service\artifacts\fracture_v2\experiment5_localization\dataset\images\train\0923_0696644390_02_WRI-L1_F011.png,D:\projects\MediMind\ai-prediction-service\artifacts\fracture_v2\experiment5_localization\dataset\images\train\0923_0696644440_02_WRI-L2_F011.png,True,True,1,1,1,1,11.0,F,L,wrist,NONE
0924_01_WRI-R,PAT_GRAZ_924,924,GRAZPEDWRI-DX,train,0924_1000264634_01_WRI-R1_F008,0924_1000264670_01_WRI-R2_F008,D:\projects\MediMind\ai-prediction-service\artifacts\fracture_v2\experiment5_localization\dataset\images\train\0924_1000264634_01_WRI-R1_F008.png,D:\projects\MediMind\ai-prediction-service\artifacts\fracture_v2\experiment5_localization\dataset\images\train\0924_1000264670_01_WRI-R2_F008.png,True,True,1,1,1,1,8.7,F,R,wrist,NONE
0924_02_WRI-R,PAT_GRAZ_924,924,GRAZPEDWRI-DX,train,0924_1000731215_02_WRI-R1_F008,0924_1000731285_02_WRI-R2_F008,D:\projects\MediMind\ai-prediction-service\artifacts\fracture_v2\experiment5_localization\dataset\images\train\0924_1000731215_02_WRI-R1_F008.png,D:\projects\MediMind\ai-prediction-service\artifacts\fracture_v2\experiment5_localization\dataset\images\train\0924_1000731285_02_WRI-R2_F008.png,True,True,1,1,1,1,8.7,F,R,wrist,NONE
0924_03_WRI-R,PAT_GRAZ_924,924,GRAZPEDWRI-DX,train,0924_1001942275_03_WRI-R1_F008,0924_1001942350_03_WRI-R2_F008,D:\projects\MediMind\ai-prediction-service\artifacts\fracture_v2\experiment5_localization\dataset\images\train\0924_1001942275_03_WRI-R1_F008.png,D:\projects\MediMind\ai-prediction-service\artifacts\fracture_v2\experiment5_localization\dataset\images\train\0924_1001942350_03_WRI-R2_F008.png,True,True,1,1,1,1,8.7,F,R,wrist,NONE
0925_01_WRI-R,PAT_GRAZ_925,925,GRAZPEDWRI-DX,train,0925_1117087636_01_WRI-R1_M016,0925_1117087675_01_WRI-R2_M016,D:\projects\MediMind\ai-prediction-service\artifacts\fracture_v2\experiment5_localization\dataset\images\train\0925_1117087636_01_WRI-R1_M016.png,D:\projects\MediMind\ai-prediction-service\artifacts\fracture_v2\experiment5_localization\dataset\images\train\0925_1117087675_01_WRI-R2_M016.png,True,True,1,1,1,1,16.0,M,R,wrist,NONE
0928_01_WRI-R,PAT_GRAZ_928,928,GRAZPEDWRI-DX,train,0928_0888340866_01_WRI-R1_F016,0928_0888340894_01_WRI-R2_F016,D:\projects\MediMind\ai-prediction-service\artifacts\fracture_v2\experiment5_localization\dataset\images\train\0928_0888340866_01_WRI-R1_F016.png,D:\projects\MediMind\ai-prediction-service\artifacts\fracture_v2\experiment5_localization\dataset\images\train\0928_0888340894_01_WRI-R2_F016.png,True,True,0,0,0,1,16.3,F,R,wrist,NONE
0929_01_WRI-R,PAT_GRAZ_929,929,GRAZPEDWRI-DX,train,0929_0778433056_01_WRI-R1_M002,0929_0778433111_01_WRI-R2_M002,D:\projects\MediMind\ai-prediction-service\artifacts\fracture_v2\experiment5_localization\dataset\images\train\0929_0778433056_01_WRI-R1_M002.png,D:\projects\MediMind\ai-prediction-service\artifacts\fracture_v2\experiment5_localization\dataset\images\train\0929_0778433111_01_WRI-R2_M002.png,True,True,1,1,1,1,2.9,M,R,wrist,NONE
0931_01_WRI-R,PAT_GRAZ_931,931,GRAZPEDWRI-DX,train,0931_0673000382_01_WRI-R1_F007,0931_0673000430_01_WRI-R2_F007,D:\projects\MediMind\ai-prediction-service\artifacts\fracture_v2\experiment5_localization\dataset\images\train\0931_0673000382_01_WRI-R1_F007.png,D:\projects\MediMind\ai-prediction-service\artifacts\fracture_v2\experiment5_localization\dataset\images\train\0931_0673000430_01_WRI-R2_F007.png,True,True,1,1,1,1,7.9,F,R,wrist,NONE
0931_02_WRI-R,PAT_GRAZ_931,931,GRAZPEDWRI-DX,train,0931_0697795374_02_WRI-R1_F008,0931_0697795390_02_WRI-R2_F008,D:\projects\MediMind\ai-prediction-service\artifacts\fracture_v2\experiment5_localization\dataset\images\train\0931_0697795374_02_WRI-R1_F008.png,D:\projects\MediMind\ai-prediction-service\artifacts\fracture_v2\experiment5_localization\dataset\images\train\0931_0697795390_02_WRI-R2_F008.png,True,True,1,1,1,1,8.7,F,R,wrist,NONE
0933_01_WRI-L,PAT_GRAZ_933,933,GRAZPEDWRI-DX,train,0933_0512599473_01_WRI-L1_M011,0933_0512599533_01_WRI-L2_M011,D:\projects\MediMind\ai-prediction-service\artifacts\fracture_v2\experiment5_localization\dataset\images\train\0933_0512599473_01_WRI-L1_M011.png,D:\projects\MediMind\ai-prediction-service\artifacts\fracture_v2\experiment5_localization\dataset\images\train\0933_0512599533_01_WRI-L2_M011.png,True,True,1,1,1,1,11.1,M,L,wrist,NONE
0933_02_WRI-L,PAT_GRAZ_933,933,GRAZPEDWRI-DX,train,0933_0512603442_02_WRI-L1_M011,0933_0512603513_02_WRI-L2_M011,D:\projects\MediMind\ai-prediction-service\artifacts\fracture_v2\experiment5_localization\dataset\images\train\0933_0512603442_02_WRI-L1_M011.png,D:\projects\MediMind\ai-prediction-service\artifacts\fracture_v2\experiment5_localization\dataset\images\train\0933_0512603513_02_WRI-L2_M011.png,True,True,1,1,1,1,11.1,M,L,wrist,NONE
0933_03_WRI-L,PAT_GRAZ_933,933,GRAZPEDWRI-DX,train,0933_0513350019_03_WRI-L1_M011,0933_0513350095_03_WRI-L2_M011,D:\projects\MediMind\ai-prediction-service\artifacts\fracture_v2\experiment5_localization\dataset\images\train\0933_0513350019_03_WRI-L1_M011.png,D:\projects\MediMind\ai-prediction-service\artifacts\fracture_v2\experiment5_localization\dataset\images\train\0933_0513350095_03_WRI-L2_M011.png,True,True,1,1,1,1,11.2,M,L,wrist,NONE
0933_04_WRI-L,PAT_GRAZ_933,933,GRAZPEDWRI-DX,train,0933_0513961634_04_WRI-L1_M011,0933_0513961672_04_WRI-L2_M011,D:\projects\MediMind\ai-prediction-service\artifacts\fracture_v2\experiment5_localization\dataset\images\train\0933_0513961634_04_WRI-L1_M011.png,D:\projects\MediMind\ai-prediction-service\artifacts\fracture_v2\experiment5_localization\dataset\images\train\0933_0513961672_04_WRI-L2_M011.png,True,True,1,1,1,1,11.2,M,L,wrist,NONE
0934_01_WRI-R,PAT_GRAZ_934,934,GRAZPEDWRI-DX,train,0934_0210876130_01_WRI-R1_M008,0934_0210876164_01_WRI-R2_M008,D:\projects\MediMind\ai-prediction-service\artifacts\fracture_v2\experiment5_localization\dataset\images\train\0934_0210876130_01_WRI-R1_M008.png,D:\projects\MediMind\ai-prediction-service\artifacts\fracture_v2\experiment5_localization\dataset\images\train\0934_0210876164_01_WRI-R2_M008.png,True,True,1,1,1,1,8.8,M,R,wrist,NONE
0934_02_WRI-L,PAT_GRAZ_934,934,GRAZPEDWRI-DX,train,0934_0339089276_02_WRI-L1_M012,0934_0339089291_02_WRI-L2_M012,D:\projects\MediMind\ai-prediction-service\artifacts\fracture_v2\experiment5_localization\dataset\images\train\0934_0339089276_02_WRI-L1_M012.png,D:\projects\MediMind\ai-prediction-service\artifacts\fracture_v2\experiment5_localization\dataset\images\train\0934_0339089291_02_WRI-L2_M012.png,True,True,0,0,0,1,12.9,M,L,wrist,NONE
0936_01_WRI-R,PAT_GRAZ_936,936,GRAZPEDWRI-DX,train,0936_0636235767_01_WRI-R1_M008,0936_0636235825_01_WRI-R2_M008,D:\projects\MediMind\ai-prediction-service\artifacts\fracture_v2\experiment5_localization\dataset\images\train\0936_0636235767_01_WRI-R1_M008.png,D:\projects\MediMind\ai-prediction-service\artifacts\fracture_v2\experiment5_localization\dataset\images\train\0936_0636235825_01_WRI-R2_M008.png,True,True,1,1,1,1,8.2,M,R,wrist,NONE
0936_02_WRI-R,PAT_GRAZ_936,936,GRAZPEDWRI-DX,train,0936_0636564940_02_WRI-R1_M008,0936_0636564982_02_WRI-R2_M008,D:\projects\MediMind\ai-prediction-service\artifacts\fracture_v2\experiment5_localization\dataset\images\train\0936_0636564940_02_WRI-R1_M008.png,D:\projects\MediMind\ai-prediction-service\artifacts\fracture_v2\experiment5_localization\dataset\images\train\0936_0636564982_02_WRI-R2_M008.png,True,True,1,1,1,1,8.2,M,R,wrist,NONE
0936_03_WRI-R,PAT_GRAZ_936,936,GRAZPEDWRI-DX,train,0936_0638208672_03_WRI-R1_M008,0936_0638208714_03_WRI-R2_M008,D:\projects\MediMind\ai-prediction-service\artifacts\fracture_v2\experiment5_localization\dataset\images\train\0936_0638208672_03_WRI-R1_M008.png,D:\projects\MediMind\ai-prediction-service\artifacts\fracture_v2\experiment5_localization\dataset\images\train\0936_0638208714_03_WRI-R2_M008.png,True,True,1,1,1,1,8.3,M,R,wrist,NONE
0936_04_WRI-L,PAT_GRAZ_936,936,GRAZPEDWRI-DX,train,0936_0767215020_04_WRI-L1_M012,0936_0767215047_04_WRI-L2_M012,D:\projects\MediMind\ai-prediction-service\artifacts\fracture_v2\experiment5_localization\dataset\images\train\0936_0767215020_04_WRI-L1_M012.png,D:\projects\MediMind\ai-prediction-service\artifacts\fracture_v2\experiment5_localization\dataset\images\train\0936_0767215047_04_WRI-L2_M012.png,True,True,0,1,1,0,12.4,M,L,wrist,NONE
0937_01_WRI-R,PAT_GRAZ_937,937,GRAZPEDWRI-DX,train,0937_1154392122_01_WRI-R1_M013,0937_1154392198_01_WRI-R2_M013,D:\projects\MediMind\ai-prediction-service\artifacts\fracture_v2\experiment5_localization\dataset\images\train\0937_1154392122_01_WRI-R1_M013.png,D:\projects\MediMind\ai-prediction-service\artifacts\fracture_v2\experiment5_localization\dataset\images\train\0937_1154392198_01_WRI-R2_M013.png,True,True,0,0,0,1,13.0,M,R,wrist,NONE
0939_01_WRI-R,PAT_GRAZ_939,939,GRAZPEDWRI-DX,train,0939_0657799273_01_WRI-R1_F001,0939_0657799315_01_WRI-R2_F001,D:\projects\MediMind\ai-prediction-service\artifacts\fracture_v2\experiment5_localization\dataset\images\train\0939_0657799273_01_WRI-R1_F001.png,D:\projects\MediMind\ai-prediction-service\artifacts\fracture_v2\experiment5_localization\dataset\images\train\0939_0657799315_01_WRI-R2_F001.png,True,True,0,0,0,1,1.5,F,R,wrist,NONE
0940_01_WRI-R,PAT_GRAZ_940,940,GRAZPEDWRI-DX,train,0940_0962670626_01_WRI-R1_F008,0940_0962670675_01_WRI-R2_F008,D:\projects\MediMind\ai-prediction-service\artifacts\fracture_v2\experiment5_localization\dataset\images\train\0940_0962670626_01_WRI-R1_F008.png,D:\projects\MediMind\ai-prediction-service\artifacts\fracture_v2\experiment5_localization\dataset\images\train\0940_0962670675_01_WRI-R2_F008.png,True,True,0,0,0,1,8.1,F,R,wrist,NONE
0940_02_WRI-L,PAT_GRAZ_940,940,GRAZPEDWRI-DX,train,0940_1043726383_02_WRI-L1_F010,0940_1043726424_02_WRI-L2_F010,D:\projects\MediMind\ai-prediction-service\artifacts\fracture_v2\experiment5_localization\dataset\images\train\0940_1043726383_02_WRI-L1_F010.png,D:\projects\MediMind\ai-prediction-service\artifacts\fracture_v2\experiment5_localization\dataset\images\train\0940_1043726424_02_WRI-L2_F010.png,True,True,0,0,0,1,10.7,F,L,wrist,NONE
0943_01_WRI-L,PAT_GRAZ_943,943,GRAZPEDWRI-DX,train,0943_0495535496_01_WRI-L1_F009,0943_0495535517_01_WRI-L2_F009,D:\projects\MediMind\ai-prediction-service\artifacts\fracture_v2\experiment5_localization\dataset\images\train\0943_0495535496_01_WRI-L1_F009.png,D:\projects\MediMind\ai-prediction-service\artifacts\fracture_v2\experiment5_localization\dataset\images\train\0943_0495535517_01_WRI-L2_F009.png,True,True,1,1,1,1,9.4,F,L,wrist,NONE
0944_01_WRI-R,PAT_GRAZ_944,944,GRAZPEDWRI-DX,train,0944_1211987624_01_WRI-R1_M012,0944_1211987656_01_WRI-R2_M012,D:\projects\MediMind\ai-prediction-service\artifacts\fracture_v2\experiment5_localization\dataset\images\train\0944_1211987624_01_WRI-R1_M012.png,D:\projects\MediMind\ai-prediction-service\artifacts\fracture_v2\experiment5_localization\dataset\images\train\0944_1211987656_01_WRI-R2_M012.png,True,True,1,1,1,1,12.0,M,R,wrist,NONE
0947_01_WRI-L,PAT_GRAZ_947,947,GRAZPEDWRI-DX,train,0947_0443862045_01_WRI-L1_M006,0947_0443862109_01_WRI-L2_M006,D:\projects\MediMind\ai-prediction-service\artifacts\fracture_v2\experiment5_localization\dataset\images\train\0947_0443862045_01_WRI-L1_M006.png,D:\projects\MediMind\ai-prediction-service\artifacts\fracture_v2\experiment5_localization\dataset\images\train\0947_0443862109_01_WRI-L2_M006.png,True,True,1,1,1,1,6.4,M,L,wrist,NONE
0947_02_WRI-L,PAT_GRAZ_947,947,GRAZPEDWRI-DX,train,0947_0444368585_02_WRI-L1_M006,0947_0444368648_02_WRI-L2_M006,D:\projects\MediMind\ai-prediction-service\artifacts\fracture_v2\experiment5_localization\dataset\images\train\0947_0444368585_02_WRI-L1_M006.png,D:\projects\MediMind\ai-prediction-service\artifacts\fracture_v2\experiment5_localization\dataset\images\train\0947_0444368648_02_WRI-L2_M006.png,True,True,1,1,1,1,6.4,M,L,wrist,NONE
0950_01_WRI-R,PAT_GRAZ_950,950,GRAZPEDWRI-DX,train,0950_0793346712_01_WRI-R1_F012,0950_0793346757_01_WRI-R2_F012,D:\projects\MediMind\ai-prediction-service\artifacts\fracture_v2\experiment5_localization\dataset\images\train\0950_0793346712_01_WRI-R1_F012.png,D:\projects\MediMind\ai-prediction-service\artifacts\fracture_v2\experiment5_localization\dataset\images\train\0950_0793346757_01_WRI-R2_F012.png,True,True,0,0,0,1,12.5,F,R,wrist,NONE
0951_01_WRI-L,PAT_GRAZ_951,951,GRAZPEDWRI-DX,train,0951_1170877295_01_WRI-L1_F012,0951_1170877412_01_WRI-L2_F012,D:\projects\MediMind\ai-prediction-service\artifacts\fracture_v2\experiment5_localization\dataset\images\train\0951_1170877295_01_WRI-L1_F012.png,D:\projects\MediMind\ai-prediction-service\artifacts\fracture_v2\experiment5_localization\dataset\images\train\0951_1170877412_01_WRI-L2_F012.png,True,True,0,1,1,0,12.4,F,L,wrist,NONE
0951_02_WRI-L,PAT_GRAZ_951,951,GRAZPEDWRI-DX,train,0951_1171404178_02_WRI-L1_F012,0951_1171404232_02_WRI-L2_F012,D:\projects\MediMind\ai-prediction-service\artifacts\fracture_v2\experiment5_localization\dataset\images\train\0951_1171404178_02_WRI-L1_F012.png,D:\projects\MediMind\ai-prediction-service\artifacts\fracture_v2\experiment5_localization\dataset\images\train\0951_1171404232_02_WRI-L2_F012.png,True,True,0,1,1,0,12.4,F,L,wrist,NONE
0951_03_WRI-L,PAT_GRAZ_951,951,GRAZPEDWRI-DX,train,0951_1172000112_03_WRI-L1_F012,0951_1172000193_03_WRI-L2_F012,D:\projects\MediMind\ai-prediction-service\artifacts\fracture_v2\experiment5_localization\dataset\images\train\0951_1172000112_03_WRI-L1_F012.png,D:\projects\MediMind\ai-prediction-service\artifacts\fracture_v2\experiment5_localization\dataset\images\train\0951_1172000193_03_WRI-L2_F012.png,True,True,0,1,1,0,12.4,F,L,wrist,NONE
0952_01_WRI-L,PAT_GRAZ_952,952,GRAZPEDWRI-DX,train,0952_0865927035_01_WRI-L1_F008,0952_0865927077_01_WRI-L2_F008,D:\projects\MediMind\ai-prediction-service\artifacts\fracture_v2\experiment5_localization\dataset\images\train\0952_0865927035_01_WRI-L1_F008.png,D:\projects\MediMind\ai-prediction-service\artifacts\fracture_v2\experiment5_localization\dataset\images\train\0952_0865927077_01_WRI-L2_F008.png,True,True,1,1,1,1,8.2,F,L,wrist,NONE
0953_01_WRI-L,PAT_GRAZ_953,953,GRAZPEDWRI-DX,train,0953_1065712516_01_WRI-L1_F005,0953_1065712598_01_WRI-L2_F005,D:\projects\MediMind\ai-prediction-service\artifacts\fracture_v2\experiment5_localization\dataset\images\train\0953_1065712516_01_WRI-L1_F005.png,D:\projects\MediMind\ai-prediction-service\artifacts\fracture_v2\experiment5_localization\dataset\images\train\0953_1065712598_01_WRI-L2_F005.png,True,True,1,1,1,1,5.9,F,L,wrist,NONE
0954_01_WRI-L,PAT_GRAZ_954,954,GRAZPEDWRI-DX,train,0954_0960183714_01_WRI-L1_F011,0954_0960183747_01_WRI-L2_F011,D:\projects\MediMind\ai-prediction-service\artifacts\fracture_v2\experiment5_localization\dataset\images\train\0954_0960183714_01_WRI-L1_F011.png,D:\projects\MediMind\ai-prediction-service\artifacts\fracture_v2\experiment5_localization\dataset\images\train\0954_0960183747_01_WRI-L2_F011.png,True,True,1,1,1,1,11.1,F,L,wrist,NONE
0954_02_WRI-L,PAT_GRAZ_954,954,GRAZPEDWRI-DX,train,0954_0962134209_02_WRI-L1_F011,0954_0962134228_02_WRI-L2_F011,D:\projects\MediMind\ai-prediction-service\artifacts\fracture_v2\experiment5_localization\dataset\images\train\0954_0962134209_02_WRI-L1_F011.png,D:\projects\MediMind\ai-prediction-service\artifacts\fracture_v2\experiment5_localization\dataset\images\train\0954_0962134228_02_WRI-L2_F011.png,True,True,1,1,1,1,11.2,F,L,wrist,NONE
0957_03_WRI-L,PAT_GRAZ_957,957,GRAZPEDWRI-DX,train,0957_0257828910_03_WRI-L1_M005,0957_0257828956_03_WRI-L2_M005,D:\projects\MediMind\ai-prediction-service\artifacts\fracture_v2\experiment5_localization\dataset\images\train\0957_0257828910_03_WRI-L1_M005.png,D:\projects\MediMind\ai-prediction-service\artifacts\fracture_v2\experiment5_localization\dataset\images\train\0957_0257828956_03_WRI-L2_M005.png,True,True,1,1,1,1,5.9,M,L,wrist,NONE
0960_01_WRI-L,PAT_GRAZ_960,960,GRAZPEDWRI-DX,train,0960_0367989890_01_WRI-L1_M012,0960_0367989915_01_WRI-L2_M012,D:\projects\MediMind\ai-prediction-service\artifacts\fracture_v2\experiment5_localization\dataset\images\train\0960_0367989890_01_WRI-L1_M012.png,D:\projects\MediMind\ai-prediction-service\artifacts\fracture_v2\experiment5_localization\dataset\images\train\0960_0367989915_01_WRI-L2_M012.png,True,True,0,1,1,0,12.3,M,L,wrist,NONE
0961_01_WRI-L,PAT_GRAZ_961,961,GRAZPEDWRI-DX,train,0961_0648749664_01_WRI-L1_M006,0961_0648749791_01_WRI-L2_M006,D:\projects\MediMind\ai-prediction-service\artifacts\fracture_v2\experiment5_localization\dataset\images\train\0961_0648749664_01_WRI-L1_M006.png,D:\projects\MediMind\ai-prediction-service\artifacts\fracture_v2\experiment5_localization\dataset\images\train\0961_0648749791_01_WRI-L2_M006.png,True,True,0,0,0,1,6.0,M,L,wrist,NONE
0962_01_WRI-L,PAT_GRAZ_962,962,GRAZPEDWRI-DX,train,0962_0548544657_01_WRI-L1_M010,0962_0548544682_01_WRI-L2_M010,D:\projects\MediMind\ai-prediction-service\artifacts\fracture_v2\experiment5_localization\dataset\images\train\0962_0548544657_01_WRI-L1_M010.png,D:\projects\MediMind\ai-prediction-service\artifacts\fracture_v2\experiment5_localization\dataset\images\train\0962_0548544682_01_WRI-L2_M010.png,True,True,1,1,1,1,10.1,M,L,wrist,NONE
0963_01_WRI-L,PAT_GRAZ_963,963,GRAZPEDWRI-DX,train,0963_0580452649_01_WRI-L1_M013,0963_0580452687_01_WRI-L2_M013,D:\projects\MediMind\ai-prediction-service\artifacts\fracture_v2\experiment5_localization\dataset\images\train\0963_0580452649_01_WRI-L1_M013.png,D:\projects\MediMind\ai-prediction-service\artifacts\fracture_v2\experiment5_localization\dataset\images\train\0963_0580452687_01_WRI-L2_M013.png,True,True,0,0,0,1,13.6,M,L,wrist,NONE
0965_01_WRI-L,PAT_GRAZ_965,965,GRAZPEDWRI-DX,train,0965_1044025862_01_WRI-L1_F010,0965_1044025903_01_WRI-L2_F010,D:\projects\MediMind\ai-prediction-service\artifacts\fracture_v2\experiment5_localization\dataset\images\train\0965_1044025862_01_WRI-L1_F010.png,D:\projects\MediMind\ai-prediction-service\artifacts\fracture_v2\experiment5_localization\dataset\images\train\0965_1044025903_01_WRI-L2_F010.png,True,True,0,0,0,1,10.1,F,L,wrist,NONE
0966_01_WRI-R,PAT_GRAZ_966,966,GRAZPEDWRI-DX,train,0966_0539868472_01_WRI-R1_F015,0966_0539868588_01_WRI-R2_F015,D:\projects\MediMind\ai-prediction-service\artifacts\fracture_v2\experiment5_localization\dataset\images\train\0966_0539868472_01_WRI-R1_F015.png,D:\projects\MediMind\ai-prediction-service\artifacts\fracture_v2\experiment5_localization\dataset\images\train\0966_0539868588_01_WRI-R2_F015.png,True,True,1,1,1,1,15.1,F,R,wrist,NONE
0967_01_WRI-R,PAT_GRAZ_967,967,GRAZPEDWRI-DX,train,0967_0733239785_01_WRI-R1_M011,0967_0733239824_01_WRI-R2_M011,D:\projects\MediMind\ai-prediction-service\artifacts\fracture_v2\experiment5_localization\dataset\images\train\0967_0733239785_01_WRI-R1_M011.png,D:\projects\MediMind\ai-prediction-service\artifacts\fracture_v2\experiment5_localization\dataset\images\train\0967_0733239824_01_WRI-R2_M011.png,True,True,1,1,1,1,11.2,M,R,wrist,NONE
0968_01_WRI-L,PAT_GRAZ_968,968,GRAZPEDWRI-DX,train,0968_0820090676_01_WRI-L1_F012,0968_0820090695_01_WRI-L2_F012,D:\projects\MediMind\ai-prediction-service\artifacts\fracture_v2\experiment5_localization\dataset\images\train\0968_0820090676_01_WRI-L1_F012.png,D:\projects\MediMind\ai-prediction-service\artifacts\fracture_v2\experiment5_localization\dataset\images\train\0968_0820090695_01_WRI-L2_F012.png,True,True,0,0,0,1,12.8,F,L,wrist,NONE
0970_01_WRI-L,PAT_GRAZ_970,970,GRAZPEDWRI-DX,train,0970_0826440136_01_WRI-L1_M008,0970_0826440176_01_WRI-L2_M008,D:\projects\MediMind\ai-prediction-service\artifacts\fracture_v2\experiment5_localization\dataset\images\train\0970_0826440136_01_WRI-L1_M008.png,D:\projects\MediMind\ai-prediction-service\artifacts\fracture_v2\experiment5_localization\dataset\images\train\0970_0826440176_01_WRI-L2_M008.png,True,True,0,0,0,1,8.6,M,L,wrist,NONE
0971_01_WRI-R,PAT_GRAZ_971,971,GRAZPEDWRI-DX,train,0971_0555436491_01_WRI-R1_F009,0971_0555436527_01_WRI-R2_F009,D:\projects\MediMind\ai-prediction-service\artifacts\fracture_v2\experiment5_localization\dataset\images\train\0971_0555436491_01_WRI-R1_F009.png,D:\projects\MediMind\ai-prediction-service\artifacts\fracture_v2\experiment5_localization\dataset\images\train\0971_0555436527_01_WRI-R2_F009.png,True,True,0,0,0,1,9.7,F,R,wrist,NONE
0973_01_WRI-L,PAT_GRAZ_973,973,GRAZPEDWRI-DX,train,0973_1238046070_01_WRI-L1_F010,0973_1238046101_01_WRI-L2_F010,D:\projects\MediMind\ai-prediction-service\artifacts\fracture_v2\experiment5_localization\dataset\images\train\0973_1238046070_01_WRI-L1_F010.png,D:\projects\MediMind\ai-prediction-service\artifacts\fracture_v2\experiment5_localization\dataset\images\train\0973_1238046101_01_WRI-L2_F010.png,True,True,0,0,0,1,10.3,F,L,wrist,NONE
0974_01_WRI-L,PAT_GRAZ_974,974,GRAZPEDWRI-DX,train,0974_0518697863_01_WRI-L1_F007,0974_0518697884_01_WRI-L2_F007,D:\projects\MediMind\ai-prediction-service\artifacts\fracture_v2\experiment5_localization\dataset\images\train\0974_0518697863_01_WRI-L1_F007.png,D:\projects\MediMind\ai-prediction-service\artifacts\fracture_v2\experiment5_localization\dataset\images\train\0974_0518697884_01_WRI-L2_F007.png,True,True,1,1,1,1,7.0,F,L,wrist,NONE
0974_02_WRI-R,PAT_GRAZ_974,974,GRAZPEDWRI-DX,train,0974_0653145026_02_WRI-R1_F011,0974_0653145066_02_WRI-R2_F011,D:\projects\MediMind\ai-prediction-service\artifacts\fracture_v2\experiment5_localization\dataset\images\train\0974_0653145026_02_WRI-R1_F011.png,D:\projects\MediMind\ai-prediction-service\artifacts\fracture_v2\experiment5_localization\dataset\images\train\0974_0653145066_02_WRI-R2_F011.png,True,True,0,0,0,1,11.3,F,R,wrist,NONE
0975_01_WRI-R,PAT_GRAZ_975,975,GRAZPEDWRI-DX,train,0975_0548006022_01_WRI-R1_M014,0975_0548006053_01_WRI-R2_M014,D:\projects\MediMind\ai-prediction-service\artifacts\fracture_v2\experiment5_localization\dataset\images\train\0975_0548006022_01_WRI-R1_M014.png,D:\projects\MediMind\ai-prediction-service\artifacts\fracture_v2\experiment5_localization\dataset\images\train\0975_0548006053_01_WRI-R2_M014.png,True,True,0,0,0,1,14.4,M,R,wrist,NONE
0976_01_WRI-L,PAT_GRAZ_976,976,GRAZPEDWRI-DX,train,0976_0525564357_01_WRI-L1_M010,0976_0525564402_01_WRI-L2_M010,D:\projects\MediMind\ai-prediction-service\artifacts\fracture_v2\experiment5_localization\dataset\images\train\0976_0525564357_01_WRI-L1_M010.png,D:\projects\MediMind\ai-prediction-service\artifacts\fracture_v2\experiment5_localization\dataset\images\train\0976_0525564402_01_WRI-L2_M010.png,True,True,1,1,1,1,10.7,M,L,wrist,NONE
0977_01_WRI-R,PAT_GRAZ_977,977,GRAZPEDWRI-DX,train,0977_0687920858_01_WRI-R1_M016,0977_0687920962_01_WRI-R2_M016,D:\projects\MediMind\ai-prediction-service\artifacts\fracture_v2\experiment5_localization\dataset\images\train\0977_0687920858_01_WRI-R1_M016.png,D:\projects\MediMind\ai-prediction-service\artifacts\fracture_v2\experiment5_localization\dataset\images\train\0977_0687920962_01_WRI-R2_M016.png,True,True,0,0,0,1,16.3,M,R,wrist,NONE
0978_01_WRI-L,PAT_GRAZ_978,978,GRAZPEDWRI-DX,train,0978_0630238295_01_WRI-L1_M010,0978_0630238327_01_WRI-L2_M010,D:\projects\MediMind\ai-prediction-service\artifacts\fracture_v2\experiment5_localization\dataset\images\train\0978_0630238295_01_WRI-L1_M010.png,D:\projects\MediMind\ai-prediction-service\artifacts\fracture_v2\experiment5_localization\dataset\images\train\0978_0630238327_01_WRI-L2_M010.png,True,True,1,1,1,1,10.7,M,L,wrist,NONE
0979_01_WRI-L,PAT_GRAZ_979,979,GRAZPEDWRI-DX,train,0979_0438007840_01_WRI-L1_M013,0979_0438007900_01_WRI-L2_M013,D:\projects\MediMind\ai-prediction-service\artifacts\fracture_v2\experiment5_localization\dataset\images\train\0979_0438007840_01_WRI-L1_M013.png,D:\projects\MediMind\ai-prediction-service\artifacts\fracture_v2\experiment5_localization\dataset\images\train\0979_0438007900_01_WRI-L2_M013.png,True,True,1,1,1,1,13.9,M,L,wrist,NONE
0980_01_WRI-L,PAT_GRAZ_980,980,GRAZPEDWRI-DX,train,0980_0964656043_01_WRI-L1_M015,0980_0964656056_01_WRI-L2_M015,D:\projects\MediMind\ai-prediction-service\artifacts\fracture_v2\experiment5_localization\dataset\images\train\0980_0964656043_01_WRI-L1_M015.png,D:\projects\MediMind\ai-prediction-service\artifacts\fracture_v2\experiment5_localization\dataset\images\train\0980_0964656056_01_WRI-L2_M015.png,True,True,0,0,0,1,15.2,M,L,wrist,NONE
0981_01_WRI-R,PAT_GRAZ_981,981,GRAZPEDWRI-DX,train,0981_0558755134_01_WRI-R1_M011,0981_0558755167_01_WRI-R2_M011,D:\projects\MediMind\ai-prediction-service\artifacts\fracture_v2\experiment5_localization\dataset\images\train\0981_0558755134_01_WRI-R1_M011.png,D:\projects\MediMind\ai-prediction-service\artifacts\fracture_v2\experiment5_localization\dataset\images\train\0981_0558755167_01_WRI-R2_M011.png,True,True,1,1,1,1,11.3,M,R,wrist,NONE
0982_01_WRI-L,PAT_GRAZ_982,982,GRAZPEDWRI-DX,train,0982_0515977225_01_WRI-L1_M011,0982_0515977259_01_WRI-L2_M011,D:\projects\MediMind\ai-prediction-service\artifacts\fracture_v2\experiment5_localization\dataset\images\train\0982_0515977225_01_WRI-L1_M011.png,D:\projects\MediMind\ai-prediction-service\artifacts\fracture_v2\experiment5_localization\dataset\images\train\0982_0515977259_01_WRI-L2_M011.png,True,True,0,0,0,1,11.1,M,L,wrist,NONE
0983_01_WRI-L,PAT_GRAZ_983,983,GRAZPEDWRI-DX,train,0983_0683346809_01_WRI-L1_M017,0983_0683346845_01_WRI-L2_M017,D:\projects\MediMind\ai-prediction-service\artifacts\fracture_v2\experiment5_localization\dataset\images\train\0983_0683346809_01_WRI-L1_M017.png,D:\projects\MediMind\ai-prediction-service\artifacts\fracture_v2\experiment5_localization\dataset\images\train\0983_0683346845_01_WRI-L2_M017.png,True,True,0,0,0,1,17.5,M,L,wrist,NONE
0985_01_WRI-R,PAT_GRAZ_985,985,GRAZPEDWRI-DX,train,0985_1102314559_01_WRI-R1_M012,0985_1102314601_01_WRI-R2_M012,D:\projects\MediMind\ai-prediction-service\artifacts\fracture_v2\experiment5_localization\dataset\images\train\0985_1102314559_01_WRI-R1_M012.png,D:\projects\MediMind\ai-prediction-service\artifacts\fracture_v2\experiment5_localization\dataset\images\train\0985_1102314601_01_WRI-R2_M012.png,True,True,0,0,0,1,12.8,M,R,wrist,NONE
0987_01_WRI-R,PAT_GRAZ_987,987,GRAZPEDWRI-DX,train,0987_0570184379_01_WRI-R1_M017,0987_0570184435_01_WRI-R2_M017,D:\projects\MediMind\ai-prediction-service\artifacts\fracture_v2\experiment5_localization\dataset\images\train\0987_0570184379_01_WRI-R1_M017.png,D:\projects\MediMind\ai-prediction-service\artifacts\fracture_v2\experiment5_localization\dataset\images\train\0987_0570184435_01_WRI-R2_M017.png,True,True,0,0,0,1,17.9,M,R,wrist,NONE
0988_01_WRI-R,PAT_GRAZ_988,988,GRAZPEDWRI-DX,train,0988_1058579681_01_WRI-R1_F011,0988_1058579713_01_WRI-R2_F011,D:\projects\MediMind\ai-prediction-service\artifacts\fracture_v2\experiment5_localization\dataset\images\train\0988_1058579681_01_WRI-R1_F011.png,D:\projects\MediMind\ai-prediction-service\artifacts\fracture_v2\experiment5_localization\dataset\images\train\0988_1058579713_01_WRI-R2_F011.png,True,True,0,0,0,1,11.0,F,R,wrist,NONE
0990_01_WRI-L,PAT_GRAZ_990,990,GRAZPEDWRI-DX,train,0990_1052129817_01_WRI-L1_M016,0990_1052129866_01_WRI-L2_M016,D:\projects\MediMind\ai-prediction-service\artifacts\fracture_v2\experiment5_localization\dataset\images\train\0990_1052129817_01_WRI-L1_M016.png,D:\projects\MediMind\ai-prediction-service\artifacts\fracture_v2\experiment5_localization\dataset\images\train\0990_1052129866_01_WRI-L2_M016.png,True,True,0,1,1,0,16.5,M,L,wrist,NONE
0994_01_WRI-L,PAT_GRAZ_994,994,GRAZPEDWRI-DX,train,0994_0360770087_01_WRI-L1_F009,0994_0360770121_01_WRI-L2_F009,D:\projects\MediMind\ai-prediction-service\artifacts\fracture_v2\experiment5_localization\dataset\images\train\0994_0360770087_01_WRI-L1_F009.png,D:\projects\MediMind\ai-prediction-service\artifacts\fracture_v2\experiment5_localization\dataset\images\train\0994_0360770121_01_WRI-L2_F009.png,True,True,1,1,1,1,9.9,F,L,wrist,NONE
0995_01_WRI-R,PAT_GRAZ_995,995,GRAZPEDWRI-DX,train,0995_0399312598_01_WRI-R1_F009,0995_0399312644_01_WRI-R2_F009,D:\projects\MediMind\ai-prediction-service\artifacts\fracture_v2\experiment5_localization\dataset\images\train\0995_0399312598_01_WRI-R1_F009.png,D:\projects\MediMind\ai-prediction-service\artifacts\fracture_v2\experiment5_localization\dataset\images\train\0995_0399312644_01_WRI-R2_F009.png,True,True,0,0,0,1,9.2,F,R,wrist,NONE
0996_01_WRI-L,PAT_GRAZ_996,996,GRAZPEDWRI-DX,train,0996_1197404017_01_WRI-L1_M010,0996_1197404048_01_WRI-L2_M010,D:\projects\MediMind\ai-prediction-service\artifacts\fracture_v2\experiment5_localization\dataset\images\train\0996_1197404017_01_WRI-L1_M010.png,D:\projects\MediMind\ai-prediction-service\artifacts\fracture_v2\experiment5_localization\dataset\images\train\0996_1197404048_01_WRI-L2_M010.png,True,True,0,0,0,1,10.6,M,L,wrist,NONE
0997_01_WRI-L,PAT_GRAZ_997,997,GRAZPEDWRI-DX,train,0997_1138069605_01_WRI-L1_M005,0997_1138069665_01_WRI-L2_M005,D:\projects\MediMind\ai-prediction-service\artifacts\fracture_v2\experiment5_localization\dataset\images\train\0997_1138069605_01_WRI-L1_M005.png,D:\projects\MediMind\ai-prediction-service\artifacts\fracture_v2\experiment5_localization\dataset\images\train\0997_1138069665_01_WRI-L2_M005.png,True,True,1,1,1,1,5.2,M,L,wrist,NONE
0998_01_WRI-R,PAT_GRAZ_998,998,GRAZPEDWRI-DX,train,0998_0349819720_01_WRI-R1_F007,0998_0349819779_01_WRI-R2_F007,D:\projects\MediMind\ai-prediction-service\artifacts\fracture_v2\experiment5_localization\dataset\images\train\0998_0349819720_01_WRI-R1_F007.png,D:\projects\MediMind\ai-prediction-service\artifacts\fracture_v2\experiment5_localization\dataset\images\train\0998_0349819779_01_WRI-R2_F007.png,True,True,1,1,1,1,7.8,F,R,wrist,NONE
0998_02_WRI-R,PAT_GRAZ_998,998,GRAZPEDWRI-DX,train,0998_0350673465_02_WRI-R1_F007,0998_0350673586_02_WRI-R2_F007,D:\projects\MediMind\ai-prediction-service\artifacts\fracture_v2\experiment5_localization\dataset\images\train\0998_0350673465_02_WRI-R1_F007.png,D:\projects\MediMind\ai-prediction-service\artifacts\fracture_v2\experiment5_localization\dataset\images\train\0998_0350673586_02_WRI-R2_F007.png,True,True,1,1,1,1,7.8,F,R,wrist,NONE
1000_01_WRI-R,PAT_GRAZ_1000,1000,GRAZPEDWRI-DX,train,1000_0733316642_01_WRI-R1_M004,1000_0733316717_01_WRI-R2_M004,D:\projects\MediMind\ai-prediction-service\artifacts\fracture_v2\experiment5_localization\dataset\images\train\1000_0733316642_01_WRI-R1_M004.png,D:\projects\MediMind\ai-prediction-service\artifacts\fracture_v2\experiment5_localization\dataset\images\train\1000_0733316717_01_WRI-R2_M004.png,True,True,0,0,0,1,4.4,M,R,wrist,NONE
1001_01_WRI-L,PAT_GRAZ_1001,1001,GRAZPEDWRI-DX,train,1001_0594830016_01_WRI-L1_M009,1001_0594830038_01_WRI-L2_M009,D:\projects\MediMind\ai-prediction-service\artifacts\fracture_v2\experiment5_localization\dataset\images\train\1001_0594830016_01_WRI-L1_M009.png,D:\projects\MediMind\ai-prediction-service\artifacts\fracture_v2\experiment5_localization\dataset\images\train\1001_0594830038_01_WRI-L2_M009.png,True,True,0,0,0,1,9.0,M,L,wrist,NONE
1002_01_WRI-R,PAT_GRAZ_1002,1002,GRAZPEDWRI-DX,train,1002_0301265027_01_WRI-R1_M008,1002_0301265128_01_WRI-R2_M008,D:\projects\MediMind\ai-prediction-service\artifacts\fracture_v2\experiment5_localization\dataset\images\train\1002_0301265027_01_WRI-R1_M008.png,D:\projects\MediMind\ai-prediction-service\artifacts\fracture_v2\experiment5_localization\dataset\images\train\1002_0301265128_01_WRI-R2_M008.png,True,True,1,1,1,1,8.2,M,R,wrist,NONE
1003_01_WRI-R,PAT_GRAZ_1003,1003,GRAZPEDWRI-DX,train,1003_0408953722_01_WRI-R1_M011,1003_0408953756_01_WRI-R2_M011,D:\projects\MediMind\ai-prediction-service\artifacts\fracture_v2\experiment5_localization\dataset\images\train\1003_0408953722_01_WRI-R1_M011.png,D:\projects\MediMind\ai-prediction-service\artifacts\fracture_v2\experiment5_localization\dataset\images\train\1003_0408953756_01_WRI-R2_M011.png,True,True,0,1,1,0,11.0,M,R,wrist,NONE
1004_01_WRI-L,PAT_GRAZ_1004,1004,GRAZPEDWRI-DX,train,1004_0490488422_01_WRI-L1_F012,1004_0490488445_01_WRI-L2_F012,D:\projects\MediMind\ai-prediction-service\artifacts\fracture_v2\experiment5_localization\dataset\images\train\1004_0490488422_01_WRI-L1_F012.png,D:\projects\MediMind\ai-prediction-service\artifacts\fracture_v2\experiment5_localization\dataset\images\train\1004_0490488445_01_WRI-L2_F012.png,True,True,1,1,1,1,12.0,F,L,wrist,NONE
1005_01_WRI-R,PAT_GRAZ_1005,1005,GRAZPEDWRI-DX,train,1005_0369572322_01_WRI-R1_F007,1005_0369572403_01_WRI-R2_F007,D:\projects\MediMind\ai-prediction-service\artifacts\fracture_v2\experiment5_localization\dataset\images\train\1005_0369572322_01_WRI-R1_F007.png,D:\projects\MediMind\ai-prediction-service\artifacts\fracture_v2\experiment5_localization\dataset\images\train\1005_0369572403_01_WRI-R2_F007.png,True,True,0,0,0,1,7.3,F,R,wrist,NONE
1006_01_WRI-L,PAT_GRAZ_1006,1006,GRAZPEDWRI-DX,train,1006_0840174696_01_WRI-L1_M006,1006_0840174727_01_WRI-L2_M006,D:\projects\MediMind\ai-prediction-service\artifacts\fracture_v2\experiment5_localization\dataset\images\train\1006_0840174696_01_WRI-L1_M006.png,D:\projects\MediMind\ai-prediction-service\artifacts\fracture_v2\experiment5_localization\dataset\images\train\1006_0840174727_01_WRI-L2_M006.png,True,True,0,1,1,0,6.9,M,L,wrist,NONE
1008_01_WRI-R,PAT_GRAZ_1008,1008,GRAZPEDWRI-DX,train,1008_0339743512_01_WRI-R1_F012,1008_0339743540_01_WRI-R2_F012,D:\projects\MediMind\ai-prediction-service\artifacts\fracture_v2\experiment5_localization\dataset\images\train\1008_0339743512_01_WRI-R1_F012.png,D:\projects\MediMind\ai-prediction-service\artifacts\fracture_v2\experiment5_localization\dataset\images\train\1008_0339743540_01_WRI-R2_F012.png,True,True,0,0,0,1,12.3,F,R,wrist,NONE
1009_01_WRI-R,PAT_GRAZ_1009,1009,GRAZPEDWRI-DX,train,1009_1044044173_01_WRI-R1_M013,1009_1044044123_01_WRI-R2_M013,D:\projects\MediMind\ai-prediction-service\artifacts\fracture_v2\experiment5_localization\dataset\images\train\1009_1044044173_01_WRI-R1_M013.png,D:\projects\MediMind\ai-prediction-service\artifacts\fracture_v2\experiment5_localization\dataset\images\train\1009_1044044123_01_WRI-R2_M013.png,True,True,1,1,1,1,13.3,M,R,wrist,NONE
1009_02_WRI-R,PAT_GRAZ_1009,1009,GRAZPEDWRI-DX,train,1009_1044543303_02_WRI-R1_M013,1009_1044543393_02_WRI-R2_M013,D:\projects\MediMind\ai-prediction-service\artifacts\fracture_v2\experiment5_localization\dataset\images\train\1009_1044543303_02_WRI-R1_M013.png,D:\projects\MediMind\ai-prediction-service\artifacts\fracture_v2\experiment5_localization\dataset\images\train\1009_1044543393_02_WRI-R2_M013.png,True,True,1,1,1,1,13.3,M,R,wrist,NONE
1009_03_WRI-R,PAT_GRAZ_1009,1009,GRAZPEDWRI-DX,train,1009_1044547258_03_WRI-R1_M013,1009_1044547343_03_WRI-R2_M013,D:\projects\MediMind\ai-prediction-service\artifacts\fracture_v2\experiment5_localization\dataset\images\train\1009_1044547258_03_WRI-R1_M013.png,D:\projects\MediMind\ai-prediction-service\artifacts\fracture_v2\experiment5_localization\dataset\images\train\1009_1044547343_03_WRI-R2_M013.png,True,True,1,1,1,1,13.3,M,R,wrist,NONE
1009_04_WRI-R,PAT_GRAZ_1009,1009,GRAZPEDWRI-DX,train,1009_1045147842_04_WRI-R1_M013,1009_1045147893_04_WRI-R2_M013,D:\projects\MediMind\ai-prediction-service\artifacts\fracture_v2\experiment5_localization\dataset\images\train\1009_1045147842_04_WRI-R1_M013.png,D:\projects\MediMind\ai-prediction-service\artifacts\fracture_v2\experiment5_localization\dataset\images\train\1009_1045147893_04_WRI-R2_M013.png,True,True,1,1,1,1,13.3,M,R,wrist,NONE
1009_05_WRI-R,PAT_GRAZ_1009,1009,GRAZPEDWRI-DX,train,1009_1046094615_05_WRI-R1_M013,1009_1046094639_05_WRI-R2_M013,D:\projects\MediMind\ai-prediction-service\artifacts\fracture_v2\experiment5_localization\dataset\images\train\1009_1046094615_05_WRI-R1_M013.png,D:\projects\MediMind\ai-prediction-service\artifacts\fracture_v2\experiment5_localization\dataset\images\train\1009_1046094639_05_WRI-R2_M013.png,True,True,1,1,1,1,13.3,M,R,wrist,NONE
1009_06_WRI-R,PAT_GRAZ_1009,1009,GRAZPEDWRI-DX,train,1009_1046956858_06_WRI-R1_M013,1009_1046956950_06_WRI-R2_M013,D:\projects\MediMind\ai-prediction-service\artifacts\fracture_v2\experiment5_localization\dataset\images\train\1009_1046956858_06_WRI-R1_M013.png,D:\projects\MediMind\ai-prediction-service\artifacts\fracture_v2\experiment5_localization\dataset\images\train\1009_1046956950_06_WRI-R2_M013.png,True,True,1,1,1,1,13.3,M,R,wrist,NONE
1009_07_WRI-R,PAT_GRAZ_1009,1009,GRAZPEDWRI-DX,train,1009_1047321876_07_WRI-R1_M013,1009_1047321974_07_WRI-R2_M013,D:\projects\MediMind\ai-prediction-service\artifacts\fracture_v2\experiment5_localization\dataset\images\train\1009_1047321876_07_WRI-R1_M013.png,D:\projects\MediMind\ai-prediction-service\artifacts\fracture_v2\experiment5_localization\dataset\images\train\1009_1047321974_07_WRI-R2_M013.png,True,True,1,1,1,1,13.4,M,R,wrist,NONE
1009_08_WRI-R,PAT_GRAZ_1009,1009,GRAZPEDWRI-DX,train,1009_1047914167_08_WRI-R1_M013,1009_1047914248_08_WRI-R2_M013,D:\projects\MediMind\ai-prediction-service\artifacts\fracture_v2\experiment5_localization\dataset\images\train\1009_1047914167_08_WRI-R1_M013.png,D:\projects\MediMind\ai-prediction-service\artifacts\fracture_v2\experiment5_localization\dataset\images\train\1009_1047914248_08_WRI-R2_M013.png,True,True,1,1,1,1,13.4,M,R,wrist,NONE
1009_09_WRI-R,PAT_GRAZ_1009,1009,GRAZPEDWRI-DX,train,1009_1048517475_09_WRI-R1_M013,1009_1048517563_09_WRI-R2_M013,D:\projects\MediMind\ai-prediction-service\artifacts\fracture_v2\experiment5_localization\dataset\images\train\1009_1048517475_09_WRI-R1_M013.png,D:\projects\MediMind\ai-prediction-service\artifacts\fracture_v2\experiment5_localization\dataset\images\train\1009_1048517563_09_WRI-R2_M013.png,True,True,1,1,1,1,13.4,M,R,wrist,NONE
1009_10_WRI-R,PAT_GRAZ_1009,1009,GRAZPEDWRI-DX,train,1009_1049120294_10_WRI-R1_M013,1009_1049120355_10_WRI-R2_M013,D:\projects\MediMind\ai-prediction-service\artifacts\fracture_v2\experiment5_localization\dataset\images\train\1009_1049120294_10_WRI-R1_M013.png,D:\projects\MediMind\ai-prediction-service\artifacts\fracture_v2\experiment5_localization\dataset\images\train\1009_1049120355_10_WRI-R2_M013.png,True,True,1,1,1,1,13.4,M,R,wrist,NONE
1009_11_WRI-R,PAT_GRAZ_1009,1009,GRAZPEDWRI-DX,train,1009_1050323056_11_WRI-R1_M013,1009_1050323083_11_WRI-R2_M013,D:\projects\MediMind\ai-prediction-service\artifacts\fracture_v2\experiment5_localization\dataset\images\train\1009_1050323056_11_WRI-R1_M013.png,D:\projects\MediMind\ai-prediction-service\artifacts\fracture_v2\experiment5_localization\dataset\images\train\1009_1050323083_11_WRI-R2_M013.png,True,True,1,1,1,1,13.5,M,R,wrist,NONE
1009_12_WRI-L,PAT_GRAZ_1009,1009,GRAZPEDWRI-DX,train,1009_1074602453_12_WRI-L1_M014,1009_1074602493_12_WRI-L2_M014,D:\projects\MediMind\ai-prediction-service\artifacts\fracture_v2\experiment5_localization\dataset\images\train\1009_1074602453_12_WRI-L1_M014.png,D:\projects\MediMind\ai-prediction-service\artifacts\fracture_v2\experiment5_localization\dataset\images\train\1009_1074602493_12_WRI-L2_M014.png,True,True,0,1,1,0,14.2,M,L,wrist,NONE
1010_01_WRI-L,PAT_GRAZ_1010,1010,GRAZPEDWRI-DX,train,1010_0852395139_01_WRI-L1_F008,1010_0852395198_01_WRI-L2_F008,D:\projects\MediMind\ai-prediction-service\artifacts\fracture_v2\experiment5_localization\dataset\images\train\1010_0852395139_01_WRI-L1_F008.png,D:\projects\MediMind\ai-prediction-service\artifacts\fracture_v2\experiment5_localization\dataset\images\train\1010_0852395198_01_WRI-L2_F008.png,True,True,1,1,1,1,8.1,F,L,wrist,NONE
1014_01_WRI-R,PAT_GRAZ_1014,1014,GRAZPEDWRI-DX,train,1014_0596161198_01_WRI-R1_M016,1014_0596161229_01_WRI-R2_M016,D:\projects\MediMind\ai-prediction-service\artifacts\fracture_v2\experiment5_localization\dataset\images\train\1014_0596161198_01_WRI-R1_M016.png,D:\projects\MediMind\ai-prediction-service\artifacts\fracture_v2\experiment5_localization\dataset\images\train\1014_0596161229_01_WRI-R2_M016.png,True,True,0,0,0,1,16.7,M,R,wrist,NONE
1015_01_WRI-L,PAT_GRAZ_1015,1015,GRAZPEDWRI-DX,train,1015_0525690835_01_WRI-L1_M010,1015_0525690880_01_WRI-L2_M010,D:\projects\MediMind\ai-prediction-service\artifacts\fracture_v2\experiment5_localization\dataset\images\train\1015_0525690835_01_WRI-L1_M010.png,D:\projects\MediMind\ai-prediction-service\artifacts\fracture_v2\experiment5_localization\dataset\images\train\1015_0525690880_01_WRI-L2_M010.png,True,True,0,0,0,1,10.6,M,L,wrist,NONE
1016_01_WRI-R,PAT_GRAZ_1016,1016,GRAZPEDWRI-DX,train,1016_0949807742_01_WRI-R1_M008,1016_0949807813_01_WRI-R2_M008,D:\projects\MediMind\ai-prediction-service\artifacts\fracture_v2\experiment5_localization\dataset\images\train\1016_0949807742_01_WRI-R1_M008.png,D:\projects\MediMind\ai-prediction-service\artifacts\fracture_v2\experiment5_localization\dataset\images\train\1016_0949807813_01_WRI-R2_M008.png,True,True,1,1,1,1,8.6,M,R,wrist,NONE
1016_02_WRI-R,PAT_GRAZ_1016,1016,GRAZPEDWRI-DX,train,1016_0950382744_02_WRI-R1_M008,1016_0950382824_02_WRI-R2_M008,D:\projects\MediMind\ai-prediction-service\artifacts\fracture_v2\experiment5_localization\dataset\images\train\1016_0950382744_02_WRI-R1_M008.png,D:\projects\MediMind\ai-prediction-service\artifacts\fracture_v2\experiment5_localization\dataset\images\train\1016_0950382824_02_WRI-R2_M008.png,True,True,1,1,1,1,8.6,M,R,wrist,NONE
1016_03_WRI-R,PAT_GRAZ_1016,1016,GRAZPEDWRI-DX,train,1016_0951593658_03_WRI-R1_M008,1016_0951593710_03_WRI-R2_M008,D:\projects\MediMind\ai-prediction-service\artifacts\fracture_v2\experiment5_localization\dataset\images\train\1016_0951593658_03_WRI-R1_M008.png,D:\projects\MediMind\ai-prediction-service\artifacts\fracture_v2\experiment5_localization\dataset\images\train\1016_0951593710_03_WRI-R2_M008.png,True,True,1,1,1,1,8.7,M,R,wrist,NONE
1017_01_WRI-R,PAT_GRAZ_1017,1017,GRAZPEDWRI-DX,train,1017_0332541335_01_WRI-R1_M007,1017_0332541375_01_WRI-R2_M007,D:\projects\MediMind\ai-prediction-service\artifacts\fracture_v2\experiment5_localization\dataset\images\train\1017_0332541335_01_WRI-R1_M007.png,D:\projects\MediMind\ai-prediction-service\artifacts\fracture_v2\experiment5_localization\dataset\images\train\1017_0332541375_01_WRI-R2_M007.png,True,True,0,0,0,1,7.0,M,R,wrist,NONE
1018_01_WRI-R,PAT_GRAZ_1018,1018,GRAZPEDWRI-DX,train,1018_0514937484_01_WRI-R1_F008,1018_0514937521_01_WRI-R2_F008,D:\projects\MediMind\ai-prediction-service\artifacts\fracture_v2\experiment5_localization\dataset\images\train\1018_0514937484_01_WRI-R1_F008.png,D:\projects\MediMind\ai-prediction-service\artifacts\fracture_v2\experiment5_localization\dataset\images\train\1018_0514937521_01_WRI-R2_F008.png,True,True,1,1,1,1,8.9,F,R,wrist,NONE
1021_01_WRI-L,PAT_GRAZ_1021,1021,GRAZPEDWRI-DX,train,1021_0900486727_01_WRI-L1_F009,1021_0900486755_01_WRI-L2_F009,D:\projects\MediMind\ai-prediction-service\artifacts\fracture_v2\experiment5_localization\dataset\images\train\1021_0900486727_01_WRI-L1_F009.png,D:\projects\MediMind\ai-prediction-service\artifacts\fracture_v2\experiment5_localization\dataset\images\train\1021_0900486755_01_WRI-L2_F009.png,True,True,1,1,1,1,9.3,F,L,wrist,NONE
1022_01_WRI-R,PAT_GRAZ_1022,1022,GRAZPEDWRI-DX,train,1022_0885971248_01_WRI-R1_F011,1022_0885971304_01_WRI-R2_F011,D:\projects\MediMind\ai-prediction-service\artifacts\fracture_v2\experiment5_localization\dataset\images\train\1022_0885971248_01_WRI-R1_F011.png,D:\projects\MediMind\ai-prediction-service\artifacts\fracture_v2\experiment5_localization\dataset\images\train\1022_0885971304_01_WRI-R2_F011.png,True,True,0,0,0,1,11.0,F,R,wrist,NONE
1023_01_WRI-L,PAT_GRAZ_1023,1023,GRAZPEDWRI-DX,train,1023_0517118381_01_WRI-L1_F008,1023_0517118418_01_WRI-L2_F008,D:\projects\MediMind\ai-prediction-service\artifacts\fracture_v2\experiment5_localization\dataset\images\train\1023_0517118381_01_WRI-L1_F008.png,D:\projects\MediMind\ai-prediction-service\artifacts\fracture_v2\experiment5_localization\dataset\images\train\1023_0517118418_01_WRI-L2_F008.png,True,True,1,1,1,1,8.4,F,L,wrist,NONE
1025_01_WRI-L,PAT_GRAZ_1025,1025,GRAZPEDWRI-DX,train,1025_0611219722_01_WRI-L1_M005,1025_0611219801_01_WRI-L2_M005,D:\projects\MediMind\ai-prediction-service\artifacts\fracture_v2\experiment5_localization\dataset\images\train\1025_0611219722_01_WRI-L1_M005.png,D:\projects\MediMind\ai-prediction-service\artifacts\fracture_v2\experiment5_localization\dataset\images\train\1025_0611219801_01_WRI-L2_M005.png,True,True,1,1,1,1,5.1,M,L,wrist,NONE
1025_02_WRI-L,PAT_GRAZ_1025,1025,GRAZPEDWRI-DX,train,1025_0611223006_02_WRI-L1_M005,1025_0611223055_02_WRI-L2_M005,D:\projects\MediMind\ai-prediction-service\artifacts\fracture_v2\experiment5_localization\dataset\images\train\1025_0611223006_02_WRI-L1_M005.png,D:\projects\MediMind\ai-prediction-service\artifacts\fracture_v2\experiment5_localization\dataset\images\train\1025_0611223055_02_WRI-L2_M005.png,True,True,1,1,1,1,5.1,M,L,wrist,NONE
1025_03_WRI-L,PAT_GRAZ_1025,1025,GRAZPEDWRI-DX,train,1025_0611711347_03_WRI-L1_M005,1025_0611711390_03_WRI-L2_M005,D:\projects\MediMind\ai-prediction-service\artifacts\fracture_v2\experiment5_localization\dataset\images\train\1025_0611711347_03_WRI-L1_M005.png,D:\projects\MediMind\ai-prediction-service\artifacts\fracture_v2\experiment5_localization\dataset\images\train\1025_0611711390_03_WRI-L2_M005.png,True,True,1,1,1,1,5.1,M,L,wrist,NONE
1025_04_WRI-L,PAT_GRAZ_1025,1025,GRAZPEDWRI-DX,train,1025_0612907696_04_WRI-L1_M005,1025_0612907808_04_WRI-L2_M005,D:\projects\MediMind\ai-prediction-service\artifacts\fracture_v2\experiment5_localization\dataset\images\train\1025_0612907696_04_WRI-L1_M005.png,D:\projects\MediMind\ai-prediction-service\artifacts\fracture_v2\experiment5_localization\dataset\images\train\1025_0612907808_04_WRI-L2_M005.png,True,True,1,1,1,1,5.2,M,L,wrist,NONE
1025_05_WRI-L,PAT_GRAZ_1025,1025,GRAZPEDWRI-DX,train,1025_0613862656_05_WRI-L1_M005,1025_0613862711_05_WRI-L2_M005,D:\projects\MediMind\ai-prediction-service\artifacts\fracture_v2\experiment5_localization\dataset\images\train\1025_0613862656_05_WRI-L1_M005.png,D:\projects\MediMind\ai-prediction-service\artifacts\fracture_v2\experiment5_localization\dataset\images\train\1025_0613862711_05_WRI-L2_M005.png,True,True,1,1,1,1,5.2,M,L,wrist,NONE
1026_01_WRI-R,PAT_GRAZ_1026,1026,GRAZPEDWRI-DX,train,1026_0403379379_01_WRI-R1_M011,1026_0403379416_01_WRI-R2_M011,D:\projects\MediMind\ai-prediction-service\artifacts\fracture_v2\experiment5_localization\dataset\images\train\1026_0403379379_01_WRI-R1_M011.png,D:\projects\MediMind\ai-prediction-service\artifacts\fracture_v2\experiment5_localization\dataset\images\train\1026_0403379416_01_WRI-R2_M011.png,True,True,1,1,1,1,11.4,M,R,wrist,NONE
1030_01_WRI-L,PAT_GRAZ_1030,1030,GRAZPEDWRI-DX,train,1030_0175704479_01_WRI-L1_M009,1030_0175704508_01_WRI-L2_M009,D:\projects\MediMind\ai-prediction-service\artifacts\fracture_v2\experiment5_localization\dataset\images\train\1030_0175704479_01_WRI-L1_M009.png,D:\projects\MediMind\ai-prediction-service\artifacts\fracture_v2\experiment5_localization\dataset\images\train\1030_0175704508_01_WRI-L2_M009.png,True,True,0,1,1,0,9.5,M,L,wrist,NONE
1031_01_WRI-L,PAT_GRAZ_1031,1031,GRAZPEDWRI-DX,train,1031_0479427614_01_WRI-L1_F003,1031_0479427709_01_WRI-L2_F003,D:\projects\MediMind\ai-prediction-service\artifacts\fracture_v2\experiment5_localization\dataset\images\train\1031_0479427614_01_WRI-L1_F003.png,D:\projects\MediMind\ai-prediction-service\artifacts\fracture_v2\experiment5_localization\dataset\images\train\1031_0479427709_01_WRI-L2_F003.png,True,True,0,0,0,1,3.8,F,L,wrist,NONE
1032_01_WRI-L,PAT_GRAZ_1032,1032,GRAZPEDWRI-DX,train,1032_0157703205_01_WRI-L1_M014,1032_0157703271_01_WRI-L2_M014,D:\projects\MediMind\ai-prediction-service\artifacts\fracture_v2\experiment5_localization\dataset\images\train\1032_0157703205_01_WRI-L1_M014.png,D:\projects\MediMind\ai-prediction-service\artifacts\fracture_v2\experiment5_localization\dataset\images\train\1032_0157703271_01_WRI-L2_M014.png,True,True,1,1,1,1,14.3,M,L,wrist,NONE
1033_01_WRI-R,PAT_GRAZ_1033,1033,GRAZPEDWRI-DX,train,1033_0704243671_01_WRI-R1_M012,1033_0704243717_01_WRI-R2_M012,D:\projects\MediMind\ai-prediction-service\artifacts\fracture_v2\experiment5_localization\dataset\images\train\1033_0704243671_01_WRI-R1_M012.png,D:\projects\MediMind\ai-prediction-service\artifacts\fracture_v2\experiment5_localization\dataset\images\train\1033_0704243717_01_WRI-R2_M012.png,True,True,0,0,0,1,12.2,M,R,wrist,NONE
1034_01_WRI-L,PAT_GRAZ_1034,1034,GRAZPEDWRI-DX,train,1034_1171663764_01_WRI-L1_M015,1034_1171663806_01_WRI-L2_M015,D:\projects\MediMind\ai-prediction-service\artifacts\fracture_v2\experiment5_localization\dataset\images\train\1034_1171663764_01_WRI-L1_M015.png,D:\projects\MediMind\ai-prediction-service\artifacts\fracture_v2\experiment5_localization\dataset\images\train\1034_1171663806_01_WRI-L2_M015.png,True,True,1,1,1,1,15.8,M,L,wrist,NONE
1035_01_WRI-L,PAT_GRAZ_1035,1035,GRAZPEDWRI-DX,train,1035_0779449242_01_WRI-L1_M017,1035_0779449286_01_WRI-L2_M017,D:\projects\MediMind\ai-prediction-service\artifacts\fracture_v2\experiment5_localization\dataset\images\train\1035_0779449242_01_WRI-L1_M017.png,D:\projects\MediMind\ai-prediction-service\artifacts\fracture_v2\experiment5_localization\dataset\images\train\1035_0779449286_01_WRI-L2_M017.png,True,True,0,0,0,1,17.4,M,L,wrist,NONE
1036_01_WRI-L,PAT_GRAZ_1036,1036,GRAZPEDWRI-DX,train,1036_0795886810_01_WRI-L1_M013,1036_0795886879_01_WRI-L2_M013,D:\projects\MediMind\ai-prediction-service\artifacts\fracture_v2\experiment5_localization\dataset\images\train\1036_0795886810_01_WRI-L1_M013.png,D:\projects\MediMind\ai-prediction-service\artifacts\fracture_v2\experiment5_localization\dataset\images\train\1036_0795886879_01_WRI-L2_M013.png,True,True,1,1,1,1,13.2,M,L,wrist,NONE
1036_02_WRI-L,PAT_GRAZ_1036,1036,GRAZPEDWRI-DX,train,1036_0797762665_02_WRI-L1_M013,1036_0797762719_02_WRI-L2_M013,D:\projects\MediMind\ai-prediction-service\artifacts\fracture_v2\experiment5_localization\dataset\images\train\1036_0797762665_02_WRI-L1_M013.png,D:\projects\MediMind\ai-prediction-service\artifacts\fracture_v2\experiment5_localization\dataset\images\train\1036_0797762719_02_WRI-L2_M013.png,True,True,1,1,1,1,13.2,M,L,wrist,NONE
1039_01_WRI-R,PAT_GRAZ_1039,1039,GRAZPEDWRI-DX,train,1039_0901699592_01_WRI-R1_M013,1039_0901699640_01_WRI-R2_M013,D:\projects\MediMind\ai-prediction-service\artifacts\fracture_v2\experiment5_localization\dataset\images\train\1039_0901699592_01_WRI-R1_M013.png,D:\projects\MediMind\ai-prediction-service\artifacts\fracture_v2\experiment5_localization\dataset\images\train\1039_0901699640_01_WRI-R2_M013.png,True,True,0,0,0,1,13.3,M,R,wrist,NONE
1040_01_WRI-R,PAT_GRAZ_1040,1040,GRAZPEDWRI-DX,train,1040_1143347279_01_WRI-R1_F004,1040_1143347336_01_WRI-R2_F004,D:\projects\MediMind\ai-prediction-service\artifacts\fracture_v2\experiment5_localization\dataset\images\train\1040_1143347279_01_WRI-R1_F004.png,D:\projects\MediMind\ai-prediction-service\artifacts\fracture_v2\experiment5_localization\dataset\images\train\1040_1143347336_01_WRI-R2_F004.png,True,True,1,1,1,1,4.6,F,R,wrist,NONE
1040_03_WRI-R,PAT_GRAZ_1040,1040,GRAZPEDWRI-DX,train,1040_1145769385_03_WRI-R1_F004,1040_1145769417_03_WRI-R2_F004,D:\projects\MediMind\ai-prediction-service\artifacts\fracture_v2\experiment5_localization\dataset\images\train\1040_1145769385_03_WRI-R1_F004.png,D:\projects\MediMind\ai-prediction-service\artifacts\fracture_v2\experiment5_localization\dataset\images\train\1040_1145769417_03_WRI-R2_F004.png,True,True,1,1,1,1,4.7,F,R,wrist,NONE
1041_01_WRI-R,PAT_GRAZ_1041,1041,GRAZPEDWRI-DX,train,1041_1099576698_01_WRI-R1_F009,1041_1099576743_01_WRI-R2_F009,D:\projects\MediMind\ai-prediction-service\artifacts\fracture_v2\experiment5_localization\dataset\images\train\1041_1099576698_01_WRI-R1_F009.png,D:\projects\MediMind\ai-prediction-service\artifacts\fracture_v2\experiment5_localization\dataset\images\train\1041_1099576743_01_WRI-R2_F009.png,True,True,1,1,1,1,9.3,F,R,wrist,NONE
1046_01_WRI-R,PAT_GRAZ_1046,1046,GRAZPEDWRI-DX,train,1046_0941758358_01_WRI-R1_M013,1046_0941758413_01_WRI-R2_M013,D:\projects\MediMind\ai-prediction-service\artifacts\fracture_v2\experiment5_localization\dataset\images\train\1046_0941758358_01_WRI-R1_M013.png,D:\projects\MediMind\ai-prediction-service\artifacts\fracture_v2\experiment5_localization\dataset\images\train\1046_0941758413_01_WRI-R2_M013.png,True,True,0,1,1,0,13.9,M,R,wrist,NONE
1047_01_WRI-R,PAT_GRAZ_1047,1047,GRAZPEDWRI-DX,train,1047_0643777487_01_WRI-R1_M013,1047_0643777543_01_WRI-R2_M013,D:\projects\MediMind\ai-prediction-service\artifacts\fracture_v2\experiment5_localization\dataset\images\train\1047_0643777487_01_WRI-R1_M013.png,D:\projects\MediMind\ai-prediction-service\artifacts\fracture_v2\experiment5_localization\dataset\images\train\1047_0643777543_01_WRI-R2_M013.png,True,True,0,1,1,0,13.8,M,R,wrist,NONE
1048_01_WRI-L,PAT_GRAZ_1048,1048,GRAZPEDWRI-DX,train,1048_1174295471_01_WRI-L1_F010,1048_1174295521_01_WRI-L2_F010,D:\projects\MediMind\ai-prediction-service\artifacts\fracture_v2\experiment5_localization\dataset\images\train\1048_1174295471_01_WRI-L1_F010.png,D:\projects\MediMind\ai-prediction-service\artifacts\fracture_v2\experiment5_localization\dataset\images\train\1048_1174295521_01_WRI-L2_F010.png,True,True,1,1,1,1,10.0,F,L,wrist,NONE
1048_02_WRI-L,PAT_GRAZ_1048,1048,GRAZPEDWRI-DX,train,1048_1174897423_02_WRI-L1_F010,1048_1174897490_02_WRI-L2_F010,D:\projects\MediMind\ai-prediction-service\artifacts\fracture_v2\experiment5_localization\dataset\images\train\1048_1174897423_02_WRI-L1_F010.png,D:\projects\MediMind\ai-prediction-service\artifacts\fracture_v2\experiment5_localization\dataset\images\train\1048_1174897490_02_WRI-L2_F010.png,True,True,1,0,1,0,10.0,F,L,wrist,NONE
1048_03_WRI-L,PAT_GRAZ_1048,1048,GRAZPEDWRI-DX,train,1048_1176021842_03_WRI-L1_F010,1048_1176021875_03_WRI-L2_F010,D:\projects\MediMind\ai-prediction-service\artifacts\fracture_v2\experiment5_localization\dataset\images\train\1048_1176021842_03_WRI-L1_F010.png,D:\projects\MediMind\ai-prediction-service\artifacts\fracture_v2\experiment5_localization\dataset\images\train\1048_1176021875_03_WRI-L2_F010.png,True,True,1,1,1,1,10.1,F,L,wrist,NONE
1049_03_WRI-L,PAT_GRAZ_1049,1049,GRAZPEDWRI-DX,train,1049_1226374646_03_WRI-L1_M017,1049_1226374664_03_WRI-L2_M017,D:\projects\MediMind\ai-prediction-service\artifacts\fracture_v2\experiment5_localization\dataset\images\train\1049_1226374646_03_WRI-L1_M017.png,D:\projects\MediMind\ai-prediction-service\artifacts\fracture_v2\experiment5_localization\dataset\images\train\1049_1226374664_03_WRI-L2_M017.png,True,True,1,1,1,1,17.9,M,L,wrist,NONE
1049_04_WRI-L,PAT_GRAZ_1049,1049,GRAZPEDWRI-DX,train,1049_1227500467_04_WRI-L1_M018,1049_1227500516_04_WRI-L2_M018,D:\projects\MediMind\ai-prediction-service\artifacts\fracture_v2\experiment5_localization\dataset\images\train\1049_1227500467_04_WRI-L1_M018.png,D:\projects\MediMind\ai-prediction-service\artifacts\fracture_v2\experiment5_localization\dataset\images\train\1049_1227500516_04_WRI-L2_M018.png,True,True,1,1,1,1,18.0,M,L,wrist,NONE
1049_07_WRI-L,PAT_GRAZ_1049,1049,GRAZPEDWRI-DX,train,1049_1229917247_07_WRI-L1_M018,1049_1229917151_07_WRI-L2_M018,D:\projects\MediMind\ai-prediction-service\artifacts\fracture_v2\experiment5_localization\dataset\images\train\1049_1229917247_07_WRI-L1_M018.png,D:\projects\MediMind\ai-prediction-service\artifacts\fracture_v2\experiment5_localization\dataset\images\train\1049_1229917151_07_WRI-L2_M018.png,True,True,1,1,1,1,18.0,M,L,wrist,NONE
1050_01_WRI-L,PAT_GRAZ_1050,1050,GRAZPEDWRI-DX,train,1050_0551961537_01_WRI-L1_F017,1050_0551961577_01_WRI-L2_F017,D:\projects\MediMind\ai-prediction-service\artifacts\fracture_v2\experiment5_localization\dataset\images\train\1050_0551961537_01_WRI-L1_F017.png,D:\projects\MediMind\ai-prediction-service\artifacts\fracture_v2\experiment5_localization\dataset\images\train\1050_0551961577_01_WRI-L2_F017.png,True,True,1,1,1,1,17.6,F,L,wrist,NONE
1053_01_WRI-L,PAT_GRAZ_1053,1053,GRAZPEDWRI-DX,train,1053_1022263466_01_WRI-L1_M012,1053_1022263502_01_WRI-L2_M012,D:\projects\MediMind\ai-prediction-service\artifacts\fracture_v2\experiment5_localization\dataset\images\train\1053_1022263466_01_WRI-L1_M012.png,D:\projects\MediMind\ai-prediction-service\artifacts\fracture_v2\experiment5_localization\dataset\images\train\1053_1022263502_01_WRI-L2_M012.png,True,True,1,1,1,1,12.9,M,L,wrist,NONE
1053_02_WRI-R,PAT_GRAZ_1053,1053,GRAZPEDWRI-DX,train,1053_1044197507_02_WRI-R1_M013,1053_1044197532_02_WRI-R2_M013,D:\projects\MediMind\ai-prediction-service\artifacts\fracture_v2\experiment5_localization\dataset\images\train\1053_1044197507_02_WRI-R1_M013.png,D:\projects\MediMind\ai-prediction-service\artifacts\fracture_v2\experiment5_localization\dataset\images\train\1053_1044197532_02_WRI-R2_M013.png,True,True,0,0,0,1,13.5,M,R,wrist,NONE
1054_01_WRI-R,PAT_GRAZ_1054,1054,GRAZPEDWRI-DX,train,1054_0306685334_01_WRI-R1_M010,1054_0306685381_01_WRI-R2_M010,D:\projects\MediMind\ai-prediction-service\artifacts\fracture_v2\experiment5_localization\dataset\images\train\1054_0306685334_01_WRI-R1_M010.png,D:\projects\MediMind\ai-prediction-service\artifacts\fracture_v2\experiment5_localization\dataset\images\train\1054_0306685381_01_WRI-R2_M010.png,True,True,0,0,0,1,10.4,M,R,wrist,NONE
1054_02_WRI-L,PAT_GRAZ_1054,1054,GRAZPEDWRI-DX,train,1054_0488619809_02_WRI-L1_M016,1054_0488619895_02_WRI-L2_M016,D:\projects\MediMind\ai-prediction-service\artifacts\fracture_v2\experiment5_localization\dataset\images\train\1054_0488619809_02_WRI-L1_M016.png,D:\projects\MediMind\ai-prediction-service\artifacts\fracture_v2\experiment5_localization\dataset\images\train\1054_0488619895_02_WRI-L2_M016.png,True,True,0,0,0,1,16.2,M,L,wrist,NONE
1058_01_WRI-L,PAT_GRAZ_1058,1058,GRAZPEDWRI-DX,train,1058_0474477595_01_WRI-L1_F001,1058_0474477619_01_WRI-L2_F001,D:\projects\MediMind\ai-prediction-service\artifacts\fracture_v2\experiment5_localization\dataset\images\train\1058_0474477595_01_WRI-L1_F001.png,D:\projects\MediMind\ai-prediction-service\artifacts\fracture_v2\experiment5_localization\dataset\images\train\1058_0474477619_01_WRI-L2_F001.png,True,True,1,1,1,1,1.5,F,L,wrist,NONE
1060_01_WRI-L,PAT_GRAZ_1060,1060,GRAZPEDWRI-DX,train,1060_0963645251_01_WRI-L1_F010,1060_0963645333_01_WRI-L2_F010,D:\projects\MediMind\ai-prediction-service\artifacts\fracture_v2\experiment5_localization\dataset\images\train\1060_0963645251_01_WRI-L1_F010.png,D:\projects\MediMind\ai-prediction-service\artifacts\fracture_v2\experiment5_localization\dataset\images\train\1060_0963645333_01_WRI-L2_F010.png,True,True,0,0,0,1,10.5,F,L,wrist,NONE
1063_01_WRI-R,PAT_GRAZ_1063,1063,GRAZPEDWRI-DX,train,1063_1004493518_01_WRI-R1_F013,1063_1004493537_01_WRI-R2_F013,D:\projects\MediMind\ai-prediction-service\artifacts\fracture_v2\experiment5_localization\dataset\images\train\1063_1004493518_01_WRI-R1_F013.png,D:\projects\MediMind\ai-prediction-service\artifacts\fracture_v2\experiment5_localization\dataset\images\train\1063_1004493537_01_WRI-R2_F013.png,True,True,0,0,0,1,13.5,F,R,wrist,NONE
1065_01_WRI-R,PAT_GRAZ_1065,1065,GRAZPEDWRI-DX,train,1065_0751904572_01_WRI-R1_F015,1065_0751904643_01_WRI-R2_F015,D:\projects\MediMind\ai-prediction-service\artifacts\fracture_v2\experiment5_localization\dataset\images\train\1065_0751904572_01_WRI-R1_F015.png,D:\projects\MediMind\ai-prediction-service\artifacts\fracture_v2\experiment5_localization\dataset\images\train\1065_0751904643_01_WRI-R2_F015.png,True,True,0,0,0,1,15.3,F,R,wrist,NONE
1066_01_WRI-L,PAT_GRAZ_1066,1066,GRAZPEDWRI-DX,train,1066_0977291609_01_WRI-L1_F011,1066_0977291631_01_WRI-L2_F011,D:\projects\MediMind\ai-prediction-service\artifacts\fracture_v2\experiment5_localization\dataset\images\train\1066_0977291609_01_WRI-L1_F011.png,D:\projects\MediMind\ai-prediction-service\artifacts\fracture_v2\experiment5_localization\dataset\images\train\1066_0977291631_01_WRI-L2_F011.png,True,True,0,0,0,1,11.6,F,L,wrist,NONE
1070_01_WRI-R,PAT_GRAZ_1070,1070,GRAZPEDWRI-DX,train,1070_0608244813_01_WRI-R1_M006,1070_0608244864_01_WRI-R2_M006,D:\projects\MediMind\ai-prediction-service\artifacts\fracture_v2\experiment5_localization\dataset\images\train\1070_0608244813_01_WRI-R1_M006.png,D:\projects\MediMind\ai-prediction-service\artifacts\fracture_v2\experiment5_localization\dataset\images\train\1070_0608244864_01_WRI-R2_M006.png,True,True,1,1,1,1,6.8,M,R,wrist,NONE
1070_02_WRI-R,PAT_GRAZ_1070,1070,GRAZPEDWRI-DX,train,1070_0615078138_02_WRI-R1_M007,1070_0615078284_02_WRI-R2_M007,D:\projects\MediMind\ai-prediction-service\artifacts\fracture_v2\experiment5_localization\dataset\images\train\1070_0615078138_02_WRI-R1_M007.png,D:\projects\MediMind\ai-prediction-service\artifacts\fracture_v2\experiment5_localization\dataset\images\train\1070_0615078284_02_WRI-R2_M007.png,True,True,1,1,1,1,7.0,M,R,wrist,NONE
1071_01_WRI-L,PAT_GRAZ_1071,1071,GRAZPEDWRI-DX,train,1071_0687351674_01_WRI-L1_F007,1071_0687351708_01_WRI-L2_F007,D:\projects\MediMind\ai-prediction-service\artifacts\fracture_v2\experiment5_localization\dataset\images\train\1071_0687351674_01_WRI-L1_F007.png,D:\projects\MediMind\ai-prediction-service\artifacts\fracture_v2\experiment5_localization\dataset\images\train\1071_0687351708_01_WRI-L2_F007.png,True,True,1,1,1,1,7.7,F,L,wrist,NONE
1071_02_WRI-L,PAT_GRAZ_1071,1071,GRAZPEDWRI-DX,train,1071_0687945708_02_WRI-L1_F007,1071_0687945740_02_WRI-L2_F007,D:\projects\MediMind\ai-prediction-service\artifacts\fracture_v2\experiment5_localization\dataset\images\train\1071_0687945708_02_WRI-L1_F007.png,D:\projects\MediMind\ai-prediction-service\artifacts\fracture_v2\experiment5_localization\dataset\images\train\1071_0687945740_02_WRI-L2_F007.png,True,True,1,1,1,1,7.7,F,L,wrist,NONE
1071_03_WRI-L,PAT_GRAZ_1071,1071,GRAZPEDWRI-DX,train,1071_0688644897_03_WRI-L1_F007,1071_0688644925_03_WRI-L2_F007,D:\projects\MediMind\ai-prediction-service\artifacts\fracture_v2\experiment5_localization\dataset\images\train\1071_0688644897_03_WRI-L1_F007.png,D:\projects\MediMind\ai-prediction-service\artifacts\fracture_v2\experiment5_localization\dataset\images\train\1071_0688644925_03_WRI-L2_F007.png,True,True,1,1,1,1,7.7,F,L,wrist,NONE
1071_04_WRI-L,PAT_GRAZ_1071,1071,GRAZPEDWRI-DX,train,1071_0690023332_04_WRI-L1_F007,1071_0690023359_04_WRI-L2_F007,D:\projects\MediMind\ai-prediction-service\artifacts\fracture_v2\experiment5_localization\dataset\images\train\1071_0690023332_04_WRI-L1_F007.png,D:\projects\MediMind\ai-prediction-service\artifacts\fracture_v2\experiment5_localization\dataset\images\train\1071_0690023359_04_WRI-L2_F007.png,True,True,1,1,1,1,7.7,F,L,wrist,NONE
1072_01_WRI-L,PAT_GRAZ_1072,1072,GRAZPEDWRI-DX,train,1072_0793136098_01_WRI-L1_F007,1072_0793136155_01_WRI-L2_F007,D:\projects\MediMind\ai-prediction-service\artifacts\fracture_v2\experiment5_localization\dataset\images\train\1072_0793136098_01_WRI-L1_F007.png,D:\projects\MediMind\ai-prediction-service\artifacts\fracture_v2\experiment5_localization\dataset\images\train\1072_0793136155_01_WRI-L2_F007.png,True,True,0,1,1,0,7.8,F,L,wrist,NONE
1073_01_WRI-L,PAT_GRAZ_1073,1073,GRAZPEDWRI-DX,train,1073_0735111247_01_WRI-L1_F008,1073_0735111279_01_WRI-L2_F008,D:\projects\MediMind\ai-prediction-service\artifacts\fracture_v2\experiment5_localization\dataset\images\train\1073_0735111247_01_WRI-L1_F008.png,D:\projects\MediMind\ai-prediction-service\artifacts\fracture_v2\experiment5_localization\dataset\images\train\1073_0735111279_01_WRI-L2_F008.png,True,True,0,0,0,1,8.6,F,L,wrist,NONE
1073_02_WRI-L,PAT_GRAZ_1073,1073,GRAZPEDWRI-DX,train,1073_0736320085_02_WRI-L1_F008,1073_0736320189_02_WRI-L2_F008,D:\projects\MediMind\ai-prediction-service\artifacts\fracture_v2\experiment5_localization\dataset\images\train\1073_0736320085_02_WRI-L1_F008.png,D:\projects\MediMind\ai-prediction-service\artifacts\fracture_v2\experiment5_localization\dataset\images\train\1073_0736320189_02_WRI-L2_F008.png,True,True,1,1,1,1,8.6,F,L,wrist,NONE
1074_01_WRI-R,PAT_GRAZ_1074,1074,GRAZPEDWRI-DX,train,1074_0957091163_01_WRI-R1_M009,1074_0957091242_01_WRI-R2_M009,D:\projects\MediMind\ai-prediction-service\artifacts\fracture_v2\experiment5_localization\dataset\images\train\1074_0957091163_01_WRI-R1_M009.png,D:\projects\MediMind\ai-prediction-service\artifacts\fracture_v2\experiment5_localization\dataset\images\train\1074_0957091242_01_WRI-R2_M009.png,True,True,1,1,1,1,9.4,M,R,wrist,NONE
1074_02_WRI-R,PAT_GRAZ_1074,1074,GRAZPEDWRI-DX,train,1074_0957097329_02_WRI-R1_M009,1074_0957097408_02_WRI-R2_M009,D:\projects\MediMind\ai-prediction-service\artifacts\fracture_v2\experiment5_localization\dataset\images\train\1074_0957097329_02_WRI-R1_M009.png,D:\projects\MediMind\ai-prediction-service\artifacts\fracture_v2\experiment5_localization\dataset\images\train\1074_0957097408_02_WRI-R2_M009.png,True,True,1,1,1,1,9.4,M,R,wrist,NONE
1074_03_WRI-R,PAT_GRAZ_1074,1074,GRAZPEDWRI-DX,train,1074_0957493316_03_WRI-R1_M009,1074_0957493375_03_WRI-R2_M009,D:\projects\MediMind\ai-prediction-service\artifacts\fracture_v2\experiment5_localization\dataset\images\train\1074_0957493316_03_WRI-R1_M009.png,D:\projects\MediMind\ai-prediction-service\artifacts\fracture_v2\experiment5_localization\dataset\images\train\1074_0957493375_03_WRI-R2_M009.png,True,True,1,1,1,1,9.4,M,R,wrist,NONE
1076_01_WRI-R,PAT_GRAZ_1076,1076,GRAZPEDWRI-DX,train,1076_0524419046_01_WRI-R1_F012,1076_0524419067_01_WRI-R2_F012,D:\projects\MediMind\ai-prediction-service\artifacts\fracture_v2\experiment5_localization\dataset\images\train\1076_0524419046_01_WRI-R1_F012.png,D:\projects\MediMind\ai-prediction-service\artifacts\fracture_v2\experiment5_localization\dataset\images\train\1076_0524419067_01_WRI-R2_F012.png,True,True,1,1,1,1,12.7,F,R,wrist,NONE
1076_02_WRI-R,PAT_GRAZ_1076,1076,GRAZPEDWRI-DX,train,1076_0525166669_02_WRI-R1_F012,1076_0525166742_02_WRI-R2_F012,D:\projects\MediMind\ai-prediction-service\artifacts\fracture_v2\experiment5_localization\dataset\images\train\1076_0525166669_02_WRI-R1_F012.png,D:\projects\MediMind\ai-prediction-service\artifacts\fracture_v2\experiment5_localization\dataset\images\train\1076_0525166742_02_WRI-R2_F012.png,True,True,1,1,1,1,12.8,F,R,wrist,NONE
1078_01_WRI-R,PAT_GRAZ_1078,1078,GRAZPEDWRI-DX,train,1078_0289049354_01_WRI-R1_M001,1078_0289049386_01_WRI-R2_M001,D:\projects\MediMind\ai-prediction-service\artifacts\fracture_v2\experiment5_localization\dataset\images\train\1078_0289049354_01_WRI-R1_M001.png,D:\projects\MediMind\ai-prediction-service\artifacts\fracture_v2\experiment5_localization\dataset\images\train\1078_0289049386_01_WRI-R2_M001.png,True,True,1,1,1,1,1.3,M,R,wrist,NONE
1078_02_WRI-R,PAT_GRAZ_1078,1078,GRAZPEDWRI-DX,train,1078_0290407636_02_WRI-R1_M001,1078_0290407683_02_WRI-R2_M001,D:\projects\MediMind\ai-prediction-service\artifacts\fracture_v2\experiment5_localization\dataset\images\train\1078_0290407636_02_WRI-R1_M001.png,D:\projects\MediMind\ai-prediction-service\artifacts\fracture_v2\experiment5_localization\dataset\images\train\1078_0290407683_02_WRI-R2_M001.png,True,True,1,1,1,1,1.4,M,R,wrist,NONE
1079_01_WRI-L,PAT_GRAZ_1079,1079,GRAZPEDWRI-DX,train,1079_0503515597_01_WRI-L1_F010,1079_0503515631_01_WRI-L2_F010,D:\projects\MediMind\ai-prediction-service\artifacts\fracture_v2\experiment5_localization\dataset\images\train\1079_0503515597_01_WRI-L1_F010.png,D:\projects\MediMind\ai-prediction-service\artifacts\fracture_v2\experiment5_localization\dataset\images\train\1079_0503515631_01_WRI-L2_F010.png,True,True,1,1,1,1,10.1,F,L,wrist,NONE
1081_01_WRI-R,PAT_GRAZ_1081,1081,GRAZPEDWRI-DX,train,1081_0136270951_01_WRI-R1_F011,1081_0136270973_01_WRI-R2_F011,D:\projects\MediMind\ai-prediction-service\artifacts\fracture_v2\experiment5_localization\dataset\images\train\1081_0136270951_01_WRI-R1_F011.png,D:\projects\MediMind\ai-prediction-service\artifacts\fracture_v2\experiment5_localization\dataset\images\train\1081_0136270973_01_WRI-R2_F011.png,True,True,0,0,0,1,11.5,F,R,wrist,NONE
1083_01_WRI-R,PAT_GRAZ_1083,1083,GRAZPEDWRI-DX,train,1083_0589529701_01_WRI-R1_M007,1083_0589529740_01_WRI-R2_M007,D:\projects\MediMind\ai-prediction-service\artifacts\fracture_v2\experiment5_localization\dataset\images\train\1083_0589529701_01_WRI-R1_M007.png,D:\projects\MediMind\ai-prediction-service\artifacts\fracture_v2\experiment5_localization\dataset\images\train\1083_0589529740_01_WRI-R2_M007.png,True,True,1,1,1,1,7.1,M,R,wrist,NONE
1083_02_WRI-R,PAT_GRAZ_1083,1083,GRAZPEDWRI-DX,train,1083_0653990085_02_WRI-R1_M009,1083_0653990101_02_WRI-R2_M009,D:\projects\MediMind\ai-prediction-service\artifacts\fracture_v2\experiment5_localization\dataset\images\train\1083_0653990085_02_WRI-R1_M009.png,D:\projects\MediMind\ai-prediction-service\artifacts\fracture_v2\experiment5_localization\dataset\images\train\1083_0653990101_02_WRI-R2_M009.png,True,True,0,0,0,1,9.1,M,R,wrist,NONE
1083_03_WRI-L,PAT_GRAZ_1083,1083,GRAZPEDWRI-DX,train,1083_0696760650_03_WRI-L1_M010,1083_0696760680_03_WRI-L2_M010,D:\projects\MediMind\ai-prediction-service\artifacts\fracture_v2\experiment5_localization\dataset\images\train\1083_0696760650_03_WRI-L1_M010.png,D:\projects\MediMind\ai-prediction-service\artifacts\fracture_v2\experiment5_localization\dataset\images\train\1083_0696760680_03_WRI-L2_M010.png,True,True,1,1,1,1,10.5,M,L,wrist,NONE
1084_01_WRI-R,PAT_GRAZ_1084,1084,GRAZPEDWRI-DX,train,1084_0383697238_01_WRI-R1_M007,1084_0383697325_01_WRI-R2_M007,D:\projects\MediMind\ai-prediction-service\artifacts\fracture_v2\experiment5_localization\dataset\images\train\1084_0383697238_01_WRI-R1_M007.png,D:\projects\MediMind\ai-prediction-service\artifacts\fracture_v2\experiment5_localization\dataset\images\train\1084_0383697325_01_WRI-R2_M007.png,True,True,1,1,1,1,7.6,M,R,wrist,NONE
1084_02_WRI-R,PAT_GRAZ_1084,1084,GRAZPEDWRI-DX,train,1084_0384300274_02_WRI-R1_M007,1084_0384300328_02_WRI-R2_M007,D:\projects\MediMind\ai-prediction-service\artifacts\fracture_v2\experiment5_localization\dataset\images\train\1084_0384300274_02_WRI-R1_M007.png,D:\projects\MediMind\ai-prediction-service\artifacts\fracture_v2\experiment5_localization\dataset\images\train\1084_0384300328_02_WRI-R2_M007.png,True,True,1,1,1,1,7.6,M,R,wrist,NONE
1084_03_WRI-R,PAT_GRAZ_1084,1084,GRAZPEDWRI-DX,train,1084_0385077155_03_WRI-R1_M007,1084_0385077201_03_WRI-R2_M007,D:\projects\MediMind\ai-prediction-service\artifacts\fracture_v2\experiment5_localization\dataset\images\train\1084_0385077155_03_WRI-R1_M007.png,D:\projects\MediMind\ai-prediction-service\artifacts\fracture_v2\experiment5_localization\dataset\images\train\1084_0385077201_03_WRI-R2_M007.png,True,True,1,1,1,1,7.6,M,R,wrist,NONE
1086_01_WRI-R,PAT_GRAZ_1086,1086,GRAZPEDWRI-DX,train,1086_0624688327_01_WRI-R1_F008,1086_0624688379_01_WRI-R2_F008,D:\projects\MediMind\ai-prediction-service\artifacts\fracture_v2\experiment5_localization\dataset\images\train\1086_0624688327_01_WRI-R1_F008.png,D:\projects\MediMind\ai-prediction-service\artifacts\fracture_v2\experiment5_localization\dataset\images\train\1086_0624688379_01_WRI-R2_F008.png,True,True,0,0,0,1,8.4,F,R,wrist,NONE
1087_01_WRI-L,PAT_GRAZ_1087,1087,GRAZPEDWRI-DX,train,1087_1030276226_01_WRI-L1_F001,1087_1030276264_01_WRI-L2_F001,D:\projects\MediMind\ai-prediction-service\artifacts\fracture_v2\experiment5_localization\dataset\images\train\1087_1030276226_01_WRI-L1_F001.png,D:\projects\MediMind\ai-prediction-service\artifacts\fracture_v2\experiment5_localization\dataset\images\train\1087_1030276264_01_WRI-L2_F001.png,True,True,1,1,1,1,1.6,F,L,wrist,NONE
1088_01_WRI-L,PAT_GRAZ_1088,1088,GRAZPEDWRI-DX,train,1088_0771170897_01_WRI-L1_M013,1088_0771170966_01_WRI-L2_M013,D:\projects\MediMind\ai-prediction-service\artifacts\fracture_v2\experiment5_localization\dataset\images\train\1088_0771170897_01_WRI-L1_M013.png,D:\projects\MediMind\ai-prediction-service\artifacts\fracture_v2\experiment5_localization\dataset\images\train\1088_0771170966_01_WRI-L2_M013.png,True,True,0,1,1,0,13.2,M,L,wrist,NONE
1089_01_WRI-R,PAT_GRAZ_1089,1089,GRAZPEDWRI-DX,train,1089_0322256883_01_WRI-R1_F005,1089_0322256936_01_WRI-R2_F005,D:\projects\MediMind\ai-prediction-service\artifacts\fracture_v2\experiment5_localization\dataset\images\train\1089_0322256883_01_WRI-R1_F005.png,D:\projects\MediMind\ai-prediction-service\artifacts\fracture_v2\experiment5_localization\dataset\images\train\1089_0322256936_01_WRI-R2_F005.png,True,True,1,1,1,1,5.0,F,R,wrist,NONE
1092_01_WRI-L,PAT_GRAZ_1092,1092,GRAZPEDWRI-DX,train,1092_0432371823_01_WRI-L1_M010,1092_0432371930_01_WRI-L2_M010,D:\projects\MediMind\ai-prediction-service\artifacts\fracture_v2\experiment5_localization\dataset\images\train\1092_0432371823_01_WRI-L1_M010.png,D:\projects\MediMind\ai-prediction-service\artifacts\fracture_v2\experiment5_localization\dataset\images\train\1092_0432371930_01_WRI-L2_M010.png,True,True,1,1,1,1,10.2,M,L,wrist,NONE
1092_02_WRI-L,PAT_GRAZ_1092,1092,GRAZPEDWRI-DX,train,1092_0432950068_02_WRI-L1_M010,1092_0432950141_02_WRI-L2_M010,D:\projects\MediMind\ai-prediction-service\artifacts\fracture_v2\experiment5_localization\dataset\images\train\1092_0432950068_02_WRI-L1_M010.png,D:\projects\MediMind\ai-prediction-service\artifacts\fracture_v2\experiment5_localization\dataset\images\train\1092_0432950141_02_WRI-L2_M010.png,True,True,1,1,1,1,10.2,M,L,wrist,NONE
1092_03_WRI-L,PAT_GRAZ_1092,1092,GRAZPEDWRI-DX,train,1092_0433466274_03_WRI-L1_M010,1092_0433466304_03_WRI-L2_M010,D:\projects\MediMind\ai-prediction-service\artifacts\fracture_v2\experiment5_localization\dataset\images\train\1092_0433466274_03_WRI-L1_M010.png,D:\projects\MediMind\ai-prediction-service\artifacts\fracture_v2\experiment5_localization\dataset\images\train\1092_0433466304_03_WRI-L2_M010.png,True,True,1,1,1,1,10.2,M,L,wrist,NONE
1092_04_WRI-L,PAT_GRAZ_1092,1092,GRAZPEDWRI-DX,train,1092_0434070231_04_WRI-L1_M010,1092_0434070172_04_WRI-L2_M010,D:\projects\MediMind\ai-prediction-service\artifacts\fracture_v2\experiment5_localization\dataset\images\train\1092_0434070231_04_WRI-L1_M010.png,D:\projects\MediMind\ai-prediction-service\artifacts\fracture_v2\experiment5_localization\dataset\images\train\1092_0434070172_04_WRI-L2_M010.png,True,True,1,1,1,1,10.3,M,L,wrist,NONE
1092_05_WRI-L,PAT_GRAZ_1092,1092,GRAZPEDWRI-DX,train,1092_0435277742_05_WRI-L1_M010,1092_0435277769_05_WRI-L2_M010,D:\projects\MediMind\ai-prediction-service\artifacts\fracture_v2\experiment5_localization\dataset\images\train\1092_0435277742_05_WRI-L1_M010.png,D:\projects\MediMind\ai-prediction-service\artifacts\fracture_v2\experiment5_localization\dataset\images\train\1092_0435277769_05_WRI-L2_M010.png,True,True,1,1,1,1,10.3,M,L,wrist,NONE
1093_01_WRI-L,PAT_GRAZ_1093,1093,GRAZPEDWRI-DX,train,1093_0789636568_01_WRI-L1_F010,1093_0789636612_01_WRI-L2_F010,D:\projects\MediMind\ai-prediction-service\artifacts\fracture_v2\experiment5_localization\dataset\images\train\1093_0789636568_01_WRI-L1_F010.png,D:\projects\MediMind\ai-prediction-service\artifacts\fracture_v2\experiment5_localization\dataset\images\train\1093_0789636612_01_WRI-L2_F010.png,True,True,0,0,0,1,10.1,F,L,wrist,NONE
1093_02_WRI-R,PAT_GRAZ_1093,1093,GRAZPEDWRI-DX,train,1093_0818591356_02_WRI-R1_F011,1093_0818591385_02_WRI-R2_F011,D:\projects\MediMind\ai-prediction-service\artifacts\fracture_v2\experiment5_localization\dataset\images\train\1093_0818591356_02_WRI-R1_F011.png,D:\projects\MediMind\ai-prediction-service\artifacts\fracture_v2\experiment5_localization\dataset\images\train\1093_0818591385_02_WRI-R2_F011.png,True,True,0,0,0,1,11.0,F,R,wrist,NONE
1094_01_WRI-R,PAT_GRAZ_1094,1094,GRAZPEDWRI-DX,train,1094_0746239384_01_WRI-R1_F007,1094_0746239452_01_WRI-R2_F007,D:\projects\MediMind\ai-prediction-service\artifacts\fracture_v2\experiment5_localization\dataset\images\train\1094_0746239384_01_WRI-R1_F007.png,D:\projects\MediMind\ai-prediction-service\artifacts\fracture_v2\experiment5_localization\dataset\images\train\1094_0746239452_01_WRI-R2_F007.png,True,True,0,1,1,0,7.4,F,R,wrist,NONE
1096_01_WRI-L,PAT_GRAZ_1096,1096,GRAZPEDWRI-DX,train,1096_0950610005_01_WRI-L1_M003,1096_0950610075_01_WRI-L2_M003,D:\projects\MediMind\ai-prediction-service\artifacts\fracture_v2\experiment5_localization\dataset\images\train\1096_0950610005_01_WRI-L1_M003.png,D:\projects\MediMind\ai-prediction-service\artifacts\fracture_v2\experiment5_localization\dataset\images\train\1096_0950610075_01_WRI-L2_M003.png,True,True,0,0,0,1,3.8,M,L,wrist,NONE
1097_01_WRI-R,PAT_GRAZ_1097,1097,GRAZPEDWRI-DX,train,1097_0305921754_01_WRI-R1_F017,1097_0305921780_01_WRI-R2_F017,D:\projects\MediMind\ai-prediction-service\artifacts\fracture_v2\experiment5_localization\dataset\images\train\1097_0305921754_01_WRI-R1_F017.png,D:\projects\MediMind\ai-prediction-service\artifacts\fracture_v2\experiment5_localization\dataset\images\train\1097_0305921780_01_WRI-R2_F017.png,True,True,0,0,0,1,17.2,F,R,wrist,NONE
1098_01_WRI-L,PAT_GRAZ_1098,1098,GRAZPEDWRI-DX,train,1098_0745897029_01_WRI-L1_M015,1098_0745897059_01_WRI-L2_M015,D:\projects\MediMind\ai-prediction-service\artifacts\fracture_v2\experiment5_localization\dataset\images\train\1098_0745897029_01_WRI-L1_M015.png,D:\projects\MediMind\ai-prediction-service\artifacts\fracture_v2\experiment5_localization\dataset\images\train\1098_0745897059_01_WRI-L2_M015.png,True,True,0,0,0,1,15.6,M,L,wrist,NONE
1099_01_WRI-L,PAT_GRAZ_1099,1099,GRAZPEDWRI-DX,train,1099_0274418107_01_WRI-L1_M013,1099_0274418034_01_WRI-L2_M013,D:\projects\MediMind\ai-prediction-service\artifacts\fracture_v2\experiment5_localization\dataset\images\train\1099_0274418107_01_WRI-L1_M013.png,D:\projects\MediMind\ai-prediction-service\artifacts\fracture_v2\experiment5_localization\dataset\images\train\1099_0274418034_01_WRI-L2_M013.png,True,True,1,1,1,1,13.8,M,L,wrist,NONE
1099_02_WRI-L,PAT_GRAZ_1099,1099,GRAZPEDWRI-DX,train,1099_0274468758_02_WRI-L1_M013,1099_0274468841_02_WRI-L2_M013,D:\projects\MediMind\ai-prediction-service\artifacts\fracture_v2\experiment5_localization\dataset\images\train\1099_0274468758_02_WRI-L1_M013.png,D:\projects\MediMind\ai-prediction-service\artifacts\fracture_v2\experiment5_localization\dataset\images\train\1099_0274468841_02_WRI-L2_M013.png,True,True,1,1,1,1,13.8,M,L,wrist,NONE
1099_05_WRI-L,PAT_GRAZ_1099,1099,GRAZPEDWRI-DX,train,1099_0275428746_05_WRI-L1_M013,1099_0275428843_05_WRI-L2_M013,D:\projects\MediMind\ai-prediction-service\artifacts\fracture_v2\experiment5_localization\dataset\images\train\1099_0275428746_05_WRI-L1_M013.png,D:\projects\MediMind\ai-prediction-service\artifacts\fracture_v2\experiment5_localization\dataset\images\train\1099_0275428843_05_WRI-L2_M013.png,True,True,1,1,1,1,13.8,M,L,wrist,NONE
1099_06_WRI-L,PAT_GRAZ_1099,1099,GRAZPEDWRI-DX,train,1099_0276288494_06_WRI-L1_M013,1099_0276288616_06_WRI-L2_M013,D:\projects\MediMind\ai-prediction-service\artifacts\fracture_v2\experiment5_localization\dataset\images\train\1099_0276288494_06_WRI-L1_M013.png,D:\projects\MediMind\ai-prediction-service\artifacts\fracture_v2\experiment5_localization\dataset\images\train\1099_0276288616_06_WRI-L2_M013.png,True,True,1,1,1,1,13.9,M,L,wrist,NONE
1099_07_WRI-L,PAT_GRAZ_1099,1099,GRAZPEDWRI-DX,train,1099_0277493382_07_WRI-L1_M013,1099_0277493441_07_WRI-L2_M013,D:\projects\MediMind\ai-prediction-service\artifacts\fracture_v2\experiment5_localization\dataset\images\train\1099_0277493382_07_WRI-L1_M013.png,D:\projects\MediMind\ai-prediction-service\artifacts\fracture_v2\experiment5_localization\dataset\images\train\1099_0277493441_07_WRI-L2_M013.png,True,True,1,1,1,1,13.9,M,L,wrist,NONE
1103_01_WRI-L,PAT_GRAZ_1103,1103,GRAZPEDWRI-DX,train,1103_0853415689_01_WRI-L1_F008,1103_0853415727_01_WRI-L2_F008,D:\projects\MediMind\ai-prediction-service\artifacts\fracture_v2\experiment5_localization\dataset\images\train\1103_0853415689_01_WRI-L1_F008.png,D:\projects\MediMind\ai-prediction-service\artifacts\fracture_v2\experiment5_localization\dataset\images\train\1103_0853415727_01_WRI-L2_F008.png,True,True,0,0,0,1,8.6,F,L,wrist,NONE
1104_01_WRI-R,PAT_GRAZ_1104,1104,GRAZPEDWRI-DX,train,1104_0379732701_01_WRI-R1_M015,1104_0379732723_01_WRI-R2_M015,D:\projects\MediMind\ai-prediction-service\artifacts\fracture_v2\experiment5_localization\dataset\images\train\1104_0379732701_01_WRI-R1_M015.png,D:\projects\MediMind\ai-prediction-service\artifacts\fracture_v2\experiment5_localization\dataset\images\train\1104_0379732723_01_WRI-R2_M015.png,True,True,1,1,1,1,15.1,M,R,wrist,NONE
1106_01_WRI-L,PAT_GRAZ_1106,1106,GRAZPEDWRI-DX,train,1106_0608300166_01_WRI-L1_F016,1106_0608300217_01_WRI-L2_F016,D:\projects\MediMind\ai-prediction-service\artifacts\fracture_v2\experiment5_localization\dataset\images\train\1106_0608300166_01_WRI-L1_F016.png,D:\projects\MediMind\ai-prediction-service\artifacts\fracture_v2\experiment5_localization\dataset\images\train\1106_0608300217_01_WRI-L2_F016.png,True,True,0,0,0,1,16.1,F,L,wrist,NONE
1107_01_WRI-L,PAT_GRAZ_1107,1107,GRAZPEDWRI-DX,train,1107_0589902946_01_WRI-L1_F010,1107_0589902984_01_WRI-L2_F010,D:\projects\MediMind\ai-prediction-service\artifacts\fracture_v2\experiment5_localization\dataset\images\train\1107_0589902946_01_WRI-L1_F010.png,D:\projects\MediMind\ai-prediction-service\artifacts\fracture_v2\experiment5_localization\dataset\images\train\1107_0589902984_01_WRI-L2_F010.png,True,True,1,1,1,1,10.3,F,L,wrist,NONE
1110_01_WRI-L,PAT_GRAZ_1110,1110,GRAZPEDWRI-DX,train,1110_1200054571_01_WRI-L1_M008,1110_1200054639_01_WRI-L2_M008,D:\projects\MediMind\ai-prediction-service\artifacts\fracture_v2\experiment5_localization\dataset\images\train\1110_1200054571_01_WRI-L1_M008.png,D:\projects\MediMind\ai-prediction-service\artifacts\fracture_v2\experiment5_localization\dataset\images\train\1110_1200054639_01_WRI-L2_M008.png,True,True,1,1,1,1,8.9,M,L,wrist,NONE
1110_02_WRI-L,PAT_GRAZ_1110,1110,GRAZPEDWRI-DX,train,1110_1200747682_02_WRI-L1_M008,1110_1200747774_02_WRI-L2_M008,D:\projects\MediMind\ai-prediction-service\artifacts\fracture_v2\experiment5_localization\dataset\images\train\1110_1200747682_02_WRI-L1_M008.png,D:\projects\MediMind\ai-prediction-service\artifacts\fracture_v2\experiment5_localization\dataset\images\train\1110_1200747774_02_WRI-L2_M008.png,True,True,1,1,1,1,8.9,M,L,wrist,NONE
1110_03_WRI-L,PAT_GRAZ_1110,1110,GRAZPEDWRI-DX,train,1110_1201775933_03_WRI-L1_M008,1110_1201775970_03_WRI-L2_M008,D:\projects\MediMind\ai-prediction-service\artifacts\fracture_v2\experiment5_localization\dataset\images\train\1110_1201775933_03_WRI-L1_M008.png,D:\projects\MediMind\ai-prediction-service\artifacts\fracture_v2\experiment5_localization\dataset\images\train\1110_1201775970_03_WRI-L2_M008.png,True,True,1,1,1,1,8.9,M,L,wrist,NONE
1111_01_WRI-R,PAT_GRAZ_1111,1111,GRAZPEDWRI-DX,train,1111_0865953579_01_WRI-R1_F009,1111_0865953613_01_WRI-R2_F009,D:\projects\MediMind\ai-prediction-service\artifacts\fracture_v2\experiment5_localization\dataset\images\train\1111_0865953579_01_WRI-R1_F009.png,D:\projects\MediMind\ai-prediction-service\artifacts\fracture_v2\experiment5_localization\dataset\images\train\1111_0865953613_01_WRI-R2_F009.png,True,True,0,0,0,1,9.8,F,R,wrist,NONE
1114_01_WRI-R,PAT_GRAZ_1114,1114,GRAZPEDWRI-DX,train,1114_0890182062_01_WRI-R1_F010,1114_0890182097_01_WRI-R2_F010,D:\projects\MediMind\ai-prediction-service\artifacts\fracture_v2\experiment5_localization\dataset\images\train\1114_0890182062_01_WRI-R1_F010.png,D:\projects\MediMind\ai-prediction-service\artifacts\fracture_v2\experiment5_localization\dataset\images\train\1114_0890182097_01_WRI-R2_F010.png,True,True,0,0,0,1,10.9,F,R,wrist,NONE
1114_02_WRI-L,PAT_GRAZ_1114,1114,GRAZPEDWRI-DX,train,1114_0937945506_02_WRI-L1_F012,1114_0937945539_02_WRI-L2_F012,D:\projects\MediMind\ai-prediction-service\artifacts\fracture_v2\experiment5_localization\dataset\images\train\1114_0937945506_02_WRI-L1_F012.png,D:\projects\MediMind\ai-prediction-service\artifacts\fracture_v2\experiment5_localization\dataset\images\train\1114_0937945539_02_WRI-L2_F012.png,True,True,1,1,1,1,12.4,F,L,wrist,NONE
1116_01_WRI-L,PAT_GRAZ_1116,1116,GRAZPEDWRI-DX,train,1116_0780784437_01_WRI-L1_F011,1116_0780784467_01_WRI-L2_F011,D:\projects\MediMind\ai-prediction-service\artifacts\fracture_v2\experiment5_localization\dataset\images\train\1116_0780784437_01_WRI-L1_F011.png,D:\projects\MediMind\ai-prediction-service\artifacts\fracture_v2\experiment5_localization\dataset\images\train\1116_0780784467_01_WRI-L2_F011.png,True,True,1,1,1,1,11.1,F,L,wrist,NONE
1117_01_WRI-L,PAT_GRAZ_1117,1117,GRAZPEDWRI-DX,train,1117_0625731319_01_WRI-L1_M006,1117_0625731364_01_WRI-L2_M006,D:\projects\MediMind\ai-prediction-service\artifacts\fracture_v2\experiment5_localization\dataset\images\train\1117_0625731319_01_WRI-L1_M006.png,D:\projects\MediMind\ai-prediction-service\artifacts\fracture_v2\experiment5_localization\dataset\images\train\1117_0625731364_01_WRI-L2_M006.png,True,True,1,1,1,1,6.8,M,L,wrist,NONE
1118_01_WRI-L,PAT_GRAZ_1118,1118,GRAZPEDWRI-DX,train,1118_0285750248_01_WRI-L1_M007,1118_0285750295_01_WRI-L2_M007,D:\projects\MediMind\ai-prediction-service\artifacts\fracture_v2\experiment5_localization\dataset\images\train\1118_0285750248_01_WRI-L1_M007.png,D:\projects\MediMind\ai-prediction-service\artifacts\fracture_v2\experiment5_localization\dataset\images\train\1118_0285750295_01_WRI-L2_M007.png,True,True,0,0,0,1,7.8,M,L,wrist,NONE
1120_01_WRI-L,PAT_GRAZ_1120,1120,GRAZPEDWRI-DX,train,1120_0384751235_01_WRI-L1_F007,1120_0384751286_01_WRI-L2_F007,D:\projects\MediMind\ai-prediction-service\artifacts\fracture_v2\experiment5_localization\dataset\images\train\1120_0384751235_01_WRI-L1_F007.png,D:\projects\MediMind\ai-prediction-service\artifacts\fracture_v2\experiment5_localization\dataset\images\train\1120_0384751286_01_WRI-L2_F007.png,True,True,1,1,1,1,7.7,F,L,wrist,NONE
1120_02_WRI-L,PAT_GRAZ_1120,1120,GRAZPEDWRI-DX,train,1120_0385500163_02_WRI-L1_F007,1120_0385500218_02_WRI-L2_F007,D:\projects\MediMind\ai-prediction-service\artifacts\fracture_v2\experiment5_localization\dataset\images\train\1120_0385500163_02_WRI-L1_F007.png,D:\projects\MediMind\ai-prediction-service\artifacts\fracture_v2\experiment5_localization\dataset\images\train\1120_0385500218_02_WRI-L2_F007.png,True,True,1,1,1,1,7.7,F,L,wrist,NONE
1120_03_WRI-L,PAT_GRAZ_1120,1120,GRAZPEDWRI-DX,train,1120_0385501776_03_WRI-L1_F007,1120_0385501821_03_WRI-L2_F007,D:\projects\MediMind\ai-prediction-service\artifacts\fracture_v2\experiment5_localization\dataset\images\train\1120_0385501776_03_WRI-L1_F007.png,D:\projects\MediMind\ai-prediction-service\artifacts\fracture_v2\experiment5_localization\dataset\images\train\1120_0385501821_03_WRI-L2_F007.png,True,True,1,1,1,1,7.7,F,L,wrist,NONE
1120_04_WRI-L,PAT_GRAZ_1120,1120,GRAZPEDWRI-DX,train,1120_0386186498_04_WRI-L1_F007,1120_0386186538_04_WRI-L2_F007,D:\projects\MediMind\ai-prediction-service\artifacts\fracture_v2\experiment5_localization\dataset\images\train\1120_0386186498_04_WRI-L1_F007.png,D:\projects\MediMind\ai-prediction-service\artifacts\fracture_v2\experiment5_localization\dataset\images\train\1120_0386186538_04_WRI-L2_F007.png,True,True,1,1,1,1,7.7,F,L,wrist,NONE
1120_05_WRI-L,PAT_GRAZ_1120,1120,GRAZPEDWRI-DX,train,1120_0387054043_05_WRI-L1_F007,1120_0387054088_05_WRI-L2_F007,D:\projects\MediMind\ai-prediction-service\artifacts\fracture_v2\experiment5_localization\dataset\images\train\1120_0387054043_05_WRI-L1_F007.png,D:\projects\MediMind\ai-prediction-service\artifacts\fracture_v2\experiment5_localization\dataset\images\train\1120_0387054088_05_WRI-L2_F007.png,True,True,1,1,1,1,7.8,F,L,wrist,NONE
1121_01_WRI-L,PAT_GRAZ_1121,1121,GRAZPEDWRI-DX,train,1121_0491752580_01_WRI-L1_M014,1121_0491752605_01_WRI-L2_M014,D:\projects\MediMind\ai-prediction-service\artifacts\fracture_v2\experiment5_localization\dataset\images\train\1121_0491752580_01_WRI-L1_M014.png,D:\projects\MediMind\ai-prediction-service\artifacts\fracture_v2\experiment5_localization\dataset\images\train\1121_0491752605_01_WRI-L2_M014.png,True,True,0,1,1,0,14.3,M,L,wrist,NONE
1122_01_WRI-L,PAT_GRAZ_1122,1122,GRAZPEDWRI-DX,train,1122_0300776689_01_WRI-L1_M014,1122_0300776713_01_WRI-L2_M014,D:\projects\MediMind\ai-prediction-service\artifacts\fracture_v2\experiment5_localization\dataset\images\train\1122_0300776689_01_WRI-L1_M014.png,D:\projects\MediMind\ai-prediction-service\artifacts\fracture_v2\experiment5_localization\dataset\images\train\1122_0300776713_01_WRI-L2_M014.png,True,True,0,0,0,1,14.6,M,L,wrist,NONE
1123_01_WRI-R,PAT_GRAZ_1123,1123,GRAZPEDWRI-DX,train,1123_0926220831_01_WRI-R1_M010,1123_0926220872_01_WRI-R2_M010,D:\projects\MediMind\ai-prediction-service\artifacts\fracture_v2\experiment5_localization\dataset\images\train\1123_0926220831_01_WRI-R1_M010.png,D:\projects\MediMind\ai-prediction-service\artifacts\fracture_v2\experiment5_localization\dataset\images\train\1123_0926220872_01_WRI-R2_M010.png,True,True,1,1,1,1,10.3,M,R,wrist,NONE
1123_02_WRI-R,PAT_GRAZ_1123,1123,GRAZPEDWRI-DX,train,1123_0926804585_02_WRI-R1_M010,1123_0926804633_02_WRI-R2_M010,D:\projects\MediMind\ai-prediction-service\artifacts\fracture_v2\experiment5_localization\dataset\images\train\1123_0926804585_02_WRI-R1_M010.png,D:\projects\MediMind\ai-prediction-service\artifacts\fracture_v2\experiment5_localization\dataset\images\train\1123_0926804633_02_WRI-R2_M010.png,True,True,1,1,1,1,10.3,M,R,wrist,NONE
1123_03_WRI-R,PAT_GRAZ_1123,1123,GRAZPEDWRI-DX,train,1123_0927411217_03_WRI-R1_M010,1123_0927411266_03_WRI-R2_M010,D:\projects\MediMind\ai-prediction-service\artifacts\fracture_v2\experiment5_localization\dataset\images\train\1123_0927411217_03_WRI-R1_M010.png,D:\projects\MediMind\ai-prediction-service\artifacts\fracture_v2\experiment5_localization\dataset\images\train\1123_0927411266_03_WRI-R2_M010.png,True,True,1,1,1,1,10.3,M,R,wrist,NONE
1123_04_WRI-R,PAT_GRAZ_1123,1123,GRAZPEDWRI-DX,train,1123_0928706429_04_WRI-R1_M010,1123_0928706481_04_WRI-R2_M010,D:\projects\MediMind\ai-prediction-service\artifacts\fracture_v2\experiment5_localization\dataset\images\train\1123_0928706429_04_WRI-R1_M010.png,D:\projects\MediMind\ai-prediction-service\artifacts\fracture_v2\experiment5_localization\dataset\images\train\1123_0928706481_04_WRI-R2_M010.png,True,True,1,1,1,1,10.4,M,R,wrist,NONE
1124_01_WRI-R,PAT_GRAZ_1124,1124,GRAZPEDWRI-DX,train,1124_0081658175_01_WRI-R1_F011,1124_0081658202_01_WRI-R2_F011,D:\projects\MediMind\ai-prediction-service\artifacts\fracture_v2\experiment5_localization\dataset\images\train\1124_0081658175_01_WRI-R1_F011.png,D:\projects\MediMind\ai-prediction-service\artifacts\fracture_v2\experiment5_localization\dataset\images\train\1124_0081658202_01_WRI-R2_F011.png,True,True,0,0,0,1,11.6,F,R,wrist,NONE
1124_02_WRI-R,PAT_GRAZ_1124,1124,GRAZPEDWRI-DX,train,1124_0271628544_02_WRI-R1_F017,1124_0271628574_02_WRI-R2_F017,D:\projects\MediMind\ai-prediction-service\artifacts\fracture_v2\experiment5_localization\dataset\images\train\1124_0271628544_02_WRI-R1_F017.png,D:\projects\MediMind\ai-prediction-service\artifacts\fracture_v2\experiment5_localization\dataset\images\train\1124_0271628574_02_WRI-R2_F017.png,True,True,0,0,0,1,17.6,F,R,wrist,NONE
1126_01_WRI-L,PAT_GRAZ_1126,1126,GRAZPEDWRI-DX,train,1126_0768156924_01_WRI-L1_M016,1126_0768156967_01_WRI-L2_M016,D:\projects\MediMind\ai-prediction-service\artifacts\fracture_v2\experiment5_localization\dataset\images\train\1126_0768156924_01_WRI-L1_M016.png,D:\projects\MediMind\ai-prediction-service\artifacts\fracture_v2\experiment5_localization\dataset\images\train\1126_0768156967_01_WRI-L2_M016.png,True,True,1,1,1,1,16.5,M,L,wrist,NONE
1127_01_WRI-R,PAT_GRAZ_1127,1127,GRAZPEDWRI-DX,train,1127_0663928661_01_WRI-R1_F006,1127_0663928708_01_WRI-R2_F006,D:\projects\MediMind\ai-prediction-service\artifacts\fracture_v2\experiment5_localization\dataset\images\train\1127_0663928661_01_WRI-R1_F006.png,D:\projects\MediMind\ai-prediction-service\artifacts\fracture_v2\experiment5_localization\dataset\images\train\1127_0663928708_01_WRI-R2_F006.png,True,True,1,1,1,1,6.9,F,R,wrist,NONE
1128_01_WRI-L,PAT_GRAZ_1128,1128,GRAZPEDWRI-DX,train,1128_0651044381_01_WRI-L1_M012,1128_0651044404_01_WRI-L2_M012,D:\projects\MediMind\ai-prediction-service\artifacts\fracture_v2\experiment5_localization\dataset\images\train\1128_0651044381_01_WRI-L1_M012.png,D:\projects\MediMind\ai-prediction-service\artifacts\fracture_v2\experiment5_localization\dataset\images\train\1128_0651044404_01_WRI-L2_M012.png,True,True,0,0,0,1,12.5,M,L,wrist,NONE
1128_02_WRI-L,PAT_GRAZ_1128,1128,GRAZPEDWRI-DX,train,1128_0692614646_02_WRI-L1_M013,1128_0692614672_02_WRI-L2_M013,D:\projects\MediMind\ai-prediction-service\artifacts\fracture_v2\experiment5_localization\dataset\images\train\1128_0692614646_02_WRI-L1_M013.png,D:\projects\MediMind\ai-prediction-service\artifacts\fracture_v2\experiment5_localization\dataset\images\train\1128_0692614672_02_WRI-L2_M013.png,True,True,0,0,0,1,13.9,M,L,wrist,NONE
1130_01_WRI-R,PAT_GRAZ_1130,1130,GRAZPEDWRI-DX,train,1130_0366339546_01_WRI-R1_M015,1130_0366339590_01_WRI-R2_M015,D:\projects\MediMind\ai-prediction-service\artifacts\fracture_v2\experiment5_localization\dataset\images\train\1130_0366339546_01_WRI-R1_M015.png,D:\projects\MediMind\ai-prediction-service\artifacts\fracture_v2\experiment5_localization\dataset\images\train\1130_0366339590_01_WRI-R2_M015.png,True,True,0,0,0,1,15.6,M,R,wrist,NONE
1131_01_WRI-R,PAT_GRAZ_1131,1131,GRAZPEDWRI-DX,train,1131_0253243715_01_WRI-R1_M003,1131_0253243797_01_WRI-R2_M003,D:\projects\MediMind\ai-prediction-service\artifacts\fracture_v2\experiment5_localization\dataset\images\train\1131_0253243715_01_WRI-R1_M003.png,D:\projects\MediMind\ai-prediction-service\artifacts\fracture_v2\experiment5_localization\dataset\images\train\1131_0253243797_01_WRI-R2_M003.png,True,True,0,0,0,1,3.6,M,R,wrist,NONE
1132_01_WRI-L,PAT_GRAZ_1132,1132,GRAZPEDWRI-DX,train,1132_0980006367_01_WRI-L1_F016,1132_0980006456_01_WRI-L2_F016,D:\projects\MediMind\ai-prediction-service\artifacts\fracture_v2\experiment5_localization\dataset\images\train\1132_0980006367_01_WRI-L1_F016.png,D:\projects\MediMind\ai-prediction-service\artifacts\fracture_v2\experiment5_localization\dataset\images\train\1132_0980006456_01_WRI-L2_F016.png,True,True,0,0,0,1,16.0,F,L,wrist,NONE
1132_02_WRI-R,PAT_GRAZ_1132,1132,GRAZPEDWRI-DX,train,1132_1015527173_02_WRI-R1_F017,1132_1015527238_02_WRI-R2_F017,D:\projects\MediMind\ai-prediction-service\artifacts\fracture_v2\experiment5_localization\dataset\images\train\1132_1015527173_02_WRI-R1_F017.png,D:\projects\MediMind\ai-prediction-service\artifacts\fracture_v2\experiment5_localization\dataset\images\train\1132_1015527238_02_WRI-R2_F017.png,True,True,0,0,0,1,17.2,F,R,wrist,NONE
1134_01_WRI-R,PAT_GRAZ_1134,1134,GRAZPEDWRI-DX,train,1134_1044396185_01_WRI-R1_M009,1134_1044396225_01_WRI-R2_M009,D:\projects\MediMind\ai-prediction-service\artifacts\fracture_v2\experiment5_localization\dataset\images\train\1134_1044396185_01_WRI-R1_M009.png,D:\projects\MediMind\ai-prediction-service\artifacts\fracture_v2\experiment5_localization\dataset\images\train\1134_1044396225_01_WRI-R2_M009.png,True,True,1,1,1,1,9.3,M,R,wrist,NONE
1135_01_WRI-L,PAT_GRAZ_1135,1135,GRAZPEDWRI-DX,train,1135_0531936890_01_WRI-L1_M015,1135_0531936935_01_WRI-L2_M015,D:\projects\MediMind\ai-prediction-service\artifacts\fracture_v2\experiment5_localization\dataset\images\train\1135_0531936890_01_WRI-L1_M015.png,D:\projects\MediMind\ai-prediction-service\artifacts\fracture_v2\experiment5_localization\dataset\images\train\1135_0531936935_01_WRI-L2_M015.png,True,True,0,0,0,1,15.6,M,L,wrist,NONE
1136_01_WRI-R,PAT_GRAZ_1136,1136,GRAZPEDWRI-DX,train,1136_0745379955_01_WRI-R1_F013,1136_0745379997_01_WRI-R2_F013,D:\projects\MediMind\ai-prediction-service\artifacts\fracture_v2\experiment5_localization\dataset\images\train\1136_0745379955_01_WRI-R1_F013.png,D:\projects\MediMind\ai-prediction-service\artifacts\fracture_v2\experiment5_localization\dataset\images\train\1136_0745379997_01_WRI-R2_F013.png,True,True,0,1,1,0,13.9,F,R,wrist,NONE
1137_01_WRI-L,PAT_GRAZ_1137,1137,GRAZPEDWRI-DX,train,1137_1228199153_01_WRI-L1_M002,1137_1228199180_01_WRI-L2_M002,D:\projects\MediMind\ai-prediction-service\artifacts\fracture_v2\experiment5_localization\dataset\images\train\1137_1228199153_01_WRI-L1_M002.png,D:\projects\MediMind\ai-prediction-service\artifacts\fracture_v2\experiment5_localization\dataset\images\train\1137_1228199180_01_WRI-L2_M002.png,True,True,0,0,0,1,2.6,M,L,wrist,NONE
1138_01_WRI-R,PAT_GRAZ_1138,1138,GRAZPEDWRI-DX,train,1138_0769664409_01_WRI-R1_F006,1138_0769664494_01_WRI-R2_F006,D:\projects\MediMind\ai-prediction-service\artifacts\fracture_v2\experiment5_localization\dataset\images\train\1138_0769664409_01_WRI-R1_F006.png,D:\projects\MediMind\ai-prediction-service\artifacts\fracture_v2\experiment5_localization\dataset\images\train\1138_0769664494_01_WRI-R2_F006.png,True,True,1,1,1,1,6.5,F,R,wrist,NONE
1138_02_WRI-R,PAT_GRAZ_1138,1138,GRAZPEDWRI-DX,train,1138_0770269480_02_WRI-R1_F006,1138_0770269515_02_WRI-R2_F006,D:\projects\MediMind\ai-prediction-service\artifacts\fracture_v2\experiment5_localization\dataset\images\train\1138_0770269480_02_WRI-R1_F006.png,D:\projects\MediMind\ai-prediction-service\artifacts\fracture_v2\experiment5_localization\dataset\images\train\1138_0770269515_02_WRI-R2_F006.png,True,True,1,1,1,1,6.5,F,R,wrist,NONE
1138_03_WRI-R,PAT_GRAZ_1138,1138,GRAZPEDWRI-DX,train,1138_0771473124_03_WRI-R1_F006,1138_0771473191_03_WRI-R2_F006,D:\projects\MediMind\ai-prediction-service\artifacts\fracture_v2\experiment5_localization\dataset\images\train\1138_0771473124_03_WRI-R1_F006.png,D:\projects\MediMind\ai-prediction-service\artifacts\fracture_v2\experiment5_localization\dataset\images\train\1138_0771473191_03_WRI-R2_F006.png,True,True,1,1,1,1,6.5,F,R,wrist,NONE
1139_01_WRI-L,PAT_GRAZ_1139,1139,GRAZPEDWRI-DX,train,1139_0421023413_01_WRI-L1_F013,1139_0421023436_01_WRI-L2_F013,D:\projects\MediMind\ai-prediction-service\artifacts\fracture_v2\experiment5_localization\dataset\images\train\1139_0421023413_01_WRI-L1_F013.png,D:\projects\MediMind\ai-prediction-service\artifacts\fracture_v2\experiment5_localization\dataset\images\train\1139_0421023436_01_WRI-L2_F013.png,True,True,0,0,0,1,13.4,F,L,wrist,NONE
1140_01_WRI-L,PAT_GRAZ_1140,1140,GRAZPEDWRI-DX,train,1140_0768816810_01_WRI-L1_M011,1140_0768816838_01_WRI-L2_M011,D:\projects\MediMind\ai-prediction-service\artifacts\fracture_v2\experiment5_localization\dataset\images\train\1140_0768816810_01_WRI-L1_M011.png,D:\projects\MediMind\ai-prediction-service\artifacts\fracture_v2\experiment5_localization\dataset\images\train\1140_0768816838_01_WRI-L2_M011.png,True,True,0,0,0,1,11.0,M,L,wrist,NONE
1140_02_WRI-R,PAT_GRAZ_1140,1140,GRAZPEDWRI-DX,train,1140_0771773655_02_WRI-R1_M011,1140_0771773707_02_WRI-R2_M011,D:\projects\MediMind\ai-prediction-service\artifacts\fracture_v2\experiment5_localization\dataset\images\train\1140_0771773655_02_WRI-R1_M011.png,D:\projects\MediMind\ai-prediction-service\artifacts\fracture_v2\experiment5_localization\dataset\images\train\1140_0771773707_02_WRI-R2_M011.png,True,True,1,1,1,1,11.1,M,R,wrist,NONE
1140_03_WRI-R,PAT_GRAZ_1140,1140,GRAZPEDWRI-DX,train,1140_0806654697_03_WRI-R1_M012,1140_0806654756_03_WRI-R2_M012,D:\projects\MediMind\ai-prediction-service\artifacts\fracture_v2\experiment5_localization\dataset\images\train\1140_0806654697_03_WRI-R1_M012.png,D:\projects\MediMind\ai-prediction-service\artifacts\fracture_v2\experiment5_localization\dataset\images\train\1140_0806654756_03_WRI-R2_M012.png,True,True,1,1,1,1,12.2,M,R,wrist,NONE
1141_01_WRI-R,PAT_GRAZ_1141,1141,GRAZPEDWRI-DX,train,1141_0487358574_01_WRI-R1_F009,1141_0487358609_01_WRI-R2_F009,D:\projects\MediMind\ai-prediction-service\artifacts\fracture_v2\experiment5_localization\dataset\images\train\1141_0487358574_01_WRI-R1_F009.png,D:\projects\MediMind\ai-prediction-service\artifacts\fracture_v2\experiment5_localization\dataset\images\train\1141_0487358609_01_WRI-R2_F009.png,True,True,0,0,0,1,9.6,F,R,wrist,NONE
1141_02_WRI-R,PAT_GRAZ_1141,1141,GRAZPEDWRI-DX,train,1141_0526596387_02_WRI-R1_F010,1141_0526596410_02_WRI-R2_F010,D:\projects\MediMind\ai-prediction-service\artifacts\fracture_v2\experiment5_localization\dataset\images\train\1141_0526596387_02_WRI-R1_F010.png,D:\projects\MediMind\ai-prediction-service\artifacts\fracture_v2\experiment5_localization\dataset\images\train\1141_0526596410_02_WRI-R2_F010.png,True,True,0,0,0,1,10.9,F,R,wrist,NONE
1142_01_WRI-R,PAT_GRAZ_1142,1142,GRAZPEDWRI-DX,train,1142_0762717565_01_WRI-R1_F008,1142_0762717659_01_WRI-R2_F008,D:\projects\MediMind\ai-prediction-service\artifacts\fracture_v2\experiment5_localization\dataset\images\train\1142_0762717565_01_WRI-R1_F008.png,D:\projects\MediMind\ai-prediction-service\artifacts\fracture_v2\experiment5_localization\dataset\images\train\1142_0762717659_01_WRI-R2_F008.png,True,True,1,1,1,1,8.5,F,R,wrist,NONE
1142_02_WRI-R,PAT_GRAZ_1142,1142,GRAZPEDWRI-DX,train,1142_0763318194_02_WRI-R1_F008,1142_0763318285_02_WRI-R2_F008,D:\projects\MediMind\ai-prediction-service\artifacts\fracture_v2\experiment5_localization\dataset\images\train\1142_0763318194_02_WRI-R1_F008.png,D:\projects\MediMind\ai-prediction-service\artifacts\fracture_v2\experiment5_localization\dataset\images\train\1142_0763318285_02_WRI-R2_F008.png,True,True,1,1,1,1,8.5,F,R,wrist,NONE
1142_03_WRI-R,PAT_GRAZ_1142,1142,GRAZPEDWRI-DX,train,1142_0764185060_03_WRI-R1_F008,1142_0764185108_03_WRI-R2_F008,D:\projects\MediMind\ai-prediction-service\artifacts\fracture_v2\experiment5_localization\dataset\images\train\1142_0764185060_03_WRI-R1_F008.png,D:\projects\MediMind\ai-prediction-service\artifacts\fracture_v2\experiment5_localization\dataset\images\train\1142_0764185108_03_WRI-R2_F008.png,True,True,1,1,1,1,8.5,F,R,wrist,NONE
1143_01_WRI-L,PAT_GRAZ_1143,1143,GRAZPEDWRI-DX,train,1143_0631287264_01_WRI-L1_M012,1143_0631287288_01_WRI-L2_M012,D:\projects\MediMind\ai-prediction-service\artifacts\fracture_v2\experiment5_localization\dataset\images\train\1143_0631287264_01_WRI-L1_M012.png,D:\projects\MediMind\ai-prediction-service\artifacts\fracture_v2\experiment5_localization\dataset\images\train\1143_0631287288_01_WRI-L2_M012.png,True,True,1,1,1,1,12.2,M,L,wrist,NONE
1143_02_WRI-L,PAT_GRAZ_1143,1143,GRAZPEDWRI-DX,train,1143_0633014370_02_WRI-L1_M012,1143_0633014396_02_WRI-L2_M012,D:\projects\MediMind\ai-prediction-service\artifacts\fracture_v2\experiment5_localization\dataset\images\train\1143_0633014370_02_WRI-L1_M012.png,D:\projects\MediMind\ai-prediction-service\artifacts\fracture_v2\experiment5_localization\dataset\images\train\1143_0633014396_02_WRI-L2_M012.png,True,True,1,1,1,1,12.2,M,L,wrist,NONE
1143_03_WRI-L,PAT_GRAZ_1143,1143,GRAZPEDWRI-DX,train,1143_0686105217_03_WRI-L1_M013,1143_0686105258_03_WRI-L2_M013,D:\projects\MediMind\ai-prediction-service\artifacts\fracture_v2\experiment5_localization\dataset\images\train\1143_0686105217_03_WRI-L1_M013.png,D:\projects\MediMind\ai-prediction-service\artifacts\fracture_v2\experiment5_localization\dataset\images\train\1143_0686105258_03_WRI-L2_M013.png,True,True,0,0,0,1,13.9,M,L,wrist,NONE
1143_04_WRI-R,PAT_GRAZ_1143,1143,GRAZPEDWRI-DX,train,1143_0707678749_04_WRI-R1_M014,1143_0707678766_04_WRI-R2_M014,D:\projects\MediMind\ai-prediction-service\artifacts\fracture_v2\experiment5_localization\dataset\images\train\1143_0707678749_04_WRI-R1_M014.png,D:\projects\MediMind\ai-prediction-service\artifacts\fracture_v2\experiment5_localization\dataset\images\train\1143_0707678766_04_WRI-R2_M014.png,True,True,1,1,1,1,14.6,M,R,wrist,NONE
1143_05_WRI-R,PAT_GRAZ_1143,1143,GRAZPEDWRI-DX,train,1143_0707682673_05_WRI-R1_M014,1143_0707682702_05_WRI-R2_M014,D:\projects\MediMind\ai-prediction-service\artifacts\fracture_v2\experiment5_localization\dataset\images\train\1143_0707682673_05_WRI-R1_M014.png,D:\projects\MediMind\ai-prediction-service\artifacts\fracture_v2\experiment5_localization\dataset\images\train\1143_0707682702_05_WRI-R2_M014.png,True,True,1,1,1,1,14.6,M,R,wrist,NONE
1143_06_WRI-R,PAT_GRAZ_1143,1143,GRAZPEDWRI-DX,train,1143_0708181243_06_WRI-R1_M014,1143_0708181316_06_WRI-R2_M014,D:\projects\MediMind\ai-prediction-service\artifacts\fracture_v2\experiment5_localization\dataset\images\train\1143_0708181243_06_WRI-R1_M014.png,D:\projects\MediMind\ai-prediction-service\artifacts\fracture_v2\experiment5_localization\dataset\images\train\1143_0708181316_06_WRI-R2_M014.png,True,True,1,1,1,1,14.6,M,R,wrist,NONE
1144_01_WRI-L,PAT_GRAZ_1144,1144,GRAZPEDWRI-DX,train,1144_0335055056_01_WRI-L1_F008,1144_0335055088_01_WRI-L2_F008,D:\projects\MediMind\ai-prediction-service\artifacts\fracture_v2\experiment5_localization\dataset\images\train\1144_0335055056_01_WRI-L1_F008.png,D:\projects\MediMind\ai-prediction-service\artifacts\fracture_v2\experiment5_localization\dataset\images\train\1144_0335055088_01_WRI-L2_F008.png,True,True,0,1,1,0,8.6,F,L,wrist,NONE
1146_01_WRI-L,PAT_GRAZ_1146,1146,GRAZPEDWRI-DX,train,1146_0916817899_01_WRI-L1_M010,1146_0916817931_01_WRI-L2_M010,D:\projects\MediMind\ai-prediction-service\artifacts\fracture_v2\experiment5_localization\dataset\images\train\1146_0916817899_01_WRI-L1_M010.png,D:\projects\MediMind\ai-prediction-service\artifacts\fracture_v2\experiment5_localization\dataset\images\train\1146_0916817931_01_WRI-L2_M010.png,True,True,0,0,0,1,10.2,M,L,wrist,NONE
1147_01_WRI-L,PAT_GRAZ_1147,1147,GRAZPEDWRI-DX,train,1147_0970732601_01_WRI-L1_M010,1147_0970732632_01_WRI-L2_M010,D:\projects\MediMind\ai-prediction-service\artifacts\fracture_v2\experiment5_localization\dataset\images\train\1147_0970732601_01_WRI-L1_M010.png,D:\projects\MediMind\ai-prediction-service\artifacts\fracture_v2\experiment5_localization\dataset\images\train\1147_0970732632_01_WRI-L2_M010.png,True,True,0,0,0,1,10.5,M,L,wrist,NONE
1147_02_WRI-R,PAT_GRAZ_1147,1147,GRAZPEDWRI-DX,train,1147_1140742170_02_WRI-R1_M015,1147_1140742204_02_WRI-R2_M015,D:\projects\MediMind\ai-prediction-service\artifacts\fracture_v2\experiment5_localization\dataset\images\train\1147_1140742170_02_WRI-R1_M015.png,D:\projects\MediMind\ai-prediction-service\artifacts\fracture_v2\experiment5_localization\dataset\images\train\1147_1140742204_02_WRI-R2_M015.png,True,True,0,0,0,1,15.8,M,R,wrist,NONE
1148_01_WRI-L,PAT_GRAZ_1148,1148,GRAZPEDWRI-DX,train,1148_0634260519_01_WRI-L1_M015,1148_0634260549_01_WRI-L2_M015,D:\projects\MediMind\ai-prediction-service\artifacts\fracture_v2\experiment5_localization\dataset\images\train\1148_0634260519_01_WRI-L1_M015.png,D:\projects\MediMind\ai-prediction-service\artifacts\fracture_v2\experiment5_localization\dataset\images\train\1148_0634260549_01_WRI-L2_M015.png,True,True,0,0,0,1,15.5,M,L,wrist,NONE
1149_01_WRI-R,PAT_GRAZ_1149,1149,GRAZPEDWRI-DX,train,1149_0490479139_01_WRI-R1_M009,1149_0490479174_01_WRI-R2_M009,D:\projects\MediMind\ai-prediction-service\artifacts\fracture_v2\experiment5_localization\dataset\images\train\1149_0490479139_01_WRI-R1_M009.png,D:\projects\MediMind\ai-prediction-service\artifacts\fracture_v2\experiment5_localization\dataset\images\train\1149_0490479174_01_WRI-R2_M009.png,True,True,1,1,1,1,9.8,M,R,wrist,NONE
1150_01_WRI-L,PAT_GRAZ_1150,1150,GRAZPEDWRI-DX,train,1150_0947150631_01_WRI-L1_F010,1150_0947150678_01_WRI-L2_F010,D:\projects\MediMind\ai-prediction-service\artifacts\fracture_v2\experiment5_localization\dataset\images\train\1150_0947150631_01_WRI-L1_F010.png,D:\projects\MediMind\ai-prediction-service\artifacts\fracture_v2\experiment5_localization\dataset\images\train\1150_0947150678_01_WRI-L2_F010.png,True,True,1,1,1,1,10.7,F,L,wrist,NONE
1150_02_WRI-L,PAT_GRAZ_1150,1150,GRAZPEDWRI-DX,train,1150_0971890445_02_WRI-L1_F011,1150_0971890476_02_WRI-L2_F011,D:\projects\MediMind\ai-prediction-service\artifacts\fracture_v2\experiment5_localization\dataset\images\train\1150_0971890445_02_WRI-L1_F011.png,D:\projects\MediMind\ai-prediction-service\artifacts\fracture_v2\experiment5_localization\dataset\images\train\1150_0971890476_02_WRI-L2_F011.png,True,True,1,1,1,1,11.4,F,L,wrist,NONE
1151_01_WRI-R,PAT_GRAZ_1151,1151,GRAZPEDWRI-DX,train,1151_0519707780_01_WRI-R1_F009,1151_0519707820_01_WRI-R2_F009,D:\projects\MediMind\ai-prediction-service\artifacts\fracture_v2\experiment5_localization\dataset\images\train\1151_0519707780_01_WRI-R1_F009.png,D:\projects\MediMind\ai-prediction-service\artifacts\fracture_v2\experiment5_localization\dataset\images\train\1151_0519707820_01_WRI-R2_F009.png,True,True,0,1,1,0,9.5,F,R,wrist,NONE
1151_02_WRI-R,PAT_GRAZ_1151,1151,GRAZPEDWRI-DX,train,1151_0520287868_02_WRI-R1_F009,1151_0520287944_02_WRI-R2_F009,D:\projects\MediMind\ai-prediction-service\artifacts\fracture_v2\experiment5_localization\dataset\images\train\1151_0520287868_02_WRI-R1_F009.png,D:\projects\MediMind\ai-prediction-service\artifacts\fracture_v2\experiment5_localization\dataset\images\train\1151_0520287944_02_WRI-R2_F009.png,True,True,1,1,1,1,9.5,F,R,wrist,NONE
1151_03_WRI-R,PAT_GRAZ_1151,1151,GRAZPEDWRI-DX,train,1151_0520968797_03_WRI-R1_F009,1151_0520968915_03_WRI-R2_F009,D:\projects\MediMind\ai-prediction-service\artifacts\fracture_v2\experiment5_localization\dataset\images\train\1151_0520968797_03_WRI-R1_F009.png,D:\projects\MediMind\ai-prediction-service\artifacts\fracture_v2\experiment5_localization\dataset\images\train\1151_0520968915_03_WRI-R2_F009.png,True,True,1,1,1,1,9.5,F,R,wrist,NONE
1151_04_WRI-R,PAT_GRAZ_1151,1151,GRAZPEDWRI-DX,train,1151_0521568420_04_WRI-R1_F009,1151_0521568471_04_WRI-R2_F009,D:\projects\MediMind\ai-prediction-service\artifacts\fracture_v2\experiment5_localization\dataset\images\train\1151_0521568420_04_WRI-R1_F009.png,D:\projects\MediMind\ai-prediction-service\artifacts\fracture_v2\experiment5_localization\dataset\images\train\1151_0521568471_04_WRI-R2_F009.png,True,True,1,1,1,1,9.5,F,R,wrist,NONE
1153_01_WRI-R,PAT_GRAZ_1153,1153,GRAZPEDWRI-DX,train,1153_0955282805_01_WRI-R1_M017,1153_0955282861_01_WRI-R2_M017,D:\projects\MediMind\ai-prediction-service\artifacts\fracture_v2\experiment5_localization\dataset\images\train\1153_0955282805_01_WRI-R1_M017.png,D:\projects\MediMind\ai-prediction-service\artifacts\fracture_v2\experiment5_localization\dataset\images\train\1153_0955282861_01_WRI-R2_M017.png,True,True,0,0,0,1,17.2,M,R,wrist,NONE
1154_01_WRI-R,PAT_GRAZ_1154,1154,GRAZPEDWRI-DX,train,1154_1033108233_01_WRI-R1_M012,1154_1033108268_01_WRI-R2_M012,D:\projects\MediMind\ai-prediction-service\artifacts\fracture_v2\experiment5_localization\dataset\images\train\1154_1033108233_01_WRI-R1_M012.png,D:\projects\MediMind\ai-prediction-service\artifacts\fracture_v2\experiment5_localization\dataset\images\train\1154_1033108268_01_WRI-R2_M012.png,True,True,0,0,0,1,12.1,M,R,wrist,NONE
1155_01_WRI-L,PAT_GRAZ_1155,1155,GRAZPEDWRI-DX,train,1155_0897280479_01_WRI-L1_M010,1155_0897280506_01_WRI-L2_M010,D:\projects\MediMind\ai-prediction-service\artifacts\fracture_v2\experiment5_localization\dataset\images\train\1155_0897280479_01_WRI-L1_M010.png,D:\projects\MediMind\ai-prediction-service\artifacts\fracture_v2\experiment5_localization\dataset\images\train\1155_0897280506_01_WRI-L2_M010.png,True,True,0,0,0,1,10.1,M,L,wrist,NONE
1157_01_WRI-R,PAT_GRAZ_1157,1157,GRAZPEDWRI-DX,train,1157_0978917560_01_WRI-R1_M007,1157_0978917647_01_WRI-R2_M007,D:\projects\MediMind\ai-prediction-service\artifacts\fracture_v2\experiment5_localization\dataset\images\train\1157_0978917560_01_WRI-R1_M007.png,D:\projects\MediMind\ai-prediction-service\artifacts\fracture_v2\experiment5_localization\dataset\images\train\1157_0978917647_01_WRI-R2_M007.png,True,True,1,1,1,1,7.4,M,R,wrist,NONE
1157_02_WRI-L,PAT_GRAZ_1157,1157,GRAZPEDWRI-DX,train,1157_1136128786_02_WRI-L1_M012,1157_1136128863_02_WRI-L2_M012,D:\projects\MediMind\ai-prediction-service\artifacts\fracture_v2\experiment5_localization\dataset\images\train\1157_1136128786_02_WRI-L1_M012.png,D:\projects\MediMind\ai-prediction-service\artifacts\fracture_v2\experiment5_localization\dataset\images\train\1157_1136128863_02_WRI-L2_M012.png,True,True,1,1,1,1,12.4,M,L,wrist,NONE
1157_03_WRI-L,PAT_GRAZ_1157,1157,GRAZPEDWRI-DX,train,1157_1136737868_03_WRI-L1_M012,1157_1136737955_03_WRI-L2_M012,D:\projects\MediMind\ai-prediction-service\artifacts\fracture_v2\experiment5_localization\dataset\images\train\1157_1136737868_03_WRI-L1_M012.png,D:\projects\MediMind\ai-prediction-service\artifacts\fracture_v2\experiment5_localization\dataset\images\train\1157_1136737955_03_WRI-L2_M012.png,True,True,1,1,1,1,12.4,M,L,wrist,NONE
1157_04_WRI-L,PAT_GRAZ_1157,1157,GRAZPEDWRI-DX,train,1157_1136739456_04_WRI-L1_M012,1157_1136739578_04_WRI-L2_M012,D:\projects\MediMind\ai-prediction-service\artifacts\fracture_v2\experiment5_localization\dataset\images\train\1157_1136739456_04_WRI-L1_M012.png,D:\projects\MediMind\ai-prediction-service\artifacts\fracture_v2\experiment5_localization\dataset\images\train\1157_1136739578_04_WRI-L2_M012.png,True,True,1,1,1,1,12.4,M,L,wrist,NONE
1158_01_WRI-L,PAT_GRAZ_1158,1158,GRAZPEDWRI-DX,train,1158_0413439502_01_WRI-L1_F016,1158_0413439527_01_WRI-L2_F016,D:\projects\MediMind\ai-prediction-service\artifacts\fracture_v2\experiment5_localization\dataset\images\train\1158_0413439502_01_WRI-L1_F016.png,D:\projects\MediMind\ai-prediction-service\artifacts\fracture_v2\experiment5_localization\dataset\images\train\1158_0413439527_01_WRI-L2_F016.png,True,True,0,0,0,1,16.3,F,L,wrist,NONE
1159_01_WRI-L,PAT_GRAZ_1159,1159,GRAZPEDWRI-DX,train,1159_0221347559_01_WRI-L1_M015,1159_0221347581_01_WRI-L2_M015,D:\projects\MediMind\ai-prediction-service\artifacts\fracture_v2\experiment5_localization\dataset\images\train\1159_0221347559_01_WRI-L1_M015.png,D:\projects\MediMind\ai-prediction-service\artifacts\fracture_v2\experiment5_localization\dataset\images\train\1159_0221347581_01_WRI-L2_M015.png,True,True,0,0,0,1,15.7,M,L,wrist,NONE
1161_01_WRI-R,PAT_GRAZ_1161,1161,GRAZPEDWRI-DX,train,1161_0907328267_01_WRI-R1_F012,1161_0907328302_01_WRI-R2_F012,D:\projects\MediMind\ai-prediction-service\artifacts\fracture_v2\experiment5_localization\dataset\images\train\1161_0907328267_01_WRI-R1_F012.png,D:\projects\MediMind\ai-prediction-service\artifacts\fracture_v2\experiment5_localization\dataset\images\train\1161_0907328302_01_WRI-R2_F012.png,True,True,1,1,1,1,12.2,F,R,wrist,NONE
1162_01_WRI-L,PAT_GRAZ_1162,1162,GRAZPEDWRI-DX,train,1162_0938697495_01_WRI-L1_F012,1162_0938697532_01_WRI-L2_F012,D:\projects\MediMind\ai-prediction-service\artifacts\fracture_v2\experiment5_localization\dataset\images\train\1162_0938697495_01_WRI-L1_F012.png,D:\projects\MediMind\ai-prediction-service\artifacts\fracture_v2\experiment5_localization\dataset\images\train\1162_0938697532_01_WRI-L2_F012.png,True,True,0,1,1,0,12.7,F,L,wrist,NONE
1163_01_WRI-L,PAT_GRAZ_1163,1163,GRAZPEDWRI-DX,train,1163_0861783065_01_WRI-L1_M001,1163_0861783125_01_WRI-L2_M001,D:\projects\MediMind\ai-prediction-service\artifacts\fracture_v2\experiment5_localization\dataset\images\train\1163_0861783065_01_WRI-L1_M001.png,D:\projects\MediMind\ai-prediction-service\artifacts\fracture_v2\experiment5_localization\dataset\images\train\1163_0861783125_01_WRI-L2_M001.png,True,True,0,0,0,1,1.8,M,L,wrist,NONE
1165_01_WRI-R,PAT_GRAZ_1165,1165,GRAZPEDWRI-DX,train,1165_0305603368_01_WRI-R1_M010,1165_0305603453_01_WRI-R2_M010,D:\projects\MediMind\ai-prediction-service\artifacts\fracture_v2\experiment5_localization\dataset\images\train\1165_0305603368_01_WRI-R1_M010.png,D:\projects\MediMind\ai-prediction-service\artifacts\fracture_v2\experiment5_localization\dataset\images\train\1165_0305603453_01_WRI-R2_M010.png,True,True,1,1,1,1,10.8,M,R,wrist,NONE
1165_02_WRI-R,PAT_GRAZ_1165,1165,GRAZPEDWRI-DX,train,1165_0306079867_02_WRI-R1_M010,1165_0306079922_02_WRI-R2_M010,D:\projects\MediMind\ai-prediction-service\artifacts\fracture_v2\experiment5_localization\dataset\images\train\1165_0306079867_02_WRI-R1_M010.png,D:\projects\MediMind\ai-prediction-service\artifacts\fracture_v2\experiment5_localization\dataset\images\train\1165_0306079922_02_WRI-R2_M010.png,True,True,1,1,1,1,10.8,M,R,wrist,NONE
1165_05_WRI-R,PAT_GRAZ_1165,1165,GRAZPEDWRI-DX,train,1165_0308843951_05_WRI-R1_M010,1165_0308843985_05_WRI-R2_M010,D:\projects\MediMind\ai-prediction-service\artifacts\fracture_v2\experiment5_localization\dataset\images\train\1165_0308843951_05_WRI-R1_M010.png,D:\projects\MediMind\ai-prediction-service\artifacts\fracture_v2\experiment5_localization\dataset\images\train\1165_0308843985_05_WRI-R2_M010.png,True,True,1,1,1,1,10.9,M,R,wrist,NONE
1166_01_WRI-L,PAT_GRAZ_1166,1166,GRAZPEDWRI-DX,train,1166_0443914675_01_WRI-L1_M009,1166_0443914742_01_WRI-L2_M009,D:\projects\MediMind\ai-prediction-service\artifacts\fracture_v2\experiment5_localization\dataset\images\train\1166_0443914675_01_WRI-L1_M009.png,D:\projects\MediMind\ai-prediction-service\artifacts\fracture_v2\experiment5_localization\dataset\images\train\1166_0443914742_01_WRI-L2_M009.png,True,True,1,1,1,1,9.3,M,L,wrist,NONE
1166_04_WRI-L,PAT_GRAZ_1166,1166,GRAZPEDWRI-DX,train,1166_0445199101_04_WRI-L1_M009,1166_0445199259_04_WRI-L2_M009,D:\projects\MediMind\ai-prediction-service\artifacts\fracture_v2\experiment5_localization\dataset\images\train\1166_0445199101_04_WRI-L1_M009.png,D:\projects\MediMind\ai-prediction-service\artifacts\fracture_v2\experiment5_localization\dataset\images\train\1166_0445199259_04_WRI-L2_M009.png,True,True,1,1,1,1,9.4,M,L,wrist,NONE
1166_05_WRI-L,PAT_GRAZ_1166,1166,GRAZPEDWRI-DX,train,1166_0445723743_05_WRI-L1_M009,1166_0445723975_05_WRI-L2_M009,D:\projects\MediMind\ai-prediction-service\artifacts\fracture_v2\experiment5_localization\dataset\images\train\1166_0445723743_05_WRI-L1_M009.png,D:\projects\MediMind\ai-prediction-service\artifacts\fracture_v2\experiment5_localization\dataset\images\train\1166_0445723975_05_WRI-L2_M009.png,True,True,1,1,1,1,9.4,M,L,wrist,NONE
1166_06_WRI-L,PAT_GRAZ_1166,1166,GRAZPEDWRI-DX,train,1166_0446754406_06_WRI-L1_M009,1166_0446754613_06_WRI-L2_M009,D:\projects\MediMind\ai-prediction-service\artifacts\fracture_v2\experiment5_localization\dataset\images\train\1166_0446754406_06_WRI-L1_M009.png,D:\projects\MediMind\ai-prediction-service\artifacts\fracture_v2\experiment5_localization\dataset\images\train\1166_0446754613_06_WRI-L2_M009.png,True,True,1,1,1,1,9.4,M,L,wrist,NONE
1167_03_WRI-R,PAT_GRAZ_1167,1167,GRAZPEDWRI-DX,train,1167_0982896193_03_WRI-R1_F009,1167_0982896240_03_WRI-R2_F009,D:\projects\MediMind\ai-prediction-service\artifacts\fracture_v2\experiment5_localization\dataset\images\train\1167_0982896193_03_WRI-R1_F009.png,D:\projects\MediMind\ai-prediction-service\artifacts\fracture_v2\experiment5_localization\dataset\images\train\1167_0982896240_03_WRI-R2_F009.png,True,True,1,1,1,1,9.6,F,R,wrist,NONE
1167_04_WRI-R,PAT_GRAZ_1167,1167,GRAZPEDWRI-DX,train,1167_0995069723_04_WRI-R1_F010,1167_0995069741_04_WRI-R2_F010,D:\projects\MediMind\ai-prediction-service\artifacts\fracture_v2\experiment5_localization\dataset\images\train\1167_0995069723_04_WRI-R1_F010.png,D:\projects\MediMind\ai-prediction-service\artifacts\fracture_v2\experiment5_localization\dataset\images\train\1167_0995069741_04_WRI-R2_F010.png,True,True,1,1,1,1,10.0,F,R,wrist,NONE
1168_01_WRI-R,PAT_GRAZ_1168,1168,GRAZPEDWRI-DX,train,1168_0604861523_01_WRI-R1_M012,1168_0604861571_01_WRI-R2_M012,D:\projects\MediMind\ai-prediction-service\artifacts\fracture_v2\experiment5_localization\dataset\images\train\1168_0604861523_01_WRI-R1_M012.png,D:\projects\MediMind\ai-prediction-service\artifacts\fracture_v2\experiment5_localization\dataset\images\train\1168_0604861571_01_WRI-R2_M012.png,True,True,0,0,0,1,12.4,M,R,wrist,NONE
1168_02_WRI-R,PAT_GRAZ_1168,1168,GRAZPEDWRI-DX,train,1168_0675549914_02_WRI-R1_M014,1168_0675549957_02_WRI-R2_M014,D:\projects\MediMind\ai-prediction-service\artifacts\fracture_v2\experiment5_localization\dataset\images\train\1168_0675549914_02_WRI-R1_M014.png,D:\projects\MediMind\ai-prediction-service\artifacts\fracture_v2\experiment5_localization\dataset\images\train\1168_0675549957_02_WRI-R2_M014.png,True,True,1,1,1,1,14.6,M,R,wrist,NONE
1168_03_WRI-R,PAT_GRAZ_1168,1168,GRAZPEDWRI-DX,train,1168_0675761875_03_WRI-R1_M014,1168_0675761950_03_WRI-R2_M014,D:\projects\MediMind\ai-prediction-service\artifacts\fracture_v2\experiment5_localization\dataset\images\train\1168_0675761875_03_WRI-R1_M014.png,D:\projects\MediMind\ai-prediction-service\artifacts\fracture_v2\experiment5_localization\dataset\images\train\1168_0675761950_03_WRI-R2_M014.png,True,True,1,1,1,1,14.6,M,R,wrist,NONE
1168_04_WRI-R,PAT_GRAZ_1168,1168,GRAZPEDWRI-DX,train,1168_0676449575_04_WRI-R1_M014,1168_0676449605_04_WRI-R2_M014,D:\projects\MediMind\ai-prediction-service\artifacts\fracture_v2\experiment5_localization\dataset\images\train\1168_0676449575_04_WRI-R1_M014.png,D:\projects\MediMind\ai-prediction-service\artifacts\fracture_v2\experiment5_localization\dataset\images\train\1168_0676449605_04_WRI-R2_M014.png,True,True,1,1,1,1,14.6,M,R,wrist,NONE
1168_05_WRI-R,PAT_GRAZ_1168,1168,GRAZPEDWRI-DX,train,1168_0676458946_05_WRI-R1_M014,1168_0676458998_05_WRI-R2_M014,D:\projects\MediMind\ai-prediction-service\artifacts\fracture_v2\experiment5_localization\dataset\images\train\1168_0676458946_05_WRI-R1_M014.png,D:\projects\MediMind\ai-prediction-service\artifacts\fracture_v2\experiment5_localization\dataset\images\train\1168_0676458998_05_WRI-R2_M014.png,True,True,1,1,1,1,14.6,M,R,wrist,NONE
1168_06_WRI-R,PAT_GRAZ_1168,1168,GRAZPEDWRI-DX,train,1168_0677259161_06_WRI-R1_M014,1168_0677259221_06_WRI-R2_M014,D:\projects\MediMind\ai-prediction-service\artifacts\fracture_v2\experiment5_localization\dataset\images\train\1168_0677259161_06_WRI-R1_M014.png,D:\projects\MediMind\ai-prediction-service\artifacts\fracture_v2\experiment5_localization\dataset\images\train\1168_0677259221_06_WRI-R2_M014.png,True,True,1,1,1,1,14.7,M,R,wrist,NONE
1170_01_WRI-R,PAT_GRAZ_1170,1170,GRAZPEDWRI-DX,train,1170_0760201316_01_WRI-R1_F011,1170_0760201354_01_WRI-R2_F011,D:\projects\MediMind\ai-prediction-service\artifacts\fracture_v2\experiment5_localization\dataset\images\train\1170_0760201316_01_WRI-R1_F011.png,D:\projects\MediMind\ai-prediction-service\artifacts\fracture_v2\experiment5_localization\dataset\images\train\1170_0760201354_01_WRI-R2_F011.png,True,True,1,1,1,1,11.0,F,R,wrist,NONE
1172_01_WRI-L,PAT_GRAZ_1172,1172,GRAZPEDWRI-DX,train,1172_0722021498_01_WRI-L1_F009,1172_0722021528_01_WRI-L2_F009,D:\projects\MediMind\ai-prediction-service\artifacts\fracture_v2\experiment5_localization\dataset\images\train\1172_0722021498_01_WRI-L1_F009.png,D:\projects\MediMind\ai-prediction-service\artifacts\fracture_v2\experiment5_localization\dataset\images\train\1172_0722021528_01_WRI-L2_F009.png,True,True,0,0,0,1,9.5,F,L,wrist,NONE
1173_01_WRI-R,PAT_GRAZ_1173,1173,GRAZPEDWRI-DX,train,1173_0822043627_01_WRI-R1_F009,1173_0822043658_01_WRI-R2_F009,D:\projects\MediMind\ai-prediction-service\artifacts\fracture_v2\experiment5_localization\dataset\images\train\1173_0822043627_01_WRI-R1_F009.png,D:\projects\MediMind\ai-prediction-service\artifacts\fracture_v2\experiment5_localization\dataset\images\train\1173_0822043658_01_WRI-R2_F009.png,True,True,1,1,1,1,9.9,F,R,wrist,NONE
1175_01_WRI-L,PAT_GRAZ_1175,1175,GRAZPEDWRI-DX,train,1175_0324575336_01_WRI-L1_M010,1175_0324575413_01_WRI-L2_M010,D:\projects\MediMind\ai-prediction-service\artifacts\fracture_v2\experiment5_localization\dataset\images\train\1175_0324575336_01_WRI-L1_M010.png,D:\projects\MediMind\ai-prediction-service\artifacts\fracture_v2\experiment5_localization\dataset\images\train\1175_0324575413_01_WRI-L2_M010.png,True,True,1,1,1,1,10.0,M,L,wrist,NONE
1175_04_WRI-L,PAT_GRAZ_1175,1175,GRAZPEDWRI-DX,train,1175_0326303898_04_WRI-L1_M010,1175_0326303941_04_WRI-L2_M010,D:\projects\MediMind\ai-prediction-service\artifacts\fracture_v2\experiment5_localization\dataset\images\train\1175_0326303898_04_WRI-L1_M010.png,D:\projects\MediMind\ai-prediction-service\artifacts\fracture_v2\experiment5_localization\dataset\images\train\1175_0326303941_04_WRI-L2_M010.png,True,True,1,1,1,1,10.0,M,L,wrist,NONE
1175_05_WRI-L,PAT_GRAZ_1175,1175,GRAZPEDWRI-DX,train,1175_0326307235_05_WRI-L1_M010,1175_0326307272_05_WRI-L2_M010,D:\projects\MediMind\ai-prediction-service\artifacts\fracture_v2\experiment5_localization\dataset\images\train\1175_0326307235_05_WRI-L1_M010.png,D:\projects\MediMind\ai-prediction-service\artifacts\fracture_v2\experiment5_localization\dataset\images\train\1175_0326307272_05_WRI-L2_M010.png,True,True,1,1,1,1,10.0,M,L,wrist,NONE
1178_01_WRI-L,PAT_GRAZ_1178,1178,GRAZPEDWRI-DX,train,1178_0185771850_01_WRI-L1_M014,1178_0185771868_01_WRI-L2_M014,D:\projects\MediMind\ai-prediction-service\artifacts\fracture_v2\experiment5_localization\dataset\images\train\1178_0185771850_01_WRI-L1_M014.png,D:\projects\MediMind\ai-prediction-service\artifacts\fracture_v2\experiment5_localization\dataset\images\train\1178_0185771868_01_WRI-L2_M014.png,True,True,1,1,1,1,14.2,M,L,wrist,NONE
1179_01_WRI-R,PAT_GRAZ_1179,1179,GRAZPEDWRI-DX,train,1179_0218716515_01_WRI-R1_F011,1179_0218716560_01_WRI-R2_F011,D:\projects\MediMind\ai-prediction-service\artifacts\fracture_v2\experiment5_localization\dataset\images\train\1179_0218716515_01_WRI-R1_F011.png,D:\projects\MediMind\ai-prediction-service\artifacts\fracture_v2\experiment5_localization\dataset\images\train\1179_0218716560_01_WRI-R2_F011.png,True,True,1,1,1,1,11.4,F,R,wrist,NONE
1182_01_WRI-R,PAT_GRAZ_1182,1182,GRAZPEDWRI-DX,train,1182_0413262128_01_WRI-R1_F010,1182_0413262164_01_WRI-R2_F010,D:\projects\MediMind\ai-prediction-service\artifacts\fracture_v2\experiment5_localization\dataset\images\train\1182_0413262128_01_WRI-R1_F010.png,D:\projects\MediMind\ai-prediction-service\artifacts\fracture_v2\experiment5_localization\dataset\images\train\1182_0413262164_01_WRI-R2_F010.png,True,True,1,1,1,1,10.2,F,R,wrist,NONE
1183_01_WRI-R,PAT_GRAZ_1183,1183,GRAZPEDWRI-DX,train,1183_0249590213_01_WRI-R1_M017,1183_0249590242_01_WRI-R2_M017,D:\projects\MediMind\ai-prediction-service\artifacts\fracture_v2\experiment5_localization\dataset\images\train\1183_0249590213_01_WRI-R1_M017.png,D:\projects\MediMind\ai-prediction-service\artifacts\fracture_v2\experiment5_localization\dataset\images\train\1183_0249590242_01_WRI-R2_M017.png,True,True,1,1,1,1,17.3,M,R,wrist,NONE
1184_01_WRI-L,PAT_GRAZ_1184,1184,GRAZPEDWRI-DX,train,1184_0879027595_01_WRI-L1_M009,1184_0879027659_01_WRI-L2_M009,D:\projects\MediMind\ai-prediction-service\artifacts\fracture_v2\experiment5_localization\dataset\images\train\1184_0879027595_01_WRI-L1_M009.png,D:\projects\MediMind\ai-prediction-service\artifacts\fracture_v2\experiment5_localization\dataset\images\train\1184_0879027659_01_WRI-L2_M009.png,True,True,1,1,1,1,9.8,M,L,wrist,NONE
1184_02_WRI-L,PAT_GRAZ_1184,1184,GRAZPEDWRI-DX,train,1184_0879357504_02_WRI-L1_M009,1184_0879357480_02_WRI-L2_M009,D:\projects\MediMind\ai-prediction-service\artifacts\fracture_v2\experiment5_localization\dataset\images\train\1184_0879357504_02_WRI-L1_M009.png,D:\projects\MediMind\ai-prediction-service\artifacts\fracture_v2\experiment5_localization\dataset\images\train\1184_0879357480_02_WRI-L2_M009.png,True,True,1,1,1,1,9.8,M,L,wrist,NONE
1185_01_WRI-L,PAT_GRAZ_1185,1185,GRAZPEDWRI-DX,train,1185_0826526582_01_WRI-L1_F010,1185_0826526602_01_WRI-L2_F010,D:\projects\MediMind\ai-prediction-service\artifacts\fracture_v2\experiment5_localization\dataset\images\train\1185_0826526582_01_WRI-L1_F010.png,D:\projects\MediMind\ai-prediction-service\artifacts\fracture_v2\experiment5_localization\dataset\images\train\1185_0826526602_01_WRI-L2_F010.png,True,True,1,1,1,1,10.0,F,L,wrist,NONE
1186_01_WRI-L,PAT_GRAZ_1186,1186,GRAZPEDWRI-DX,train,1186_0602497937_01_WRI-L1_M011,1186_0602497964_01_WRI-L2_M011,D:\projects\MediMind\ai-prediction-service\artifacts\fracture_v2\experiment5_localization\dataset\images\train\1186_0602497937_01_WRI-L1_M011.png,D:\projects\MediMind\ai-prediction-service\artifacts\fracture_v2\experiment5_localization\dataset\images\train\1186_0602497964_01_WRI-L2_M011.png,True,True,0,0,0,1,11.3,M,L,wrist,NONE
1187_01_WRI-L,PAT_GRAZ_1187,1187,GRAZPEDWRI-DX,train,1187_0643443209_01_WRI-L1_F016,1187_0643443242_01_WRI-L2_F016,D:\projects\MediMind\ai-prediction-service\artifacts\fracture_v2\experiment5_localization\dataset\images\train\1187_0643443209_01_WRI-L1_F016.png,D:\projects\MediMind\ai-prediction-service\artifacts\fracture_v2\experiment5_localization\dataset\images\train\1187_0643443242_01_WRI-L2_F016.png,True,True,1,1,1,1,16.7,F,L,wrist,NONE
1188_01_WRI-R,PAT_GRAZ_1188,1188,GRAZPEDWRI-DX,train,1188_0488135494_01_WRI-R1_M009,1188_0488135528_01_WRI-R2_M009,D:\projects\MediMind\ai-prediction-service\artifacts\fracture_v2\experiment5_localization\dataset\images\train\1188_0488135494_01_WRI-R1_M009.png,D:\projects\MediMind\ai-prediction-service\artifacts\fracture_v2\experiment5_localization\dataset\images\train\1188_0488135528_01_WRI-R2_M009.png,True,True,0,0,0,1,9.5,M,R,wrist,NONE
1188_02_WRI-L,PAT_GRAZ_1188,1188,GRAZPEDWRI-DX,train,1188_0559296573_02_WRI-L1_M011,1188_0559296639_02_WRI-L2_M011,D:\projects\MediMind\ai-prediction-service\artifacts\fracture_v2\experiment5_localization\dataset\images\train\1188_0559296573_02_WRI-L1_M011.png,D:\projects\MediMind\ai-prediction-service\artifacts\fracture_v2\experiment5_localization\dataset\images\train\1188_0559296639_02_WRI-L2_M011.png,True,True,0,0,0,1,11.8,M,L,wrist,NONE
1189_01_WRI-L,PAT_GRAZ_1189,1189,GRAZPEDWRI-DX,train,1189_0948646683_01_WRI-L1_F007,1189_0948646718_01_WRI-L2_F007,D:\projects\MediMind\ai-prediction-service\artifacts\fracture_v2\experiment5_localization\dataset\images\train\1189_0948646683_01_WRI-L1_F007.png,D:\projects\MediMind\ai-prediction-service\artifacts\fracture_v2\experiment5_localization\dataset\images\train\1189_0948646718_01_WRI-L2_F007.png,True,True,1,1,1,1,7.1,F,L,wrist,NONE
1192_01_WRI-R,PAT_GRAZ_1192,1192,GRAZPEDWRI-DX,train,1192_0390246914_01_WRI-R1_F001,1192_0390246982_01_WRI-R2_F001,D:\projects\MediMind\ai-prediction-service\artifacts\fracture_v2\experiment5_localization\dataset\images\train\1192_0390246914_01_WRI-R1_F001.png,D:\projects\MediMind\ai-prediction-service\artifacts\fracture_v2\experiment5_localization\dataset\images\train\1192_0390246982_01_WRI-R2_F001.png,True,True,0,0,0,1,1.8,F,R,wrist,NONE
1193_01_WRI-R,PAT_GRAZ_1193,1193,GRAZPEDWRI-DX,train,1193_0325360591_01_WRI-R1_F015,1193_0325360784_01_WRI-R2_F015,D:\projects\MediMind\ai-prediction-service\artifacts\fracture_v2\experiment5_localization\dataset\images\train\1193_0325360591_01_WRI-R1_F015.png,D:\projects\MediMind\ai-prediction-service\artifacts\fracture_v2\experiment5_localization\dataset\images\train\1193_0325360784_01_WRI-R2_F015.png,True,True,0,0,0,1,15.0,F,R,wrist,NONE
1194_01_WRI-L,PAT_GRAZ_1194,1194,GRAZPEDWRI-DX,train,1194_0483124757_01_WRI-L1_M015,1194_0483124805_01_WRI-L2_M015,D:\projects\MediMind\ai-prediction-service\artifacts\fracture_v2\experiment5_localization\dataset\images\train\1194_0483124757_01_WRI-L1_M015.png,D:\projects\MediMind\ai-prediction-service\artifacts\fracture_v2\experiment5_localization\dataset\images\train\1194_0483124805_01_WRI-L2_M015.png,True,True,0,0,0,1,15.1,M,L,wrist,NONE
1196_01_WRI-L,PAT_GRAZ_1196,1196,GRAZPEDWRI-DX,train,1196_0810111872_01_WRI-L1_F014,1196_0810111952_01_WRI-L2_F014,D:\projects\MediMind\ai-prediction-service\artifacts\fracture_v2\experiment5_localization\dataset\images\train\1196_0810111872_01_WRI-L1_F014.png,D:\projects\MediMind\ai-prediction-service\artifacts\fracture_v2\experiment5_localization\dataset\images\train\1196_0810111952_01_WRI-L2_F014.png,True,True,0,0,0,1,14.8,F,L,wrist,NONE
1196_02_WRI-R,PAT_GRAZ_1196,1196,GRAZPEDWRI-DX,train,1196_0868703897_02_WRI-R1_F016,1196_0868703939_02_WRI-R2_F016,D:\projects\MediMind\ai-prediction-service\artifacts\fracture_v2\experiment5_localization\dataset\images\train\1196_0868703897_02_WRI-R1_F016.png,D:\projects\MediMind\ai-prediction-service\artifacts\fracture_v2\experiment5_localization\dataset\images\train\1196_0868703939_02_WRI-R2_F016.png,True,True,0,0,0,1,16.7,F,R,wrist,NONE
1198_01_WRI-R,PAT_GRAZ_1198,1198,GRAZPEDWRI-DX,train,1198_1024038088_01_WRI-R1_M009,1198_1024038139_01_WRI-R2_M009,D:\projects\MediMind\ai-prediction-service\artifacts\fracture_v2\experiment5_localization\dataset\images\train\1198_1024038088_01_WRI-R1_M009.png,D:\projects\MediMind\ai-prediction-service\artifacts\fracture_v2\experiment5_localization\dataset\images\train\1198_1024038139_01_WRI-R2_M009.png,True,True,0,0,0,1,9.7,M,R,wrist,NONE
1199_01_WRI-L,PAT_GRAZ_1199,1199,GRAZPEDWRI-DX,train,1199_0559504148_01_WRI-L1_M014,1199_0559504181_01_WRI-L2_M014,D:\projects\MediMind\ai-prediction-service\artifacts\fracture_v2\experiment5_localization\dataset\images\train\1199_0559504148_01_WRI-L1_M014.png,D:\projects\MediMind\ai-prediction-service\artifacts\fracture_v2\experiment5_localization\dataset\images\train\1199_0559504181_01_WRI-L2_M014.png,True,True,1,1,1,1,14.0,M,L,wrist,NONE
1199_02_WRI-L,PAT_GRAZ_1199,1199,GRAZPEDWRI-DX,train,1199_0560098692_02_WRI-L1_M014,1199_0560098739_02_WRI-L2_M014,D:\projects\MediMind\ai-prediction-service\artifacts\fracture_v2\experiment5_localization\dataset\images\train\1199_0560098692_02_WRI-L1_M014.png,D:\projects\MediMind\ai-prediction-service\artifacts\fracture_v2\experiment5_localization\dataset\images\train\1199_0560098739_02_WRI-L2_M014.png,True,True,1,1,1,1,14.1,M,L,wrist,NONE
1199_03_WRI-L,PAT_GRAZ_1199,1199,GRAZPEDWRI-DX,train,1199_0560962002_03_WRI-L1_M014,1199_0560962043_03_WRI-L2_M014,D:\projects\MediMind\ai-prediction-service\artifacts\fracture_v2\experiment5_localization\dataset\images\train\1199_0560962002_03_WRI-L1_M014.png,D:\projects\MediMind\ai-prediction-service\artifacts\fracture_v2\experiment5_localization\dataset\images\train\1199_0560962043_03_WRI-L2_M014.png,True,True,1,1,1,1,14.1,M,L,wrist,NONE
1200_01_WRI-L,PAT_GRAZ_1200,1200,GRAZPEDWRI-DX,train,1200_0369580216_01_WRI-L1_M013,1200_0369580252_01_WRI-L2_M013,D:\projects\MediMind\ai-prediction-service\artifacts\fracture_v2\experiment5_localization\dataset\images\train\1200_0369580216_01_WRI-L1_M013.png,D:\projects\MediMind\ai-prediction-service\artifacts\fracture_v2\experiment5_localization\dataset\images\train\1200_0369580252_01_WRI-L2_M013.png,True,True,1,1,1,1,13.2,M,L,wrist,NONE
1200_02_WRI-L,PAT_GRAZ_1200,1200,GRAZPEDWRI-DX,train,1200_0370179692_02_WRI-L1_M013,1200_0370179732_02_WRI-L2_M013,D:\projects\MediMind\ai-prediction-service\artifacts\fracture_v2\experiment5_localization\dataset\images\train\1200_0370179692_02_WRI-L1_M013.png,D:\projects\MediMind\ai-prediction-service\artifacts\fracture_v2\experiment5_localization\dataset\images\train\1200_0370179732_02_WRI-L2_M013.png,True,True,1,1,1,1,13.3,M,L,wrist,NONE
1200_03_WRI-L,PAT_GRAZ_1200,1200,GRAZPEDWRI-DX,train,1200_0370776806_03_WRI-L1_M013,1200_0370776883_03_WRI-L2_M013,D:\projects\MediMind\ai-prediction-service\artifacts\fracture_v2\experiment5_localization\dataset\images\train\1200_0370776806_03_WRI-L1_M013.png,D:\projects\MediMind\ai-prediction-service\artifacts\fracture_v2\experiment5_localization\dataset\images\train\1200_0370776883_03_WRI-L2_M013.png,True,True,1,1,1,1,13.3,M,L,wrist,NONE
1201_01_WRI-R,PAT_GRAZ_1201,1201,GRAZPEDWRI-DX,train,1201_0699329836_01_WRI-R1_F011,1201_0699329902_01_WRI-R2_F011,D:\projects\MediMind\ai-prediction-service\artifacts\fracture_v2\experiment5_localization\dataset\images\train\1201_0699329836_01_WRI-R1_F011.png,D:\projects\MediMind\ai-prediction-service\artifacts\fracture_v2\experiment5_localization\dataset\images\train\1201_0699329902_01_WRI-R2_F011.png,True,True,0,0,0,1,11.5,F,R,wrist,NONE
1203_01_WRI-R,PAT_GRAZ_1203,1203,GRAZPEDWRI-DX,train,1203_0695364162_01_WRI-R1_F013,1203_0695364194_01_WRI-R2_F013,D:\projects\MediMind\ai-prediction-service\artifacts\fracture_v2\experiment5_localization\dataset\images\train\1203_0695364162_01_WRI-R1_F013.png,D:\projects\MediMind\ai-prediction-service\artifacts\fracture_v2\experiment5_localization\dataset\images\train\1203_0695364194_01_WRI-R2_F013.png,True,True,0,0,0,1,13.3,F,R,wrist,NONE
1207_01_WRI-R,PAT_GRAZ_1207,1207,GRAZPEDWRI-DX,train,1207_0833816224_01_WRI-R1_M001,1207_0833816281_01_WRI-R2_M001,D:\projects\MediMind\ai-prediction-service\artifacts\fracture_v2\experiment5_localization\dataset\images\train\1207_0833816224_01_WRI-R1_M001.png,D:\projects\MediMind\ai-prediction-service\artifacts\fracture_v2\experiment5_localization\dataset\images\train\1207_0833816281_01_WRI-R2_M001.png,True,True,1,1,1,1,1.0,M,R,wrist,NONE
1208_01_WRI-R,PAT_GRAZ_1208,1208,GRAZPEDWRI-DX,train,1208_0636553402_01_WRI-R1_F010,1208_0636553444_01_WRI-R2_F010,D:\projects\MediMind\ai-prediction-service\artifacts\fracture_v2\experiment5_localization\dataset\images\train\1208_0636553402_01_WRI-R1_F010.png,D:\projects\MediMind\ai-prediction-service\artifacts\fracture_v2\experiment5_localization\dataset\images\train\1208_0636553444_01_WRI-R2_F010.png,True,True,0,0,0,1,10.3,F,R,wrist,NONE
1209_01_WRI-R,PAT_GRAZ_1209,1209,GRAZPEDWRI-DX,train,1209_1038116437_01_WRI-R1_M013,1209_1038116468_01_WRI-R2_M013,D:\projects\MediMind\ai-prediction-service\artifacts\fracture_v2\experiment5_localization\dataset\images\train\1209_1038116437_01_WRI-R1_M013.png,D:\projects\MediMind\ai-prediction-service\artifacts\fracture_v2\experiment5_localization\dataset\images\train\1209_1038116468_01_WRI-R2_M013.png,True,True,1,1,1,1,13.0,M,R,wrist,NONE
1210_01_WRI-R,PAT_GRAZ_1210,1210,GRAZPEDWRI-DX,train,1210_1325712649_01_WRI-R1_F010,1210_1325712690_01_WRI-R2_F010,D:\projects\MediMind\ai-prediction-service\artifacts\fracture_v2\experiment5_localization\dataset\images\train\1210_1325712649_01_WRI-R1_F010.png,D:\projects\MediMind\ai-prediction-service\artifacts\fracture_v2\experiment5_localization\dataset\images\train\1210_1325712690_01_WRI-R2_F010.png,True,True,1,1,1,1,10.8,F,R,wrist,NONE
1212_01_WRI-R,PAT_GRAZ_1212,1212,GRAZPEDWRI-DX,train,1212_0192555283_01_WRI-R1_F010,1212_0192555343_01_WRI-R2_F010,D:\projects\MediMind\ai-prediction-service\artifacts\fracture_v2\experiment5_localization\dataset\images\train\1212_0192555283_01_WRI-R1_F010.png,D:\projects\MediMind\ai-prediction-service\artifacts\fracture_v2\experiment5_localization\dataset\images\train\1212_0192555343_01_WRI-R2_F010.png,True,True,0,1,1,0,10.4,F,R,wrist,NONE
1215_01_WRI-L,PAT_GRAZ_1215,1215,GRAZPEDWRI-DX,train,1215_1223424014_01_WRI-L1_F004,1215_1223424080_01_WRI-L2_F004,D:\projects\MediMind\ai-prediction-service\artifacts\fracture_v2\experiment5_localization\dataset\images\train\1215_1223424014_01_WRI-L1_F004.png,D:\projects\MediMind\ai-prediction-service\artifacts\fracture_v2\experiment5_localization\dataset\images\train\1215_1223424080_01_WRI-L2_F004.png,True,True,1,1,1,1,4.9,F,L,wrist,NONE
1215_02_WRI-L,PAT_GRAZ_1215,1215,GRAZPEDWRI-DX,train,1215_1224029170_02_WRI-L1_F005,1215_1224029244_02_WRI-L2_F005,D:\projects\MediMind\ai-prediction-service\artifacts\fracture_v2\experiment5_localization\dataset\images\train\1215_1224029170_02_WRI-L1_F005.png,D:\projects\MediMind\ai-prediction-service\artifacts\fracture_v2\experiment5_localization\dataset\images\train\1215_1224029244_02_WRI-L2_F005.png,True,True,1,1,1,1,5.0,F,L,wrist,NONE
1215_03_WRI-L,PAT_GRAZ_1215,1215,GRAZPEDWRI-DX,train,1215_1225314630_03_WRI-L1_F005,1215_1225314705_03_WRI-L2_F005,D:\projects\MediMind\ai-prediction-service\artifacts\fracture_v2\experiment5_localization\dataset\images\train\1215_1225314630_03_WRI-L1_F005.png,D:\projects\MediMind\ai-prediction-service\artifacts\fracture_v2\experiment5_localization\dataset\images\train\1215_1225314705_03_WRI-L2_F005.png,True,True,1,1,1,1,5.0,F,L,wrist,NONE
1216_01_WRI-R,PAT_GRAZ_1216,1216,GRAZPEDWRI-DX,train,1216_0656675180_01_WRI-R1_F012,1216_0656675267_01_WRI-R2_F012,D:\projects\MediMind\ai-prediction-service\artifacts\fracture_v2\experiment5_localization\dataset\images\train\1216_0656675180_01_WRI-R1_F012.png,D:\projects\MediMind\ai-prediction-service\artifacts\fracture_v2\experiment5_localization\dataset\images\train\1216_0656675267_01_WRI-R2_F012.png,True,True,0,0,0,1,12.4,F,R,wrist,NONE
1216_02_WRI-L,PAT_GRAZ_1216,1216,GRAZPEDWRI-DX,train,1216_0656678003_02_WRI-L1_F012,1216_0656678036_02_WRI-L2_F012,D:\projects\MediMind\ai-prediction-service\artifacts\fracture_v2\experiment5_localization\dataset\images\train\1216_0656678003_02_WRI-L1_F012.png,D:\projects\MediMind\ai-prediction-service\artifacts\fracture_v2\experiment5_localization\dataset\images\train\1216_0656678036_02_WRI-L2_F012.png,True,True,0,0,0,1,12.4,F,L,wrist,NONE
1221_01_WRI-L,PAT_GRAZ_1221,1221,GRAZPEDWRI-DX,train,1221_0320157028_01_WRI-L1_F012,1221_0320157071_01_WRI-L2_F012,D:\projects\MediMind\ai-prediction-service\artifacts\fracture_v2\experiment5_localization\dataset\images\train\1221_0320157028_01_WRI-L1_F012.png,D:\projects\MediMind\ai-prediction-service\artifacts\fracture_v2\experiment5_localization\dataset\images\train\1221_0320157071_01_WRI-L2_F012.png,True,True,0,0,0,1,12.7,F,L,wrist,NONE
1222_01_WRI-R,PAT_GRAZ_1222,1222,GRAZPEDWRI-DX,train,1222_0940008267_01_WRI-R1_F007,1222_0940008315_01_WRI-R2_F007,D:\projects\MediMind\ai-prediction-service\artifacts\fracture_v2\experiment5_localization\dataset\images\train\1222_0940008267_01_WRI-R1_F007.png,D:\projects\MediMind\ai-prediction-service\artifacts\fracture_v2\experiment5_localization\dataset\images\train\1222_0940008315_01_WRI-R2_F007.png,True,True,0,0,0,1,7.3,F,R,wrist,NONE
1223_01_WRI-L,PAT_GRAZ_1223,1223,GRAZPEDWRI-DX,train,1223_1137875026_01_WRI-L1_F011,1223_1137875094_01_WRI-L2_F011,D:\projects\MediMind\ai-prediction-service\artifacts\fracture_v2\experiment5_localization\dataset\images\train\1223_1137875026_01_WRI-L1_F011.png,D:\projects\MediMind\ai-prediction-service\artifacts\fracture_v2\experiment5_localization\dataset\images\train\1223_1137875094_01_WRI-L2_F011.png,True,True,0,0,0,1,11.2,F,L,wrist,NONE
1224_01_WRI-R,PAT_GRAZ_1224,1224,GRAZPEDWRI-DX,train,1224_1121568317_01_WRI-R1_F016,1224_1121568350_01_WRI-R2_F016,D:\projects\MediMind\ai-prediction-service\artifacts\fracture_v2\experiment5_localization\dataset\images\train\1224_1121568317_01_WRI-R1_F016.png,D:\projects\MediMind\ai-prediction-service\artifacts\fracture_v2\experiment5_localization\dataset\images\train\1224_1121568350_01_WRI-R2_F016.png,True,True,0,0,0,1,16.0,F,R,wrist,NONE
1225_01_WRI-L,PAT_GRAZ_1225,1225,GRAZPEDWRI-DX,train,1225_0733873522_01_WRI-L1_F012,1225_0733873551_01_WRI-L2_F012,D:\projects\MediMind\ai-prediction-service\artifacts\fracture_v2\experiment5_localization\dataset\images\train\1225_0733873522_01_WRI-L1_F012.png,D:\projects\MediMind\ai-prediction-service\artifacts\fracture_v2\experiment5_localization\dataset\images\train\1225_0733873551_01_WRI-L2_F012.png,True,True,0,0,0,1,12.2,F,L,wrist,NONE
1226_01_WRI-L,PAT_GRAZ_1226,1226,GRAZPEDWRI-DX,train,1226_0715562056_01_WRI-L1_F011,1226_0715562150_01_WRI-L2_F011,D:\projects\MediMind\ai-prediction-service\artifacts\fracture_v2\experiment5_localization\dataset\images\train\1226_0715562056_01_WRI-L1_F011.png,D:\projects\MediMind\ai-prediction-service\artifacts\fracture_v2\experiment5_localization\dataset\images\train\1226_0715562150_01_WRI-L2_F011.png,True,True,1,1,1,1,11.5,F,L,wrist,NONE
1226_02_WRI-L,PAT_GRAZ_1226,1226,GRAZPEDWRI-DX,train,1226_0715564587_02_WRI-L1_F011,1226_0715564634_02_WRI-L2_F011,D:\projects\MediMind\ai-prediction-service\artifacts\fracture_v2\experiment5_localization\dataset\images\train\1226_0715564587_02_WRI-L1_F011.png,D:\projects\MediMind\ai-prediction-service\artifacts\fracture_v2\experiment5_localization\dataset\images\train\1226_0715564634_02_WRI-L2_F011.png,True,True,1,1,1,1,11.5,F,L,wrist,NONE
1226_03_WRI-L,PAT_GRAZ_1226,1226,GRAZPEDWRI-DX,train,1226_0717020921_03_WRI-L1_F011,1226_0717020980_03_WRI-L2_F011,D:\projects\MediMind\ai-prediction-service\artifacts\fracture_v2\experiment5_localization\dataset\images\train\1226_0717020921_03_WRI-L1_F011.png,D:\projects\MediMind\ai-prediction-service\artifacts\fracture_v2\experiment5_localization\dataset\images\train\1226_0717020980_03_WRI-L2_F011.png,True,True,1,1,1,1,11.6,F,L,wrist,NONE
1229_01_WRI-R,PAT_GRAZ_1229,1229,GRAZPEDWRI-DX,train,1229_1267065369_01_WRI-R1_F015,1229_1267065410_01_WRI-R2_F015,D:\projects\MediMind\ai-prediction-service\artifacts\fracture_v2\experiment5_localization\dataset\images\train\1229_1267065369_01_WRI-R1_F015.png,D:\projects\MediMind\ai-prediction-service\artifacts\fracture_v2\experiment5_localization\dataset\images\train\1229_1267065410_01_WRI-R2_F015.png,True,True,0,0,0,1,15.9,F,R,wrist,NONE
1232_01_WRI-L,PAT_GRAZ_1232,1232,GRAZPEDWRI-DX,train,1232_0703550642_01_WRI-L1_M005,1232_0703550684_01_WRI-L2_M005,D:\projects\MediMind\ai-prediction-service\artifacts\fracture_v2\experiment5_localization\dataset\images\train\1232_0703550642_01_WRI-L1_M005.png,D:\projects\MediMind\ai-prediction-service\artifacts\fracture_v2\experiment5_localization\dataset\images\train\1232_0703550684_01_WRI-L2_M005.png,True,True,1,1,1,1,5.3,M,L,wrist,NONE
1232_02_WRI-L,PAT_GRAZ_1232,1232,GRAZPEDWRI-DX,train,1232_0705405867_02_WRI-L1_M005,1232_0705405896_02_WRI-L2_M005,D:\projects\MediMind\ai-prediction-service\artifacts\fracture_v2\experiment5_localization\dataset\images\train\1232_0705405867_02_WRI-L1_M005.png,D:\projects\MediMind\ai-prediction-service\artifacts\fracture_v2\experiment5_localization\dataset\images\train\1232_0705405896_02_WRI-L2_M005.png,True,True,1,1,1,1,5.4,M,L,wrist,NONE
1234_01_WRI-L,PAT_GRAZ_1234,1234,GRAZPEDWRI-DX,train,1234_0870509238_01_WRI-L1_F012,1234_0870509260_01_WRI-L2_F012,D:\projects\MediMind\ai-prediction-service\artifacts\fracture_v2\experiment5_localization\dataset\images\train\1234_0870509238_01_WRI-L1_F012.png,D:\projects\MediMind\ai-prediction-service\artifacts\fracture_v2\experiment5_localization\dataset\images\train\1234_0870509260_01_WRI-L2_F012.png,True,True,0,1,1,0,12.3,F,L,wrist,NONE
1235_01_WRI-R,PAT_GRAZ_1235,1235,GRAZPEDWRI-DX,train,1235_0625258952_01_WRI-R1_M011,1235_0625258990_01_WRI-R2_M011,D:\projects\MediMind\ai-prediction-service\artifacts\fracture_v2\experiment5_localization\dataset\images\train\1235_0625258952_01_WRI-R1_M011.png,D:\projects\MediMind\ai-prediction-service\artifacts\fracture_v2\experiment5_localization\dataset\images\train\1235_0625258990_01_WRI-R2_M011.png,True,True,0,0,0,1,11.8,M,R,wrist,NONE
1235_02_WRI-R,PAT_GRAZ_1235,1235,GRAZPEDWRI-DX,train,1235_0626375525_02_WRI-R1_M011,1235_0626375599_02_WRI-R2_M011,D:\projects\MediMind\ai-prediction-service\artifacts\fracture_v2\experiment5_localization\dataset\images\train\1235_0626375525_02_WRI-R1_M011.png,D:\projects\MediMind\ai-prediction-service\artifacts\fracture_v2\experiment5_localization\dataset\images\train\1235_0626375599_02_WRI-R2_M011.png,True,True,0,0,0,1,11.9,M,R,wrist,NONE
1235_03_WRI-R,PAT_GRAZ_1235,1235,GRAZPEDWRI-DX,train,1235_0627606191_03_WRI-R1_M011,1235_0627606222_03_WRI-R2_M011,D:\projects\MediMind\ai-prediction-service\artifacts\fracture_v2\experiment5_localization\dataset\images\train\1235_0627606191_03_WRI-R1_M011.png,D:\projects\MediMind\ai-prediction-service\artifacts\fracture_v2\experiment5_localization\dataset\images\train\1235_0627606222_03_WRI-R2_M011.png,True,True,0,0,0,1,11.9,M,R,wrist,NONE
1236_01_WRI-R,PAT_GRAZ_1236,1236,GRAZPEDWRI-DX,train,1236_0828259623_01_WRI-R1_M014,1236_0828259673_01_WRI-R2_M014,D:\projects\MediMind\ai-prediction-service\artifacts\fracture_v2\experiment5_localization\dataset\images\train\1236_0828259623_01_WRI-R1_M014.png,D:\projects\MediMind\ai-prediction-service\artifacts\fracture_v2\experiment5_localization\dataset\images\train\1236_0828259673_01_WRI-R2_M014.png,True,True,1,1,1,1,14.6,M,R,wrist,NONE
1236_02_WRI-R,PAT_GRAZ_1236,1236,GRAZPEDWRI-DX,train,1236_0829385451_02_WRI-R1_M014,1236_0829385474_02_WRI-R2_M014,D:\projects\MediMind\ai-prediction-service\artifacts\fracture_v2\experiment5_localization\dataset\images\train\1236_0829385451_02_WRI-R1_M014.png,D:\projects\MediMind\ai-prediction-service\artifacts\fracture_v2\experiment5_localization\dataset\images\train\1236_0829385474_02_WRI-R2_M014.png,True,True,1,1,1,1,14.6,M,R,wrist,NONE
1236_03_WRI-R,PAT_GRAZ_1236,1236,GRAZPEDWRI-DX,train,1236_0830424570_03_WRI-R1_M014,1236_0830424620_03_WRI-R2_M014,D:\projects\MediMind\ai-prediction-service\artifacts\fracture_v2\experiment5_localization\dataset\images\train\1236_0830424570_03_WRI-R1_M014.png,D:\projects\MediMind\ai-prediction-service\artifacts\fracture_v2\experiment5_localization\dataset\images\train\1236_0830424620_03_WRI-R2_M014.png,True,True,1,1,1,1,14.6,M,R,wrist,NONE
1237_01_WRI-L,PAT_GRAZ_1237,1237,GRAZPEDWRI-DX,train,1237_0692065553_01_WRI-L1_M007,1237_0692065631_01_WRI-L2_M007,D:\projects\MediMind\ai-prediction-service\artifacts\fracture_v2\experiment5_localization\dataset\images\train\1237_0692065553_01_WRI-L1_M007.png,D:\projects\MediMind\ai-prediction-service\artifacts\fracture_v2\experiment5_localization\dataset\images\train\1237_0692065631_01_WRI-L2_M007.png,True,True,0,0,0,1,7.2,M,L,wrist,NONE
1238_01_WRI-L,PAT_GRAZ_1238,1238,GRAZPEDWRI-DX,train,1238_0564260841_01_WRI-L1_M011,1238_0564260857_01_WRI-L2_M011,D:\projects\MediMind\ai-prediction-service\artifacts\fracture_v2\experiment5_localization\dataset\images\train\1238_0564260841_01_WRI-L1_M011.png,D:\projects\MediMind\ai-prediction-service\artifacts\fracture_v2\experiment5_localization\dataset\images\train\1238_0564260857_01_WRI-L2_M011.png,True,True,1,1,1,1,11.4,M,L,wrist,NONE
1239_01_WRI-R,PAT_GRAZ_1239,1239,GRAZPEDWRI-DX,train,1239_0201276099_01_WRI-R1_M015,1239_0201276117_01_WRI-R2_M015,D:\projects\MediMind\ai-prediction-service\artifacts\fracture_v2\experiment5_localization\dataset\images\train\1239_0201276099_01_WRI-R1_M015.png,D:\projects\MediMind\ai-prediction-service\artifacts\fracture_v2\experiment5_localization\dataset\images\train\1239_0201276117_01_WRI-R2_M015.png,True,True,0,0,0,1,15.3,M,R,wrist,NONE
1240_01_WRI-R,PAT_GRAZ_1240,1240,GRAZPEDWRI-DX,train,1240_0725800457_01_WRI-R1_F005,1240_0725800489_01_WRI-R2_F005,D:\projects\MediMind\ai-prediction-service\artifacts\fracture_v2\experiment5_localization\dataset\images\train\1240_0725800457_01_WRI-R1_F005.png,D:\projects\MediMind\ai-prediction-service\artifacts\fracture_v2\experiment5_localization\dataset\images\train\1240_0725800489_01_WRI-R2_F005.png,True,True,0,0,0,1,5.7,F,R,wrist,NONE
1241_01_WRI-R,PAT_GRAZ_1241,1241,GRAZPEDWRI-DX,train,1241_0746125768_01_WRI-R1_M009,1241_0746125784_01_WRI-R2_M009,D:\projects\MediMind\ai-prediction-service\artifacts\fracture_v2\experiment5_localization\dataset\images\train\1241_0746125768_01_WRI-R1_M009.png,D:\projects\MediMind\ai-prediction-service\artifacts\fracture_v2\experiment5_localization\dataset\images\train\1241_0746125784_01_WRI-R2_M009.png,True,True,1,1,1,1,9.6,M,R,wrist,NONE
1243_01_WRI-L,PAT_GRAZ_1243,1243,GRAZPEDWRI-DX,train,1243_0142050794_01_WRI-L1_M005,1243_0142050822_01_WRI-L2_M005,D:\projects\MediMind\ai-prediction-service\artifacts\fracture_v2\experiment5_localization\dataset\images\train\1243_0142050794_01_WRI-L1_M005.png,D:\projects\MediMind\ai-prediction-service\artifacts\fracture_v2\experiment5_localization\dataset\images\train\1243_0142050822_01_WRI-L2_M005.png,True,True,1,1,1,1,5.2,M,L,wrist,NONE
1247_01_WRI-R,PAT_GRAZ_1247,1247,GRAZPEDWRI-DX,train,1247_0469930544_01_WRI-R1_M013,1247_0469930713_01_WRI-R2_M013,D:\projects\MediMind\ai-prediction-service\artifacts\fracture_v2\experiment5_localization\dataset\images\train\1247_0469930544_01_WRI-R1_M013.png,D:\projects\MediMind\ai-prediction-service\artifacts\fracture_v2\experiment5_localization\dataset\images\train\1247_0469930713_01_WRI-R2_M013.png,True,True,0,0,0,1,13.3,M,R,wrist,NONE
1247_01_WRI-L,PAT_GRAZ_1247,1247,GRAZPEDWRI-DX,train,1247_0469930877_01_WRI-L1_M013,1247_0469930929_01_WRI-L2_M013,D:\projects\MediMind\ai-prediction-service\artifacts\fracture_v2\experiment5_localization\dataset\images\train\1247_0469930877_01_WRI-L1_M013.png,D:\projects\MediMind\ai-prediction-service\artifacts\fracture_v2\experiment5_localization\dataset\images\train\1247_0469930929_01_WRI-L2_M013.png,True,True,0,0,0,1,13.3,M,L,wrist,NONE
1249_01_WRI-L,PAT_GRAZ_1249,1249,GRAZPEDWRI-DX,train,1249_1053528918_01_WRI-L1_F004,1249_1053528956_01_WRI-L2_F004,D:\projects\MediMind\ai-prediction-service\artifacts\fracture_v2\experiment5_localization\dataset\images\train\1249_1053528918_01_WRI-L1_F004.png,D:\projects\MediMind\ai-prediction-service\artifacts\fracture_v2\experiment5_localization\dataset\images\train\1249_1053528956_01_WRI-L2_F004.png,True,True,1,1,1,1,4.3,F,L,wrist,NONE
1250_01_WRI-R,PAT_GRAZ_1250,1250,GRAZPEDWRI-DX,train,1250_0872315102_01_WRI-R1_F011,1250_0872315138_01_WRI-R2_F011,D:\projects\MediMind\ai-prediction-service\artifacts\fracture_v2\experiment5_localization\dataset\images\train\1250_0872315102_01_WRI-R1_F011.png,D:\projects\MediMind\ai-prediction-service\artifacts\fracture_v2\experiment5_localization\dataset\images\train\1250_0872315138_01_WRI-R2_F011.png,True,True,1,1,1,1,11.1,F,R,wrist,NONE
1250_02_WRI-R,PAT_GRAZ_1250,1250,GRAZPEDWRI-DX,train,1250_0872319875_02_WRI-R1_F011,1250_0872319932_02_WRI-R2_F011,D:\projects\MediMind\ai-prediction-service\artifacts\fracture_v2\experiment5_localization\dataset\images\train\1250_0872319875_02_WRI-R1_F011.png,D:\projects\MediMind\ai-prediction-service\artifacts\fracture_v2\experiment5_localization\dataset\images\train\1250_0872319932_02_WRI-R2_F011.png,True,True,1,1,1,1,11.1,F,R,wrist,NONE
1250_03_WRI-R,PAT_GRAZ_1250,1250,GRAZPEDWRI-DX,train,1250_0872897738_03_WRI-R1_F011,1250_0872897774_03_WRI-R2_F011,D:\projects\MediMind\ai-prediction-service\artifacts\fracture_v2\experiment5_localization\dataset\images\train\1250_0872897738_03_WRI-R1_F011.png,D:\projects\MediMind\ai-prediction-service\artifacts\fracture_v2\experiment5_localization\dataset\images\train\1250_0872897774_03_WRI-R2_F011.png,True,True,1,1,1,1,11.1,F,R,wrist,NONE
1250_04_WRI-R,PAT_GRAZ_1250,1250,GRAZPEDWRI-DX,train,1250_0873497874_04_WRI-R1_F011,1250_0873497916_04_WRI-R2_F011,D:\projects\MediMind\ai-prediction-service\artifacts\fracture_v2\experiment5_localization\dataset\images\train\1250_0873497874_04_WRI-R1_F011.png,D:\projects\MediMind\ai-prediction-service\artifacts\fracture_v2\experiment5_localization\dataset\images\train\1250_0873497916_04_WRI-R2_F011.png,True,True,1,1,1,1,11.1,F,R,wrist,NONE
1250_05_WRI-R,PAT_GRAZ_1250,1250,GRAZPEDWRI-DX,train,1250_0874610040_05_WRI-R1_F011,1250_0874610117_05_WRI-R2_F011,D:\projects\MediMind\ai-prediction-service\artifacts\fracture_v2\experiment5_localization\dataset\images\train\1250_0874610040_05_WRI-R1_F011.png,D:\projects\MediMind\ai-prediction-service\artifacts\fracture_v2\experiment5_localization\dataset\images\train\1250_0874610117_05_WRI-R2_F011.png,True,True,1,1,1,1,11.2,F,R,wrist,NONE
1251_01_WRI-R,PAT_GRAZ_1251,1251,GRAZPEDWRI-DX,train,1251_1008286465_01_WRI-R1_F011,1251_1008286500_01_WRI-R2_F011,D:\projects\MediMind\ai-prediction-service\artifacts\fracture_v2\experiment5_localization\dataset\images\train\1251_1008286465_01_WRI-R1_F011.png,D:\projects\MediMind\ai-prediction-service\artifacts\fracture_v2\experiment5_localization\dataset\images\train\1251_1008286500_01_WRI-R2_F011.png,True,True,0,0,0,1,11.3,F,R,wrist,NONE
1251_02_WRI-L,PAT_GRAZ_1251,1251,GRAZPEDWRI-DX,train,1251_1036381107_02_WRI-L1_F012,1251_1036381121_02_WRI-L2_F012,D:\projects\MediMind\ai-prediction-service\artifacts\fracture_v2\experiment5_localization\dataset\images\train\1251_1036381107_02_WRI-L1_F012.png,D:\projects\MediMind\ai-prediction-service\artifacts\fracture_v2\experiment5_localization\dataset\images\train\1251_1036381121_02_WRI-L2_F012.png,True,True,0,0,0,1,12.2,F,L,wrist,NONE
1254_01_WRI-R,PAT_GRAZ_1254,1254,GRAZPEDWRI-DX,train,1254_0771414248_01_WRI-R1_M009,1254_0771414135_01_WRI-R2_M009,D:\projects\MediMind\ai-prediction-service\artifacts\fracture_v2\experiment5_localization\dataset\images\train\1254_0771414248_01_WRI-R1_M009.png,D:\projects\MediMind\ai-prediction-service\artifacts\fracture_v2\experiment5_localization\dataset\images\train\1254_0771414135_01_WRI-R2_M009.png,True,True,1,1,1,1,9.9,M,R,wrist,NONE
1254_02_WRI-R,PAT_GRAZ_1254,1254,GRAZPEDWRI-DX,train,1254_0772001682_02_WRI-R1_M009,1254_0772001745_02_WRI-R2_M009,D:\projects\MediMind\ai-prediction-service\artifacts\fracture_v2\experiment5_localization\dataset\images\train\1254_0772001682_02_WRI-R1_M009.png,D:\projects\MediMind\ai-prediction-service\artifacts\fracture_v2\experiment5_localization\dataset\images\train\1254_0772001745_02_WRI-R2_M009.png,True,True,1,1,1,1,9.9,M,R,wrist,NONE
1254_03_WRI-R,PAT_GRAZ_1254,1254,GRAZPEDWRI-DX,train,1254_0772609137_03_WRI-R1_M009,1254_0772609277_03_WRI-R2_M009,D:\projects\MediMind\ai-prediction-service\artifacts\fracture_v2\experiment5_localization\dataset\images\train\1254_0772609137_03_WRI-R1_M009.png,D:\projects\MediMind\ai-prediction-service\artifacts\fracture_v2\experiment5_localization\dataset\images\train\1254_0772609277_03_WRI-R2_M009.png,True,True,1,1,1,1,9.9,M,R,wrist,NONE
1254_04_WRI-R,PAT_GRAZ_1254,1254,GRAZPEDWRI-DX,train,1254_0773211265_04_WRI-R1_M010,1254_0773211318_04_WRI-R2_M010,D:\projects\MediMind\ai-prediction-service\artifacts\fracture_v2\experiment5_localization\dataset\images\train\1254_0773211265_04_WRI-R1_M010.png,D:\projects\MediMind\ai-prediction-service\artifacts\fracture_v2\experiment5_localization\dataset\images\train\1254_0773211318_04_WRI-R2_M010.png,True,True,1,1,1,1,10.0,M,R,wrist,NONE
1254_05_WRI-R,PAT_GRAZ_1254,1254,GRAZPEDWRI-DX,train,1254_0774155465_05_WRI-R1_M010,1254_0774155502_05_WRI-R2_M010,D:\projects\MediMind\ai-prediction-service\artifacts\fracture_v2\experiment5_localization\dataset\images\train\1254_0774155465_05_WRI-R1_M010.png,D:\projects\MediMind\ai-prediction-service\artifacts\fracture_v2\experiment5_localization\dataset\images\train\1254_0774155502_05_WRI-R2_M010.png,True,True,1,1,1,1,10.0,M,R,wrist,NONE
1255_01_WRI-L,PAT_GRAZ_1255,1255,GRAZPEDWRI-DX,train,1255_0685664025_01_WRI-L1_F007,1255_0685664132_01_WRI-L2_F007,D:\projects\MediMind\ai-prediction-service\artifacts\fracture_v2\experiment5_localization\dataset\images\train\1255_0685664025_01_WRI-L1_F007.png,D:\projects\MediMind\ai-prediction-service\artifacts\fracture_v2\experiment5_localization\dataset\images\train\1255_0685664132_01_WRI-L2_F007.png,True,True,1,1,1,1,7.6,F,L,wrist,NONE
1255_02_WRI-L,PAT_GRAZ_1255,1255,GRAZPEDWRI-DX,train,1255_0686954784_02_WRI-L1_F007,1255_0686954817_02_WRI-L2_F007,D:\projects\MediMind\ai-prediction-service\artifacts\fracture_v2\experiment5_localization\dataset\images\train\1255_0686954784_02_WRI-L1_F007.png,D:\projects\MediMind\ai-prediction-service\artifacts\fracture_v2\experiment5_localization\dataset\images\train\1255_0686954817_02_WRI-L2_F007.png,True,True,1,1,1,1,7.6,F,L,wrist,NONE
1255_03_WRI-L,PAT_GRAZ_1255,1255,GRAZPEDWRI-DX,train,1255_0687811420_03_WRI-L1_F007,1255_0687811480_03_WRI-L2_F007,D:\projects\MediMind\ai-prediction-service\artifacts\fracture_v2\experiment5_localization\dataset\images\train\1255_0687811420_03_WRI-L1_F007.png,D:\projects\MediMind\ai-prediction-service\artifacts\fracture_v2\experiment5_localization\dataset\images\train\1255_0687811480_03_WRI-L2_F007.png,True,True,1,1,1,1,7.6,F,L,wrist,NONE
1258_01_WRI-R,PAT_GRAZ_1258,1258,GRAZPEDWRI-DX,train,1258_0309807289_01_WRI-R1_M016,1258_0309807333_01_WRI-R2_M016,D:\projects\MediMind\ai-prediction-service\artifacts\fracture_v2\experiment5_localization\dataset\images\train\1258_0309807289_01_WRI-R1_M016.png,D:\projects\MediMind\ai-prediction-service\artifacts\fracture_v2\experiment5_localization\dataset\images\train\1258_0309807333_01_WRI-R2_M016.png,True,True,0,0,0,1,16.7,M,R,wrist,NONE
1261_01_WRI-R,PAT_GRAZ_1261,1261,GRAZPEDWRI-DX,train,1261_0294888151_01_WRI-R1_M012,1261_0294888209_01_WRI-R2_M012,D:\projects\MediMind\ai-prediction-service\artifacts\fracture_v2\experiment5_localization\dataset\images\train\1261_0294888151_01_WRI-R1_M012.png,D:\projects\MediMind\ai-prediction-service\artifacts\fracture_v2\experiment5_localization\dataset\images\train\1261_0294888209_01_WRI-R2_M012.png,True,True,1,1,1,1,12.9,M,R,wrist,NONE
1262_01_WRI-R,PAT_GRAZ_1262,1262,GRAZPEDWRI-DX,train,1262_0206304347_01_WRI-R1_F008,1262_0206304380_01_WRI-R2_F008,D:\projects\MediMind\ai-prediction-service\artifacts\fracture_v2\experiment5_localization\dataset\images\train\1262_0206304347_01_WRI-R1_F008.png,D:\projects\MediMind\ai-prediction-service\artifacts\fracture_v2\experiment5_localization\dataset\images\train\1262_0206304380_01_WRI-R2_F008.png,True,True,0,0,0,1,8.6,F,R,wrist,NONE
1263_01_WRI-R,PAT_GRAZ_1263,1263,GRAZPEDWRI-DX,train,1263_0952914152_01_WRI-R1_F012,1263_0952914211_01_WRI-R2_F012,D:\projects\MediMind\ai-prediction-service\artifacts\fracture_v2\experiment5_localization\dataset\images\train\1263_0952914152_01_WRI-R1_F012.png,D:\projects\MediMind\ai-prediction-service\artifacts\fracture_v2\experiment5_localization\dataset\images\train\1263_0952914211_01_WRI-R2_F012.png,True,True,1,1,1,1,12.1,F,R,wrist,NONE
1263_02_WRI-R,PAT_GRAZ_1263,1263,GRAZPEDWRI-DX,train,1263_0953509468_02_WRI-R1_F012,1263_0953509496_02_WRI-R2_F012,D:\projects\MediMind\ai-prediction-service\artifacts\fracture_v2\experiment5_localization\dataset\images\train\1263_0953509468_02_WRI-R1_F012.png,D:\projects\MediMind\ai-prediction-service\artifacts\fracture_v2\experiment5_localization\dataset\images\train\1263_0953509496_02_WRI-R2_F012.png,True,True,1,1,1,1,12.1,F,R,wrist,NONE
1263_03_WRI-R,PAT_GRAZ_1263,1263,GRAZPEDWRI-DX,train,1263_0954115781_03_WRI-R1_F012,1263_0954115806_03_WRI-R2_F012,D:\projects\MediMind\ai-prediction-service\artifacts\fracture_v2\experiment5_localization\dataset\images\train\1263_0954115781_03_WRI-R1_F012.png,D:\projects\MediMind\ai-prediction-service\artifacts\fracture_v2\experiment5_localization\dataset\images\train\1263_0954115806_03_WRI-R2_F012.png,True,True,1,1,1,1,12.1,F,R,wrist,NONE
1263_04_WRI-R,PAT_GRAZ_1263,1263,GRAZPEDWRI-DX,train,1263_0954717389_04_WRI-R1_F012,1263_0954717435_04_WRI-R2_F012,D:\projects\MediMind\ai-prediction-service\artifacts\fracture_v2\experiment5_localization\dataset\images\train\1263_0954717389_04_WRI-R1_F012.png,D:\projects\MediMind\ai-prediction-service\artifacts\fracture_v2\experiment5_localization\dataset\images\train\1263_0954717435_04_WRI-R2_F012.png,True,True,1,1,1,1,12.1,F,R,wrist,NONE
1264_01_WRI-R,PAT_GRAZ_1264,1264,GRAZPEDWRI-DX,train,1264_0211544154_01_WRI-R1_M015,1264_0211544197_01_WRI-R2_M015,D:\projects\MediMind\ai-prediction-service\artifacts\fracture_v2\experiment5_localization\dataset\images\train\1264_0211544154_01_WRI-R1_M015.png,D:\projects\MediMind\ai-prediction-service\artifacts\fracture_v2\experiment5_localization\dataset\images\train\1264_0211544197_01_WRI-R2_M015.png,True,True,1,1,1,1,15.6,M,R,wrist,NONE
1264_02_WRI-R,PAT_GRAZ_1264,1264,GRAZPEDWRI-DX,train,1264_0213319278_02_WRI-R1_M015,1264_0213319334_02_WRI-R2_M015,D:\projects\MediMind\ai-prediction-service\artifacts\fracture_v2\experiment5_localization\dataset\images\train\1264_0213319278_02_WRI-R1_M015.png,D:\projects\MediMind\ai-prediction-service\artifacts\fracture_v2\experiment5_localization\dataset\images\train\1264_0213319334_02_WRI-R2_M015.png,True,True,1,1,1,1,15.6,M,R,wrist,NONE
1265_01_WRI-L,PAT_GRAZ_1265,1265,GRAZPEDWRI-DX,train,1265_0758945078_01_WRI-L1_F006,1265_0758945122_01_WRI-L2_F006,D:\projects\MediMind\ai-prediction-service\artifacts\fracture_v2\experiment5_localization\dataset\images\train\1265_0758945078_01_WRI-L1_F006.png,D:\projects\MediMind\ai-prediction-service\artifacts\fracture_v2\experiment5_localization\dataset\images\train\1265_0758945122_01_WRI-L2_F006.png,True,True,0,0,0,1,6.1,F,L,wrist,NONE
1267_01_WRI-R,PAT_GRAZ_1267,1267,GRAZPEDWRI-DX,train,1267_0942530050_01_WRI-R1_M010,1267_0942530089_01_WRI-R2_M010,D:\projects\MediMind\ai-prediction-service\artifacts\fracture_v2\experiment5_localization\dataset\images\train\1267_0942530050_01_WRI-R1_M010.png,D:\projects\MediMind\ai-prediction-service\artifacts\fracture_v2\experiment5_localization\dataset\images\train\1267_0942530089_01_WRI-R2_M010.png,True,True,0,0,0,1,10.8,M,R,wrist,NONE
1269_01_WRI-L,PAT_GRAZ_1269,1269,GRAZPEDWRI-DX,train,1269_1307484387_01_WRI-L1_F012,1269_1307484440_01_WRI-L2_F012,D:\projects\MediMind\ai-prediction-service\artifacts\fracture_v2\experiment5_localization\dataset\images\train\1269_1307484387_01_WRI-L1_F012.png,D:\projects\MediMind\ai-prediction-service\artifacts\fracture_v2\experiment5_localization\dataset\images\train\1269_1307484440_01_WRI-L2_F012.png,True,True,0,0,0,1,12.5,F,L,wrist,NONE
1270_01_WRI-R,PAT_GRAZ_1270,1270,GRAZPEDWRI-DX,train,1270_0959831665_01_WRI-R1_M014,1270_0959831711_01_WRI-R2_M014,D:\projects\MediMind\ai-prediction-service\artifacts\fracture_v2\experiment5_localization\dataset\images\train\1270_0959831665_01_WRI-R1_M014.png,D:\projects\MediMind\ai-prediction-service\artifacts\fracture_v2\experiment5_localization\dataset\images\train\1270_0959831711_01_WRI-R2_M014.png,True,True,0,0,0,1,14.7,M,R,wrist,NONE
1271_01_WRI-L,PAT_GRAZ_1271,1271,GRAZPEDWRI-DX,train,1271_1128961909_01_WRI-L1_F008,1271_1128961945_01_WRI-L2_F008,D:\projects\MediMind\ai-prediction-service\artifacts\fracture_v2\experiment5_localization\dataset\images\train\1271_1128961909_01_WRI-L1_F008.png,D:\projects\MediMind\ai-prediction-service\artifacts\fracture_v2\experiment5_localization\dataset\images\train\1271_1128961945_01_WRI-L2_F008.png,True,True,1,1,1,1,8.2,F,L,wrist,NONE
1273_01_WRI-R,PAT_GRAZ_1273,1273,GRAZPEDWRI-DX,train,1273_0728391268_01_WRI-R1_F004,1273_0728391294_01_WRI-R2_F004,D:\projects\MediMind\ai-prediction-service\artifacts\fracture_v2\experiment5_localization\dataset\images\train\1273_0728391268_01_WRI-R1_F004.png,D:\projects\MediMind\ai-prediction-service\artifacts\fracture_v2\experiment5_localization\dataset\images\train\1273_0728391294_01_WRI-R2_F004.png,True,True,1,1,1,1,4.3,F,R,wrist,NONE
1276_01_WRI-R,PAT_GRAZ_1276,1276,GRAZPEDWRI-DX,train,1276_0412272183_01_WRI-R1_F010,1276_0412272223_01_WRI-R2_F010,D:\projects\MediMind\ai-prediction-service\artifacts\fracture_v2\experiment5_localization\dataset\images\train\1276_0412272183_01_WRI-R1_F010.png,D:\projects\MediMind\ai-prediction-service\artifacts\fracture_v2\experiment5_localization\dataset\images\train\1276_0412272223_01_WRI-R2_F010.png,True,True,0,0,0,1,10.6,F,R,wrist,NONE
1279_01_WRI-L,PAT_GRAZ_1279,1279,GRAZPEDWRI-DX,train,1279_0451529107_01_WRI-L1_F007,1279_0451529211_01_WRI-L2_F007,D:\projects\MediMind\ai-prediction-service\artifacts\fracture_v2\experiment5_localization\dataset\images\train\1279_0451529107_01_WRI-L1_F007.png,D:\projects\MediMind\ai-prediction-service\artifacts\fracture_v2\experiment5_localization\dataset\images\train\1279_0451529211_01_WRI-L2_F007.png,True,True,1,1,1,1,7.2,F,L,wrist,NONE
1279_02_WRI-L,PAT_GRAZ_1279,1279,GRAZPEDWRI-DX,train,1279_0451532068_02_WRI-L1_F007,1279_0451532134_02_WRI-L2_F007,D:\projects\MediMind\ai-prediction-service\artifacts\fracture_v2\experiment5_localization\dataset\images\train\1279_0451532068_02_WRI-L1_F007.png,D:\projects\MediMind\ai-prediction-service\artifacts\fracture_v2\experiment5_localization\dataset\images\train\1279_0451532134_02_WRI-L2_F007.png,True,True,1,1,1,1,7.2,F,L,wrist,NONE
1281_01_WRI-R,PAT_GRAZ_1281,1281,GRAZPEDWRI-DX,train,1281_0617111285_01_WRI-R1_M015,1281_0617111316_01_WRI-R2_M015,D:\projects\MediMind\ai-prediction-service\artifacts\fracture_v2\experiment5_localization\dataset\images\train\1281_0617111285_01_WRI-R1_M015.png,D:\projects\MediMind\ai-prediction-service\artifacts\fracture_v2\experiment5_localization\dataset\images\train\1281_0617111316_01_WRI-R2_M015.png,True,True,0,0,0,1,15.0,M,R,wrist,NONE
1282_01_WRI-L,PAT_GRAZ_1282,1282,GRAZPEDWRI-DX,train,1282_0331440181_01_WRI-L1_M001,1282_0331440227_01_WRI-L2_M001,D:\projects\MediMind\ai-prediction-service\artifacts\fracture_v2\experiment5_localization\dataset\images\train\1282_0331440181_01_WRI-L1_M001.png,D:\projects\MediMind\ai-prediction-service\artifacts\fracture_v2\experiment5_localization\dataset\images\train\1282_0331440227_01_WRI-L2_M001.png,True,True,1,1,1,1,1.3,M,L,wrist,NONE
1284_01_WRI-L,PAT_GRAZ_1284,1284,GRAZPEDWRI-DX,train,1284_0363502358_01_WRI-L1_M010,1284_0363502429_01_WRI-L2_M010,D:\projects\MediMind\ai-prediction-service\artifacts\fracture_v2\experiment5_localization\dataset\images\train\1284_0363502358_01_WRI-L1_M010.png,D:\projects\MediMind\ai-prediction-service\artifacts\fracture_v2\experiment5_localization\dataset\images\train\1284_0363502429_01_WRI-L2_M010.png,True,True,1,1,1,1,10.7,M,L,wrist,NONE
1284_02_WRI-L,PAT_GRAZ_1284,1284,GRAZPEDWRI-DX,train,1284_0363984602_02_WRI-L1_M010,1284_0363984630_02_WRI-L2_M010,D:\projects\MediMind\ai-prediction-service\artifacts\fracture_v2\experiment5_localization\dataset\images\train\1284_0363984602_02_WRI-L1_M010.png,D:\projects\MediMind\ai-prediction-service\artifacts\fracture_v2\experiment5_localization\dataset\images\train\1284_0363984630_02_WRI-L2_M010.png,True,True,1,1,1,1,10.7,M,L,wrist,NONE
1284_03_WRI-L,PAT_GRAZ_1284,1284,GRAZPEDWRI-DX,train,1284_0364674111_03_WRI-L1_M010,1284_0364674140_03_WRI-L2_M010,D:\projects\MediMind\ai-prediction-service\artifacts\fracture_v2\experiment5_localization\dataset\images\train\1284_0364674111_03_WRI-L1_M010.png,D:\projects\MediMind\ai-prediction-service\artifacts\fracture_v2\experiment5_localization\dataset\images\train\1284_0364674140_03_WRI-L2_M010.png,True,True,1,1,1,1,10.7,M,L,wrist,NONE
1284_04_WRI-L,PAT_GRAZ_1284,1284,GRAZPEDWRI-DX,train,1284_0365288310_04_WRI-L1_M010,1284_0365288370_04_WRI-L2_M010,D:\projects\MediMind\ai-prediction-service\artifacts\fracture_v2\experiment5_localization\dataset\images\train\1284_0365288310_04_WRI-L1_M010.png,D:\projects\MediMind\ai-prediction-service\artifacts\fracture_v2\experiment5_localization\dataset\images\train\1284_0365288370_04_WRI-L2_M010.png,True,True,1,1,1,1,10.7,M,L,wrist,NONE
1284_05_WRI-L,PAT_GRAZ_1284,1284,GRAZPEDWRI-DX,train,1284_0366490406_05_WRI-L1_M010,1284_0366490476_05_WRI-L2_M010,D:\projects\MediMind\ai-prediction-service\artifacts\fracture_v2\experiment5_localization\dataset\images\train\1284_0366490406_05_WRI-L1_M010.png,D:\projects\MediMind\ai-prediction-service\artifacts\fracture_v2\experiment5_localization\dataset\images\train\1284_0366490476_05_WRI-L2_M010.png,True,True,1,1,1,1,10.8,M,L,wrist,NONE
1285_01_WRI-L,PAT_GRAZ_1285,1285,GRAZPEDWRI-DX,train,1285_0684299283_01_WRI-L1_M005,1285_0684299342_01_WRI-L2_M005,D:\projects\MediMind\ai-prediction-service\artifacts\fracture_v2\experiment5_localization\dataset\images\train\1285_0684299283_01_WRI-L1_M005.png,D:\projects\MediMind\ai-prediction-service\artifacts\fracture_v2\experiment5_localization\dataset\images\train\1285_0684299342_01_WRI-L2_M005.png,True,True,1,1,1,1,5.1,M,L,wrist,NONE
1285_02_WRI-L,PAT_GRAZ_1285,1285,GRAZPEDWRI-DX,train,1285_0691983355_02_WRI-L1_M005,1285_0691983381_02_WRI-L2_M005,D:\projects\MediMind\ai-prediction-service\artifacts\fracture_v2\experiment5_localization\dataset\images\train\1285_0691983355_02_WRI-L1_M005.png,D:\projects\MediMind\ai-prediction-service\artifacts\fracture_v2\experiment5_localization\dataset\images\train\1285_0691983381_02_WRI-L2_M005.png,True,True,1,1,1,1,5.3,M,L,wrist,NONE
1286_01_WRI-L,PAT_GRAZ_1286,1286,GRAZPEDWRI-DX,train,1286_1128274422_01_WRI-L1_M003,1286_1128274503_01_WRI-L2_M003,D:\projects\MediMind\ai-prediction-service\artifacts\fracture_v2\experiment5_localization\dataset\images\train\1286_1128274422_01_WRI-L1_M003.png,D:\projects\MediMind\ai-prediction-service\artifacts\fracture_v2\experiment5_localization\dataset\images\train\1286_1128274503_01_WRI-L2_M003.png,True,True,1,1,1,1,3.2,M,L,wrist,NONE
1286_02_WRI-L,PAT_GRAZ_1286,1286,GRAZPEDWRI-DX,train,1286_1129310059_02_WRI-L1_M003,1286_1129310131_02_WRI-L2_M003,D:\projects\MediMind\ai-prediction-service\artifacts\fracture_v2\experiment5_localization\dataset\images\train\1286_1129310059_02_WRI-L1_M003.png,D:\projects\MediMind\ai-prediction-service\artifacts\fracture_v2\experiment5_localization\dataset\images\train\1286_1129310131_02_WRI-L2_M003.png,True,True,1,1,1,1,3.2,M,L,wrist,NONE
1287_01_WRI-L,PAT_GRAZ_1287,1287,GRAZPEDWRI-DX,train,1287_0729264206_01_WRI-L1_F005,1287_0729264255_01_WRI-L2_F005,D:\projects\MediMind\ai-prediction-service\artifacts\fracture_v2\experiment5_localization\dataset\images\train\1287_0729264206_01_WRI-L1_F005.png,D:\projects\MediMind\ai-prediction-service\artifacts\fracture_v2\experiment5_localization\dataset\images\train\1287_0729264255_01_WRI-L2_F005.png,True,True,1,1,1,1,5.6,F,L,wrist,NONE
1288_01_WRI-L,PAT_GRAZ_1288,1288,GRAZPEDWRI-DX,train,1288_0754420700_01_WRI-L1_F004,1288_0754420744_01_WRI-L2_F004,D:\projects\MediMind\ai-prediction-service\artifacts\fracture_v2\experiment5_localization\dataset\images\train\1288_0754420700_01_WRI-L1_F004.png,D:\projects\MediMind\ai-prediction-service\artifacts\fracture_v2\experiment5_localization\dataset\images\train\1288_0754420744_01_WRI-L2_F004.png,True,True,1,1,1,1,4.0,F,L,wrist,NONE
1290_01_WRI-R,PAT_GRAZ_1290,1290,GRAZPEDWRI-DX,train,1290_0564885550_01_WRI-R1_F012,1290_0564885580_01_WRI-R2_F012,D:\projects\MediMind\ai-prediction-service\artifacts\fracture_v2\experiment5_localization\dataset\images\train\1290_0564885550_01_WRI-R1_F012.png,D:\projects\MediMind\ai-prediction-service\artifacts\fracture_v2\experiment5_localization\dataset\images\train\1290_0564885580_01_WRI-R2_F012.png,True,True,1,1,1,1,12.4,F,R,wrist,NONE
1290_02_WRI-L,PAT_GRAZ_1290,1290,GRAZPEDWRI-DX,train,1290_0587351106_02_WRI-L1_F013,1290_0587351129_02_WRI-L2_F013,D:\projects\MediMind\ai-prediction-service\artifacts\fracture_v2\experiment5_localization\dataset\images\train\1290_0587351106_02_WRI-L1_F013.png,D:\projects\MediMind\ai-prediction-service\artifacts\fracture_v2\experiment5_localization\dataset\images\train\1290_0587351129_02_WRI-L2_F013.png,True,True,1,1,1,1,13.1,F,L,wrist,NONE
1292_01_WRI-R,PAT_GRAZ_1292,1292,GRAZPEDWRI-DX,train,1292_0598214119_01_WRI-R1_F009,1292_0598214146_01_WRI-R2_F009,D:\projects\MediMind\ai-prediction-service\artifacts\fracture_v2\experiment5_localization\dataset\images\train\1292_0598214119_01_WRI-R1_F009.png,D:\projects\MediMind\ai-prediction-service\artifacts\fracture_v2\experiment5_localization\dataset\images\train\1292_0598214146_01_WRI-R2_F009.png,True,True,0,0,0,1,9.7,F,R,wrist,NONE
1294_01_WRI-L,PAT_GRAZ_1294,1294,GRAZPEDWRI-DX,train,1294_1055410051_01_WRI-L1_M010,1294_1055410070_01_WRI-L2_M010,D:\projects\MediMind\ai-prediction-service\artifacts\fracture_v2\experiment5_localization\dataset\images\train\1294_1055410051_01_WRI-L1_M010.png,D:\projects\MediMind\ai-prediction-service\artifacts\fracture_v2\experiment5_localization\dataset\images\train\1294_1055410070_01_WRI-L2_M010.png,True,True,1,1,1,1,10.0,M,L,wrist,NONE
1295_01_WRI-L,PAT_GRAZ_1295,1295,GRAZPEDWRI-DX,train,1295_0919246878_01_WRI-L1_F005,1295_0919246907_01_WRI-L2_F005,D:\projects\MediMind\ai-prediction-service\artifacts\fracture_v2\experiment5_localization\dataset\images\train\1295_0919246878_01_WRI-L1_F005.png,D:\projects\MediMind\ai-prediction-service\artifacts\fracture_v2\experiment5_localization\dataset\images\train\1295_0919246907_01_WRI-L2_F005.png,True,True,0,0,0,1,5.4,F,L,wrist,NONE
1296_01_WRI-L,PAT_GRAZ_1296,1296,GRAZPEDWRI-DX,train,1296_0590400053_01_WRI-L1_F005,1296_0590400222_01_WRI-L2_F005,D:\projects\MediMind\ai-prediction-service\artifacts\fracture_v2\experiment5_localization\dataset\images\train\1296_0590400053_01_WRI-L1_F005.png,D:\projects\MediMind\ai-prediction-service\artifacts\fracture_v2\experiment5_localization\dataset\images\train\1296_0590400222_01_WRI-L2_F005.png,True,True,0,0,0,1,5.5,F,L,wrist,NONE
1297_01_WRI-R,PAT_GRAZ_1297,1297,GRAZPEDWRI-DX,train,1297_0544497588_01_WRI-R1_F006,1297_0544497627_01_WRI-R2_F006,D:\projects\MediMind\ai-prediction-service\artifacts\fracture_v2\experiment5_localization\dataset\images\train\1297_0544497588_01_WRI-R1_F006.png,D:\projects\MediMind\ai-prediction-service\artifacts\fracture_v2\experiment5_localization\dataset\images\train\1297_0544497627_01_WRI-R2_F006.png,True,True,0,0,0,1,6.8,F,R,wrist,NONE
1298_03_WRI-R,PAT_GRAZ_1298,1298,GRAZPEDWRI-DX,train,1298_1098297136_03_WRI-R1_M014,1298_1098297183_03_WRI-R2_M014,D:\projects\MediMind\ai-prediction-service\artifacts\fracture_v2\experiment5_localization\dataset\images\train\1298_1098297136_03_WRI-R1_M014.png,D:\projects\MediMind\ai-prediction-service\artifacts\fracture_v2\experiment5_localization\dataset\images\train\1298_1098297183_03_WRI-R2_M014.png,True,True,1,1,1,1,14.5,M,R,wrist,NONE
1301_01_WRI-R,PAT_GRAZ_1301,1301,GRAZPEDWRI-DX,train,1301_0483700441_01_WRI-R1_F010,1301_0483700472_01_WRI-R2_F010,D:\projects\MediMind\ai-prediction-service\artifacts\fracture_v2\experiment5_localization\dataset\images\train\1301_0483700441_01_WRI-R1_F010.png,D:\projects\MediMind\ai-prediction-service\artifacts\fracture_v2\experiment5_localization\dataset\images\train\1301_0483700472_01_WRI-R2_F010.png,True,True,0,0,0,1,10.1,F,R,wrist,NONE
1305_01_WRI-L,PAT_GRAZ_1305,1305,GRAZPEDWRI-DX,train,1305_0106304772_01_WRI-L1_M015,1305_0106304795_01_WRI-L2_M015,D:\projects\MediMind\ai-prediction-service\artifacts\fracture_v2\experiment5_localization\dataset\images\train\1305_0106304772_01_WRI-L1_M015.png,D:\projects\MediMind\ai-prediction-service\artifacts\fracture_v2\experiment5_localization\dataset\images\train\1305_0106304795_01_WRI-L2_M015.png,True,True,0,0,0,1,15.5,M,L,wrist,NONE
1307_02_WRI-R,PAT_GRAZ_1307,1307,GRAZPEDWRI-DX,train,1307_0978253104_02_WRI-R1_M017,1307_0978253167_02_WRI-R2_M017,D:\projects\MediMind\ai-prediction-service\artifacts\fracture_v2\experiment5_localization\dataset\images\train\1307_0978253104_02_WRI-R1_M017.png,D:\projects\MediMind\ai-prediction-service\artifacts\fracture_v2\experiment5_localization\dataset\images\train\1307_0978253167_02_WRI-R2_M017.png,True,True,0,0,0,1,17.8,M,R,wrist,NONE
1309_01_WRI-R,PAT_GRAZ_1309,1309,GRAZPEDWRI-DX,train,1309_0670194872_01_WRI-R1_M012,1309_0670194953_01_WRI-R2_M012,D:\projects\MediMind\ai-prediction-service\artifacts\fracture_v2\experiment5_localization\dataset\images\train\1309_0670194872_01_WRI-R1_M012.png,D:\projects\MediMind\ai-prediction-service\artifacts\fracture_v2\experiment5_localization\dataset\images\train\1309_0670194953_01_WRI-R2_M012.png,True,True,0,1,1,0,12.1,M,R,wrist,NONE
1309_02_WRI-R,PAT_GRAZ_1309,1309,GRAZPEDWRI-DX,train,1309_0671231150_02_WRI-R1_M012,1309_0671231212_02_WRI-R2_M012,D:\projects\MediMind\ai-prediction-service\artifacts\fracture_v2\experiment5_localization\dataset\images\train\1309_0671231150_02_WRI-R1_M012.png,D:\projects\MediMind\ai-prediction-service\artifacts\fracture_v2\experiment5_localization\dataset\images\train\1309_0671231212_02_WRI-R2_M012.png,True,True,1,1,1,1,12.1,M,R,wrist,NONE
1310_01_WRI-R,PAT_GRAZ_1310,1310,GRAZPEDWRI-DX,train,1310_0983609557_01_WRI-R1_F012,1310_0983609589_01_WRI-R2_F012,D:\projects\MediMind\ai-prediction-service\artifacts\fracture_v2\experiment5_localization\dataset\images\train\1310_0983609557_01_WRI-R1_F012.png,D:\projects\MediMind\ai-prediction-service\artifacts\fracture_v2\experiment5_localization\dataset\images\train\1310_0983609589_01_WRI-R2_F012.png,True,True,0,0,0,1,12.7,F,R,wrist,NONE
1311_01_WRI-L,PAT_GRAZ_1311,1311,GRAZPEDWRI-DX,train,1311_0913698909_01_WRI-L1_M006,1311_0913698949_01_WRI-L2_M006,D:\projects\MediMind\ai-prediction-service\artifacts\fracture_v2\experiment5_localization\dataset\images\train\1311_0913698909_01_WRI-L1_M006.png,D:\projects\MediMind\ai-prediction-service\artifacts\fracture_v2\experiment5_localization\dataset\images\train\1311_0913698949_01_WRI-L2_M006.png,True,True,1,1,1,1,6.1,M,L,wrist,NONE
1311_02_WRI-L,PAT_GRAZ_1311,1311,GRAZPEDWRI-DX,train,1311_0913703578_02_WRI-L1_M006,1311_0913703614_02_WRI-L2_M006,D:\projects\MediMind\ai-prediction-service\artifacts\fracture_v2\experiment5_localization\dataset\images\train\1311_0913703578_02_WRI-L1_M006.png,D:\projects\MediMind\ai-prediction-service\artifacts\fracture_v2\experiment5_localization\dataset\images\train\1311_0913703614_02_WRI-L2_M006.png,True,True,1,1,1,1,6.1,M,L,wrist,NONE
1311_04_WRI-L,PAT_GRAZ_1311,1311,GRAZPEDWRI-DX,train,1311_0915044987_04_WRI-L1_M006,1311_0915044872_04_WRI-L2_M006,D:\projects\MediMind\ai-prediction-service\artifacts\fracture_v2\experiment5_localization\dataset\images\train\1311_0915044987_04_WRI-L1_M006.png,D:\projects\MediMind\ai-prediction-service\artifacts\fracture_v2\experiment5_localization\dataset\images\train\1311_0915044872_04_WRI-L2_M006.png,True,True,1,1,1,1,6.2,M,L,wrist,NONE
1318_01_WRI-R,PAT_GRAZ_1318,1318,GRAZPEDWRI-DX,train,1318_0208151605_01_WRI-R1_F017,1318_0208151643_01_WRI-R2_F017,D:\projects\MediMind\ai-prediction-service\artifacts\fracture_v2\experiment5_localization\dataset\images\train\1318_0208151605_01_WRI-R1_F017.png,D:\projects\MediMind\ai-prediction-service\artifacts\fracture_v2\experiment5_localization\dataset\images\train\1318_0208151643_01_WRI-R2_F017.png,True,True,0,0,0,1,17.5,F,R,wrist,NONE
1319_01_WRI-L,PAT_GRAZ_1319,1319,GRAZPEDWRI-DX,train,1319_0958857156_01_WRI-L1_F010,1319_0958857193_01_WRI-L2_F010,D:\projects\MediMind\ai-prediction-service\artifacts\fracture_v2\experiment5_localization\dataset\images\train\1319_0958857156_01_WRI-L1_F010.png,D:\projects\MediMind\ai-prediction-service\artifacts\fracture_v2\experiment5_localization\dataset\images\train\1319_0958857193_01_WRI-L2_F010.png,True,True,1,0,1,0,10.3,F,L,wrist,NONE
1321_01_WRI-L,PAT_GRAZ_1321,1321,GRAZPEDWRI-DX,train,1321_0551456569_01_WRI-L1_M010,1321_0551456587_01_WRI-L2_M010,D:\projects\MediMind\ai-prediction-service\artifacts\fracture_v2\experiment5_localization\dataset\images\train\1321_0551456569_01_WRI-L1_M010.png,D:\projects\MediMind\ai-prediction-service\artifacts\fracture_v2\experiment5_localization\dataset\images\train\1321_0551456587_01_WRI-L2_M010.png,True,True,1,1,1,1,10.3,M,L,wrist,NONE
1321_02_WRI-L,PAT_GRAZ_1321,1321,GRAZPEDWRI-DX,train,1321_0553865178_02_WRI-L1_M010,1321_0553865209_02_WRI-L2_M010,D:\projects\MediMind\ai-prediction-service\artifacts\fracture_v2\experiment5_localization\dataset\images\train\1321_0553865178_02_WRI-L1_M010.png,D:\projects\MediMind\ai-prediction-service\artifacts\fracture_v2\experiment5_localization\dataset\images\train\1321_0553865209_02_WRI-L2_M010.png,True,True,1,1,1,1,10.4,M,L,wrist,NONE
1321_03_WRI-L,PAT_GRAZ_1321,1321,GRAZPEDWRI-DX,train,1321_0559516288_03_WRI-L1_M010,1321_0559516259_03_WRI-L2_M010,D:\projects\MediMind\ai-prediction-service\artifacts\fracture_v2\experiment5_localization\dataset\images\train\1321_0559516288_03_WRI-L1_M010.png,D:\projects\MediMind\ai-prediction-service\artifacts\fracture_v2\experiment5_localization\dataset\images\train\1321_0559516259_03_WRI-L2_M010.png,True,True,1,1,1,1,10.5,M,L,wrist,NONE
1323_01_WRI-L,PAT_GRAZ_1323,1323,GRAZPEDWRI-DX,train,1323_1158242583_01_WRI-L1_F012,1323_1158242635_01_WRI-L2_F012,D:\projects\MediMind\ai-prediction-service\artifacts\fracture_v2\experiment5_localization\dataset\images\train\1323_1158242583_01_WRI-L1_F012.png,D:\projects\MediMind\ai-prediction-service\artifacts\fracture_v2\experiment5_localization\dataset\images\train\1323_1158242635_01_WRI-L2_F012.png,True,True,0,0,0,1,12.2,F,L,wrist,NONE
1324_01_WRI-L,PAT_GRAZ_1324,1324,GRAZPEDWRI-DX,train,1324_0597435523_01_WRI-L1_M013,1324_0597435577_01_WRI-L2_M013,D:\projects\MediMind\ai-prediction-service\artifacts\fracture_v2\experiment5_localization\dataset\images\train\1324_0597435523_01_WRI-L1_M013.png,D:\projects\MediMind\ai-prediction-service\artifacts\fracture_v2\experiment5_localization\dataset\images\train\1324_0597435577_01_WRI-L2_M013.png,True,True,1,1,1,1,13.4,M,L,wrist,NONE
1324_02_WRI-L,PAT_GRAZ_1324,1324,GRAZPEDWRI-DX,train,1324_0598047414_02_WRI-L1_M013,1324_0598047469_02_WRI-L2_M013,D:\projects\MediMind\ai-prediction-service\artifacts\fracture_v2\experiment5_localization\dataset\images\train\1324_0598047414_02_WRI-L1_M013.png,D:\projects\MediMind\ai-prediction-service\artifacts\fracture_v2\experiment5_localization\dataset\images\train\1324_0598047469_02_WRI-L2_M013.png,True,True,1,1,1,1,13.5,M,L,wrist,NONE
1324_03_WRI-L,PAT_GRAZ_1324,1324,GRAZPEDWRI-DX,train,1324_0599164612_03_WRI-L1_M013,1324_0599164640_03_WRI-L2_M013,D:\projects\MediMind\ai-prediction-service\artifacts\fracture_v2\experiment5_localization\dataset\images\train\1324_0599164612_03_WRI-L1_M013.png,D:\projects\MediMind\ai-prediction-service\artifacts\fracture_v2\experiment5_localization\dataset\images\train\1324_0599164640_03_WRI-L2_M013.png,True,True,1,1,1,1,13.5,M,L,wrist,NONE
1326_01_WRI-R,PAT_GRAZ_1326,1326,GRAZPEDWRI-DX,train,1326_0381552622_01_WRI-R1_M014,1326_0381552712_01_WRI-R2_M014,D:\projects\MediMind\ai-prediction-service\artifacts\fracture_v2\experiment5_localization\dataset\images\train\1326_0381552622_01_WRI-R1_M014.png,D:\projects\MediMind\ai-prediction-service\artifacts\fracture_v2\experiment5_localization\dataset\images\train\1326_0381552712_01_WRI-R2_M014.png,True,True,1,1,1,1,14.0,M,R,wrist,NONE
1326_02_WRI-R,PAT_GRAZ_1326,1326,GRAZPEDWRI-DX,train,1326_0402842848_02_WRI-R1_M014,1326_0402842868_02_WRI-R2_M014,D:\projects\MediMind\ai-prediction-service\artifacts\fracture_v2\experiment5_localization\dataset\images\train\1326_0402842848_02_WRI-R1_M014.png,D:\projects\MediMind\ai-prediction-service\artifacts\fracture_v2\experiment5_localization\dataset\images\train\1326_0402842868_02_WRI-R2_M014.png,True,True,1,1,1,1,14.7,M,R,wrist,NONE
1326_03_WRI-R,PAT_GRAZ_1326,1326,GRAZPEDWRI-DX,train,1326_0417712002_03_WRI-R1_M015,1326_0417712040_03_WRI-R2_M015,D:\projects\MediMind\ai-prediction-service\artifacts\fracture_v2\experiment5_localization\dataset\images\train\1326_0417712002_03_WRI-R1_M015.png,D:\projects\MediMind\ai-prediction-service\artifacts\fracture_v2\experiment5_localization\dataset\images\train\1326_0417712040_03_WRI-R2_M015.png,True,True,0,1,1,0,15.1,M,R,wrist,NONE
1330_01_WRI-L,PAT_GRAZ_1330,1330,GRAZPEDWRI-DX,train,1330_0370508209_01_WRI-L1_M010,1330_0370508246_01_WRI-L2_M010,D:\projects\MediMind\ai-prediction-service\artifacts\fracture_v2\experiment5_localization\dataset\images\train\1330_0370508209_01_WRI-L1_M010.png,D:\projects\MediMind\ai-prediction-service\artifacts\fracture_v2\experiment5_localization\dataset\images\train\1330_0370508246_01_WRI-L2_M010.png,True,True,1,1,1,1,10.2,M,L,wrist,NONE
1332_01_WRI-R,PAT_GRAZ_1332,1332,GRAZPEDWRI-DX,train,1332_1059612309_01_WRI-R1_M002,1332_1059612348_01_WRI-R2_M002,D:\projects\MediMind\ai-prediction-service\artifacts\fracture_v2\experiment5_localization\dataset\images\train\1332_1059612309_01_WRI-R1_M002.png,D:\projects\MediMind\ai-prediction-service\artifacts\fracture_v2\experiment5_localization\dataset\images\train\1332_1059612348_01_WRI-R2_M002.png,True,True,1,1,1,1,2.8,M,R,wrist,NONE
1333_01_WRI-L,PAT_GRAZ_1333,1333,GRAZPEDWRI-DX,train,1333_1100989064_01_WRI-L1_M012,1333_1100989100_01_WRI-L2_M012,D:\projects\MediMind\ai-prediction-service\artifacts\fracture_v2\experiment5_localization\dataset\images\train\1333_1100989064_01_WRI-L1_M012.png,D:\projects\MediMind\ai-prediction-service\artifacts\fracture_v2\experiment5_localization\dataset\images\train\1333_1100989100_01_WRI-L2_M012.png,True,True,1,1,1,1,12.5,M,L,wrist,NONE
1334_01_WRI-L,PAT_GRAZ_1334,1334,GRAZPEDWRI-DX,train,1334_0690187536_01_WRI-L1_M015,1334_0690187578_01_WRI-L2_M015,D:\projects\MediMind\ai-prediction-service\artifacts\fracture_v2\experiment5_localization\dataset\images\train\1334_0690187536_01_WRI-L1_M015.png,D:\projects\MediMind\ai-prediction-service\artifacts\fracture_v2\experiment5_localization\dataset\images\train\1334_0690187578_01_WRI-L2_M015.png,True,True,1,1,1,1,15.5,M,L,wrist,NONE
1334_02_WRI-L,PAT_GRAZ_1334,1334,GRAZPEDWRI-DX,train,1334_0690781242_02_WRI-L1_M015,1334_0690781299_02_WRI-L2_M015,D:\projects\MediMind\ai-prediction-service\artifacts\fracture_v2\experiment5_localization\dataset\images\train\1334_0690781242_02_WRI-L1_M015.png,D:\projects\MediMind\ai-prediction-service\artifacts\fracture_v2\experiment5_localization\dataset\images\train\1334_0690781299_02_WRI-L2_M015.png,True,True,1,1,1,1,15.6,M,L,wrist,NONE
1334_03_WRI-L,PAT_GRAZ_1334,1334,GRAZPEDWRI-DX,train,1334_0691389796_03_WRI-L1_M015,1334_0691389825_03_WRI-L2_M015,D:\projects\MediMind\ai-prediction-service\artifacts\fracture_v2\experiment5_localization\dataset\images\train\1334_0691389796_03_WRI-L1_M015.png,D:\projects\MediMind\ai-prediction-service\artifacts\fracture_v2\experiment5_localization\dataset\images\train\1334_0691389825_03_WRI-L2_M015.png,True,True,1,1,1,1,15.6,M,L,wrist,NONE
1334_04_WRI-L,PAT_GRAZ_1334,1334,GRAZPEDWRI-DX,train,1334_0693201553_04_WRI-L1_M015,1334_0693201611_04_WRI-L2_M015,D:\projects\MediMind\ai-prediction-service\artifacts\fracture_v2\experiment5_localization\dataset\images\train\1334_0693201553_04_WRI-L1_M015.png,D:\projects\MediMind\ai-prediction-service\artifacts\fracture_v2\experiment5_localization\dataset\images\train\1334_0693201611_04_WRI-L2_M015.png,True,True,1,1,1,1,15.6,M,L,wrist,NONE
1335_01_WRI-R,PAT_GRAZ_1335,1335,GRAZPEDWRI-DX,train,1335_1182968428_01_WRI-R1_M005,1335_1182968472_01_WRI-R2_M005,D:\projects\MediMind\ai-prediction-service\artifacts\fracture_v2\experiment5_localization\dataset\images\train\1335_1182968428_01_WRI-R1_M005.png,D:\projects\MediMind\ai-prediction-service\artifacts\fracture_v2\experiment5_localization\dataset\images\train\1335_1182968472_01_WRI-R2_M005.png,True,True,1,1,1,1,5.2,M,R,wrist,NONE
1336_01_WRI-R,PAT_GRAZ_1336,1336,GRAZPEDWRI-DX,train,1336_0744267416_01_WRI-R1_F007,1336_0744267458_01_WRI-R2_F007,D:\projects\MediMind\ai-prediction-service\artifacts\fracture_v2\experiment5_localization\dataset\images\train\1336_0744267416_01_WRI-R1_F007.png,D:\projects\MediMind\ai-prediction-service\artifacts\fracture_v2\experiment5_localization\dataset\images\train\1336_0744267458_01_WRI-R2_F007.png,True,True,1,1,1,1,7.3,F,R,wrist,NONE
1336_02_WRI-L,PAT_GRAZ_1336,1336,GRAZPEDWRI-DX,train,1336_0833928310_02_WRI-L1_F010,1336_0833928341_02_WRI-L2_F010,D:\projects\MediMind\ai-prediction-service\artifacts\fracture_v2\experiment5_localization\dataset\images\train\1336_0833928310_02_WRI-L1_F010.png,D:\projects\MediMind\ai-prediction-service\artifacts\fracture_v2\experiment5_localization\dataset\images\train\1336_0833928341_02_WRI-L2_F010.png,True,True,0,0,0,1,10.2,F,L,wrist,NONE
1338_01_WRI-R,PAT_GRAZ_1338,1338,GRAZPEDWRI-DX,train,1338_0649146521_01_WRI-R1_M011,1338_0649146545_01_WRI-R2_M011,D:\projects\MediMind\ai-prediction-service\artifacts\fracture_v2\experiment5_localization\dataset\images\train\1338_0649146521_01_WRI-R1_M011.png,D:\projects\MediMind\ai-prediction-service\artifacts\fracture_v2\experiment5_localization\dataset\images\train\1338_0649146545_01_WRI-R2_M011.png,True,True,0,0,0,1,11.9,M,R,wrist,NONE
1339_01_WRI-R,PAT_GRAZ_1339,1339,GRAZPEDWRI-DX,train,1339_0477549458_01_WRI-R1_M012,1339_0477549486_01_WRI-R2_M012,D:\projects\MediMind\ai-prediction-service\artifacts\fracture_v2\experiment5_localization\dataset\images\train\1339_0477549458_01_WRI-R1_M012.png,D:\projects\MediMind\ai-prediction-service\artifacts\fracture_v2\experiment5_localization\dataset\images\train\1339_0477549486_01_WRI-R2_M012.png,True,True,0,0,0,1,12.9,M,R,wrist,NONE
1342_01_WRI-R,PAT_GRAZ_1342,1342,GRAZPEDWRI-DX,train,1342_0844831400_01_WRI-R1_F009,1342_0844831428_01_WRI-R2_F009,D:\projects\MediMind\ai-prediction-service\artifacts\fracture_v2\experiment5_localization\dataset\images\train\1342_0844831400_01_WRI-R1_F009.png,D:\projects\MediMind\ai-prediction-service\artifacts\fracture_v2\experiment5_localization\dataset\images\train\1342_0844831428_01_WRI-R2_F009.png,True,True,1,1,1,1,9.7,F,R,wrist,NONE
1342_02_WRI-L,PAT_GRAZ_1342,1342,GRAZPEDWRI-DX,train,1342_0926549905_02_WRI-L1_F012,1342_0926549934_02_WRI-L2_F012,D:\projects\MediMind\ai-prediction-service\artifacts\fracture_v2\experiment5_localization\dataset\images\train\1342_0926549905_02_WRI-L1_F012.png,D:\projects\MediMind\ai-prediction-service\artifacts\fracture_v2\experiment5_localization\dataset\images\train\1342_0926549934_02_WRI-L2_F012.png,True,True,0,0,0,1,12.3,F,L,wrist,NONE
1342_03_WRI-L,PAT_GRAZ_1342,1342,GRAZPEDWRI-DX,train,1342_0927413759_03_WRI-L1_F012,1342_0927413785_03_WRI-L2_F012,D:\projects\MediMind\ai-prediction-service\artifacts\fracture_v2\experiment5_localization\dataset\images\train\1342_0927413759_03_WRI-L1_F012.png,D:\projects\MediMind\ai-prediction-service\artifacts\fracture_v2\experiment5_localization\dataset\images\train\1342_0927413785_03_WRI-L2_F012.png,True,True,0,0,0,1,12.3,F,L,wrist,NONE
1343_01_WRI-L,PAT_GRAZ_1343,1343,GRAZPEDWRI-DX,train,1343_0712258774_01_WRI-L1_M012,1343_0712258802_01_WRI-L2_M012,D:\projects\MediMind\ai-prediction-service\artifacts\fracture_v2\experiment5_localization\dataset\images\train\1343_0712258774_01_WRI-L1_M012.png,D:\projects\MediMind\ai-prediction-service\artifacts\fracture_v2\experiment5_localization\dataset\images\train\1343_0712258802_01_WRI-L2_M012.png,True,True,0,0,0,1,12.3,M,L,wrist,NONE
1343_02_WRI-R,PAT_GRAZ_1343,1343,GRAZPEDWRI-DX,train,1343_0756709035_02_WRI-R1_M013,1343_0756709076_02_WRI-R2_M013,D:\projects\MediMind\ai-prediction-service\artifacts\fracture_v2\experiment5_localization\dataset\images\train\1343_0756709035_02_WRI-R1_M013.png,D:\projects\MediMind\ai-prediction-service\artifacts\fracture_v2\experiment5_localization\dataset\images\train\1343_0756709076_02_WRI-R2_M013.png,True,True,0,0,0,1,13.7,M,R,wrist,NONE
1344_01_WRI-L,PAT_GRAZ_1344,1344,GRAZPEDWRI-DX,train,1344_0711972329_01_WRI-L1_M010,1344_0711972367_01_WRI-L2_M010,D:\projects\MediMind\ai-prediction-service\artifacts\fracture_v2\experiment5_localization\dataset\images\train\1344_0711972329_01_WRI-L1_M010.png,D:\projects\MediMind\ai-prediction-service\artifacts\fracture_v2\experiment5_localization\dataset\images\train\1344_0711972367_01_WRI-L2_M010.png,True,True,1,1,1,1,10.9,M,L,wrist,NONE
1345_01_WRI-L,PAT_GRAZ_1345,1345,GRAZPEDWRI-DX,train,1345_0618010169_01_WRI-L1_F011,1345_0618010231_01_WRI-L2_F011,D:\projects\MediMind\ai-prediction-service\artifacts\fracture_v2\experiment5_localization\dataset\images\train\1345_0618010169_01_WRI-L1_F011.png,D:\projects\MediMind\ai-prediction-service\artifacts\fracture_v2\experiment5_localization\dataset\images\train\1345_0618010231_01_WRI-L2_F011.png,True,True,1,1,1,1,11.3,F,L,wrist,NONE
1345_02_WRI-L,PAT_GRAZ_1345,1345,GRAZPEDWRI-DX,train,1345_0618585927_02_WRI-L1_F011,1345_0618585989_02_WRI-L2_F011,D:\projects\MediMind\ai-prediction-service\artifacts\fracture_v2\experiment5_localization\dataset\images\train\1345_0618585927_02_WRI-L1_F011.png,D:\projects\MediMind\ai-prediction-service\artifacts\fracture_v2\experiment5_localization\dataset\images\train\1345_0618585989_02_WRI-L2_F011.png,True,True,1,1,1,1,11.4,F,L,wrist,NONE
1345_04_WRI-L,PAT_GRAZ_1345,1345,GRAZPEDWRI-DX,train,1345_0620228253_04_WRI-L1_F011,1345_0620228293_04_WRI-L2_F011,D:\projects\MediMind\ai-prediction-service\artifacts\fracture_v2\experiment5_localization\dataset\images\train\1345_0620228253_04_WRI-L1_F011.png,D:\projects\MediMind\ai-prediction-service\artifacts\fracture_v2\experiment5_localization\dataset\images\train\1345_0620228293_04_WRI-L2_F011.png,True,True,1,1,1,1,11.4,F,L,wrist,NONE
1345_05_WRI-L,PAT_GRAZ_1345,1345,GRAZPEDWRI-DX,train,1345_0621429769_05_WRI-L1_F011,1345_0621429805_05_WRI-L2_F011,D:\projects\MediMind\ai-prediction-service\artifacts\fracture_v2\experiment5_localization\dataset\images\train\1345_0621429769_05_WRI-L1_F011.png,D:\projects\MediMind\ai-prediction-service\artifacts\fracture_v2\experiment5_localization\dataset\images\train\1345_0621429805_05_WRI-L2_F011.png,True,True,1,1,1,1,11.5,F,L,wrist,NONE
1346_01_WRI-L,PAT_GRAZ_1346,1346,GRAZPEDWRI-DX,train,1346_0417976510_01_WRI-L1_F008,1346_0417976547_01_WRI-L2_F008,D:\projects\MediMind\ai-prediction-service\artifacts\fracture_v2\experiment5_localization\dataset\images\train\1346_0417976510_01_WRI-L1_F008.png,D:\projects\MediMind\ai-prediction-service\artifacts\fracture_v2\experiment5_localization\dataset\images\train\1346_0417976547_01_WRI-L2_F008.png,True,True,0,0,0,1,8.5,F,L,wrist,NONE
1348_01_WRI-R,PAT_GRAZ_1348,1348,GRAZPEDWRI-DX,train,1348_0983187694_01_WRI-R1_M014,1348_0983187735_01_WRI-R2_M014,D:\projects\MediMind\ai-prediction-service\artifacts\fracture_v2\experiment5_localization\dataset\images\train\1348_0983187694_01_WRI-R1_M014.png,D:\projects\MediMind\ai-prediction-service\artifacts\fracture_v2\experiment5_localization\dataset\images\train\1348_0983187735_01_WRI-R2_M014.png,True,True,1,1,1,1,14.3,M,R,wrist,NONE
1349_01_WRI-L,PAT_GRAZ_1349,1349,GRAZPEDWRI-DX,train,1349_1000508176_01_WRI-L1_M008,1349_1000508216_01_WRI-L2_M008,D:\projects\MediMind\ai-prediction-service\artifacts\fracture_v2\experiment5_localization\dataset\images\train\1349_1000508176_01_WRI-L1_M008.png,D:\projects\MediMind\ai-prediction-service\artifacts\fracture_v2\experiment5_localization\dataset\images\train\1349_1000508216_01_WRI-L2_M008.png,True,True,0,0,0,1,8.7,M,L,wrist,NONE
1352_01_WRI-L,PAT_GRAZ_1352,1352,GRAZPEDWRI-DX,train,1352_1191780878_01_WRI-L1_F010,1352_1191780897_01_WRI-L2_F010,D:\projects\MediMind\ai-prediction-service\artifacts\fracture_v2\experiment5_localization\dataset\images\train\1352_1191780878_01_WRI-L1_F010.png,D:\projects\MediMind\ai-prediction-service\artifacts\fracture_v2\experiment5_localization\dataset\images\train\1352_1191780897_01_WRI-L2_F010.png,True,True,1,1,1,1,10.2,F,L,wrist,NONE
1352_02_WRI-L,PAT_GRAZ_1352,1352,GRAZPEDWRI-DX,train,1352_1206532509_02_WRI-L1_F010,1352_1206532539_02_WRI-L2_F010,D:\projects\MediMind\ai-prediction-service\artifacts\fracture_v2\experiment5_localization\dataset\images\train\1352_1206532509_02_WRI-L1_F010.png,D:\projects\MediMind\ai-prediction-service\artifacts\fracture_v2\experiment5_localization\dataset\images\train\1352_1206532539_02_WRI-L2_F010.png,True,True,1,1,1,1,10.7,F,L,wrist,NONE
1354_01_WRI-L,PAT_GRAZ_1354,1354,GRAZPEDWRI-DX,train,1354_0927375436_01_WRI-L1_M016,1354_0927375479_01_WRI-L2_M016,D:\projects\MediMind\ai-prediction-service\artifacts\fracture_v2\experiment5_localization\dataset\images\train\1354_0927375436_01_WRI-L1_M016.png,D:\projects\MediMind\ai-prediction-service\artifacts\fracture_v2\experiment5_localization\dataset\images\train\1354_0927375479_01_WRI-L2_M016.png,True,True,1,1,1,1,16.3,M,L,wrist,NONE
1355_01_WRI-L,PAT_GRAZ_1355,1355,GRAZPEDWRI-DX,train,1355_0485876132_01_WRI-L1_M014,1355_0485876195_01_WRI-L2_M014,D:\projects\MediMind\ai-prediction-service\artifacts\fracture_v2\experiment5_localization\dataset\images\train\1355_0485876132_01_WRI-L1_M014.png,D:\projects\MediMind\ai-prediction-service\artifacts\fracture_v2\experiment5_localization\dataset\images\train\1355_0485876195_01_WRI-L2_M014.png,True,True,1,1,1,1,14.2,M,L,wrist,NONE
1355_02_WRI-R,PAT_GRAZ_1355,1355,GRAZPEDWRI-DX,train,1355_0485879102_02_WRI-R1_M014,1355_0485879149_02_WRI-R2_M014,D:\projects\MediMind\ai-prediction-service\artifacts\fracture_v2\experiment5_localization\dataset\images\train\1355_0485879102_02_WRI-R1_M014.png,D:\projects\MediMind\ai-prediction-service\artifacts\fracture_v2\experiment5_localization\dataset\images\train\1355_0485879149_02_WRI-R2_M014.png,True,True,1,1,1,1,14.2,M,R,wrist,NONE
1355_03_WRI-R,PAT_GRAZ_1355,1355,GRAZPEDWRI-DX,train,1355_0486786199_03_WRI-R1_M014,1355_0486786242_03_WRI-R2_M014,D:\projects\MediMind\ai-prediction-service\artifacts\fracture_v2\experiment5_localization\dataset\images\train\1355_0486786199_03_WRI-R1_M014.png,D:\projects\MediMind\ai-prediction-service\artifacts\fracture_v2\experiment5_localization\dataset\images\train\1355_0486786242_03_WRI-R2_M014.png,True,True,1,1,1,1,14.2,M,R,wrist,NONE
1355_04_WRI-R,PAT_GRAZ_1355,1355,GRAZPEDWRI-DX,train,1355_0487642330_04_WRI-R1_M014,1355_0487642380_04_WRI-R2_M014,D:\projects\MediMind\ai-prediction-service\artifacts\fracture_v2\experiment5_localization\dataset\images\train\1355_0487642330_04_WRI-R1_M014.png,D:\projects\MediMind\ai-prediction-service\artifacts\fracture_v2\experiment5_localization\dataset\images\train\1355_0487642380_04_WRI-R2_M014.png,True,True,1,1,1,1,14.2,M,R,wrist,NONE
1356_01_WRI-L,PAT_GRAZ_1356,1356,GRAZPEDWRI-DX,train,1356_0931975564_01_WRI-L1_F015,1356_0931975629_01_WRI-L2_F015,D:\projects\MediMind\ai-prediction-service\artifacts\fracture_v2\experiment5_localization\dataset\images\train\1356_0931975564_01_WRI-L1_F015.png,D:\projects\MediMind\ai-prediction-service\artifacts\fracture_v2\experiment5_localization\dataset\images\train\1356_0931975629_01_WRI-L2_F015.png,True,True,0,0,0,1,15.8,F,L,wrist,NONE
1357_01_WRI-L,PAT_GRAZ_1357,1357,GRAZPEDWRI-DX,train,1357_0604802081_01_WRI-L1_F012,1357_0604802123_01_WRI-L2_F012,D:\projects\MediMind\ai-prediction-service\artifacts\fracture_v2\experiment5_localization\dataset\images\train\1357_0604802081_01_WRI-L1_F012.png,D:\projects\MediMind\ai-prediction-service\artifacts\fracture_v2\experiment5_localization\dataset\images\train\1357_0604802123_01_WRI-L2_F012.png,True,True,0,1,1,0,12.1,F,L,wrist,NONE
1358_01_WRI-R,PAT_GRAZ_1358,1358,GRAZPEDWRI-DX,train,1358_0601406010_01_WRI-R1_M011,1358_0601406054_01_WRI-R2_M011,D:\projects\MediMind\ai-prediction-service\artifacts\fracture_v2\experiment5_localization\dataset\images\train\1358_0601406010_01_WRI-R1_M011.png,D:\projects\MediMind\ai-prediction-service\artifacts\fracture_v2\experiment5_localization\dataset\images\train\1358_0601406054_01_WRI-R2_M011.png,True,True,0,0,0,1,11.3,M,R,wrist,NONE
1360_01_WRI-R,PAT_GRAZ_1360,1360,GRAZPEDWRI-DX,train,1360_0287469153_01_WRI-R1_F001,1360_0287469192_01_WRI-R2_F001,D:\projects\MediMind\ai-prediction-service\artifacts\fracture_v2\experiment5_localization\dataset\images\train\1360_0287469153_01_WRI-R1_F001.png,D:\projects\MediMind\ai-prediction-service\artifacts\fracture_v2\experiment5_localization\dataset\images\train\1360_0287469192_01_WRI-R2_F001.png,True,True,1,1,1,1,1.9,F,R,wrist,NONE
1362_01_WRI-L,PAT_GRAZ_1362,1362,GRAZPEDWRI-DX,train,1362_0899543551_01_WRI-L1_F007,1362_0899543571_01_WRI-L2_F007,D:\projects\MediMind\ai-prediction-service\artifacts\fracture_v2\experiment5_localization\dataset\images\train\1362_0899543551_01_WRI-L1_F007.png,D:\projects\MediMind\ai-prediction-service\artifacts\fracture_v2\experiment5_localization\dataset\images\train\1362_0899543571_01_WRI-L2_F007.png,True,True,1,1,1,1,7.0,F,L,wrist,NONE
1365_03_WRI-L,PAT_GRAZ_1365,1365,GRAZPEDWRI-DX,train,1365_0351852123_03_WRI-L1_M013,1365_0351852168_03_WRI-L2_M013,D:\projects\MediMind\ai-prediction-service\artifacts\fracture_v2\experiment5_localization\dataset\images\train\1365_0351852123_03_WRI-L1_M013.png,D:\projects\MediMind\ai-prediction-service\artifacts\fracture_v2\experiment5_localization\dataset\images\train\1365_0351852168_03_WRI-L2_M013.png,True,True,1,1,1,1,13.2,M,L,wrist,NONE
1366_01_WRI-L,PAT_GRAZ_1366,1366,GRAZPEDWRI-DX,train,1366_0920355541_01_WRI-L1_F010,1366_0920355587_01_WRI-L2_F010,D:\projects\MediMind\ai-prediction-service\artifacts\fracture_v2\experiment5_localization\dataset\images\train\1366_0920355541_01_WRI-L1_F010.png,D:\projects\MediMind\ai-prediction-service\artifacts\fracture_v2\experiment5_localization\dataset\images\train\1366_0920355587_01_WRI-L2_F010.png,True,True,0,0,0,1,10.4,F,L,wrist,NONE
1367_01_WRI-R,PAT_GRAZ_1367,1367,GRAZPEDWRI-DX,train,1367_0455313636_01_WRI-R1_F010,1367_0455313678_01_WRI-R2_F010,D:\projects\MediMind\ai-prediction-service\artifacts\fracture_v2\experiment5_localization\dataset\images\train\1367_0455313636_01_WRI-R1_F010.png,D:\projects\MediMind\ai-prediction-service\artifacts\fracture_v2\experiment5_localization\dataset\images\train\1367_0455313678_01_WRI-R2_F010.png,True,True,1,1,1,1,10.5,F,R,wrist,NONE
1367_02_WRI-R,PAT_GRAZ_1367,1367,GRAZPEDWRI-DX,train,1367_0457125685_02_WRI-R1_F010,1367_0457125722_02_WRI-R2_F010,D:\projects\MediMind\ai-prediction-service\artifacts\fracture_v2\experiment5_localization\dataset\images\train\1367_0457125685_02_WRI-R1_F010.png,D:\projects\MediMind\ai-prediction-service\artifacts\fracture_v2\experiment5_localization\dataset\images\train\1367_0457125722_02_WRI-R2_F010.png,True,True,1,1,1,1,10.6,F,R,wrist,NONE
1367_03_WRI-R,PAT_GRAZ_1367,1367,GRAZPEDWRI-DX,train,1367_0458336235_03_WRI-R1_F010,1367_0458336262_03_WRI-R2_F010,D:\projects\MediMind\ai-prediction-service\artifacts\fracture_v2\experiment5_localization\dataset\images\train\1367_0458336235_03_WRI-R1_F010.png,D:\projects\MediMind\ai-prediction-service\artifacts\fracture_v2\experiment5_localization\dataset\images\train\1367_0458336262_03_WRI-R2_F010.png,True,True,1,1,1,1,10.6,F,R,wrist,NONE
1368_01_WRI-R,PAT_GRAZ_1368,1368,GRAZPEDWRI-DX,train,1368_0788547827_01_WRI-R1_F010,1368_0788547861_01_WRI-R2_F010,D:\projects\MediMind\ai-prediction-service\artifacts\fracture_v2\experiment5_localization\dataset\images\train\1368_0788547827_01_WRI-R1_F010.png,D:\projects\MediMind\ai-prediction-service\artifacts\fracture_v2\experiment5_localization\dataset\images\train\1368_0788547861_01_WRI-R2_F010.png,True,True,0,0,0,1,10.5,F,R,wrist,NONE
1369_01_WRI-L,PAT_GRAZ_1369,1369,GRAZPEDWRI-DX,train,1369_0474628604_01_WRI-L1_F001,1369_0474628709_01_WRI-L2_F001,D:\projects\MediMind\ai-prediction-service\artifacts\fracture_v2\experiment5_localization\dataset\images\train\1369_0474628604_01_WRI-L1_F001.png,D:\projects\MediMind\ai-prediction-service\artifacts\fracture_v2\experiment5_localization\dataset\images\train\1369_0474628709_01_WRI-L2_F001.png,True,True,0,0,0,1,1.5,F,L,wrist,NONE
1371_01_WRI-R,PAT_GRAZ_1371,1371,GRAZPEDWRI-DX,train,1371_0912982871_01_WRI-R1_F008,1371_0912982900_01_WRI-R2_F008,D:\projects\MediMind\ai-prediction-service\artifacts\fracture_v2\experiment5_localization\dataset\images\train\1371_0912982871_01_WRI-R1_F008.png,D:\projects\MediMind\ai-prediction-service\artifacts\fracture_v2\experiment5_localization\dataset\images\train\1371_0912982900_01_WRI-R2_F008.png,True,True,0,0,0,1,8.8,F,R,wrist,NONE
1375_01_WRI-L,PAT_GRAZ_1375,1375,GRAZPEDWRI-DX,train,1375_0307842066_01_WRI-L1_M011,1375_0307842136_01_WRI-L2_M011,D:\projects\MediMind\ai-prediction-service\artifacts\fracture_v2\experiment5_localization\dataset\images\train\1375_0307842066_01_WRI-L1_M011.png,D:\projects\MediMind\ai-prediction-service\artifacts\fracture_v2\experiment5_localization\dataset\images\train\1375_0307842136_01_WRI-L2_M011.png,True,True,1,1,1,1,11.1,M,L,wrist,NONE
1375_02_WRI-L,PAT_GRAZ_1375,1375,GRAZPEDWRI-DX,train,1375_0307850493_02_WRI-L1_M011,1375_0307850434_02_WRI-L2_M011,D:\projects\MediMind\ai-prediction-service\artifacts\fracture_v2\experiment5_localization\dataset\images\train\1375_0307850493_02_WRI-L1_M011.png,D:\projects\MediMind\ai-prediction-service\artifacts\fracture_v2\experiment5_localization\dataset\images\train\1375_0307850434_02_WRI-L2_M011.png,True,True,1,1,1,1,11.1,M,L,wrist,NONE
1375_03_WRI-L,PAT_GRAZ_1375,1375,GRAZPEDWRI-DX,train,1375_0308359302_03_WRI-L1_M011,1375_0308359195_03_WRI-L2_M011,D:\projects\MediMind\ai-prediction-service\artifacts\fracture_v2\experiment5_localization\dataset\images\train\1375_0308359302_03_WRI-L1_M011.png,D:\projects\MediMind\ai-prediction-service\artifacts\fracture_v2\experiment5_localization\dataset\images\train\1375_0308359195_03_WRI-L2_M011.png,True,True,1,1,1,1,11.1,M,L,wrist,NONE
1375_04_WRI-L,PAT_GRAZ_1375,1375,GRAZPEDWRI-DX,train,1375_0308361104_04_WRI-L1_M011,1375_0308361175_04_WRI-L2_M011,D:\projects\MediMind\ai-prediction-service\artifacts\fracture_v2\experiment5_localization\dataset\images\train\1375_0308361104_04_WRI-L1_M011.png,D:\projects\MediMind\ai-prediction-service\artifacts\fracture_v2\experiment5_localization\dataset\images\train\1375_0308361175_04_WRI-L2_M011.png,True,True,1,1,1,1,11.1,M,L,wrist,NONE
1375_05_WRI-L,PAT_GRAZ_1375,1375,GRAZPEDWRI-DX,train,1375_0310417645_05_WRI-L1_M011,1375_0310417719_05_WRI-L2_M011,D:\projects\MediMind\ai-prediction-service\artifacts\fracture_v2\experiment5_localization\dataset\images\train\1375_0310417645_05_WRI-L1_M011.png,D:\projects\MediMind\ai-prediction-service\artifacts\fracture_v2\experiment5_localization\dataset\images\train\1375_0310417719_05_WRI-L2_M011.png,True,True,1,1,1,1,11.1,M,L,wrist,NONE
1376_01_WRI-L,PAT_GRAZ_1376,1376,GRAZPEDWRI-DX,train,1376_1093594173_01_WRI-L1_F006,1376_1093594271_01_WRI-L2_F006,D:\projects\MediMind\ai-prediction-service\artifacts\fracture_v2\experiment5_localization\dataset\images\train\1376_1093594173_01_WRI-L1_F006.png,D:\projects\MediMind\ai-prediction-service\artifacts\fracture_v2\experiment5_localization\dataset\images\train\1376_1093594271_01_WRI-L2_F006.png,True,True,1,1,1,1,6.9,F,L,wrist,NONE
1380_01_WRI-L,PAT_GRAZ_1380,1380,GRAZPEDWRI-DX,train,1380_1155484461_01_WRI-L1_M017,1380_1155484498_01_WRI-L2_M017,D:\projects\MediMind\ai-prediction-service\artifacts\fracture_v2\experiment5_localization\dataset\images\train\1380_1155484461_01_WRI-L1_M017.png,D:\projects\MediMind\ai-prediction-service\artifacts\fracture_v2\experiment5_localization\dataset\images\train\1380_1155484498_01_WRI-L2_M017.png,True,True,0,0,0,1,17.5,M,L,wrist,NONE
1381_01_WRI-R,PAT_GRAZ_1381,1381,GRAZPEDWRI-DX,train,1381_0235905500_01_WRI-R1_F010,1381_0235905527_01_WRI-R2_F010,D:\projects\MediMind\ai-prediction-service\artifacts\fracture_v2\experiment5_localization\dataset\images\train\1381_0235905500_01_WRI-R1_F010.png,D:\projects\MediMind\ai-prediction-service\artifacts\fracture_v2\experiment5_localization\dataset\images\train\1381_0235905527_01_WRI-R2_F010.png,True,True,0,1,1,0,10.8,F,R,wrist,NONE
1381_02_WRI-L,PAT_GRAZ_1381,1381,GRAZPEDWRI-DX,train,1381_0283604659_02_WRI-L1_F012,1381_0283604742_02_WRI-L2_F012,D:\projects\MediMind\ai-prediction-service\artifacts\fracture_v2\experiment5_localization\dataset\images\train\1381_0283604659_02_WRI-L1_F012.png,D:\projects\MediMind\ai-prediction-service\artifacts\fracture_v2\experiment5_localization\dataset\images\train\1381_0283604742_02_WRI-L2_F012.png,True,True,0,0,0,1,12.3,F,L,wrist,NONE
1385_01_WRI-R,PAT_GRAZ_1385,1385,GRAZPEDWRI-DX,train,1385_0650517675_01_WRI-R1_F009,1385_0650517712_01_WRI-R2_F009,D:\projects\MediMind\ai-prediction-service\artifacts\fracture_v2\experiment5_localization\dataset\images\train\1385_0650517675_01_WRI-R1_F009.png,D:\projects\MediMind\ai-prediction-service\artifacts\fracture_v2\experiment5_localization\dataset\images\train\1385_0650517712_01_WRI-R2_F009.png,True,True,0,1,1,0,9.4,F,R,wrist,NONE
1386_01_WRI-R,PAT_GRAZ_1386,1386,GRAZPEDWRI-DX,train,1386_0185353410_01_WRI-R1_F004,1386_0185353527_01_WRI-R2_F004,D:\projects\MediMind\ai-prediction-service\artifacts\fracture_v2\experiment5_localization\dataset\images\train\1386_0185353410_01_WRI-R1_F004.png,D:\projects\MediMind\ai-prediction-service\artifacts\fracture_v2\experiment5_localization\dataset\images\train\1386_0185353527_01_WRI-R2_F004.png,True,True,1,1,1,1,4.1,F,R,wrist,NONE
1386_04_WRI-R,PAT_GRAZ_1386,1386,GRAZPEDWRI-DX,train,1386_0185866832_04_WRI-R1_F004,1386_0185866909_04_WRI-R2_F004,D:\projects\MediMind\ai-prediction-service\artifacts\fracture_v2\experiment5_localization\dataset\images\train\1386_0185866832_04_WRI-R1_F004.png,D:\projects\MediMind\ai-prediction-service\artifacts\fracture_v2\experiment5_localization\dataset\images\train\1386_0185866909_04_WRI-R2_F004.png,True,True,1,1,1,1,4.2,F,R,wrist,NONE
1386_05_WRI-R,PAT_GRAZ_1386,1386,GRAZPEDWRI-DX,train,1386_0186470011_05_WRI-R1_F004,1386_0186470078_05_WRI-R2_F004,D:\projects\MediMind\ai-prediction-service\artifacts\fracture_v2\experiment5_localization\dataset\images\train\1386_0186470011_05_WRI-R1_F004.png,D:\projects\MediMind\ai-prediction-service\artifacts\fracture_v2\experiment5_localization\dataset\images\train\1386_0186470078_05_WRI-R2_F004.png,True,True,1,1,1,1,4.2,F,R,wrist,NONE
1387_01_WRI-L,PAT_GRAZ_1387,1387,GRAZPEDWRI-DX,train,1387_1012595054_01_WRI-L1_F001,1387_1012595124_01_WRI-L2_F001,D:\projects\MediMind\ai-prediction-service\artifacts\fracture_v2\experiment5_localization\dataset\images\train\1387_1012595054_01_WRI-L1_F001.png,D:\projects\MediMind\ai-prediction-service\artifacts\fracture_v2\experiment5_localization\dataset\images\train\1387_1012595124_01_WRI-L2_F001.png,True,True,0,1,1,0,1.7,F,L,wrist,NONE
1391_01_WRI-L,PAT_GRAZ_1391,1391,GRAZPEDWRI-DX,train,1391_1164684821_01_WRI-L1_F012,1391_1164684862_01_WRI-L2_F012,D:\projects\MediMind\ai-prediction-service\artifacts\fracture_v2\experiment5_localization\dataset\images\train\1391_1164684821_01_WRI-L1_F012.png,D:\projects\MediMind\ai-prediction-service\artifacts\fracture_v2\experiment5_localization\dataset\images\train\1391_1164684862_01_WRI-L2_F012.png,True,True,1,1,1,1,12.4,F,L,wrist,NONE
1391_02_WRI-L,PAT_GRAZ_1391,1391,GRAZPEDWRI-DX,train,1391_1165262089_02_WRI-L1_F012,1391_1165262126_02_WRI-L2_F012,D:\projects\MediMind\ai-prediction-service\artifacts\fracture_v2\experiment5_localization\dataset\images\train\1391_1165262089_02_WRI-L1_F012.png,D:\projects\MediMind\ai-prediction-service\artifacts\fracture_v2\experiment5_localization\dataset\images\train\1391_1165262126_02_WRI-L2_F012.png,True,True,1,1,1,1,12.5,F,L,wrist,NONE
1391_03_WRI-L,PAT_GRAZ_1391,1391,GRAZPEDWRI-DX,train,1391_1165860814_03_WRI-L1_F012,1391_1165860849_03_WRI-L2_F012,D:\projects\MediMind\ai-prediction-service\artifacts\fracture_v2\experiment5_localization\dataset\images\train\1391_1165860814_03_WRI-L1_F012.png,D:\projects\MediMind\ai-prediction-service\artifacts\fracture_v2\experiment5_localization\dataset\images\train\1391_1165860849_03_WRI-L2_F012.png,True,True,1,1,1,1,12.5,F,L,wrist,NONE
1391_04_WRI-L,PAT_GRAZ_1391,1391,GRAZPEDWRI-DX,train,1391_1166476416_04_WRI-L1_F012,1391_1166476435_04_WRI-L2_F012,D:\projects\MediMind\ai-prediction-service\artifacts\fracture_v2\experiment5_localization\dataset\images\train\1391_1166476416_04_WRI-L1_F012.png,D:\projects\MediMind\ai-prediction-service\artifacts\fracture_v2\experiment5_localization\dataset\images\train\1391_1166476435_04_WRI-L2_F012.png,True,True,1,1,1,1,12.5,F,L,wrist,NONE
1391_05_WRI-L,PAT_GRAZ_1391,1391,GRAZPEDWRI-DX,train,1391_1167685031_05_WRI-L1_F012,1391_1167685069_05_WRI-L2_F012,D:\projects\MediMind\ai-prediction-service\artifacts\fracture_v2\experiment5_localization\dataset\images\train\1391_1167685031_05_WRI-L1_F012.png,D:\projects\MediMind\ai-prediction-service\artifacts\fracture_v2\experiment5_localization\dataset\images\train\1391_1167685069_05_WRI-L2_F012.png,True,True,1,1,1,1,12.5,F,L,wrist,NONE
1392_01_WRI-R,PAT_GRAZ_1392,1392,GRAZPEDWRI-DX,train,1392_0677451874_01_WRI-R1_M017,1392_0677451986_01_WRI-R2_M017,D:\projects\MediMind\ai-prediction-service\artifacts\fracture_v2\experiment5_localization\dataset\images\train\1392_0677451874_01_WRI-R1_M017.png,D:\projects\MediMind\ai-prediction-service\artifacts\fracture_v2\experiment5_localization\dataset\images\train\1392_0677451986_01_WRI-R2_M017.png,True,True,1,1,1,1,17.5,M,R,wrist,NONE
1392_02_WRI-R,PAT_GRAZ_1392,1392,GRAZPEDWRI-DX,train,1392_0678657073_02_WRI-R1_M017,1392_0678657138_02_WRI-R2_M017,D:\projects\MediMind\ai-prediction-service\artifacts\fracture_v2\experiment5_localization\dataset\images\train\1392_0678657073_02_WRI-R1_M017.png,D:\projects\MediMind\ai-prediction-service\artifacts\fracture_v2\experiment5_localization\dataset\images\train\1392_0678657138_02_WRI-R2_M017.png,True,True,1,1,1,1,17.5,M,R,wrist,NONE
1392_03_WRI-R,PAT_GRAZ_1392,1392,GRAZPEDWRI-DX,train,1392_0691873653_03_WRI-R1_M018,1392_0691873714_03_WRI-R2_M018,D:\projects\MediMind\ai-prediction-service\artifacts\fracture_v2\experiment5_localization\dataset\images\train\1392_0691873653_03_WRI-R1_M018.png,D:\projects\MediMind\ai-prediction-service\artifacts\fracture_v2\experiment5_localization\dataset\images\train\1392_0691873714_03_WRI-R2_M018.png,True,True,1,0,1,0,18.0,M,R,wrist,NONE
1395_01_WRI-L,PAT_GRAZ_1395,1395,GRAZPEDWRI-DX,train,1395_0717278680_01_WRI-L1_F017,1395_0717278728_01_WRI-L2_F017,D:\projects\MediMind\ai-prediction-service\artifacts\fracture_v2\experiment5_localization\dataset\images\train\1395_0717278680_01_WRI-L1_F017.png,D:\projects\MediMind\ai-prediction-service\artifacts\fracture_v2\experiment5_localization\dataset\images\train\1395_0717278728_01_WRI-L2_F017.png,True,True,1,1,1,1,17.3,F,L,wrist,NONE
1395_04_WRI-L,PAT_GRAZ_1395,1395,GRAZPEDWRI-DX,train,1395_0729791360_04_WRI-L1_F017,1395_0729791380_04_WRI-L2_F017,D:\projects\MediMind\ai-prediction-service\artifacts\fracture_v2\experiment5_localization\dataset\images\train\1395_0729791360_04_WRI-L1_F017.png,D:\projects\MediMind\ai-prediction-service\artifacts\fracture_v2\experiment5_localization\dataset\images\train\1395_0729791380_04_WRI-L2_F017.png,True,True,1,1,1,1,17.7,F,L,wrist,NONE
1396_01_WRI-L,PAT_GRAZ_1396,1396,GRAZPEDWRI-DX,train,1396_0857076570_01_WRI-L1_M009,1396_0857076613_01_WRI-L2_M009,D:\projects\MediMind\ai-prediction-service\artifacts\fracture_v2\experiment5_localization\dataset\images\train\1396_0857076570_01_WRI-L1_M009.png,D:\projects\MediMind\ai-prediction-service\artifacts\fracture_v2\experiment5_localization\dataset\images\train\1396_0857076613_01_WRI-L2_M009.png,True,True,0,0,0,1,9.4,M,L,wrist,NONE
1397_01_WRI-L,PAT_GRAZ_1397,1397,GRAZPEDWRI-DX,train,1397_0941480505_01_WRI-L1_M013,1397_0941480575_01_WRI-L2_M013,D:\projects\MediMind\ai-prediction-service\artifacts\fracture_v2\experiment5_localization\dataset\images\train\1397_0941480505_01_WRI-L1_M013.png,D:\projects\MediMind\ai-prediction-service\artifacts\fracture_v2\experiment5_localization\dataset\images\train\1397_0941480575_01_WRI-L2_M013.png,True,True,0,0,0,1,13.0,M,L,wrist,NONE
1398_01_WRI-R,PAT_GRAZ_1398,1398,GRAZPEDWRI-DX,train,1398_1011678863_01_WRI-R1_F012,1398_1011678894_01_WRI-R2_F012,D:\projects\MediMind\ai-prediction-service\artifacts\fracture_v2\experiment5_localization\dataset\images\train\1398_1011678863_01_WRI-R1_F012.png,D:\projects\MediMind\ai-prediction-service\artifacts\fracture_v2\experiment5_localization\dataset\images\train\1398_1011678894_01_WRI-R2_F012.png,True,True,1,1,1,1,12.9,F,R,wrist,NONE
1398_02_WRI-L,PAT_GRAZ_1398,1398,GRAZPEDWRI-DX,train,1398_1011681808_02_WRI-L1_F012,1398_1011681844_02_WRI-L2_F012,D:\projects\MediMind\ai-prediction-service\artifacts\fracture_v2\experiment5_localization\dataset\images\train\1398_1011681808_02_WRI-L1_F012.png,D:\projects\MediMind\ai-prediction-service\artifacts\fracture_v2\experiment5_localization\dataset\images\train\1398_1011681844_02_WRI-L2_F012.png,True,True,1,1,1,1,12.9,F,L,wrist,NONE
1399_01_WRI-L,PAT_GRAZ_1399,1399,GRAZPEDWRI-DX,train,1399_0584137011_01_WRI-L1_M012,1399_0584137055_01_WRI-L2_M012,D:\projects\MediMind\ai-prediction-service\artifacts\fracture_v2\experiment5_localization\dataset\images\train\1399_0584137011_01_WRI-L1_M012.png,D:\projects\MediMind\ai-prediction-service\artifacts\fracture_v2\experiment5_localization\dataset\images\train\1399_0584137055_01_WRI-L2_M012.png,True,True,1,1,1,1,12.6,M,L,wrist,NONE
1400_01_WRI-L,PAT_GRAZ_1400,1400,GRAZPEDWRI-DX,train,1400_0788057697_01_WRI-L1_F010,1400_0788057728_01_WRI-L2_F010,D:\projects\MediMind\ai-prediction-service\artifacts\fracture_v2\experiment5_localization\dataset\images\train\1400_0788057697_01_WRI-L1_F010.png,D:\projects\MediMind\ai-prediction-service\artifacts\fracture_v2\experiment5_localization\dataset\images\train\1400_0788057728_01_WRI-L2_F010.png,True,True,0,0,0,1,10.9,F,L,wrist,NONE
1401_01_WRI-L,PAT_GRAZ_1401,1401,GRAZPEDWRI-DX,train,1401_0731875820_01_WRI-L1_M014,1401_0731875854_01_WRI-L2_M014,D:\projects\MediMind\ai-prediction-service\artifacts\fracture_v2\experiment5_localization\dataset\images\train\1401_0731875820_01_WRI-L1_M014.png,D:\projects\MediMind\ai-prediction-service\artifacts\fracture_v2\experiment5_localization\dataset\images\train\1401_0731875854_01_WRI-L2_M014.png,True,True,1,1,1,1,14.8,M,L,wrist,NONE
1401_02_WRI-L,PAT_GRAZ_1401,1401,GRAZPEDWRI-DX,train,1401_0731878176_02_WRI-L1_M014,1401_0731878211_02_WRI-L2_M014,D:\projects\MediMind\ai-prediction-service\artifacts\fracture_v2\experiment5_localization\dataset\images\train\1401_0731878176_02_WRI-L1_M014.png,D:\projects\MediMind\ai-prediction-service\artifacts\fracture_v2\experiment5_localization\dataset\images\train\1401_0731878211_02_WRI-L2_M014.png,True,True,1,1,1,1,14.8,M,L,wrist,NONE
1401_05_WRI-L,PAT_GRAZ_1401,1401,GRAZPEDWRI-DX,train,1401_0732973695_05_WRI-L1_M014,1401_0732973740_05_WRI-L2_M014,D:\projects\MediMind\ai-prediction-service\artifacts\fracture_v2\experiment5_localization\dataset\images\train\1401_0732973695_05_WRI-L1_M014.png,D:\projects\MediMind\ai-prediction-service\artifacts\fracture_v2\experiment5_localization\dataset\images\train\1401_0732973740_05_WRI-L2_M014.png,True,True,1,1,1,1,14.8,M,L,wrist,NONE
1401_06_WRI-L,PAT_GRAZ_1401,1401,GRAZPEDWRI-DX,train,1401_0734091310_06_WRI-L1_M014,1401_0734091352_06_WRI-L2_M014,D:\projects\MediMind\ai-prediction-service\artifacts\fracture_v2\experiment5_localization\dataset\images\train\1401_0734091310_06_WRI-L1_M014.png,D:\projects\MediMind\ai-prediction-service\artifacts\fracture_v2\experiment5_localization\dataset\images\train\1401_0734091352_06_WRI-L2_M014.png,True,True,1,1,1,1,14.8,M,L,wrist,NONE
1402_01_WRI-L,PAT_GRAZ_1402,1402,GRAZPEDWRI-DX,train,1402_0953518950_01_WRI-L1_F008,1402_0953518978_01_WRI-L2_F008,D:\projects\MediMind\ai-prediction-service\artifacts\fracture_v2\experiment5_localization\dataset\images\train\1402_0953518950_01_WRI-L1_F008.png,D:\projects\MediMind\ai-prediction-service\artifacts\fracture_v2\experiment5_localization\dataset\images\train\1402_0953518978_01_WRI-L2_F008.png,True,True,0,0,0,1,8.8,F,L,wrist,NONE
1403_01_WRI-L,PAT_GRAZ_1403,1403,GRAZPEDWRI-DX,train,1403_0411430807_01_WRI-L1_M015,1403_0411430836_01_WRI-L2_M015,D:\projects\MediMind\ai-prediction-service\artifacts\fracture_v2\experiment5_localization\dataset\images\train\1403_0411430807_01_WRI-L1_M015.png,D:\projects\MediMind\ai-prediction-service\artifacts\fracture_v2\experiment5_localization\dataset\images\train\1403_0411430836_01_WRI-L2_M015.png,True,True,0,0,0,1,15.1,M,L,wrist,NONE
1405_01_WRI-R,PAT_GRAZ_1405,1405,GRAZPEDWRI-DX,train,1405_0942669544_01_WRI-R1_M006,1405_0942669583_01_WRI-R2_M006,D:\projects\MediMind\ai-prediction-service\artifacts\fracture_v2\experiment5_localization\dataset\images\train\1405_0942669544_01_WRI-R1_M006.png,D:\projects\MediMind\ai-prediction-service\artifacts\fracture_v2\experiment5_localization\dataset\images\train\1405_0942669583_01_WRI-R2_M006.png,True,True,1,1,1,1,6.6,M,R,wrist,NONE
1406_03_WRI-L,PAT_GRAZ_1406,1406,GRAZPEDWRI-DX,train,1406_0723205792_03_WRI-L1_F009,1406_0723205832_03_WRI-L2_F009,D:\projects\MediMind\ai-prediction-service\artifacts\fracture_v2\experiment5_localization\dataset\images\train\1406_0723205792_03_WRI-L1_F009.png,D:\projects\MediMind\ai-prediction-service\artifacts\fracture_v2\experiment5_localization\dataset\images\train\1406_0723205832_03_WRI-L2_F009.png,True,True,0,0,0,1,9.3,F,L,wrist,NONE
1407_01_WRI-L,PAT_GRAZ_1407,1407,GRAZPEDWRI-DX,train,1407_0719149567_01_WRI-L1_M017,1407_0719149648_01_WRI-L2_M017,D:\projects\MediMind\ai-prediction-service\artifacts\fracture_v2\experiment5_localization\dataset\images\train\1407_0719149567_01_WRI-L1_M017.png,D:\projects\MediMind\ai-prediction-service\artifacts\fracture_v2\experiment5_localization\dataset\images\train\1407_0719149648_01_WRI-L2_M017.png,True,True,1,0,1,0,17.8,M,L,wrist,NONE
1410_01_WRI-R,PAT_GRAZ_1410,1410,GRAZPEDWRI-DX,train,1410_0529917269_01_WRI-R1_M011,1410_0529917316_01_WRI-R2_M011,D:\projects\MediMind\ai-prediction-service\artifacts\fracture_v2\experiment5_localization\dataset\images\train\1410_0529917269_01_WRI-R1_M011.png,D:\projects\MediMind\ai-prediction-service\artifacts\fracture_v2\experiment5_localization\dataset\images\train\1410_0529917316_01_WRI-R2_M011.png,True,True,1,1,1,1,11.4,M,R,wrist,NONE
1411_01_WRI-L,PAT_GRAZ_1411,1411,GRAZPEDWRI-DX,train,1411_0517013711_01_WRI-L1_F017,1411_0517013741_01_WRI-L2_F017,D:\projects\MediMind\ai-prediction-service\artifacts\fracture_v2\experiment5_localization\dataset\images\train\1411_0517013711_01_WRI-L1_F017.png,D:\projects\MediMind\ai-prediction-service\artifacts\fracture_v2\experiment5_localization\dataset\images\train\1411_0517013741_01_WRI-L2_F017.png,True,True,0,0,0,1,17.0,F,L,wrist,NONE
1415_01_WRI-L,PAT_GRAZ_1415,1415,GRAZPEDWRI-DX,train,1415_0423942032_01_WRI-L1_M011,1415_0423942063_01_WRI-L2_M011,D:\projects\MediMind\ai-prediction-service\artifacts\fracture_v2\experiment5_localization\dataset\images\train\1415_0423942032_01_WRI-L1_M011.png,D:\projects\MediMind\ai-prediction-service\artifacts\fracture_v2\experiment5_localization\dataset\images\train\1415_0423942063_01_WRI-L2_M011.png,True,True,1,1,1,1,11.3,M,L,wrist,NONE
1415_02_WRI-L,PAT_GRAZ_1415,1415,GRAZPEDWRI-DX,train,1415_0424720100_02_WRI-L1_M011,1415_0424720142_02_WRI-L2_M011,D:\projects\MediMind\ai-prediction-service\artifacts\fracture_v2\experiment5_localization\dataset\images\train\1415_0424720100_02_WRI-L1_M011.png,D:\projects\MediMind\ai-prediction-service\artifacts\fracture_v2\experiment5_localization\dataset\images\train\1415_0424720142_02_WRI-L2_M011.png,True,True,1,1,1,1,11.3,M,L,wrist,NONE
1417_01_WRI-R,PAT_GRAZ_1417,1417,GRAZPEDWRI-DX,train,1417_1190323898_01_WRI-R1_M012,1417_1190323985_01_WRI-R2_M012,D:\projects\MediMind\ai-prediction-service\artifacts\fracture_v2\experiment5_localization\dataset\images\train\1417_1190323898_01_WRI-R1_M012.png,D:\projects\MediMind\ai-prediction-service\artifacts\fracture_v2\experiment5_localization\dataset\images\train\1417_1190323985_01_WRI-R2_M012.png,True,True,1,1,1,1,12.3,M,R,wrist,NONE
1417_04_WRI-R,PAT_GRAZ_1417,1417,GRAZPEDWRI-DX,train,1417_1191589291_04_WRI-R1_M012,1417_1191589338_04_WRI-R2_M012,D:\projects\MediMind\ai-prediction-service\artifacts\fracture_v2\experiment5_localization\dataset\images\train\1417_1191589291_04_WRI-R1_M012.png,D:\projects\MediMind\ai-prediction-service\artifacts\fracture_v2\experiment5_localization\dataset\images\train\1417_1191589338_04_WRI-R2_M012.png,True,True,1,1,1,1,12.3,M,R,wrist,NONE
1417_05_WRI-R,PAT_GRAZ_1417,1417,GRAZPEDWRI-DX,train,1417_1192193848_05_WRI-R1_M012,1417_1192193889_05_WRI-R2_M012,D:\projects\MediMind\ai-prediction-service\artifacts\fracture_v2\experiment5_localization\dataset\images\train\1417_1192193848_05_WRI-R1_M012.png,D:\projects\MediMind\ai-prediction-service\artifacts\fracture_v2\experiment5_localization\dataset\images\train\1417_1192193889_05_WRI-R2_M012.png,True,True,1,1,1,1,12.3,M,R,wrist,NONE
1418_01_WRI-R,PAT_GRAZ_1418,1418,GRAZPEDWRI-DX,train,1418_1098643102_01_WRI-R1_M015,1418_1098643143_01_WRI-R2_M015,D:\projects\MediMind\ai-prediction-service\artifacts\fracture_v2\experiment5_localization\dataset\images\train\1418_1098643102_01_WRI-R1_M015.png,D:\projects\MediMind\ai-prediction-service\artifacts\fracture_v2\experiment5_localization\dataset\images\train\1418_1098643143_01_WRI-R2_M015.png,True,True,0,0,0,1,15.1,M,R,wrist,NONE
1419_01_WRI-R,PAT_GRAZ_1419,1419,GRAZPEDWRI-DX,train,1419_0742862639_01_WRI-R1_F015,1419_0742862676_01_WRI-R2_F015,D:\projects\MediMind\ai-prediction-service\artifacts\fracture_v2\experiment5_localization\dataset\images\train\1419_0742862639_01_WRI-R1_F015.png,D:\projects\MediMind\ai-prediction-service\artifacts\fracture_v2\experiment5_localization\dataset\images\train\1419_0742862676_01_WRI-R2_F015.png,True,True,0,0,0,1,15.4,F,R,wrist,NONE
1420_01_WRI-L,PAT_GRAZ_1420,1420,GRAZPEDWRI-DX,train,1420_0705974193_01_WRI-L1_M014,1420_0705974222_01_WRI-L2_M014,D:\projects\MediMind\ai-prediction-service\artifacts\fracture_v2\experiment5_localization\dataset\images\train\1420_0705974193_01_WRI-L1_M014.png,D:\projects\MediMind\ai-prediction-service\artifacts\fracture_v2\experiment5_localization\dataset\images\train\1420_0705974222_01_WRI-L2_M014.png,True,True,1,1,1,1,14.0,M,L,wrist,NONE
1420_02_WRI-L,PAT_GRAZ_1420,1420,GRAZPEDWRI-DX,train,1420_0706656094_02_WRI-L1_M014,1420_0706656146_02_WRI-L2_M014,D:\projects\MediMind\ai-prediction-service\artifacts\fracture_v2\experiment5_localization\dataset\images\train\1420_0706656094_02_WRI-L1_M014.png,D:\projects\MediMind\ai-prediction-service\artifacts\fracture_v2\experiment5_localization\dataset\images\train\1420_0706656146_02_WRI-L2_M014.png,True,True,1,1,1,1,14.0,M,L,wrist,NONE
1420_03_WRI-L,PAT_GRAZ_1420,1420,GRAZPEDWRI-DX,train,1420_0707863231_03_WRI-L1_M014,1420_0707863285_03_WRI-L2_M014,D:\projects\MediMind\ai-prediction-service\artifacts\fracture_v2\experiment5_localization\dataset\images\train\1420_0707863231_03_WRI-L1_M014.png,D:\projects\MediMind\ai-prediction-service\artifacts\fracture_v2\experiment5_localization\dataset\images\train\1420_0707863285_03_WRI-L2_M014.png,True,True,1,1,1,1,14.1,M,L,wrist,NONE
1420_04_WRI-L,PAT_GRAZ_1420,1420,GRAZPEDWRI-DX,train,1420_0713479581_04_WRI-L1_M014,1420_0713479599_04_WRI-L2_M014,D:\projects\MediMind\ai-prediction-service\artifacts\fracture_v2\experiment5_localization\dataset\images\train\1420_0713479581_04_WRI-L1_M014.png,D:\projects\MediMind\ai-prediction-service\artifacts\fracture_v2\experiment5_localization\dataset\images\train\1420_0713479599_04_WRI-L2_M014.png,True,True,1,1,1,1,14.2,M,L,wrist,NONE
1421_01_WRI-L,PAT_GRAZ_1421,1421,GRAZPEDWRI-DX,train,1421_0241550339_01_WRI-L1_F010,1421_0241550382_01_WRI-L2_F010,D:\projects\MediMind\ai-prediction-service\artifacts\fracture_v2\experiment5_localization\dataset\images\train\1421_0241550339_01_WRI-L1_F010.png,D:\projects\MediMind\ai-prediction-service\artifacts\fracture_v2\experiment5_localization\dataset\images\train\1421_0241550382_01_WRI-L2_F010.png,True,True,0,0,0,1,10.7,F,L,wrist,NONE
1423_01_WRI-L,PAT_GRAZ_1423,1423,GRAZPEDWRI-DX,train,1423_0783269550_01_WRI-L1_F008,1423_0783269581_01_WRI-L2_F008,D:\projects\MediMind\ai-prediction-service\artifacts\fracture_v2\experiment5_localization\dataset\images\train\1423_0783269550_01_WRI-L1_F008.png,D:\projects\MediMind\ai-prediction-service\artifacts\fracture_v2\experiment5_localization\dataset\images\train\1423_0783269581_01_WRI-L2_F008.png,True,True,0,0,0,1,8.6,F,L,wrist,NONE
1425_01_WRI-L,PAT_GRAZ_1425,1425,GRAZPEDWRI-DX,train,1425_0880145616_01_WRI-L1_F008,1425_0880145677_01_WRI-L2_F008,D:\projects\MediMind\ai-prediction-service\artifacts\fracture_v2\experiment5_localization\dataset\images\train\1425_0880145616_01_WRI-L1_F008.png,D:\projects\MediMind\ai-prediction-service\artifacts\fracture_v2\experiment5_localization\dataset\images\train\1425_0880145677_01_WRI-L2_F008.png,True,True,0,0,0,1,8.8,F,L,wrist,NONE
1426_01_WRI-R,PAT_GRAZ_1426,1426,GRAZPEDWRI-DX,train,1426_0318445840_01_WRI-R1_F011,1426_0318445874_01_WRI-R2_F011,D:\projects\MediMind\ai-prediction-service\artifacts\fracture_v2\experiment5_localization\dataset\images\train\1426_0318445840_01_WRI-R1_F011.png,D:\projects\MediMind\ai-prediction-service\artifacts\fracture_v2\experiment5_localization\dataset\images\train\1426_0318445874_01_WRI-R2_F011.png,True,True,0,0,0,1,11.6,F,R,wrist,NONE
1427_01_WRI-L,PAT_GRAZ_1427,1427,GRAZPEDWRI-DX,train,1427_0280007935_01_WRI-L1_F014,1427_0280007956_01_WRI-L2_F014,D:\projects\MediMind\ai-prediction-service\artifacts\fracture_v2\experiment5_localization\dataset\images\train\1427_0280007935_01_WRI-L1_F014.png,D:\projects\MediMind\ai-prediction-service\artifacts\fracture_v2\experiment5_localization\dataset\images\train\1427_0280007956_01_WRI-L2_F014.png,True,True,0,0,0,1,14.6,F,L,wrist,NONE
1429_01_WRI-L,PAT_GRAZ_1429,1429,GRAZPEDWRI-DX,train,1429_0948968641_01_WRI-L1_M007,1429_0948968850_01_WRI-L2_M007,D:\projects\MediMind\ai-prediction-service\artifacts\fracture_v2\experiment5_localization\dataset\images\train\1429_0948968641_01_WRI-L1_M007.png,D:\projects\MediMind\ai-prediction-service\artifacts\fracture_v2\experiment5_localization\dataset\images\train\1429_0948968850_01_WRI-L2_M007.png,True,True,1,1,1,1,7.6,M,L,wrist,NONE
1429_02_WRI-L,PAT_GRAZ_1429,1429,GRAZPEDWRI-DX,train,1429_0949648445_02_WRI-L1_M007,1429_0949648473_02_WRI-L2_M007,D:\projects\MediMind\ai-prediction-service\artifacts\fracture_v2\experiment5_localization\dataset\images\train\1429_0949648445_02_WRI-L1_M007.png,D:\projects\MediMind\ai-prediction-service\artifacts\fracture_v2\experiment5_localization\dataset\images\train\1429_0949648473_02_WRI-L2_M007.png,True,True,1,1,1,1,7.6,M,L,wrist,NONE
1429_03_WRI-L,PAT_GRAZ_1429,1429,GRAZPEDWRI-DX,train,1429_0950252312_03_WRI-L1_M007,1429_0950252428_03_WRI-L2_M007,D:\projects\MediMind\ai-prediction-service\artifacts\fracture_v2\experiment5_localization\dataset\images\train\1429_0950252312_03_WRI-L1_M007.png,D:\projects\MediMind\ai-prediction-service\artifacts\fracture_v2\experiment5_localization\dataset\images\train\1429_0950252428_03_WRI-L2_M007.png,True,True,1,1,1,1,7.6,M,L,wrist,NONE
1429_04_WRI-L,PAT_GRAZ_1429,1429,GRAZPEDWRI-DX,train,1429_0951458673_04_WRI-L1_M007,1429_0951458720_04_WRI-L2_M007,D:\projects\MediMind\ai-prediction-service\artifacts\fracture_v2\experiment5_localization\dataset\images\train\1429_0951458673_04_WRI-L1_M007.png,D:\projects\MediMind\ai-prediction-service\artifacts\fracture_v2\experiment5_localization\dataset\images\train\1429_0951458720_04_WRI-L2_M007.png,True,True,1,1,1,1,7.6,M,L,wrist,NONE
1430_01_WRI-R,PAT_GRAZ_1430,1430,GRAZPEDWRI-DX,train,1430_0611557520_01_WRI-R1_M008,1430_0611557550_01_WRI-R2_M008,D:\projects\MediMind\ai-prediction-service\artifacts\fracture_v2\experiment5_localization\dataset\images\train\1430_0611557520_01_WRI-R1_M008.png,D:\projects\MediMind\ai-prediction-service\artifacts\fracture_v2\experiment5_localization\dataset\images\train\1430_0611557550_01_WRI-R2_M008.png,True,True,1,1,1,1,8.0,M,R,wrist,NONE
1433_01_WRI-L,PAT_GRAZ_1433,1433,GRAZPEDWRI-DX,train,1433_0622312111_01_WRI-L1_M014,1433_0622312172_01_WRI-L2_M014,D:\projects\MediMind\ai-prediction-service\artifacts\fracture_v2\experiment5_localization\dataset\images\train\1433_0622312111_01_WRI-L1_M014.png,D:\projects\MediMind\ai-prediction-service\artifacts\fracture_v2\experiment5_localization\dataset\images\train\1433_0622312172_01_WRI-L2_M014.png,True,True,1,1,1,1,14.0,M,L,wrist,NONE
1435_01_WRI-R,PAT_GRAZ_1435,1435,GRAZPEDWRI-DX,train,1435_1180542249_01_WRI-R1_M010,1435_1180542272_01_WRI-R2_M010,D:\projects\MediMind\ai-prediction-service\artifacts\fracture_v2\experiment5_localization\dataset\images\train\1435_1180542249_01_WRI-R1_M010.png,D:\projects\MediMind\ai-prediction-service\artifacts\fracture_v2\experiment5_localization\dataset\images\train\1435_1180542272_01_WRI-R2_M010.png,True,True,0,0,0,1,10.8,M,R,wrist,NONE
1437_01_WRI-L,PAT_GRAZ_1437,1437,GRAZPEDWRI-DX,train,1437_0665544937_01_WRI-L1_M014,1437_0665544977_01_WRI-L2_M014,D:\projects\MediMind\ai-prediction-service\artifacts\fracture_v2\experiment5_localization\dataset\images\train\1437_0665544937_01_WRI-L1_M014.png,D:\projects\MediMind\ai-prediction-service\artifacts\fracture_v2\experiment5_localization\dataset\images\train\1437_0665544977_01_WRI-L2_M014.png,True,True,0,0,0,1,14.5,M,L,wrist,NONE
1438_01_WRI-L,PAT_GRAZ_1438,1438,GRAZPEDWRI-DX,train,1438_1090894683_01_WRI-L1_M013,1438_1090894735_01_WRI-L2_M013,D:\projects\MediMind\ai-prediction-service\artifacts\fracture_v2\experiment5_localization\dataset\images\train\1438_1090894683_01_WRI-L1_M013.png,D:\projects\MediMind\ai-prediction-service\artifacts\fracture_v2\experiment5_localization\dataset\images\train\1438_1090894735_01_WRI-L2_M013.png,True,True,1,1,1,1,13.4,M,L,wrist,NONE
1438_02_WRI-L,PAT_GRAZ_1438,1438,GRAZPEDWRI-DX,train,1438_1090896840_02_WRI-L1_M013,1438_1090896886_02_WRI-L2_M013,D:\projects\MediMind\ai-prediction-service\artifacts\fracture_v2\experiment5_localization\dataset\images\train\1438_1090896840_02_WRI-L1_M013.png,D:\projects\MediMind\ai-prediction-service\artifacts\fracture_v2\experiment5_localization\dataset\images\train\1438_1090896886_02_WRI-L2_M013.png,True,True,1,1,1,1,13.4,M,L,wrist,NONE
1438_03_WRI-L,PAT_GRAZ_1438,1438,GRAZPEDWRI-DX,train,1438_1091481293_03_WRI-L1_M013,1438_1091481366_03_WRI-L2_M013,D:\projects\MediMind\ai-prediction-service\artifacts\fracture_v2\experiment5_localization\dataset\images\train\1438_1091481293_03_WRI-L1_M013.png,D:\projects\MediMind\ai-prediction-service\artifacts\fracture_v2\experiment5_localization\dataset\images\train\1438_1091481366_03_WRI-L2_M013.png,True,True,1,1,1,1,13.5,M,L,wrist,NONE
1438_06_WRI-L,PAT_GRAZ_1438,1438,GRAZPEDWRI-DX,train,1438_1093900833_06_WRI-L1_M013,1438_1093900906_06_WRI-L2_M013,D:\projects\MediMind\ai-prediction-service\artifacts\fracture_v2\experiment5_localization\dataset\images\train\1438_1093900833_06_WRI-L1_M013.png,D:\projects\MediMind\ai-prediction-service\artifacts\fracture_v2\experiment5_localization\dataset\images\train\1438_1093900906_06_WRI-L2_M013.png,True,True,1,1,1,1,13.5,M,L,wrist,NONE
1439_01_WRI-R,PAT_GRAZ_1439,1439,GRAZPEDWRI-DX,train,1439_0478434410_01_WRI-R1_M015,1439_0478434456_01_WRI-R2_M015,D:\projects\MediMind\ai-prediction-service\artifacts\fracture_v2\experiment5_localization\dataset\images\train\1439_0478434410_01_WRI-R1_M015.png,D:\projects\MediMind\ai-prediction-service\artifacts\fracture_v2\experiment5_localization\dataset\images\train\1439_0478434456_01_WRI-R2_M015.png,True,True,0,0,0,1,15.3,M,R,wrist,NONE
1440_01_WRI-R,PAT_GRAZ_1440,1440,GRAZPEDWRI-DX,train,1440_0853819615_01_WRI-R1_M013,1440_0853819663_01_WRI-R2_M013,D:\projects\MediMind\ai-prediction-service\artifacts\fracture_v2\experiment5_localization\dataset\images\train\1440_0853819615_01_WRI-R1_M013.png,D:\projects\MediMind\ai-prediction-service\artifacts\fracture_v2\experiment5_localization\dataset\images\train\1440_0853819663_01_WRI-R2_M013.png,True,True,1,1,1,1,13.6,M,R,wrist,NONE
1441_01_WRI-L,PAT_GRAZ_1441,1441,GRAZPEDWRI-DX,train,1441_0845230203_01_WRI-L1_M017,1441_0845230243_01_WRI-L2_M017,D:\projects\MediMind\ai-prediction-service\artifacts\fracture_v2\experiment5_localization\dataset\images\train\1441_0845230203_01_WRI-L1_M017.png,D:\projects\MediMind\ai-prediction-service\artifacts\fracture_v2\experiment5_localization\dataset\images\train\1441_0845230243_01_WRI-L2_M017.png,True,True,0,0,0,1,17.3,M,L,wrist,NONE
1444_01_WRI-L,PAT_GRAZ_1444,1444,GRAZPEDWRI-DX,train,1444_0460699087_01_WRI-L1_M013,1444_0460699195_01_WRI-L2_M013,D:\projects\MediMind\ai-prediction-service\artifacts\fracture_v2\experiment5_localization\dataset\images\train\1444_0460699087_01_WRI-L1_M013.png,D:\projects\MediMind\ai-prediction-service\artifacts\fracture_v2\experiment5_localization\dataset\images\train\1444_0460699195_01_WRI-L2_M013.png,True,True,1,1,1,1,13.8,M,L,wrist,NONE
1445_01_WRI-L,PAT_GRAZ_1445,1445,GRAZPEDWRI-DX,train,1445_1188765254_01_WRI-L1_M013,1445_1188765295_01_WRI-L2_M013,D:\projects\MediMind\ai-prediction-service\artifacts\fracture_v2\experiment5_localization\dataset\images\train\1445_1188765254_01_WRI-L1_M013.png,D:\projects\MediMind\ai-prediction-service\artifacts\fracture_v2\experiment5_localization\dataset\images\train\1445_1188765295_01_WRI-L2_M013.png,True,True,0,0,0,1,13.3,M,L,wrist,NONE
1447_01_WRI-L,PAT_GRAZ_1447,1447,GRAZPEDWRI-DX,train,1447_0690830859_01_WRI-L1_M011,1447_0690830881_01_WRI-L2_M011,D:\projects\MediMind\ai-prediction-service\artifacts\fracture_v2\experiment5_localization\dataset\images\train\1447_0690830859_01_WRI-L1_M011.png,D:\projects\MediMind\ai-prediction-service\artifacts\fracture_v2\experiment5_localization\dataset\images\train\1447_0690830881_01_WRI-L2_M011.png,True,True,1,1,1,1,11.2,M,L,wrist,NONE
1447_02_WRI-R,PAT_GRAZ_1447,1447,GRAZPEDWRI-DX,train,1447_0810122930_02_WRI-R1_M015,1447_0810122975_02_WRI-R2_M015,D:\projects\MediMind\ai-prediction-service\artifacts\fracture_v2\experiment5_localization\dataset\images\train\1447_0810122930_02_WRI-R1_M015.png,D:\projects\MediMind\ai-prediction-service\artifacts\fracture_v2\experiment5_localization\dataset\images\train\1447_0810122975_02_WRI-R2_M015.png,True,True,1,1,1,1,15.0,M,R,wrist,NONE
1447_03_WRI-R,PAT_GRAZ_1447,1447,GRAZPEDWRI-DX,train,1447_0812817954_03_WRI-R1_M015,1447_0812817977_03_WRI-R2_M015,D:\projects\MediMind\ai-prediction-service\artifacts\fracture_v2\experiment5_localization\dataset\images\train\1447_0812817954_03_WRI-R1_M015.png,D:\projects\MediMind\ai-prediction-service\artifacts\fracture_v2\experiment5_localization\dataset\images\train\1447_0812817977_03_WRI-R2_M015.png,True,True,1,1,1,1,15.1,M,R,wrist,NONE
1448_01_WRI-L,PAT_GRAZ_1448,1448,GRAZPEDWRI-DX,train,1448_0412257867_01_WRI-L1_M011,1448_0412257906_01_WRI-L2_M011,D:\projects\MediMind\ai-prediction-service\artifacts\fracture_v2\experiment5_localization\dataset\images\train\1448_0412257867_01_WRI-L1_M011.png,D:\projects\MediMind\ai-prediction-service\artifacts\fracture_v2\experiment5_localization\dataset\images\train\1448_0412257906_01_WRI-L2_M011.png,True,True,1,1,1,1,11.4,M,L,wrist,NONE
1450_01_WRI-R,PAT_GRAZ_1450,1450,GRAZPEDWRI-DX,train,1450_1008503338_01_WRI-R1_F016,1450_1008503385_01_WRI-R2_F016,D:\projects\MediMind\ai-prediction-service\artifacts\fracture_v2\experiment5_localization\dataset\images\train\1450_1008503338_01_WRI-R1_F016.png,D:\projects\MediMind\ai-prediction-service\artifacts\fracture_v2\experiment5_localization\dataset\images\train\1450_1008503385_01_WRI-R2_F016.png,True,True,0,0,0,1,16.9,F,R,wrist,NONE
1452_01_WRI-R,PAT_GRAZ_1452,1452,GRAZPEDWRI-DX,train,1452_0440920752_01_WRI-R1_F010,1452_0440920776_01_WRI-R2_F010,D:\projects\MediMind\ai-prediction-service\artifacts\fracture_v2\experiment5_localization\dataset\images\train\1452_0440920752_01_WRI-R1_F010.png,D:\projects\MediMind\ai-prediction-service\artifacts\fracture_v2\experiment5_localization\dataset\images\train\1452_0440920776_01_WRI-R2_F010.png,True,True,0,0,0,1,10.9,F,R,wrist,NONE
1453_01_WRI-L,PAT_GRAZ_1453,1453,GRAZPEDWRI-DX,train,1453_0340996387_01_WRI-L1_F008,1453_0340996419_01_WRI-L2_F008,D:\projects\MediMind\ai-prediction-service\artifacts\fracture_v2\experiment5_localization\dataset\images\train\1453_0340996387_01_WRI-L1_F008.png,D:\projects\MediMind\ai-prediction-service\artifacts\fracture_v2\experiment5_localization\dataset\images\train\1453_0340996419_01_WRI-L2_F008.png,True,True,0,0,0,1,8.9,F,L,wrist,NONE
1454_01_WRI-L,PAT_GRAZ_1454,1454,GRAZPEDWRI-DX,train,1454_0639652470_01_WRI-L1_M008,1454_0639652519_01_WRI-L2_M008,D:\projects\MediMind\ai-prediction-service\artifacts\fracture_v2\experiment5_localization\dataset\images\train\1454_0639652470_01_WRI-L1_M008.png,D:\projects\MediMind\ai-prediction-service\artifacts\fracture_v2\experiment5_localization\dataset\images\train\1454_0639652519_01_WRI-L2_M008.png,True,True,1,1,1,1,8.7,M,L,wrist,NONE
1455_01_WRI-R,PAT_GRAZ_1455,1455,GRAZPEDWRI-DX,train,1455_0982779876_01_WRI-R1_M008,1455_0982779905_01_WRI-R2_M008,D:\projects\MediMind\ai-prediction-service\artifacts\fracture_v2\experiment5_localization\dataset\images\train\1455_0982779876_01_WRI-R1_M008.png,D:\projects\MediMind\ai-prediction-service\artifacts\fracture_v2\experiment5_localization\dataset\images\train\1455_0982779905_01_WRI-R2_M008.png,True,True,0,0,0,1,8.7,M,R,wrist,NONE
1456_01_WRI-R,PAT_GRAZ_1456,1456,GRAZPEDWRI-DX,train,1456_0516020442_01_WRI-R1_M013,1456_0516020479_01_WRI-R2_M013,D:\projects\MediMind\ai-prediction-service\artifacts\fracture_v2\experiment5_localization\dataset\images\train\1456_0516020442_01_WRI-R1_M013.png,D:\projects\MediMind\ai-prediction-service\artifacts\fracture_v2\experiment5_localization\dataset\images\train\1456_0516020479_01_WRI-R2_M013.png,True,True,0,1,1,0,13.2,M,R,wrist,NONE
1457_01_WRI-R,PAT_GRAZ_1457,1457,GRAZPEDWRI-DX,train,1457_0461840349_01_WRI-R1_F008,1457_0461840394_01_WRI-R2_F008,D:\projects\MediMind\ai-prediction-service\artifacts\fracture_v2\experiment5_localization\dataset\images\train\1457_0461840349_01_WRI-R1_F008.png,D:\projects\MediMind\ai-prediction-service\artifacts\fracture_v2\experiment5_localization\dataset\images\train\1457_0461840394_01_WRI-R2_F008.png,True,True,1,1,1,1,8.9,F,R,wrist,NONE
1457_02_WRI-L,PAT_GRAZ_1457,1457,GRAZPEDWRI-DX,train,1457_0554589489_02_WRI-L1_F011,1457_0554589512_02_WRI-L2_F011,D:\projects\MediMind\ai-prediction-service\artifacts\fracture_v2\experiment5_localization\dataset\images\train\1457_0554589489_02_WRI-L1_F011.png,D:\projects\MediMind\ai-prediction-service\artifacts\fracture_v2\experiment5_localization\dataset\images\train\1457_0554589512_02_WRI-L2_F011.png,True,True,1,1,1,1,11.8,F,L,wrist,NONE
1460_03_WRI-L,PAT_GRAZ_1460,1460,GRAZPEDWRI-DX,train,1460_0710246099_03_WRI-L1_M005,1460_0710246024_03_WRI-L2_M005,D:\projects\MediMind\ai-prediction-service\artifacts\fracture_v2\experiment5_localization\dataset\images\train\1460_0710246099_03_WRI-L1_M005.png,D:\projects\MediMind\ai-prediction-service\artifacts\fracture_v2\experiment5_localization\dataset\images\train\1460_0710246024_03_WRI-L2_M005.png,True,True,1,1,1,1,5.6,M,L,wrist,NONE
1461_01_WRI-L,PAT_GRAZ_1461,1461,GRAZPEDWRI-DX,train,1461_0847559166_01_WRI-L1_M012,1461_0847559229_01_WRI-L2_M012,D:\projects\MediMind\ai-prediction-service\artifacts\fracture_v2\experiment5_localization\dataset\images\train\1461_0847559166_01_WRI-L1_M012.png,D:\projects\MediMind\ai-prediction-service\artifacts\fracture_v2\experiment5_localization\dataset\images\train\1461_0847559229_01_WRI-L2_M012.png,True,True,1,1,1,1,12.8,M,L,wrist,NONE
1461_04_WRI-L,PAT_GRAZ_1461,1461,GRAZPEDWRI-DX,train,1461_0848253547_04_WRI-L1_M012,1461_0848253587_04_WRI-L2_M012,D:\projects\MediMind\ai-prediction-service\artifacts\fracture_v2\experiment5_localization\dataset\images\train\1461_0848253547_04_WRI-L1_M012.png,D:\projects\MediMind\ai-prediction-service\artifacts\fracture_v2\experiment5_localization\dataset\images\train\1461_0848253587_04_WRI-L2_M012.png,True,True,1,1,1,1,12.8,M,L,wrist,NONE
1461_06_WRI-L,PAT_GRAZ_1461,1461,GRAZPEDWRI-DX,train,1461_0848766301_06_WRI-L1_M012,1461_0848766331_06_WRI-L2_M012,D:\projects\MediMind\ai-prediction-service\artifacts\fracture_v2\experiment5_localization\dataset\images\train\1461_0848766301_06_WRI-L1_M012.png,D:\projects\MediMind\ai-prediction-service\artifacts\fracture_v2\experiment5_localization\dataset\images\train\1461_0848766331_06_WRI-L2_M012.png,True,True,1,1,1,1,12.8,M,L,wrist,NONE
1461_07_WRI-L,PAT_GRAZ_1461,1461,GRAZPEDWRI-DX,train,1461_0849372786_07_WRI-L1_M012,1461_0849372732_07_WRI-L2_M012,D:\projects\MediMind\ai-prediction-service\artifacts\fracture_v2\experiment5_localization\dataset\images\train\1461_0849372786_07_WRI-L1_M012.png,D:\projects\MediMind\ai-prediction-service\artifacts\fracture_v2\experiment5_localization\dataset\images\train\1461_0849372732_07_WRI-L2_M012.png,True,True,1,1,1,1,12.8,M,L,wrist,NONE
1461_08_WRI-L,PAT_GRAZ_1461,1461,GRAZPEDWRI-DX,train,1461_0851441660_08_WRI-L1_M012,1461_0851441712_08_WRI-L2_M012,D:\projects\MediMind\ai-prediction-service\artifacts\fracture_v2\experiment5_localization\dataset\images\train\1461_0851441660_08_WRI-L1_M012.png,D:\projects\MediMind\ai-prediction-service\artifacts\fracture_v2\experiment5_localization\dataset\images\train\1461_0851441712_08_WRI-L2_M012.png,True,True,1,1,1,1,12.9,M,L,wrist,NONE
1461_09_WRI-L,PAT_GRAZ_1461,1461,GRAZPEDWRI-DX,train,1461_0855503530_09_WRI-L1_M013,1461_0855503581_09_WRI-L2_M013,D:\projects\MediMind\ai-prediction-service\artifacts\fracture_v2\experiment5_localization\dataset\images\train\1461_0855503530_09_WRI-L1_M013.png,D:\projects\MediMind\ai-prediction-service\artifacts\fracture_v2\experiment5_localization\dataset\images\train\1461_0855503581_09_WRI-L2_M013.png,True,True,1,1,1,1,13.0,M,L,wrist,NONE
1462_01_WRI-R,PAT_GRAZ_1462,1462,GRAZPEDWRI-DX,train,1462_0525624466_01_WRI-R1_F016,1462_0525624501_01_WRI-R2_F016,D:\projects\MediMind\ai-prediction-service\artifacts\fracture_v2\experiment5_localization\dataset\images\train\1462_0525624466_01_WRI-R1_F016.png,D:\projects\MediMind\ai-prediction-service\artifacts\fracture_v2\experiment5_localization\dataset\images\train\1462_0525624501_01_WRI-R2_F016.png,True,True,0,0,0,1,16.7,F,R,wrist,NONE
1463_01_WRI-R,PAT_GRAZ_1463,1463,GRAZPEDWRI-DX,train,1463_0418495027_01_WRI-R1_M016,1463_0418495094_01_WRI-R2_M016,D:\projects\MediMind\ai-prediction-service\artifacts\fracture_v2\experiment5_localization\dataset\images\train\1463_0418495027_01_WRI-R1_M016.png,D:\projects\MediMind\ai-prediction-service\artifacts\fracture_v2\experiment5_localization\dataset\images\train\1463_0418495094_01_WRI-R2_M016.png,True,True,1,1,1,1,16.2,M,R,wrist,NONE
1463_02_WRI-R,PAT_GRAZ_1463,1463,GRAZPEDWRI-DX,train,1463_0418499422_02_WRI-R1_M016,1463_0418499468_02_WRI-R2_M016,D:\projects\MediMind\ai-prediction-service\artifacts\fracture_v2\experiment5_localization\dataset\images\train\1463_0418499422_02_WRI-R1_M016.png,D:\projects\MediMind\ai-prediction-service\artifacts\fracture_v2\experiment5_localization\dataset\images\train\1463_0418499468_02_WRI-R2_M016.png,True,True,1,1,1,1,16.2,M,R,wrist,NONE
1463_03_WRI-R,PAT_GRAZ_1463,1463,GRAZPEDWRI-DX,train,1463_0419015135_03_WRI-R1_M016,1463_0419015184_03_WRI-R2_M016,D:\projects\MediMind\ai-prediction-service\artifacts\fracture_v2\experiment5_localization\dataset\images\train\1463_0419015135_03_WRI-R1_M016.png,D:\projects\MediMind\ai-prediction-service\artifacts\fracture_v2\experiment5_localization\dataset\images\train\1463_0419015184_03_WRI-R2_M016.png,True,True,1,1,1,1,16.2,M,R,wrist,NONE
1463_04_WRI-R,PAT_GRAZ_1463,1463,GRAZPEDWRI-DX,train,1463_0419616598_04_WRI-R1_M016,1463_0419616714_04_WRI-R2_M016,D:\projects\MediMind\ai-prediction-service\artifacts\fracture_v2\experiment5_localization\dataset\images\train\1463_0419616598_04_WRI-R1_M016.png,D:\projects\MediMind\ai-prediction-service\artifacts\fracture_v2\experiment5_localization\dataset\images\train\1463_0419616714_04_WRI-R2_M016.png,True,True,1,1,1,1,16.3,M,R,wrist,NONE
1466_01_WRI-L,PAT_GRAZ_1466,1466,GRAZPEDWRI-DX,train,1466_0759549281_01_WRI-L1_M015,1466_0759549311_01_WRI-L2_M015,D:\projects\MediMind\ai-prediction-service\artifacts\fracture_v2\experiment5_localization\dataset\images\train\1466_0759549281_01_WRI-L1_M015.png,D:\projects\MediMind\ai-prediction-service\artifacts\fracture_v2\experiment5_localization\dataset\images\train\1466_0759549311_01_WRI-L2_M015.png,True,True,1,1,1,1,15.0,M,L,wrist,NONE
1467_01_WRI-L,PAT_GRAZ_1467,1467,GRAZPEDWRI-DX,train,1467_0417301234_01_WRI-L1_F009,1467_0417301256_01_WRI-L2_F009,D:\projects\MediMind\ai-prediction-service\artifacts\fracture_v2\experiment5_localization\dataset\images\train\1467_0417301234_01_WRI-L1_F009.png,D:\projects\MediMind\ai-prediction-service\artifacts\fracture_v2\experiment5_localization\dataset\images\train\1467_0417301256_01_WRI-L2_F009.png,True,True,1,1,1,1,9.6,F,L,wrist,NONE
1467_02_WRI-L,PAT_GRAZ_1467,1467,GRAZPEDWRI-DX,train,1467_0419074246_02_WRI-L1_F009,1467_0419074281_02_WRI-L2_F009,D:\projects\MediMind\ai-prediction-service\artifacts\fracture_v2\experiment5_localization\dataset\images\train\1467_0419074246_02_WRI-L1_F009.png,D:\projects\MediMind\ai-prediction-service\artifacts\fracture_v2\experiment5_localization\dataset\images\train\1467_0419074281_02_WRI-L2_F009.png,True,True,1,1,1,1,9.7,F,L,wrist,NONE
1468_01_WRI-R,PAT_GRAZ_1468,1468,GRAZPEDWRI-DX,train,1468_0712116080_01_WRI-R1_M011,1468_0712116128_01_WRI-R2_M011,D:\projects\MediMind\ai-prediction-service\artifacts\fracture_v2\experiment5_localization\dataset\images\train\1468_0712116080_01_WRI-R1_M011.png,D:\projects\MediMind\ai-prediction-service\artifacts\fracture_v2\experiment5_localization\dataset\images\train\1468_0712116128_01_WRI-R2_M011.png,True,True,1,1,1,1,11.5,M,R,wrist,NONE
1468_02_WRI-R,PAT_GRAZ_1468,1468,GRAZPEDWRI-DX,train,1468_0713323872_02_WRI-R1_M011,1468_0713323913_02_WRI-R2_M011,D:\projects\MediMind\ai-prediction-service\artifacts\fracture_v2\experiment5_localization\dataset\images\train\1468_0713323872_02_WRI-R1_M011.png,D:\projects\MediMind\ai-prediction-service\artifacts\fracture_v2\experiment5_localization\dataset\images\train\1468_0713323913_02_WRI-R2_M011.png,True,True,1,1,1,1,11.5,M,R,wrist,NONE
1471_01_WRI-R,PAT_GRAZ_1471,1471,GRAZPEDWRI-DX,train,1471_0835437826_01_WRI-R1_M016,1471_0835437880_01_WRI-R2_M016,D:\projects\MediMind\ai-prediction-service\artifacts\fracture_v2\experiment5_localization\dataset\images\train\1471_0835437826_01_WRI-R1_M016.png,D:\projects\MediMind\ai-prediction-service\artifacts\fracture_v2\experiment5_localization\dataset\images\train\1471_0835437880_01_WRI-R2_M016.png,True,True,0,0,0,1,16.7,M,R,wrist,NONE
1471_02_WRI-R,PAT_GRAZ_1471,1471,GRAZPEDWRI-DX,train,1471_0854452737_02_WRI-R1_M017,1471_0854452770_02_WRI-R2_M017,D:\projects\MediMind\ai-prediction-service\artifacts\fracture_v2\experiment5_localization\dataset\images\train\1471_0854452737_02_WRI-R1_M017.png,D:\projects\MediMind\ai-prediction-service\artifacts\fracture_v2\experiment5_localization\dataset\images\train\1471_0854452770_02_WRI-R2_M017.png,True,True,0,0,0,1,17.3,M,R,wrist,NONE
1471_03_WRI-R,PAT_GRAZ_1471,1471,GRAZPEDWRI-DX,train,1471_0864814350_03_WRI-R1_M017,1471_0864814416_03_WRI-R2_M017,D:\projects\MediMind\ai-prediction-service\artifacts\fracture_v2\experiment5_localization\dataset\images\train\1471_0864814350_03_WRI-R1_M017.png,D:\projects\MediMind\ai-prediction-service\artifacts\fracture_v2\experiment5_localization\dataset\images\train\1471_0864814416_03_WRI-R2_M017.png,True,True,0,0,0,1,17.6,M,R,wrist,NONE
1471_04_WRI-R,PAT_GRAZ_1471,1471,GRAZPEDWRI-DX,train,1471_0866972025_04_WRI-R1_M017,1471_0866972074_04_WRI-R2_M017,D:\projects\MediMind\ai-prediction-service\artifacts\fracture_v2\experiment5_localization\dataset\images\train\1471_0866972025_04_WRI-R1_M017.png,D:\projects\MediMind\ai-prediction-service\artifacts\fracture_v2\experiment5_localization\dataset\images\train\1471_0866972074_04_WRI-R2_M017.png,True,True,0,0,0,1,17.7,M,R,wrist,NONE
1471_05_WRI-R,PAT_GRAZ_1471,1471,GRAZPEDWRI-DX,train,1471_0869391447_05_WRI-R1_M017,1471_0869391510_05_WRI-R2_M017,D:\projects\MediMind\ai-prediction-service\artifacts\fracture_v2\experiment5_localization\dataset\images\train\1471_0869391447_05_WRI-R1_M017.png,D:\projects\MediMind\ai-prediction-service\artifacts\fracture_v2\experiment5_localization\dataset\images\train\1471_0869391510_05_WRI-R2_M017.png,True,True,0,0,0,1,17.8,M,R,wrist,NONE
1471_06_WRI-R,PAT_GRAZ_1471,1471,GRAZPEDWRI-DX,train,1471_0874234277_06_WRI-R1_M017,1471_0874234324_06_WRI-R2_M017,D:\projects\MediMind\ai-prediction-service\artifacts\fracture_v2\experiment5_localization\dataset\images\train\1471_0874234277_06_WRI-R1_M017.png,D:\projects\MediMind\ai-prediction-service\artifacts\fracture_v2\experiment5_localization\dataset\images\train\1471_0874234324_06_WRI-R2_M017.png,True,True,0,0,0,1,17.9,M,R,wrist,NONE
1473_01_WRI-L,PAT_GRAZ_1473,1473,GRAZPEDWRI-DX,train,1473_0708638564_01_WRI-L1_M011,1473_0708638585_01_WRI-L2_M011,D:\projects\MediMind\ai-prediction-service\artifacts\fracture_v2\experiment5_localization\dataset\images\train\1473_0708638564_01_WRI-L1_M011.png,D:\projects\MediMind\ai-prediction-service\artifacts\fracture_v2\experiment5_localization\dataset\images\train\1473_0708638585_01_WRI-L2_M011.png,True,True,0,0,0,1,11.6,M,L,wrist,NONE
1474_01_WRI-R,PAT_GRAZ_1474,1474,GRAZPEDWRI-DX,train,1474_0298088369_01_WRI-R1_M014,1474_0298088409_01_WRI-R2_M014,D:\projects\MediMind\ai-prediction-service\artifacts\fracture_v2\experiment5_localization\dataset\images\train\1474_0298088369_01_WRI-R1_M014.png,D:\projects\MediMind\ai-prediction-service\artifacts\fracture_v2\experiment5_localization\dataset\images\train\1474_0298088409_01_WRI-R2_M014.png,True,True,1,1,1,1,14.3,M,R,wrist,NONE
1474_02_WRI-R,PAT_GRAZ_1474,1474,GRAZPEDWRI-DX,train,1474_0298582740_02_WRI-R1_M014,1474_0298582812_02_WRI-R2_M014,D:\projects\MediMind\ai-prediction-service\artifacts\fracture_v2\experiment5_localization\dataset\images\train\1474_0298582740_02_WRI-R1_M014.png,D:\projects\MediMind\ai-prediction-service\artifacts\fracture_v2\experiment5_localization\dataset\images\train\1474_0298582812_02_WRI-R2_M014.png,True,True,1,1,1,1,14.3,M,R,wrist,NONE
1474_03_WRI-R,PAT_GRAZ_1474,1474,GRAZPEDWRI-DX,train,1474_0299797814_03_WRI-R1_M014,1474_0299797881_03_WRI-R2_M014,D:\projects\MediMind\ai-prediction-service\artifacts\fracture_v2\experiment5_localization\dataset\images\train\1474_0299797814_03_WRI-R1_M014.png,D:\projects\MediMind\ai-prediction-service\artifacts\fracture_v2\experiment5_localization\dataset\images\train\1474_0299797881_03_WRI-R2_M014.png,True,True,1,1,1,1,14.4,M,R,wrist,NONE
1474_04_WRI-R,PAT_GRAZ_1474,1474,GRAZPEDWRI-DX,train,1474_0302810757_04_WRI-R1_M014,1474_0302810823_04_WRI-R2_M014,D:\projects\MediMind\ai-prediction-service\artifacts\fracture_v2\experiment5_localization\dataset\images\train\1474_0302810757_04_WRI-R1_M014.png,D:\projects\MediMind\ai-prediction-service\artifacts\fracture_v2\experiment5_localization\dataset\images\train\1474_0302810823_04_WRI-R2_M014.png,True,True,1,1,1,1,14.5,M,R,wrist,NONE
1474_05_WRI-R,PAT_GRAZ_1474,1474,GRAZPEDWRI-DX,train,1474_0302812774_05_WRI-R1_M014,1474_0302812822_05_WRI-R2_M014,D:\projects\MediMind\ai-prediction-service\artifacts\fracture_v2\experiment5_localization\dataset\images\train\1474_0302812774_05_WRI-R1_M014.png,D:\projects\MediMind\ai-prediction-service\artifacts\fracture_v2\experiment5_localization\dataset\images\train\1474_0302812822_05_WRI-R2_M014.png,True,True,1,1,1,1,14.5,M,R,wrist,NONE
1474_06_WRI-R,PAT_GRAZ_1474,1474,GRAZPEDWRI-DX,train,1474_0337022330_06_WRI-R1_M015,1474_0337022365_06_WRI-R2_M015,D:\projects\MediMind\ai-prediction-service\artifacts\fracture_v2\experiment5_localization\dataset\images\train\1474_0337022330_06_WRI-R1_M015.png,D:\projects\MediMind\ai-prediction-service\artifacts\fracture_v2\experiment5_localization\dataset\images\train\1474_0337022365_06_WRI-R2_M015.png,True,True,0,0,0,1,15.6,M,R,wrist,NONE
1475_01_WRI-L,PAT_GRAZ_1475,1475,GRAZPEDWRI-DX,train,1475_0288929560_01_WRI-L1_M013,1475_0288929597_01_WRI-L2_M013,D:\projects\MediMind\ai-prediction-service\artifacts\fracture_v2\experiment5_localization\dataset\images\train\1475_0288929560_01_WRI-L1_M013.png,D:\projects\MediMind\ai-prediction-service\artifacts\fracture_v2\experiment5_localization\dataset\images\train\1475_0288929597_01_WRI-L2_M013.png,True,True,0,1,1,0,13.3,M,L,wrist,NONE
1477_01_WRI-L,PAT_GRAZ_1477,1477,GRAZPEDWRI-DX,train,1477_1013501450_01_WRI-L1_F009,1477_1013501491_01_WRI-L2_F009,D:\projects\MediMind\ai-prediction-service\artifacts\fracture_v2\experiment5_localization\dataset\images\train\1477_1013501450_01_WRI-L1_F009.png,D:\projects\MediMind\ai-prediction-service\artifacts\fracture_v2\experiment5_localization\dataset\images\train\1477_1013501491_01_WRI-L2_F009.png,True,True,0,0,0,1,9.9,F,L,wrist,NONE
1479_01_WRI-R,PAT_GRAZ_1479,1479,GRAZPEDWRI-DX,train,1479_0373184175_01_WRI-R1_F006,1479_0373184436_01_WRI-R2_F006,D:\projects\MediMind\ai-prediction-service\artifacts\fracture_v2\experiment5_localization\dataset\images\train\1479_0373184175_01_WRI-R1_F006.png,D:\projects\MediMind\ai-prediction-service\artifacts\fracture_v2\experiment5_localization\dataset\images\train\1479_0373184436_01_WRI-R2_F006.png,True,True,1,1,1,1,6.9,F,R,wrist,NONE
1479_02_WRI-R,PAT_GRAZ_1479,1479,GRAZPEDWRI-DX,train,1479_0373779334_02_WRI-R1_F006,1479_0373779386_02_WRI-R2_F006,D:\projects\MediMind\ai-prediction-service\artifacts\fracture_v2\experiment5_localization\dataset\images\train\1479_0373779334_02_WRI-R1_F006.png,D:\projects\MediMind\ai-prediction-service\artifacts\fracture_v2\experiment5_localization\dataset\images\train\1479_0373779386_02_WRI-R2_F006.png,True,True,1,1,1,1,6.9,F,R,wrist,NONE
1479_06_WRI-R,PAT_GRAZ_1479,1479,GRAZPEDWRI-DX,train,1479_0376461692_06_WRI-R1_F007,1479_0376461767_06_WRI-R2_F007,D:\projects\MediMind\ai-prediction-service\artifacts\fracture_v2\experiment5_localization\dataset\images\train\1479_0376461692_06_WRI-R1_F007.png,D:\projects\MediMind\ai-prediction-service\artifacts\fracture_v2\experiment5_localization\dataset\images\train\1479_0376461767_06_WRI-R2_F007.png,True,True,1,1,1,1,7.0,F,R,wrist,NONE
1480_01_WRI-R,PAT_GRAZ_1480,1480,GRAZPEDWRI-DX,train,1480_1147780612_01_WRI-R1_M012,1480_1147780709_01_WRI-R2_M012,D:\projects\MediMind\ai-prediction-service\artifacts\fracture_v2\experiment5_localization\dataset\images\train\1480_1147780612_01_WRI-R1_M012.png,D:\projects\MediMind\ai-prediction-service\artifacts\fracture_v2\experiment5_localization\dataset\images\train\1480_1147780709_01_WRI-R2_M012.png,True,True,0,0,0,1,12.3,M,R,wrist,NONE
1481_01_WRI-R,PAT_GRAZ_1481,1481,GRAZPEDWRI-DX,train,1481_0638336387_01_WRI-R1_F006,1481_0638336476_01_WRI-R2_F006,D:\projects\MediMind\ai-prediction-service\artifacts\fracture_v2\experiment5_localization\dataset\images\train\1481_0638336387_01_WRI-R1_F006.png,D:\projects\MediMind\ai-prediction-service\artifacts\fracture_v2\experiment5_localization\dataset\images\train\1481_0638336476_01_WRI-R2_F006.png,True,True,1,1,1,1,6.6,F,R,wrist,NONE
1483_01_WRI-R,PAT_GRAZ_1483,1483,GRAZPEDWRI-DX,train,1483_0381467882_01_WRI-R1_M016,1483_0381467931_01_WRI-R2_M016,D:\projects\MediMind\ai-prediction-service\artifacts\fracture_v2\experiment5_localization\dataset\images\train\1483_0381467882_01_WRI-R1_M016.png,D:\projects\MediMind\ai-prediction-service\artifacts\fracture_v2\experiment5_localization\dataset\images\train\1483_0381467931_01_WRI-R2_M016.png,True,True,1,1,1,1,16.4,M,R,wrist,NONE
1483_02_WRI-R,PAT_GRAZ_1483,1483,GRAZPEDWRI-DX,train,1483_0382405524_02_WRI-R1_M016,1483_0382405576_02_WRI-R2_M016,D:\projects\MediMind\ai-prediction-service\artifacts\fracture_v2\experiment5_localization\dataset\images\train\1483_0382405524_02_WRI-R1_M016.png,D:\projects\MediMind\ai-prediction-service\artifacts\fracture_v2\experiment5_localization\dataset\images\train\1483_0382405576_02_WRI-R2_M016.png,True,True,1,1,1,1,16.4,M,R,wrist,NONE
1483_03_WRI-R,PAT_GRAZ_1483,1483,GRAZPEDWRI-DX,train,1483_0383863296_03_WRI-R1_M016,1483_0383863361_03_WRI-R2_M016,D:\projects\MediMind\ai-prediction-service\artifacts\fracture_v2\experiment5_localization\dataset\images\train\1483_0383863296_03_WRI-R1_M016.png,D:\projects\MediMind\ai-prediction-service\artifacts\fracture_v2\experiment5_localization\dataset\images\train\1483_0383863361_03_WRI-R2_M016.png,True,True,1,1,1,1,16.4,M,R,wrist,NONE
1484_01_WRI-L,PAT_GRAZ_1484,1484,GRAZPEDWRI-DX,train,1484_0890326822_01_WRI-L1_M016,1484_0890326843_01_WRI-L2_M016,D:\projects\MediMind\ai-prediction-service\artifacts\fracture_v2\experiment5_localization\dataset\images\train\1484_0890326822_01_WRI-L1_M016.png,D:\projects\MediMind\ai-prediction-service\artifacts\fracture_v2\experiment5_localization\dataset\images\train\1484_0890326843_01_WRI-L2_M016.png,True,True,0,0,0,1,16.7,M,L,wrist,NONE
1485_01_WRI-R,PAT_GRAZ_1485,1485,GRAZPEDWRI-DX,train,1485_0720794153_01_WRI-R1_F008,1485_0720794174_01_WRI-R2_F008,D:\projects\MediMind\ai-prediction-service\artifacts\fracture_v2\experiment5_localization\dataset\images\train\1485_0720794153_01_WRI-R1_F008.png,D:\projects\MediMind\ai-prediction-service\artifacts\fracture_v2\experiment5_localization\dataset\images\train\1485_0720794174_01_WRI-R2_F008.png,True,True,1,1,1,1,8.7,F,R,wrist,NONE
1485_02_WRI-R,PAT_GRAZ_1485,1485,GRAZPEDWRI-DX,train,1485_0721270181_02_WRI-R1_F008,1485_0721270229_02_WRI-R2_F008,D:\projects\MediMind\ai-prediction-service\artifacts\fracture_v2\experiment5_localization\dataset\images\train\1485_0721270181_02_WRI-R1_F008.png,D:\projects\MediMind\ai-prediction-service\artifacts\fracture_v2\experiment5_localization\dataset\images\train\1485_0721270229_02_WRI-R2_F008.png,True,True,1,1,1,1,8.7,F,R,wrist,NONE
1487_01_WRI-L,PAT_GRAZ_1487,1487,GRAZPEDWRI-DX,train,1487_0769563398_01_WRI-L1_F004,1487_0769563437_01_WRI-L2_F004,D:\projects\MediMind\ai-prediction-service\artifacts\fracture_v2\experiment5_localization\dataset\images\train\1487_0769563398_01_WRI-L1_F004.png,D:\projects\MediMind\ai-prediction-service\artifacts\fracture_v2\experiment5_localization\dataset\images\train\1487_0769563437_01_WRI-L2_F004.png,True,True,1,1,1,1,4.6,F,L,wrist,NONE
1490_01_WRI-L,PAT_GRAZ_1490,1490,GRAZPEDWRI-DX,train,1490_0765992162_01_WRI-L1_F012,1490_0765992207_01_WRI-L2_F012,D:\projects\MediMind\ai-prediction-service\artifacts\fracture_v2\experiment5_localization\dataset\images\train\1490_0765992162_01_WRI-L1_F012.png,D:\projects\MediMind\ai-prediction-service\artifacts\fracture_v2\experiment5_localization\dataset\images\train\1490_0765992207_01_WRI-L2_F012.png,True,True,0,0,0,1,12.8,F,L,wrist,NONE
1491_01_WRI-R,PAT_GRAZ_1491,1491,GRAZPEDWRI-DX,train,1491_0570930435_01_WRI-R1_F011,1491_0570930478_01_WRI-R2_F011,D:\projects\MediMind\ai-prediction-service\artifacts\fracture_v2\experiment5_localization\dataset\images\train\1491_0570930435_01_WRI-R1_F011.png,D:\projects\MediMind\ai-prediction-service\artifacts\fracture_v2\experiment5_localization\dataset\images\train\1491_0570930478_01_WRI-R2_F011.png,True,True,0,0,0,1,11.6,F,R,wrist,NONE
1492_01_WRI-L,PAT_GRAZ_1492,1492,GRAZPEDWRI-DX,train,1492_0474171468_01_WRI-L1_M008,1492_0474171522_01_WRI-L2_M008,D:\projects\MediMind\ai-prediction-service\artifacts\fracture_v2\experiment5_localization\dataset\images\train\1492_0474171468_01_WRI-L1_M008.png,D:\projects\MediMind\ai-prediction-service\artifacts\fracture_v2\experiment5_localization\dataset\images\train\1492_0474171522_01_WRI-L2_M008.png,True,True,1,1,1,1,8.9,M,L,wrist,NONE
1492_04_WRI-L,PAT_GRAZ_1492,1492,GRAZPEDWRI-DX,train,1492_0474767036_04_WRI-L1_M008,1492_0474767093_04_WRI-L2_M008,D:\projects\MediMind\ai-prediction-service\artifacts\fracture_v2\experiment5_localization\dataset\images\train\1492_0474767036_04_WRI-L1_M008.png,D:\projects\MediMind\ai-prediction-service\artifacts\fracture_v2\experiment5_localization\dataset\images\train\1492_0474767093_04_WRI-L2_M008.png,True,True,1,1,1,1,8.9,M,L,wrist,NONE
1492_05_WRI-L,PAT_GRAZ_1492,1492,GRAZPEDWRI-DX,train,1492_0476662104_05_WRI-L1_M009,1492_0476662123_05_WRI-L2_M009,D:\projects\MediMind\ai-prediction-service\artifacts\fracture_v2\experiment5_localization\dataset\images\train\1492_0476662104_05_WRI-L1_M009.png,D:\projects\MediMind\ai-prediction-service\artifacts\fracture_v2\experiment5_localization\dataset\images\train\1492_0476662123_05_WRI-L2_M009.png,True,True,1,1,1,1,9.0,M,L,wrist,NONE
1493_01_WRI-L,PAT_GRAZ_1493,1493,GRAZPEDWRI-DX,train,1493_0515588842_01_WRI-L1_F012,1493_0515588872_01_WRI-L2_F012,D:\projects\MediMind\ai-prediction-service\artifacts\fracture_v2\experiment5_localization\dataset\images\train\1493_0515588842_01_WRI-L1_F012.png,D:\projects\MediMind\ai-prediction-service\artifacts\fracture_v2\experiment5_localization\dataset\images\train\1493_0515588872_01_WRI-L2_F012.png,True,True,1,1,1,1,12.0,F,L,wrist,NONE
1493_02_WRI-L,PAT_GRAZ_1493,1493,GRAZPEDWRI-DX,train,1493_0516110451_02_WRI-L1_F012,1493_0516110511_02_WRI-L2_F012,D:\projects\MediMind\ai-prediction-service\artifacts\fracture_v2\experiment5_localization\dataset\images\train\1493_0516110451_02_WRI-L1_F012.png,D:\projects\MediMind\ai-prediction-service\artifacts\fracture_v2\experiment5_localization\dataset\images\train\1493_0516110511_02_WRI-L2_F012.png,True,True,1,1,1,1,12.0,F,L,wrist,NONE
1493_03_WRI-L,PAT_GRAZ_1493,1493,GRAZPEDWRI-DX,train,1493_0517931261_03_WRI-L1_F012,1493_0517931289_03_WRI-L2_F012,D:\projects\MediMind\ai-prediction-service\artifacts\fracture_v2\experiment5_localization\dataset\images\train\1493_0517931261_03_WRI-L1_F012.png,D:\projects\MediMind\ai-prediction-service\artifacts\fracture_v2\experiment5_localization\dataset\images\train\1493_0517931289_03_WRI-L2_F012.png,True,True,1,1,1,1,12.1,F,L,wrist,NONE
1494_01_WRI-L,PAT_GRAZ_1494,1494,GRAZPEDWRI-DX,train,1494_0504114428_01_WRI-L1_F004,1494_0504114476_01_WRI-L2_F004,D:\projects\MediMind\ai-prediction-service\artifacts\fracture_v2\experiment5_localization\dataset\images\train\1494_0504114428_01_WRI-L1_F004.png,D:\projects\MediMind\ai-prediction-service\artifacts\fracture_v2\experiment5_localization\dataset\images\train\1494_0504114476_01_WRI-L2_F004.png,True,True,1,1,1,1,4.5,F,L,wrist,NONE
1495_01_WRI-R,PAT_GRAZ_1495,1495,GRAZPEDWRI-DX,train,1495_0833548331_01_WRI-R1_F014,1495_0833548346_01_WRI-R2_F014,D:\projects\MediMind\ai-prediction-service\artifacts\fracture_v2\experiment5_localization\dataset\images\train\1495_0833548331_01_WRI-R1_F014.png,D:\projects\MediMind\ai-prediction-service\artifacts\fracture_v2\experiment5_localization\dataset\images\train\1495_0833548346_01_WRI-R2_F014.png,True,True,0,0,0,1,14.7,F,R,wrist,NONE
1496_01_WRI-L,PAT_GRAZ_1496,1496,GRAZPEDWRI-DX,train,1496_0760963094_01_WRI-L1_F009,1496_0760963135_01_WRI-L2_F009,D:\projects\MediMind\ai-prediction-service\artifacts\fracture_v2\experiment5_localization\dataset\images\train\1496_0760963094_01_WRI-L1_F009.png,D:\projects\MediMind\ai-prediction-service\artifacts\fracture_v2\experiment5_localization\dataset\images\train\1496_0760963135_01_WRI-L2_F009.png,True,True,0,0,0,1,9.9,F,L,wrist,NONE
1497_01_WRI-R,PAT_GRAZ_1497,1497,GRAZPEDWRI-DX,train,1497_0534251501_01_WRI-R1_M011,1497_0534251540_01_WRI-R2_M011,D:\projects\MediMind\ai-prediction-service\artifacts\fracture_v2\experiment5_localization\dataset\images\train\1497_0534251501_01_WRI-R1_M011.png,D:\projects\MediMind\ai-prediction-service\artifacts\fracture_v2\experiment5_localization\dataset\images\train\1497_0534251540_01_WRI-R2_M011.png,True,True,1,1,1,1,11.8,M,R,wrist,NONE
1499_01_WRI-L,PAT_GRAZ_1499,1499,GRAZPEDWRI-DX,train,1499_1049807262_01_WRI-L1_M011,1499_1049807292_01_WRI-L2_M011,D:\projects\MediMind\ai-prediction-service\artifacts\fracture_v2\experiment5_localization\dataset\images\train\1499_1049807262_01_WRI-L1_M011.png,D:\projects\MediMind\ai-prediction-service\artifacts\fracture_v2\experiment5_localization\dataset\images\train\1499_1049807292_01_WRI-L2_M011.png,True,True,0,0,0,1,11.2,M,L,wrist,NONE
